Namespace(prefix='', communication_epoch=100, local_epoch=5, parti_num=10, model='dapperfl', dataset='fl_officecaltech', pr_strategy='0.2', backbone='resnet18', alpha=0.9, alpha_min=0.1, epsilon=0.2, reg_coeff=0.01, wandb=1, device_id=0, seed=1234, rand_dataset=1, learning_decay=False, averaing='weight', online_ratio=1, mu=0.1, input_dim=28, noise_var=0.8, group_fairness=True, fairness_lr=0.1, num_groups=2, noise_clients=[8, 9], analyze_gradients=True, csv_log=True, local_lr=0.01, local_batch_size=64, pr_ratios=['0', '0.2', '0.4', '0.6', '0.8'], arch='res18')
2025-05-24 13:48:56
./data/fl_officecaltech/dapperfl/para3
MW fairness logging initialized. Logs will be saved to: mw_logs
{'dslr': 3, 'webcam': 2, 'amazon': 2, 'caltech': 3}
['dslr', 'dslr', 'webcam', 'amazon', 'caltech', 'caltech', 'caltech', 'amazon', 'webcam', 'dslr']
Client-to-group mapping logged to mw_logs
Prune local model 5, pr_ratio = [0.2, 0.2, 0.2, 0.2]
Prune local model 7, pr_ratio = [0.2, 0.2, 0.2, 0.2]
Prune local model 0, pr_ratio = [0.2, 0.2, 0.2, 0.2]
Prune local model 2, pr_ratio = [0.2, 0.2, 0.2, 0.2]
Prune local model 1, pr_ratio = [0.2, 0.2, 0.2, 0.2]
Prune local model 8, pr_ratio = [0.2, 0.2, 0.2, 0.2]
Prune local model 6, pr_ratio = [0.2, 0.2, 0.2, 0.2]
Prune local model 3, pr_ratio = [0.2, 0.2, 0.2, 0.2]
Prune local model 9, pr_ratio = [0.2, 0.2, 0.2, 0.2]
Prune local model 4, pr_ratio = [0.2, 0.2, 0.2, 0.2]
Round 0 - Lambda values: {0: 0.49836791984307965, 1: 0.5016320801569204}
Round 0 - Aggregated risks: {0: 2.3052154983785833, 1: 2.239932060241699}
Round 0 – LOCAL TPR pre-agg per client: ['0.100', '0.100', '0.100', '0.100', '0.091', '0.091', '0.091', '0.100', '0.100', '0.100']
Round 0 – TPR per Domain: 0:0.100, 1:0.100, 2:0.100, 3:0.100, 4:0.091, 5:0.091, 6:0.091, 7:0.100, 8:0.100, 9:0.100
DapperFL MW Metrics - TPRD: 4.912, WTPR: 8.421, BTPR: 13.333
  Group 0 Mean TPR: 9.864
  Group 1 Mean TPR: 10.977
Round: 0 Method: dapperfl Mean_Acc: 9.825 Best_Acc: 9.825
Domain_Acc: [8.93, 8.42, 8.62, 13.33] Domain_BestAcc: [8.93, 8.42, 8.62, 13.33]
Prune local model 0, pr_ratio = [0.2, 0.2, 0.2, 0.2]
Prune local model 2, pr_ratio = [0.2, 0.2, 0.2, 0.2]
Prune local model 1, pr_ratio = [0.2, 0.2, 0.2, 0.2]
Prune local model 7, pr_ratio = [0.2, 0.2, 0.2, 0.2]
Prune local model 4, pr_ratio = [0.2, 0.2, 0.2, 0.2]
Prune local model 9, pr_ratio = [0.2, 0.2, 0.2, 0.2]
Prune local model 5, pr_ratio = [0.2, 0.2, 0.2, 0.2]
Prune local model 3, pr_ratio = [0.2, 0.2, 0.2, 0.2]
Prune local model 6, pr_ratio = [0.2, 0.2, 0.2, 0.2]
Prune local model 8, pr_ratio = [0.2, 0.2, 0.2, 0.2]
Round 1 - Lambda values: {0: 0.49175142147869016, 1: 0.5082485785213098}
Round 1 - Aggregated risks: {0: 2.2959405336966063, 1: 2.0312508940696716}
Round 1 – LOCAL TPR pre-agg per client: ['0.100', '0.100', '0.100', '0.100', '0.100', '0.100', '0.100', '0.100', '0.100', '0.100']
Round 1 – TPR per Domain: 0:0.100, 1:0.100, 2:0.100, 3:0.100, 4:0.100, 5:0.100, 6:0.100, 7:0.100, 8:0.100, 9:0.100
DapperFL MW Metrics - TPRD: 4.912, WTPR: 8.421, BTPR: 13.333
  Group 0 Mean TPR: 10.199
  Group 1 Mean TPR: 10.977
Round: 1 Method: dapperfl Mean_Acc: 10.048 Best_Acc: 10.048
Domain_Acc: [9.82, 8.42, 8.62, 13.33] Domain_BestAcc: [9.82, 8.42, 8.62, 13.33]
Prune local model 8, pr_ratio = [0.2, 0.2, 0.2, 0.2]
Prune local model 1, pr_ratio = [0.2, 0.2, 0.2, 0.2]
Prune local model 6, pr_ratio = [0.2, 0.2, 0.2, 0.2]
Prune local model 0, pr_ratio = [0.2, 0.2, 0.2, 0.2]
Prune local model 3, pr_ratio = [0.2, 0.2, 0.2, 0.2]
Prune local model 5, pr_ratio = [0.2, 0.2, 0.2, 0.2]
Prune local model 7, pr_ratio = [0.2, 0.2, 0.2, 0.2]
Prune local model 9, pr_ratio = [0.2, 0.2, 0.2, 0.2]
Prune local model 4, pr_ratio = [0.2, 0.2, 0.2, 0.2]
Prune local model 2, pr_ratio = [0.2, 0.2, 0.2, 0.2]
Round 2 - Lambda values: {0: 0.4997973401668552, 1: 0.5002026598331448}
Round 2 - Aggregated risks: {0: 2.078059382404512, 1: 2.3999260663986206}
Round 2 – LOCAL TPR pre-agg per client: ['0.100', '0.100', '0.100', '0.188', '0.119', '0.119', '0.119', '0.188', '0.100', '0.100']
Round 2 – TPR per Domain: 0:0.100, 1:0.100, 2:0.100, 3:0.188, 4:0.119, 5:0.119, 6:0.119, 7:0.188, 8:0.100, 9:0.100
DapperFL MW Metrics - TPRD: 9.800, WTPR: 8.621, BTPR: 18.421
  Group 0 Mean TPR: 13.369
  Group 1 Mean TPR: 10.977
Round: 2 Method: dapperfl Mean_Acc: 12.995 Best_Acc: 12.995
Domain_Acc: [11.61, 18.42, 8.62, 13.33] Domain_BestAcc: [11.61, 18.42, 8.62, 13.33]
Prune local model 9, pr_ratio = [0.2, 0.2, 0.2, 0.2]
Prune local model 1, pr_ratio = [0.2, 0.2, 0.2, 0.2]
Prune local model 0, pr_ratio = [0.2, 0.2, 0.2, 0.2]
Prune local model 7, pr_ratio = [0.2, 0.2, 0.2, 0.2]
Prune local model 3, pr_ratio = [0.2, 0.2, 0.2, 0.2]
Prune local model 4, pr_ratio = [0.2, 0.2, 0.2, 0.2]
Prune local model 5, pr_ratio = [0.2, 0.2, 0.2, 0.2]
Prune local model 6, pr_ratio = [0.2, 0.2, 0.2, 0.2]
Prune local model 8, pr_ratio = [0.2, 0.2, 0.2, 0.2]
Prune local model 2, pr_ratio = [0.2, 0.2, 0.2, 0.2]
Round 3 - Lambda values: {0: 0.9132857551483341, 1: 0.08671424485166583}
Round 3 - Aggregated risks: {0: 1.7732874324546828, 1: 25.325700283050537}
Round 3 – LOCAL TPR pre-agg per client: ['0.233', '0.233', '0.139', '0.283', '0.280', '0.280', '0.280', '0.283', '0.139', '0.233']
Round 3 – TPR per Domain: 0:0.233, 1:0.233, 2:0.139, 3:0.283, 4:0.280, 5:0.280, 6:0.280, 7:0.283, 8:0.139, 9:0.233
DapperFL MW Metrics - TPRD: 19.540, WTPR: 13.793, BTPR: 33.333
  Group 0 Mean TPR: 28.678
  Group 1 Mean TPR: 18.621
Round: 3 Method: dapperfl Mean_Acc: 26.607 Best_Acc: 26.607
Domain_Acc: [30.36, 28.95, 13.79, 33.33] Domain_BestAcc: [30.36, 28.95, 13.79, 33.33]
Prune local model 8, pr_ratio = [0.2, 0.2, 0.2, 0.2]
Prune local model 9, pr_ratio = [0.2, 0.2, 0.2, 0.2]
Prune local model 3, pr_ratio = [0.2, 0.2, 0.2, 0.2]
Prune local model 7, pr_ratio = [0.2, 0.2, 0.2, 0.2]
Prune local model 1, pr_ratio = [0.2, 0.2, 0.2, 0.2]
Prune local model 6, pr_ratio = [0.2, 0.2, 0.2, 0.2]
Prune local model 4, pr_ratio = [0.2, 0.2, 0.2, 0.2]
Prune local model 2, pr_ratio = [0.2, 0.2, 0.2, 0.2]
Prune local model 0, pr_ratio = [0.2, 0.2, 0.2, 0.2]
Prune local model 5, pr_ratio = [0.2, 0.2, 0.2, 0.2]
Round 4 - Lambda values: {0: 0.9245512268182849, 1: 0.07544877318171514}
Round 4 - Aggregated risks: {0: 3.324153548099954, 1: 4.838392436504364}
Round 4 – LOCAL TPR pre-agg per client: ['0.217', '0.217', '0.225', '0.388', '0.321', '0.321', '0.321', '0.388', '0.225', '0.217']
Round 4 – TPR per Domain: 0:0.217, 1:0.217, 2:0.225, 3:0.388, 4:0.321, 5:0.321, 6:0.321, 7:0.388, 8:0.225, 9:0.217
DapperFL MW Metrics - TPRD: 16.534, WTPR: 22.414, BTPR: 38.947
  Group 0 Mean TPR: 31.597
  Group 1 Mean TPR: 23.736
Round: 4 Method: dapperfl Mean_Acc: 29.99 Best_Acc: 29.99
Domain_Acc: [35.27, 38.95, 22.41, 23.33] Domain_BestAcc: [35.27, 38.95, 22.41, 33.33]
Prune local model 7, pr_ratio = [0.2, 0.2, 0.2, 0.2]
Prune local model 8, pr_ratio = [0.2, 0.2, 0.2, 0.2]
Prune local model 0, pr_ratio = [0.2, 0.2, 0.2, 0.2]
Prune local model 6, pr_ratio = [0.2, 0.2, 0.2, 0.2]
Prune local model 4, pr_ratio = [0.2, 0.2, 0.2, 0.2]
Prune local model 5, pr_ratio = [0.2, 0.2, 0.2, 0.2]
Prune local model 3, pr_ratio = [0.2, 0.2, 0.2, 0.2]
Prune local model 1, pr_ratio = [0.2, 0.2, 0.2, 0.2]
Prune local model 2, pr_ratio = [0.2, 0.2, 0.2, 0.2]
Prune local model 9, pr_ratio = [0.2, 0.2, 0.2, 0.2]
Round 5 - Lambda values: {0: 0.9233590498272408, 1: 0.07664095017275915}
Round 5 - Aggregated risks: {0: 2.7781980582460037, 1: 2.6085190176963806}
Round 5 – LOCAL TPR pre-agg per client: ['0.142', '0.142', '0.238', '0.493', '0.379', '0.379', '0.379', '0.493', '0.238', '0.142']
Round 5 – TPR per Domain: 0:0.142, 1:0.142, 2:0.238, 3:0.493, 4:0.379, 5:0.379, 6:0.379, 7:0.493, 8:0.238, 9:0.142
DapperFL MW Metrics - TPRD: 28.929, WTPR: 18.966, BTPR: 47.895
  Group 0 Mean TPR: 35.010
  Group 1 Mean TPR: 22.816
Round: 5 Method: dapperfl Mean_Acc: 32.73 Best_Acc: 32.73
Domain_Acc: [40.62, 47.89, 22.41, 20.0] Domain_BestAcc: [40.62, 47.89, 22.41, 33.33]
Prune local model 3, pr_ratio = [0.2, 0.2, 0.2, 0.2]
Prune local model 8, pr_ratio = [0.2, 0.2, 0.2, 0.2]
Prune local model 2, pr_ratio = [0.2, 0.2, 0.2, 0.2]
Prune local model 7, pr_ratio = [0.2, 0.2, 0.2, 0.2]
Prune local model 0, pr_ratio = [0.2, 0.2, 0.2, 0.2]
Prune local model 1, pr_ratio = [0.2, 0.2, 0.2, 0.2]
Prune local model 6, pr_ratio = [0.2, 0.2, 0.2, 0.2]
Prune local model 9, pr_ratio = [0.2, 0.2, 0.2, 0.2]
Prune local model 4, pr_ratio = [0.2, 0.2, 0.2, 0.2]
Prune local model 5, pr_ratio = [0.2, 0.2, 0.2, 0.2]
Round 6 - Lambda values: {0: 0.9313299037403449, 1: 0.06867009625965521}
Round 6 - Aggregated risks: {0: 1.98788971440738, 1: 3.1720208525657654}
Round 6 – LOCAL TPR pre-agg per client: ['0.133', '0.133', '0.206', '0.557', '0.439', '0.439', '0.439', '0.557', '0.206', '0.133']
Round 6 – TPR per Domain: 0:0.133, 1:0.133, 2:0.206, 3:0.557, 4:0.439, 5:0.439, 6:0.439, 7:0.557, 8:0.206, 9:0.133
DapperFL MW Metrics - TPRD: 39.746, WTPR: 15.517, BTPR: 55.263
  Group 0 Mean TPR: 38.430
  Group 1 Mean TPR: 21.092
Round: 6 Method: dapperfl Mean_Acc: 35.052 Best_Acc: 35.052
Domain_Acc: [45.98, 55.26, 18.97, 20.0] Domain_BestAcc: [45.98, 55.26, 22.41, 33.33]
Prune local model 7, pr_ratio = [0.2, 0.2, 0.2, 0.2]
Prune local model 8, pr_ratio = [0.2, 0.2, 0.2, 0.2]
Prune local model 6, pr_ratio = [0.2, 0.2, 0.2, 0.2]
Prune local model 5, pr_ratio = [0.2, 0.2, 0.2, 0.2]
Prune local model 4, pr_ratio = [0.2, 0.2, 0.2, 0.2]
Prune local model 1, pr_ratio = [0.2, 0.2, 0.2, 0.2]
Prune local model 9, pr_ratio = [0.2, 0.2, 0.2, 0.2]
Prune local model 0, pr_ratio = [0.2, 0.2, 0.2, 0.2]
Prune local model 3, pr_ratio = [0.2, 0.2, 0.2, 0.2]
Prune local model 2, pr_ratio = [0.2, 0.2, 0.2, 0.2]
Round 7 - Lambda values: {0: 0.9397488243646347, 1: 0.06025117563536532}
Round 7 - Aggregated risks: {0: 1.7948395098176753, 1: 3.1927475333213806}
Round 7 – LOCAL TPR pre-agg per client: ['0.117', '0.117', '0.206', '0.530', '0.428', '0.428', '0.428', '0.530', '0.206', '0.117']
Round 7 – TPR per Domain: 0:0.117, 1:0.117, 2:0.206, 3:0.530, 4:0.428, 5:0.428, 6:0.428, 7:0.530, 8:0.206, 9:0.117
DapperFL MW Metrics - TPRD: 34.912, WTPR: 16.667, BTPR: 51.579
  Group 0 Mean TPR: 36.173
  Group 1 Mean TPR: 22.931
Round: 7 Method: dapperfl Mean_Acc: 32.965 Best_Acc: 35.052
Domain_Acc: [44.64, 51.58, 18.97, 16.67] Domain_BestAcc: [45.98, 55.26, 22.41, 33.33]
Prune local model 7, pr_ratio = [0.2, 0.2, 0.2, 0.2]
Prune local model 8, pr_ratio = [0.2, 0.2, 0.2, 0.2]
Prune local model 2, pr_ratio = [0.2, 0.2, 0.2, 0.2]
Prune local model 5, pr_ratio = [0.2, 0.2, 0.2, 0.2]
Prune local model 6, pr_ratio = [0.2, 0.2, 0.2, 0.2]
Prune local model 3, pr_ratio = [0.2, 0.2, 0.2, 0.2]
Prune local model 1, pr_ratio = [0.2, 0.2, 0.2, 0.2]
Prune local model 4, pr_ratio = [0.2, 0.2, 0.2, 0.2]
Prune local model 0, pr_ratio = [0.2, 0.2, 0.2, 0.2]
Prune local model 9, pr_ratio = [0.2, 0.2, 0.2, 0.2]
Round 8 - Lambda values: {0: 0.9446797140100087, 1: 0.055320285989991336}
Round 8 - Aggregated risks: {0: 2.120606836080486, 1: 3.0267640352249146}
Round 8 – LOCAL TPR pre-agg per client: ['0.208', '0.208', '0.318', '0.556', '0.434', '0.434', '0.434', '0.556', '0.318', '0.208']
Round 8 – TPR per Domain: 0:0.208, 1:0.208, 2:0.318, 3:0.556, 4:0.434, 5:0.434, 6:0.434, 7:0.556, 8:0.318, 9:0.208
DapperFL MW Metrics - TPRD: 36.298, WTPR: 18.966, BTPR: 55.263
  Group 0 Mean TPR: 42.104
  Group 1 Mean TPR: 21.149
Round: 8 Method: dapperfl Mean_Acc: 40.345 Best_Acc: 40.345
Domain_Acc: [45.09, 55.26, 31.03, 30.0] Domain_BestAcc: [45.98, 55.26, 31.03, 33.33]
Prune local model 8, pr_ratio = [0.2, 0.2, 0.2, 0.2]
Prune local model 1, pr_ratio = [0.2, 0.2, 0.2, 0.2]
Prune local model 7, pr_ratio = [0.2, 0.2, 0.2, 0.2]
Prune local model 9, pr_ratio = [0.2, 0.2, 0.2, 0.2]
Prune local model 3, pr_ratio = [0.2, 0.2, 0.2, 0.2]
Prune local model 6, pr_ratio = [0.2, 0.2, 0.2, 0.2]
Prune local model 2, pr_ratio = [0.2, 0.2, 0.2, 0.2]
Prune local model 0, pr_ratio = [0.2, 0.2, 0.2, 0.2]
Prune local model 5, pr_ratio = [0.2, 0.2, 0.2, 0.2]
Prune local model 4, pr_ratio = [0.2, 0.2, 0.2, 0.2]
Round 9 - Lambda values: {0: 0.9468082854648431, 1: 0.0531917145351569}
Round 9 - Aggregated risks: {0: 2.3821598086882236, 1: 2.7970370054244995}
Round 9 – LOCAL TPR pre-agg per client: ['0.192', '0.192', '0.306', '0.582', '0.437', '0.437', '0.437', '0.582', '0.306', '0.192']
Round 9 – TPR per Domain: 0:0.192, 1:0.192, 2:0.306, 3:0.582, 4:0.437, 5:0.437, 6:0.437, 7:0.582, 8:0.306, 9:0.192
DapperFL MW Metrics - TPRD: 34.561, WTPR: 23.333, BTPR: 57.895
  Group 0 Mean TPR: 41.214
  Group 1 Mean TPR: 28.793
Round: 9 Method: dapperfl Mean_Acc: 39.128 Best_Acc: 40.345
Domain_Acc: [45.98, 57.89, 29.31, 23.33] Domain_BestAcc: [45.98, 57.89, 31.03, 33.33]
Prune local model 8, pr_ratio = [0.2, 0.2, 0.2, 0.2]
Prune local model 9, pr_ratio = [0.2, 0.2, 0.2, 0.2]
Prune local model 4, pr_ratio = [0.2, 0.2, 0.2, 0.2]
Prune local model 5, pr_ratio = [0.2, 0.2, 0.2, 0.2]
Prune local model 7, pr_ratio = [0.2, 0.2, 0.2, 0.2]
Prune local model 2, pr_ratio = [0.2, 0.2, 0.2, 0.2]
Prune local model 3, pr_ratio = [0.2, 0.2, 0.2, 0.2]
Prune local model 6, pr_ratio = [0.2, 0.2, 0.2, 0.2]
Prune local model 0, pr_ratio = [0.2, 0.2, 0.2, 0.2]
Prune local model 1, pr_ratio = [0.2, 0.2, 0.2, 0.2]
Round 10 - Lambda values: {0: 0.9496412389260892, 1: 0.050358761073910865}
Round 10 - Aggregated risks: {0: 2.724986837625745, 1: 3.302163600921631}
Round 10 – LOCAL TPR pre-agg per client: ['0.208', '0.208', '0.259', '0.547', '0.446', '0.446', '0.446', '0.547', '0.259', '0.208']
Round 10 – TPR per Domain: 0:0.208, 1:0.208, 2:0.259, 3:0.547, 4:0.446, 5:0.446, 6:0.446, 7:0.547, 8:0.259, 9:0.208
DapperFL MW Metrics - TPRD: 30.073, WTPR: 24.138, BTPR: 54.211
  Group 0 Mean TPR: 40.982
  Group 1 Mean TPR: 31.322
Round: 10 Method: dapperfl Mean_Acc: 38.085 Best_Acc: 40.345
Domain_Acc: [47.32, 54.21, 24.14, 26.67] Domain_BestAcc: [47.32, 57.89, 31.03, 33.33]
Prune local model 8, pr_ratio = [0.2, 0.2, 0.2, 0.2]
Prune local model 4, pr_ratio = [0.2, 0.2, 0.2, 0.2]
Prune local model 7, pr_ratio = [0.2, 0.2, 0.2, 0.2]
Prune local model 6, pr_ratio = [0.2, 0.2, 0.2, 0.2]
Prune local model 9, pr_ratio = [0.2, 0.2, 0.2, 0.2]
Prune local model 2, pr_ratio = [0.2, 0.2, 0.2, 0.2]
Prune local model 5, pr_ratio = [0.2, 0.2, 0.2, 0.2]
Prune local model 3, pr_ratio = [0.2, 0.2, 0.2, 0.2]
Prune local model 0, pr_ratio = [0.2, 0.2, 0.2, 0.2]
Prune local model 1, pr_ratio = [0.2, 0.2, 0.2, 0.2]
Round 11 - Lambda values: {0: 0.9578064036212189, 1: 0.042193596378781104}
Round 11 - Aggregated risks: {0: 1.8300884197700276, 1: 3.684743881225586}
Round 11 – LOCAL TPR pre-agg per client: ['0.225', '0.225', '0.352', '0.632', '0.463', '0.463', '0.463', '0.632', '0.352', '0.225']
Round 11 – TPR per Domain: 0:0.225, 1:0.225, 2:0.352, 3:0.632, 4:0.463, 5:0.463, 6:0.463, 7:0.632, 8:0.352, 9:0.225
DapperFL MW Metrics - TPRD: 39.298, WTPR: 23.333, BTPR: 62.632
  Group 0 Mean TPR: 45.716
  Group 1 Mean TPR: 26.322
Round: 11 Method: dapperfl Mean_Acc: 43.942 Best_Acc: 43.942
Domain_Acc: [48.66, 62.63, 34.48, 30.0] Domain_BestAcc: [48.66, 62.63, 34.48, 33.33]
Prune local model 3, pr_ratio = [0.2, 0.2, 0.2, 0.2]
Prune local model 4, pr_ratio = [0.2, 0.2, 0.2, 0.2]
Prune local model 2, pr_ratio = [0.2, 0.2, 0.2, 0.2]
Prune local model 0, pr_ratio = [0.2, 0.2, 0.2, 0.2]
Prune local model 9, pr_ratio = [0.2, 0.2, 0.2, 0.2]
Prune local model 1, pr_ratio = [0.2, 0.2, 0.2, 0.2]
Prune local model 6, pr_ratio = [0.2, 0.2, 0.2, 0.2]
Prune local model 5, pr_ratio = [0.2, 0.2, 0.2, 0.2]
Prune local model 8, pr_ratio = [0.2, 0.2, 0.2, 0.2]
Prune local model 7, pr_ratio = [0.2, 0.2, 0.2, 0.2]
Round 12 - Lambda values: {0: 0.9573693200798302, 1: 0.04263067992016982}
Round 12 - Aggregated risks: {0: 2.3778575284827332, 1: 2.2702359557151794}
Round 12 – LOCAL TPR pre-agg per client: ['0.142', '0.142', '0.360', '0.602', '0.506', '0.506', '0.506', '0.602', '0.360', '0.142']
Round 12 – TPR per Domain: 0:0.142, 1:0.142, 2:0.360, 3:0.602, 4:0.506, 5:0.506, 6:0.506, 7:0.602, 8:0.360, 9:0.142
DapperFL MW Metrics - TPRD: 39.474, WTPR: 20.000, BTPR: 59.474
  Group 0 Mean TPR: 44.149
  Group 1 Mean TPR: 35.575
Round: 12 Method: dapperfl Mean_Acc: 42.09 Best_Acc: 43.942
Domain_Acc: [52.68, 59.47, 36.21, 20.0] Domain_BestAcc: [52.68, 62.63, 36.21, 33.33]
Prune local model 7, pr_ratio = [0.2, 0.2, 0.2, 0.2]
Prune local model 2, pr_ratio = [0.2, 0.2, 0.2, 0.2]
Prune local model 3, pr_ratio = [0.2, 0.2, 0.2, 0.2]
Prune local model 9, pr_ratio = [0.2, 0.2, 0.2, 0.2]
Prune local model 8, pr_ratio = [0.2, 0.2, 0.2, 0.2]
Prune local model 1, pr_ratio = [0.2, 0.2, 0.2, 0.2]
Prune local model 5, pr_ratio = [0.2, 0.2, 0.2, 0.2]
Prune local model 4, pr_ratio = [0.2, 0.2, 0.2, 0.2]
Prune local model 6, pr_ratio = [0.2, 0.2, 0.2, 0.2]
Prune local model 0, pr_ratio = [0.2, 0.2, 0.2, 0.2]
Round 13 - Lambda values: {0: 0.9590072829885684, 1: 0.04099271701143155}
Round 13 - Aggregated risks: {0: 1.5692398233619604, 1: 1.9781318306922913}
Round 13 – LOCAL TPR pre-agg per client: ['0.342', '0.342', '0.361', '0.582', '0.481', '0.481', '0.481', '0.582', '0.361', '0.342']
Round 13 – TPR per Domain: 0:0.342, 1:0.342, 2:0.361, 3:0.582, 4:0.481, 5:0.481, 6:0.481, 7:0.582, 8:0.361, 9:0.342
DapperFL MW Metrics - TPRD: 27.895, WTPR: 30.000, BTPR: 57.895
  Group 0 Mean TPR: 47.917
  Group 1 Mean TPR: 30.517
Round: 13 Method: dapperfl Mean_Acc: 46.138 Best_Acc: 46.138
Domain_Acc: [50.45, 57.89, 36.21, 40.0] Domain_BestAcc: [52.68, 62.63, 36.21, 40.0]
Prune local model 8, pr_ratio = [0.2, 0.2, 0.2, 0.2]
Prune local model 4, pr_ratio = [0.2, 0.2, 0.2, 0.2]
Prune local model 7, pr_ratio = [0.2, 0.2, 0.2, 0.2]
Prune local model 9, pr_ratio = [0.2, 0.2, 0.2, 0.2]
Prune local model 6, pr_ratio = [0.2, 0.2, 0.2, 0.2]
Prune local model 3, pr_ratio = [0.2, 0.2, 0.2, 0.2]
Prune local model 1, pr_ratio = [0.2, 0.2, 0.2, 0.2]
Prune local model 2, pr_ratio = [0.2, 0.2, 0.2, 0.2]
Prune local model 5, pr_ratio = [0.2, 0.2, 0.2, 0.2]
Prune local model 0, pr_ratio = [0.2, 0.2, 0.2, 0.2]
Round 14 - Lambda values: {0: 0.9608162838413326, 1: 0.03918371615866745}
Round 14 - Aggregated risks: {0: 1.6010022869238887, 1: 2.0711793899536133}
Round 14 – LOCAL TPR pre-agg per client: ['0.225', '0.225', '0.409', '0.642', '0.502', '0.502', '0.502', '0.642', '0.409', '0.225']
Round 14 – TPR per Domain: 0:0.225, 1:0.225, 2:0.409, 3:0.642, 4:0.502, 5:0.502, 6:0.502, 7:0.642, 8:0.409, 9:0.225
DapperFL MW Metrics - TPRD: 33.684, WTPR: 30.000, BTPR: 63.684
  Group 0 Mean TPR: 48.132
  Group 1 Mean TPR: 30.517
Round: 14 Method: dapperfl Mean_Acc: 46.505 Best_Acc: 46.505
Domain_Acc: [52.68, 63.68, 39.66, 30.0] Domain_BestAcc: [52.68, 63.68, 39.66, 40.0]
Prune local model 4, pr_ratio = [0.2, 0.2, 0.2, 0.2]
Prune local model 7, pr_ratio = [0.2, 0.2, 0.2, 0.2]
Prune local model 9, pr_ratio = [0.2, 0.2, 0.2, 0.2]
Prune local model 1, pr_ratio = [0.2, 0.2, 0.2, 0.2]
Prune local model 8, pr_ratio = [0.2, 0.2, 0.2, 0.2]
Prune local model 2, pr_ratio = [0.2, 0.2, 0.2, 0.2]
Prune local model 3, pr_ratio = [0.2, 0.2, 0.2, 0.2]
Prune local model 5, pr_ratio = [0.2, 0.2, 0.2, 0.2]
Prune local model 6, pr_ratio = [0.2, 0.2, 0.2, 0.2]
Prune local model 0, pr_ratio = [0.2, 0.2, 0.2, 0.2]
Round 15 - Lambda values: {0: 0.9582385166648991, 1: 0.0417614833351009}
Round 15 - Aggregated risks: {0: 3.4189668886874136, 1: 2.754969835281372}
Round 15 – LOCAL TPR pre-agg per client: ['0.325', '0.325', '0.201', '0.648', '0.522', '0.522', '0.522', '0.648', '0.201', '0.325']
Round 15 – TPR per Domain: 0:0.325, 1:0.325, 2:0.201, 3:0.648, 4:0.522, 5:0.522, 6:0.522, 7:0.648, 8:0.201, 9:0.325
DapperFL MW Metrics - TPRD: 43.521, WTPR: 20.690, BTPR: 64.211
  Group 0 Mean TPR: 48.230
  Group 1 Mean TPR: 27.126
Round: 15 Method: dapperfl Mean_Acc: 44.007 Best_Acc: 46.505
Domain_Acc: [54.46, 64.21, 20.69, 36.67] Domain_BestAcc: [54.46, 64.21, 39.66, 40.0]
Prune local model 4, pr_ratio = [0.2, 0.2, 0.2, 0.2]
Prune local model 8, pr_ratio = [0.2, 0.2, 0.2, 0.2]
Prune local model 6, pr_ratio = [0.2, 0.2, 0.2, 0.2]
Prune local model 7, pr_ratio = [0.2, 0.2, 0.2, 0.2]
Prune local model 1, pr_ratio = [0.2, 0.2, 0.2, 0.2]
Prune local model 3, pr_ratio = [0.2, 0.2, 0.2, 0.2]
Prune local model 2, pr_ratio = [0.2, 0.2, 0.2, 0.2]
Prune local model 9, pr_ratio = [0.2, 0.2, 0.2, 0.2]
Prune local model 0, pr_ratio = [0.2, 0.2, 0.2, 0.2]
Prune local model 5, pr_ratio = [0.2, 0.2, 0.2, 0.2]
Round 16 - Lambda values: {0: 0.9623536073558421, 1: 0.037646392644158026}
Round 16 - Aggregated risks: {0: 2.2953781503224358, 1: 3.3756037950515747}
Round 16 – LOCAL TPR pre-agg per client: ['0.250', '0.250', '0.392', '0.648', '0.512', '0.512', '0.512', '0.648', '0.392', '0.250']
Round 16 – TPR per Domain: 0:0.250, 1:0.250, 2:0.392, 3:0.648, 4:0.512, 5:0.512, 6:0.512, 7:0.648, 8:0.392, 9:0.250
DapperFL MW Metrics - TPRD: 37.544, WTPR: 26.667, BTPR: 64.211
  Group 0 Mean TPR: 47.383
  Group 1 Mean TPR: 30.575
Round: 16 Method: dapperfl Mean_Acc: 45.482 Best_Acc: 46.505
Domain_Acc: [53.12, 64.21, 37.93, 26.67] Domain_BestAcc: [54.46, 64.21, 39.66, 40.0]
Prune local model 5, pr_ratio = [0.2, 0.2, 0.2, 0.2]
Prune local model 8, pr_ratio = [0.2, 0.2, 0.2, 0.2]
Prune local model 6, pr_ratio = [0.2, 0.2, 0.2, 0.2]
Prune local model 3, pr_ratio = [0.2, 0.2, 0.2, 0.2]
Prune local model 1, pr_ratio = [0.2, 0.2, 0.2, 0.2]
Prune local model 7, pr_ratio = [0.2, 0.2, 0.2, 0.2]
Prune local model 2, pr_ratio = [0.2, 0.2, 0.2, 0.2]
Prune local model 4, pr_ratio = [0.2, 0.2, 0.2, 0.2]
Prune local model 0, pr_ratio = [0.2, 0.2, 0.2, 0.2]
Prune local model 9, pr_ratio = [0.2, 0.2, 0.2, 0.2]
Round 17 - Lambda values: {0: 0.9665356732552964, 1: 0.033464326744703565}
Round 17 - Aggregated risks: {0: 1.9220779288827985, 1: 3.1430118083953857}
Round 17 – LOCAL TPR pre-agg per client: ['0.325', '0.325', '0.408', '0.682', '0.505', '0.505', '0.505', '0.682', '0.408', '0.325']
Round 17 – TPR per Domain: 0:0.325, 1:0.325, 2:0.408, 3:0.682, 4:0.505, 5:0.505, 6:0.505, 7:0.682, 8:0.408, 9:0.325
DapperFL MW Metrics - TPRD: 37.895, WTPR: 30.000, BTPR: 67.895
  Group 0 Mean TPR: 50.852
  Group 1 Mean TPR: 33.966
Round: 17 Method: dapperfl Mean_Acc: 49.225 Best_Acc: 49.225
Domain_Acc: [52.68, 67.89, 39.66, 36.67] Domain_BestAcc: [54.46, 67.89, 39.66, 40.0]
Prune local model 8, pr_ratio = [0.2, 0.2, 0.2, 0.2]
Prune local model 1, pr_ratio = [0.2, 0.2, 0.2, 0.2]
Prune local model 5, pr_ratio = [0.2, 0.2, 0.2, 0.2]
Prune local model 6, pr_ratio = [0.2, 0.2, 0.2, 0.2]
Prune local model 0, pr_ratio = [0.2, 0.2, 0.2, 0.2]
Prune local model 2, pr_ratio = [0.2, 0.2, 0.2, 0.2]
Prune local model 9, pr_ratio = [0.2, 0.2, 0.2, 0.2]
Prune local model 7, pr_ratio = [0.2, 0.2, 0.2, 0.2]
Prune local model 4, pr_ratio = [0.2, 0.2, 0.2, 0.2]
Prune local model 3, pr_ratio = [0.2, 0.2, 0.2, 0.2]
Round 18 - Lambda values: {0: 0.9667823392937296, 1: 0.03321766070627038}
Round 18 - Aggregated risks: {0: 2.030374390316638, 1: 2.1069092750549316}
Round 18 – LOCAL TPR pre-agg per client: ['0.258', '0.258', '0.247', '0.641', '0.541', '0.541', '0.541', '0.641', '0.247', '0.258']
Round 18 – TPR per Domain: 0:0.258, 1:0.258, 2:0.247, 3:0.641, 4:0.541, 5:0.541, 6:0.541, 7:0.641, 8:0.247, 9:0.258
DapperFL MW Metrics - TPRD: 37.822, WTPR: 25.862, BTPR: 63.684
  Group 0 Mean TPR: 47.580
  Group 1 Mean TPR: 33.103
Round: 18 Method: dapperfl Mean_Acc: 43.835 Best_Acc: 49.225
Domain_Acc: [55.8, 63.68, 25.86, 30.0] Domain_BestAcc: [55.8, 67.89, 39.66, 40.0]
Prune local model 1, pr_ratio = [0.2, 0.2, 0.2, 0.2]
Prune local model 9, pr_ratio = [0.2, 0.2, 0.2, 0.2]
Prune local model 0, pr_ratio = [0.2, 0.2, 0.2, 0.2]
Prune local model 8, pr_ratio = [0.2, 0.2, 0.2, 0.2]
Prune local model 5, pr_ratio = [0.2, 0.2, 0.2, 0.2]
Prune local model 6, pr_ratio = [0.2, 0.2, 0.2, 0.2]
Prune local model 7, pr_ratio = [0.2, 0.2, 0.2, 0.2]
Prune local model 3, pr_ratio = [0.2, 0.2, 0.2, 0.2]
Prune local model 4, pr_ratio = [0.2, 0.2, 0.2, 0.2]
Prune local model 2, pr_ratio = [0.2, 0.2, 0.2, 0.2]
Round 19 - Lambda values: {0: 0.966050712013415, 1: 0.033949287986585044}
Round 19 - Aggregated risks: {0: 2.6738054565229743, 1: 2.448372960090637}
Round 19 – LOCAL TPR pre-agg per client: ['0.333', '0.333', '0.447', '0.628', '0.489', '0.489', '0.489', '0.628', '0.447', '0.333']
Round 19 – TPR per Domain: 0:0.333, 1:0.333, 2:0.447, 3:0.628, 4:0.489, 5:0.489, 6:0.489, 7:0.628, 8:0.447, 9:0.333
DapperFL MW Metrics - TPRD: 32.795, WTPR: 29.310, BTPR: 62.105
  Group 0 Mean TPR: 49.932
  Group 1 Mean TPR: 32.989
Round: 19 Method: dapperfl Mean_Acc: 49.28 Best_Acc: 49.28
Domain_Acc: [51.79, 62.11, 46.55, 36.67] Domain_BestAcc: [55.8, 67.89, 46.55, 40.0]
Prune local model 3, pr_ratio = [0.2, 0.2, 0.2, 0.2]
Prune local model 6, pr_ratio = [0.2, 0.2, 0.2, 0.2]
Prune local model 9, pr_ratio = [0.2, 0.2, 0.2, 0.2]
Prune local model 5, pr_ratio = [0.2, 0.2, 0.2, 0.2]
Prune local model 2, pr_ratio = [0.2, 0.2, 0.2, 0.2]
Prune local model 4, pr_ratio = [0.2, 0.2, 0.2, 0.2]
Prune local model 0, pr_ratio = [0.2, 0.2, 0.2, 0.2]
Prune local model 7, pr_ratio = [0.2, 0.2, 0.2, 0.2]
Prune local model 8, pr_ratio = [0.2, 0.2, 0.2, 0.2]
Prune local model 1, pr_ratio = [0.2, 0.2, 0.2, 0.2]
Round 20 - Lambda values: {0: 0.9680723894476793, 1: 0.031927610552320664}
Round 20 - Aggregated risks: {0: 1.3769749503323045, 1: 2.01184743642807}
Round 20 – LOCAL TPR pre-agg per client: ['0.183', '0.183', '0.362', '0.712', '0.562', '0.562', '0.562', '0.712', '0.362', '0.183']
Round 20 – TPR per Domain: 0:0.183, 1:0.183, 2:0.362, 3:0.712, 4:0.562, 5:0.562, 6:0.562, 7:0.712, 8:0.362, 9:0.183
DapperFL MW Metrics - TPRD: 47.719, WTPR: 23.333, BTPR: 71.053
  Group 0 Mean TPR: 49.838
  Group 1 Mean TPR: 28.046
Round: 20 Method: dapperfl Mean_Acc: 46.835 Best_Acc: 49.28
Domain_Acc: [58.48, 71.05, 34.48, 23.33] Domain_BestAcc: [58.48, 71.05, 46.55, 40.0]
Prune local model 4, pr_ratio = [0.2, 0.2, 0.2, 0.2]
Prune local model 1, pr_ratio = [0.2, 0.2, 0.2, 0.2]
Prune local model 2, pr_ratio = [0.2, 0.2, 0.2, 0.2]
Prune local model 5, pr_ratio = [0.2, 0.2, 0.2, 0.2]
Prune local model 8, pr_ratio = [0.2, 0.2, 0.2, 0.2]
Prune local model 6, pr_ratio = [0.2, 0.2, 0.2, 0.2]
Prune local model 7, pr_ratio = [0.2, 0.2, 0.2, 0.2]
Prune local model 9, pr_ratio = [0.2, 0.2, 0.2, 0.2]
Prune local model 0, pr_ratio = [0.2, 0.2, 0.2, 0.2]
Prune local model 3, pr_ratio = [0.2, 0.2, 0.2, 0.2]
Round 21 - Lambda values: {0: 0.9655351420329789, 1: 0.03446485796702121}
Round 21 - Aggregated risks: {0: 2.512142385869993, 1: 1.7212084531784058}
Round 21 – LOCAL TPR pre-agg per client: ['0.375', '0.375', '0.442', '0.675', '0.555', '0.555', '0.555', '0.675', '0.442', '0.375']
Round 21 – TPR per Domain: 0:0.375, 1:0.375, 2:0.442, 3:0.675, 4:0.555, 5:0.555, 6:0.555, 7:0.675, 8:0.442, 9:0.375
DapperFL MW Metrics - TPRD: 34.083, WTPR: 32.759, BTPR: 66.842
  Group 0 Mean TPR: 54.863
  Group 1 Mean TPR: 34.713
Round: 21 Method: dapperfl Mean_Acc: 52.938 Best_Acc: 52.938
Domain_Acc: [58.48, 66.84, 43.1, 43.33] Domain_BestAcc: [58.48, 71.05, 46.55, 43.33]
Prune local model 1, pr_ratio = [0.2, 0.2, 0.2, 0.2]
Prune local model 8, pr_ratio = [0.2, 0.2, 0.2, 0.2]
Prune local model 3, pr_ratio = [0.2, 0.2, 0.2, 0.2]
Prune local model 4, pr_ratio = [0.2, 0.2, 0.2, 0.2]
Prune local model 2, pr_ratio = [0.2, 0.2, 0.2, 0.2]
Prune local model 0, pr_ratio = [0.2, 0.2, 0.2, 0.2]
Prune local model 9, pr_ratio = [0.2, 0.2, 0.2, 0.2]
Prune local model 6, pr_ratio = [0.2, 0.2, 0.2, 0.2]
Prune local model 7, pr_ratio = [0.2, 0.2, 0.2, 0.2]
Prune local model 5, pr_ratio = [0.2, 0.2, 0.2, 0.2]
Round 22 - Lambda values: {0: 0.9676420649404885, 1: 0.032357935059511414}
Round 22 - Aggregated risks: {0: 1.7552831538132292, 1: 2.4078898429870605}
Round 22 – LOCAL TPR pre-agg per client: ['0.367', '0.367', '0.350', '0.646', '0.536', '0.536', '0.536', '0.646', '0.350', '0.367']
Round 22 – TPR per Domain: 0:0.367, 1:0.367, 2:0.350, 3:0.646, 4:0.536, 5:0.536, 6:0.536, 7:0.646, 8:0.350, 9:0.367
DapperFL MW Metrics - TPRD: 34.900, WTPR: 29.310, BTPR: 64.211
  Group 0 Mean TPR: 51.337
  Group 1 Mean TPR: 31.322
Round: 22 Method: dapperfl Mean_Acc: 48.945 Best_Acc: 52.938
Domain_Acc: [55.36, 64.21, 36.21, 40.0] Domain_BestAcc: [58.48, 71.05, 46.55, 43.33]
Prune local model 7, pr_ratio = [0.2, 0.2, 0.2, 0.2]
Prune local model 5, pr_ratio = [0.2, 0.2, 0.2, 0.2]
Prune local model 6, pr_ratio = [0.2, 0.2, 0.2, 0.2]
Prune local model 4, pr_ratio = [0.2, 0.2, 0.2, 0.2]
Prune local model 0, pr_ratio = [0.2, 0.2, 0.2, 0.2]
Prune local model 8, pr_ratio = [0.2, 0.2, 0.2, 0.2]
Prune local model 2, pr_ratio = [0.2, 0.2, 0.2, 0.2]
Prune local model 1, pr_ratio = [0.2, 0.2, 0.2, 0.2]
Prune local model 9, pr_ratio = [0.2, 0.2, 0.2, 0.2]
Prune local model 3, pr_ratio = [0.2, 0.2, 0.2, 0.2]
Round 23 - Lambda values: {0: 0.9680770192588529, 1: 0.03192298074114698}
Round 23 - Aggregated risks: {0: 1.7171902801760837, 1: 1.8570155501365662}
Round 23 – LOCAL TPR pre-agg per client: ['0.325', '0.325', '0.371', '0.610', '0.542', '0.542', '0.542', '0.610', '0.371', '0.325']
Round 23 – TPR per Domain: 0:0.325, 1:0.325, 2:0.371, 3:0.610, 4:0.542, 5:0.542, 6:0.542, 7:0.610, 8:0.371, 9:0.325
DapperFL MW Metrics - TPRD: 28.820, WTPR: 32.759, BTPR: 61.579
  Group 0 Mean TPR: 50.564
  Group 1 Mean TPR: 39.713
Round: 23 Method: dapperfl Mean_Acc: 48.22 Best_Acc: 52.938
Domain_Acc: [56.7, 61.58, 37.93, 36.67] Domain_BestAcc: [58.48, 71.05, 46.55, 43.33]
Prune local model 8, pr_ratio = [0.2, 0.2, 0.2, 0.2]
Prune local model 0, pr_ratio = [0.2, 0.2, 0.2, 0.2]
Prune local model 9, pr_ratio = [0.2, 0.2, 0.2, 0.2]
Prune local model 1, pr_ratio = [0.2, 0.2, 0.2, 0.2]
Prune local model 3, pr_ratio = [0.2, 0.2, 0.2, 0.2]
Prune local model 2, pr_ratio = [0.2, 0.2, 0.2, 0.2]
Prune local model 4, pr_ratio = [0.2, 0.2, 0.2, 0.2]
Prune local model 5, pr_ratio = [0.2, 0.2, 0.2, 0.2]
Prune local model 7, pr_ratio = [0.2, 0.2, 0.2, 0.2]
Prune local model 6, pr_ratio = [0.2, 0.2, 0.2, 0.2]
Round 24 - Lambda values: {0: 0.9696492824907447, 1: 0.030350717509255346}
Round 24 - Aggregated risks: {0: 1.6208796123750095, 1: 2.1421674489974976}
Round 24 – LOCAL TPR pre-agg per client: ['0.367', '0.367', '0.351', '0.705', '0.546', '0.546', '0.546', '0.705', '0.351', '0.367']
Round 24 – TPR per Domain: 0:0.367, 1:0.367, 2:0.351, 3:0.705, 4:0.546, 5:0.546, 6:0.546, 7:0.705, 8:0.351, 9:0.367
DapperFL MW Metrics - TPRD: 46.667, WTPR: 23.333, BTPR: 70.000
  Group 0 Mean TPR: 52.071
  Group 1 Mean TPR: 28.908
Round: 24 Method: dapperfl Mean_Acc: 49.35 Best_Acc: 52.938
Domain_Acc: [56.25, 70.0, 34.48, 36.67] Domain_BestAcc: [58.48, 71.05, 46.55, 43.33]
Prune local model 8, pr_ratio = [0.2, 0.2, 0.2, 0.2]
Prune local model 0, pr_ratio = [0.2, 0.2, 0.2, 0.2]
Prune local model 7, pr_ratio = [0.2, 0.2, 0.2, 0.2]
Prune local model 3, pr_ratio = [0.2, 0.2, 0.2, 0.2]
Prune local model 2, pr_ratio = [0.2, 0.2, 0.2, 0.2]
Prune local model 9, pr_ratio = [0.2, 0.2, 0.2, 0.2]
Prune local model 1, pr_ratio = [0.2, 0.2, 0.2, 0.2]
Prune local model 6, pr_ratio = [0.2, 0.2, 0.2, 0.2]
Prune local model 4, pr_ratio = [0.2, 0.2, 0.2, 0.2]
Prune local model 5, pr_ratio = [0.2, 0.2, 0.2, 0.2]
Round 25 - Lambda values: {0: 0.9728727963035843, 1: 0.02712720369641578}
Round 25 - Aggregated risks: {0: 1.605168148788453, 1: 2.7611882090568542}
Round 25 – LOCAL TPR pre-agg per client: ['0.358', '0.358', '0.314', '0.627', '0.548', '0.548', '0.548', '0.627', '0.314', '0.358']
Round 25 – TPR per Domain: 0:0.358, 1:0.358, 2:0.314, 3:0.627, 4:0.548, 5:0.548, 6:0.548, 7:0.627, 8:0.314, 9:0.358
DapperFL MW Metrics - TPRD: 41.942, WTPR: 20.690, BTPR: 62.632
  Group 0 Mean TPR: 50.300
  Group 1 Mean TPR: 25.345
Round: 25 Method: dapperfl Mean_Acc: 46.98 Best_Acc: 52.938
Domain_Acc: [57.59, 62.63, 31.03, 36.67] Domain_BestAcc: [58.48, 71.05, 46.55, 43.33]
Prune local model 3, pr_ratio = [0.2, 0.2, 0.2, 0.2]
Prune local model 5, pr_ratio = [0.2, 0.2, 0.2, 0.2]
Prune local model 1, pr_ratio = [0.2, 0.2, 0.2, 0.2]
Prune local model 8, pr_ratio = [0.2, 0.2, 0.2, 0.2]
Prune local model 6, pr_ratio = [0.2, 0.2, 0.2, 0.2]
Prune local model 2, pr_ratio = [0.2, 0.2, 0.2, 0.2]
Prune local model 7, pr_ratio = [0.2, 0.2, 0.2, 0.2]
Prune local model 9, pr_ratio = [0.2, 0.2, 0.2, 0.2]
Prune local model 0, pr_ratio = [0.2, 0.2, 0.2, 0.2]
Prune local model 4, pr_ratio = [0.2, 0.2, 0.2, 0.2]
Round 26 - Lambda values: {0: 0.9723551873499147, 1: 0.027644812650085396}
Round 26 - Aggregated risks: {0: 2.5138366139612325, 1: 2.3195042610168457}
Round 26 – LOCAL TPR pre-agg per client: ['0.325', '0.325', '0.442', '0.760', '0.562', '0.562', '0.562', '0.760', '0.442', '0.325']
Round 26 – TPR per Domain: 0:0.325, 1:0.325, 2:0.442, 3:0.760, 4:0.562, 5:0.562, 6:0.562, 7:0.760, 8:0.442, 9:0.325
DapperFL MW Metrics - TPRD: 48.203, WTPR: 27.586, BTPR: 75.789
  Group 0 Mean TPR: 54.882
  Group 1 Mean TPR: 28.793
Round: 26 Method: dapperfl Mean_Acc: 52.858 Best_Acc: 52.938
Domain_Acc: [57.59, 75.79, 41.38, 36.67] Domain_BestAcc: [58.48, 75.79, 46.55, 43.33]
Prune local model 1, pr_ratio = [0.2, 0.2, 0.2, 0.2]
Prune local model 6, pr_ratio = [0.2, 0.2, 0.2, 0.2]
Prune local model 9, pr_ratio = [0.2, 0.2, 0.2, 0.2]
Prune local model 8, pr_ratio = [0.2, 0.2, 0.2, 0.2]
Prune local model 3, pr_ratio = [0.2, 0.2, 0.2, 0.2]
Prune local model 5, pr_ratio = [0.2, 0.2, 0.2, 0.2]
Prune local model 7, pr_ratio = [0.2, 0.2, 0.2, 0.2]
Prune local model 4, pr_ratio = [0.2, 0.2, 0.2, 0.2]
Prune local model 0, pr_ratio = [0.2, 0.2, 0.2, 0.2]
Prune local model 2, pr_ratio = [0.2, 0.2, 0.2, 0.2]
Round 27 - Lambda values: {0: 0.9744507477453931, 1: 0.025549252254606847}
Round 27 - Aggregated risks: {0: 1.6144607415248076, 1: 2.4242894649505615}
Round 27 – LOCAL TPR pre-agg per client: ['0.325', '0.325', '0.258', '0.675', '0.565', '0.565', '0.565', '0.675', '0.258', '0.325']
Round 27 – TPR per Domain: 0:0.325, 1:0.325, 2:0.258, 3:0.675, 4:0.565, 5:0.565, 6:0.565, 7:0.675, 8:0.258, 9:0.325
DapperFL MW Metrics - TPRD: 42.033, WTPR: 25.862, BTPR: 67.895
  Group 0 Mean TPR: 51.304
  Group 1 Mean TPR: 34.770
Round: 27 Method: dapperfl Mean_Acc: 47.225 Best_Acc: 52.938
Domain_Acc: [58.48, 67.89, 25.86, 36.67] Domain_BestAcc: [58.48, 75.79, 46.55, 43.33]
Prune local model 4, pr_ratio = [0.2, 0.2, 0.2, 0.2]
Prune local model 9, pr_ratio = [0.2, 0.2, 0.2, 0.2]
Prune local model 3, pr_ratio = [0.2, 0.2, 0.2, 0.2]
Prune local model 6, pr_ratio = [0.2, 0.2, 0.2, 0.2]
Prune local model 7, pr_ratio = [0.2, 0.2, 0.2, 0.2]
Prune local model 8, pr_ratio = [0.2, 0.2, 0.2, 0.2]
Prune local model 5, pr_ratio = [0.2, 0.2, 0.2, 0.2]
Prune local model 1, pr_ratio = [0.2, 0.2, 0.2, 0.2]
Prune local model 2, pr_ratio = [0.2, 0.2, 0.2, 0.2]
Prune local model 0, pr_ratio = [0.2, 0.2, 0.2, 0.2]
Round 28 - Lambda values: {0: 0.9757672925262206, 1: 0.024232707473779452}
Round 28 - Aggregated risks: {0: 1.61758779003788, 1: 2.160137116909027}
Round 28 – LOCAL TPR pre-agg per client: ['0.408', '0.408', '0.383', '0.692', '0.567', '0.567', '0.567', '0.692', '0.383', '0.408']
Round 28 – TPR per Domain: 0:0.408, 1:0.408, 2:0.383, 3:0.692, 4:0.567, 5:0.567, 6:0.567, 7:0.692, 8:0.383, 9:0.408
DapperFL MW Metrics - TPRD: 48.421, WTPR: 20.000, BTPR: 68.421
  Group 0 Mean TPR: 54.778
  Group 1 Mean TPR: 23.793
Round: 28 Method: dapperfl Mean_Acc: 52.152 Best_Acc: 52.938
Domain_Acc: [58.93, 68.42, 37.93, 43.33] Domain_BestAcc: [58.93, 75.79, 46.55, 43.33]
Prune local model 1, pr_ratio = [0.2, 0.2, 0.2, 0.2]
Prune local model 9, pr_ratio = [0.2, 0.2, 0.2, 0.2]
Prune local model 2, pr_ratio = [0.2, 0.2, 0.2, 0.2]
Prune local model 4, pr_ratio = [0.2, 0.2, 0.2, 0.2]
Prune local model 7, pr_ratio = [0.2, 0.2, 0.2, 0.2]
Prune local model 3, pr_ratio = [0.2, 0.2, 0.2, 0.2]
Prune local model 5, pr_ratio = [0.2, 0.2, 0.2, 0.2]
Prune local model 8, pr_ratio = [0.2, 0.2, 0.2, 0.2]
Prune local model 0, pr_ratio = [0.2, 0.2, 0.2, 0.2]
Prune local model 6, pr_ratio = [0.2, 0.2, 0.2, 0.2]
Round 29 - Lambda values: {0: 0.9765794300133461, 1: 0.02342056998665382}
Round 29 - Aggregated risks: {0: 1.8384139286638135, 1: 2.1876192688941956}
Round 29 – LOCAL TPR pre-agg per client: ['0.367', '0.367', '0.368', '0.688', '0.550', '0.550', '0.550', '0.688', '0.368', '0.367']
Round 29 – TPR per Domain: 0:0.367, 1:0.367, 2:0.368, 3:0.688, 4:0.550, 5:0.550, 6:0.550, 7:0.688, 8:0.368, 9:0.367
DapperFL MW Metrics - TPRD: 39.111, WTPR: 29.310, BTPR: 68.421
  Group 0 Mean TPR: 53.012
  Group 1 Mean TPR: 32.989
Round: 29 Method: dapperfl Mean_Acc: 50.122 Best_Acc: 52.938
Domain_Acc: [57.59, 68.42, 34.48, 40.0] Domain_BestAcc: [58.93, 75.79, 46.55, 43.33]
Prune local model 5, pr_ratio = [0.2, 0.2, 0.2, 0.2]
Prune local model 3, pr_ratio = [0.2, 0.2, 0.2, 0.2]
Prune local model 1, pr_ratio = [0.2, 0.2, 0.2, 0.2]
Prune local model 6, pr_ratio = [0.2, 0.2, 0.2, 0.2]
Prune local model 2, pr_ratio = [0.2, 0.2, 0.2, 0.2]
Prune local model 0, pr_ratio = [0.2, 0.2, 0.2, 0.2]
Prune local model 9, pr_ratio = [0.2, 0.2, 0.2, 0.2]
Prune local model 7, pr_ratio = [0.2, 0.2, 0.2, 0.2]
Prune local model 8, pr_ratio = [0.2, 0.2, 0.2, 0.2]
Prune local model 4, pr_ratio = [0.2, 0.2, 0.2, 0.2]
Round 30 - Lambda values: {0: 0.9776736934540579, 1: 0.022326306545942087}
Round 30 - Aggregated risks: {0: 1.7220167269780005, 1: 2.211705982685089}
Round 30 – LOCAL TPR pre-agg per client: ['0.308', '0.308', '0.417', '0.741', '0.569', '0.569', '0.569', '0.741', '0.417', '0.308']
Round 30 – TPR per Domain: 0:0.308, 1:0.308, 2:0.417, 3:0.741, 4:0.569, 5:0.569, 6:0.569, 7:0.741, 8:0.417, 9:0.308
DapperFL MW Metrics - TPRD: 40.351, WTPR: 33.333, BTPR: 73.684
  Group 0 Mean TPR: 54.025
  Group 1 Mean TPR: 35.632
Round: 30 Method: dapperfl Mean_Acc: 51.83 Best_Acc: 52.938
Domain_Acc: [58.93, 73.68, 41.38, 33.33] Domain_BestAcc: [58.93, 75.79, 46.55, 43.33]
Prune local model 7, pr_ratio = [0.2, 0.2, 0.2, 0.2]
Prune local model 4, pr_ratio = [0.2, 0.2, 0.2, 0.2]
Prune local model 0, pr_ratio = [0.2, 0.2, 0.2, 0.2]
Prune local model 8, pr_ratio = [0.2, 0.2, 0.2, 0.2]
Prune local model 9, pr_ratio = [0.2, 0.2, 0.2, 0.2]
Prune local model 6, pr_ratio = [0.2, 0.2, 0.2, 0.2]
Prune local model 2, pr_ratio = [0.2, 0.2, 0.2, 0.2]
Prune local model 1, pr_ratio = [0.2, 0.2, 0.2, 0.2]
Prune local model 5, pr_ratio = [0.2, 0.2, 0.2, 0.2]
Prune local model 3, pr_ratio = [0.2, 0.2, 0.2, 0.2]
Round 31 - Lambda values: {0: 0.9773481034627056, 1: 0.022651896537294432}
Round 31 - Aggregated risks: {0: 1.9566493962513287, 1: 1.8085392713546753}
Round 31 – LOCAL TPR pre-agg per client: ['0.258', '0.258', '0.430', '0.739', '0.552', '0.552', '0.552', '0.739', '0.430', '0.258']
Round 31 – TPR per Domain: 0:0.258, 1:0.258, 2:0.430, 3:0.739, 4:0.552, 5:0.552, 6:0.552, 7:0.739, 8:0.430, 9:0.258
DapperFL MW Metrics - TPRD: 47.018, WTPR: 26.667, BTPR: 73.684
  Group 0 Mean TPR: 52.738
  Group 1 Mean TPR: 30.575
Round: 31 Method: dapperfl Mean_Acc: 50.98 Best_Acc: 52.938
Domain_Acc: [57.14, 73.68, 43.1, 30.0] Domain_BestAcc: [58.93, 75.79, 46.55, 43.33]
Prune local model 3, pr_ratio = [0.2, 0.2, 0.2, 0.2]
Prune local model 4, pr_ratio = [0.2, 0.2, 0.2, 0.2]
Prune local model 0, pr_ratio = [0.2, 0.2, 0.2, 0.2]
Prune local model 9, pr_ratio = [0.2, 0.2, 0.2, 0.2]
Prune local model 1, pr_ratio = [0.2, 0.2, 0.2, 0.2]
Prune local model 6, pr_ratio = [0.2, 0.2, 0.2, 0.2]
Prune local model 5, pr_ratio = [0.2, 0.2, 0.2, 0.2]
Prune local model 7, pr_ratio = [0.2, 0.2, 0.2, 0.2]
Prune local model 2, pr_ratio = [0.2, 0.2, 0.2, 0.2]
Prune local model 8, pr_ratio = [0.2, 0.2, 0.2, 0.2]
Round 32 - Lambda values: {0: 0.9775903886543862, 1: 0.022409611345613818}
Round 32 - Aggregated risks: {0: 2.517627274703724, 1: 2.627642333507538}
Round 32 – LOCAL TPR pre-agg per client: ['0.250', '0.250', '0.369', '0.736', '0.560', '0.560', '0.560', '0.736', '0.369', '0.250']
Round 32 – TPR per Domain: 0:0.250, 1:0.250, 2:0.369, 3:0.736, 4:0.560, 5:0.560, 6:0.560, 7:0.736, 8:0.369, 9:0.250
DapperFL MW Metrics - TPRD: 63.158, WTPR: 10.000, BTPR: 73.158
  Group 0 Mean TPR: 51.863
  Group 1 Mean TPR: 19.655
Round: 32 Method: dapperfl Mean_Acc: 48.92 Best_Acc: 52.938
Domain_Acc: [58.04, 73.16, 34.48, 30.0] Domain_BestAcc: [58.93, 75.79, 46.55, 43.33]
Prune local model 9, pr_ratio = [0.2, 0.2, 0.2, 0.2]
Prune local model 0, pr_ratio = [0.2, 0.2, 0.2, 0.2]
Prune local model 5, pr_ratio = [0.2, 0.2, 0.2, 0.2]
Prune local model 1, pr_ratio = [0.2, 0.2, 0.2, 0.2]
Prune local model 4, pr_ratio = [0.2, 0.2, 0.2, 0.2]
Prune local model 8, pr_ratio = [0.2, 0.2, 0.2, 0.2]
Prune local model 2, pr_ratio = [0.2, 0.2, 0.2, 0.2]
Prune local model 3, pr_ratio = [0.2, 0.2, 0.2, 0.2]
Prune local model 6, pr_ratio = [0.2, 0.2, 0.2, 0.2]
Prune local model 7, pr_ratio = [0.2, 0.2, 0.2, 0.2]
Round 33 - Lambda values: {0: 0.9792225908988638, 1: 0.020777409101136284}
Round 33 - Aggregated risks: {0: 1.0812549732441037, 1: 1.854173719882965}
Round 33 – LOCAL TPR pre-agg per client: ['0.250', '0.250', '0.364', '0.730', '0.572', '0.572', '0.572', '0.730', '0.364', '0.250']
Round 33 – TPR per Domain: 0:0.250, 1:0.250, 2:0.364, 3:0.730, 4:0.572, 5:0.572, 6:0.572, 7:0.730, 8:0.364, 9:0.250
DapperFL MW Metrics - TPRD: 55.965, WTPR: 16.667, BTPR: 72.632
  Group 0 Mean TPR: 52.449
  Group 1 Mean TPR: 24.713
Round: 33 Method: dapperfl Mean_Acc: 49.555 Best_Acc: 52.938
Domain_Acc: [59.38, 72.63, 36.21, 30.0] Domain_BestAcc: [59.38, 75.79, 46.55, 43.33]
Prune local model 6, pr_ratio = [0.2, 0.2, 0.2, 0.2]
Prune local model 7, pr_ratio = [0.2, 0.2, 0.2, 0.2]
Prune local model 0, pr_ratio = [0.2, 0.2, 0.2, 0.2]
Prune local model 3, pr_ratio = [0.2, 0.2, 0.2, 0.2]
Prune local model 1, pr_ratio = [0.2, 0.2, 0.2, 0.2]
Prune local model 5, pr_ratio = [0.2, 0.2, 0.2, 0.2]
Prune local model 9, pr_ratio = [0.2, 0.2, 0.2, 0.2]
Prune local model 8, pr_ratio = [0.2, 0.2, 0.2, 0.2]
Prune local model 4, pr_ratio = [0.2, 0.2, 0.2, 0.2]
Prune local model 2, pr_ratio = [0.2, 0.2, 0.2, 0.2]
Round 34 - Lambda values: {0: 0.9811029238100072, 1: 0.01889707618999284}
Round 34 - Aggregated risks: {0: 1.2371525311872555, 1: 2.2049272656440735}
Round 34 – LOCAL TPR pre-agg per client: ['0.375', '0.375', '0.492', '0.777', '0.561', '0.561', '0.561', '0.777', '0.492', '0.375']
Round 34 – TPR per Domain: 0:0.375, 1:0.375, 2:0.492, 3:0.777, 4:0.561, 5:0.561, 6:0.561, 7:0.777, 8:0.492, 9:0.375
DapperFL MW Metrics - TPRD: 50.702, WTPR: 26.667, BTPR: 77.368
  Group 0 Mean TPR: 57.307
  Group 1 Mean TPR: 31.437
Round: 34 Method: dapperfl Mean_Acc: 56.032 Best_Acc: 56.032
Domain_Acc: [58.48, 77.37, 48.28, 40.0] Domain_BestAcc: [59.38, 77.37, 48.28, 43.33]
Prune local model 0, pr_ratio = [0.2, 0.2, 0.2, 0.2]
Prune local model 9, pr_ratio = [0.2, 0.2, 0.2, 0.2]
Prune local model 4, pr_ratio = [0.2, 0.2, 0.2, 0.2]
Prune local model 2, pr_ratio = [0.2, 0.2, 0.2, 0.2]
Prune local model 5, pr_ratio = [0.2, 0.2, 0.2, 0.2]
Prune local model 1, pr_ratio = [0.2, 0.2, 0.2, 0.2]
Prune local model 7, pr_ratio = [0.2, 0.2, 0.2, 0.2]
Prune local model 6, pr_ratio = [0.2, 0.2, 0.2, 0.2]
Prune local model 8, pr_ratio = [0.2, 0.2, 0.2, 0.2]
Prune local model 3, pr_ratio = [0.2, 0.2, 0.2, 0.2]
Round 35 - Lambda values: {0: 0.9832016079765659, 1: 0.016798392023434132}
Round 35 - Aggregated risks: {0: 1.0953370239090512, 1: 2.2939456701278687}
Round 35 – LOCAL TPR pre-agg per client: ['0.300', '0.300', '0.358', '0.751', '0.582', '0.582', '0.582', '0.751', '0.358', '0.300']
Round 35 – TPR per Domain: 0:0.300, 1:0.300, 2:0.358, 3:0.751, 4:0.582, 5:0.582, 6:0.582, 7:0.751, 8:0.358, 9:0.300
DapperFL MW Metrics - TPRD: 47.151, WTPR: 27.586, BTPR: 74.737
  Group 0 Mean TPR: 53.928
  Group 1 Mean TPR: 28.793
Round: 35 Method: dapperfl Mean_Acc: 50.705 Best_Acc: 56.032
Domain_Acc: [60.27, 74.74, 34.48, 33.33] Domain_BestAcc: [60.27, 77.37, 48.28, 43.33]
Prune local model 3, pr_ratio = [0.2, 0.2, 0.2, 0.2]
Prune local model 4, pr_ratio = [0.2, 0.2, 0.2, 0.2]
Prune local model 6, pr_ratio = [0.2, 0.2, 0.2, 0.2]
Prune local model 1, pr_ratio = [0.2, 0.2, 0.2, 0.2]
Prune local model 7, pr_ratio = [0.2, 0.2, 0.2, 0.2]
Prune local model 9, pr_ratio = [0.2, 0.2, 0.2, 0.2]
Prune local model 8, pr_ratio = [0.2, 0.2, 0.2, 0.2]
Prune local model 2, pr_ratio = [0.2, 0.2, 0.2, 0.2]
Prune local model 0, pr_ratio = [0.2, 0.2, 0.2, 0.2]
Prune local model 5, pr_ratio = [0.2, 0.2, 0.2, 0.2]
Round 36 - Lambda values: {0: 0.9850840488480495, 1: 0.014915951151950529}
Round 36 - Aggregated risks: {0: 1.1361368507677059, 1: 2.3437843918800354}
Round 36 – LOCAL TPR pre-agg per client: ['0.492', '0.492', '0.427', '0.747', '0.573', '0.573', '0.573', '0.747', '0.427', '0.492']
Round 36 – TPR per Domain: 0:0.492, 1:0.492, 2:0.427, 3:0.747, 4:0.573, 5:0.573, 6:0.573, 7:0.747, 8:0.427, 9:0.492
DapperFL MW Metrics - TPRD: 54.737, WTPR: 20.000, BTPR: 74.737
  Group 0 Mean TPR: 58.790
  Group 1 Mean TPR: 24.655
Round: 36 Method: dapperfl Mean_Acc: 56.485 Best_Acc: 56.485
Domain_Acc: [59.82, 74.74, 41.38, 50.0] Domain_BestAcc: [60.27, 77.37, 48.28, 50.0]
Prune local model 9, pr_ratio = [0.2, 0.2, 0.2, 0.2]
Prune local model 8, pr_ratio = [0.2, 0.2, 0.2, 0.2]
Prune local model 5, pr_ratio = [0.2, 0.2, 0.2, 0.2]
Prune local model 4, pr_ratio = [0.2, 0.2, 0.2, 0.2]
Prune local model 6, pr_ratio = [0.2, 0.2, 0.2, 0.2]
Prune local model 1, pr_ratio = [0.2, 0.2, 0.2, 0.2]
Prune local model 3, pr_ratio = [0.2, 0.2, 0.2, 0.2]
Prune local model 2, pr_ratio = [0.2, 0.2, 0.2, 0.2]
Prune local model 0, pr_ratio = [0.2, 0.2, 0.2, 0.2]
Prune local model 7, pr_ratio = [0.2, 0.2, 0.2, 0.2]
Round 37 - Lambda values: {0: 0.9864822190026593, 1: 0.013517780997340727}
Round 37 - Aggregated risks: {0: 1.4716395643963884, 1: 2.470075488090515}
Round 37 – LOCAL TPR pre-agg per client: ['0.333', '0.333', '0.404', '0.752', '0.543', '0.543', '0.543', '0.752', '0.404', '0.333']
Round 37 – TPR per Domain: 0:0.333, 1:0.333, 2:0.404, 3:0.752, 4:0.543, 5:0.543, 6:0.543, 7:0.752, 8:0.404, 9:0.333
DapperFL MW Metrics - TPRD: 47.151, WTPR: 27.586, BTPR: 74.737
  Group 0 Mean TPR: 53.020
  Group 1 Mean TPR: 32.126
Round: 37 Method: dapperfl Mean_Acc: 50.675 Best_Acc: 56.485
Domain_Acc: [56.7, 74.74, 37.93, 33.33] Domain_BestAcc: [60.27, 77.37, 48.28, 50.0]
Prune local model 9, pr_ratio = [0.2, 0.2, 0.2, 0.2]
Prune local model 0, pr_ratio = [0.2, 0.2, 0.2, 0.2]
Prune local model 2, pr_ratio = [0.2, 0.2, 0.2, 0.2]
Prune local model 4, pr_ratio = [0.2, 0.2, 0.2, 0.2]
Prune local model 6, pr_ratio = [0.2, 0.2, 0.2, 0.2]
Prune local model 5, pr_ratio = [0.2, 0.2, 0.2, 0.2]
Prune local model 8, pr_ratio = [0.2, 0.2, 0.2, 0.2]
Prune local model 1, pr_ratio = [0.2, 0.2, 0.2, 0.2]
Prune local model 7, pr_ratio = [0.2, 0.2, 0.2, 0.2]
Prune local model 3, pr_ratio = [0.2, 0.2, 0.2, 0.2]
Round 38 - Lambda values: {0: 0.9869006153823846, 1: 0.013099384617615386}
Round 38 - Aggregated risks: {0: 1.9488085953259757, 1: 2.267455756664276}
Round 38 – LOCAL TPR pre-agg per client: ['0.375', '0.375', '0.507', '0.750', '0.560', '0.560', '0.560', '0.750', '0.507', '0.375']
Round 38 – TPR per Domain: 0:0.375, 1:0.375, 2:0.507, 3:0.750, 4:0.560, 5:0.560, 6:0.560, 7:0.750, 8:0.507, 9:0.375
DapperFL MW Metrics - TPRD: 43.702, WTPR: 31.034, BTPR: 74.737
  Group 0 Mean TPR: 56.865
  Group 1 Mean TPR: 38.851
Round: 38 Method: dapperfl Mean_Acc: 55.805 Best_Acc: 56.485
Domain_Acc: [58.48, 74.74, 50.0, 40.0] Domain_BestAcc: [60.27, 77.37, 50.0, 50.0]
Prune local model 3, pr_ratio = [0.2, 0.2, 0.2, 0.2]
Prune local model 5, pr_ratio = [0.2, 0.2, 0.2, 0.2]
Prune local model 8, pr_ratio = [0.2, 0.2, 0.2, 0.2]
Prune local model 7, pr_ratio = [0.2, 0.2, 0.2, 0.2]
Prune local model 0, pr_ratio = [0.2, 0.2, 0.2, 0.2]
Prune local model 9, pr_ratio = [0.2, 0.2, 0.2, 0.2]
Prune local model 6, pr_ratio = [0.2, 0.2, 0.2, 0.2]
Prune local model 2, pr_ratio = [0.2, 0.2, 0.2, 0.2]
Prune local model 1, pr_ratio = [0.2, 0.2, 0.2, 0.2]
Prune local model 4, pr_ratio = [0.2, 0.2, 0.2, 0.2]
Round 39 - Lambda values: {0: 0.9887455233572806, 1: 0.011254476642719374}
Round 39 - Aggregated risks: {0: 0.712469941153751, 1: 2.2491392493247986}
Round 39 – LOCAL TPR pre-agg per client: ['0.300', '0.300', '0.392', '0.742', '0.598', '0.598', '0.598', '0.742', '0.392', '0.300']
Round 39 – TPR per Domain: 0:0.300, 1:0.300, 2:0.392, 3:0.742, 4:0.598, 5:0.598, 6:0.598, 7:0.742, 8:0.392, 9:0.300
DapperFL MW Metrics - TPRD: 53.684, WTPR: 20.000, BTPR: 73.684
  Group 0 Mean TPR: 54.431
  Group 1 Mean TPR: 22.931
Round: 39 Method: dapperfl Mean_Acc: 51.525 Best_Acc: 56.485
Domain_Acc: [61.16, 73.68, 37.93, 33.33] Domain_BestAcc: [61.16, 77.37, 50.0, 50.0]
Prune local model 7, pr_ratio = [0.2, 0.2, 0.2, 0.2]
Prune local model 2, pr_ratio = [0.2, 0.2, 0.2, 0.2]
Prune local model 1, pr_ratio = [0.2, 0.2, 0.2, 0.2]
Prune local model 0, pr_ratio = [0.2, 0.2, 0.2, 0.2]
Prune local model 8, pr_ratio = [0.2, 0.2, 0.2, 0.2]
Prune local model 3, pr_ratio = [0.2, 0.2, 0.2, 0.2]
Prune local model 5, pr_ratio = [0.2, 0.2, 0.2, 0.2]
Prune local model 4, pr_ratio = [0.2, 0.2, 0.2, 0.2]
Prune local model 6, pr_ratio = [0.2, 0.2, 0.2, 0.2]
Prune local model 9, pr_ratio = [0.2, 0.2, 0.2, 0.2]
Round 40 - Lambda values: {0: 0.990369165577195, 1: 0.009630834422805044}
Round 40 - Aggregated risks: {0: 1.3237553025386892, 1: 2.898124098777771}
Round 40 – LOCAL TPR pre-agg per client: ['0.375', '0.375', '0.385', '0.768', '0.555', '0.555', '0.555', '0.768', '0.385', '0.375']
Round 40 – TPR per Domain: 0:0.375, 1:0.375, 2:0.385, 3:0.768, 4:0.555, 5:0.555, 6:0.555, 7:0.768, 8:0.385, 9:0.375
DapperFL MW Metrics - TPRD: 52.982, WTPR: 23.333, BTPR: 76.316
  Group 0 Mean TPR: 55.584
  Group 1 Mean TPR: 26.322
Round: 40 Method: dapperfl Mean_Acc: 53.072 Best_Acc: 56.485
Domain_Acc: [58.04, 76.32, 37.93, 40.0] Domain_BestAcc: [61.16, 77.37, 50.0, 50.0]
Prune local model 4, pr_ratio = [0.2, 0.2, 0.2, 0.2]
Prune local model 1, pr_ratio = [0.2, 0.2, 0.2, 0.2]
Prune local model 3, pr_ratio = [0.2, 0.2, 0.2, 0.2]
Prune local model 2, pr_ratio = [0.2, 0.2, 0.2, 0.2]
Prune local model 6, pr_ratio = [0.2, 0.2, 0.2, 0.2]
Prune local model 7, pr_ratio = [0.2, 0.2, 0.2, 0.2]
Prune local model 5, pr_ratio = [0.2, 0.2, 0.2, 0.2]
Prune local model 0, pr_ratio = [0.2, 0.2, 0.2, 0.2]
Prune local model 9, pr_ratio = [0.2, 0.2, 0.2, 0.2]
Prune local model 8, pr_ratio = [0.2, 0.2, 0.2, 0.2]
Round 41 - Lambda values: {0: 0.9911441949943791, 1: 0.008855805005620802}
Round 41 - Aggregated risks: {0: 1.5961081411068025, 1: 2.44289767742157}
Round 41 – LOCAL TPR pre-agg per client: ['0.425', '0.425', '0.475', '0.738', '0.577', '0.577', '0.577', '0.738', '0.475', '0.425']
Round 41 – TPR per Domain: 0:0.425, 1:0.425, 2:0.475, 3:0.738, 4:0.577, 5:0.577, 6:0.577, 7:0.738, 8:0.475, 9:0.425
DapperFL MW Metrics - TPRD: 43.684, WTPR: 30.000, BTPR: 73.684
  Group 0 Mean TPR: 57.506
  Group 1 Mean TPR: 34.828
Round: 41 Method: dapperfl Mean_Acc: 55.845 Best_Acc: 56.485
Domain_Acc: [59.82, 73.68, 46.55, 43.33] Domain_BestAcc: [61.16, 77.37, 50.0, 50.0]
Prune local model 9, pr_ratio = [0.2, 0.2, 0.2, 0.2]
Prune local model 5, pr_ratio = [0.2, 0.2, 0.2, 0.2]
Prune local model 1, pr_ratio = [0.2, 0.2, 0.2, 0.2]
Prune local model 3, pr_ratio = [0.2, 0.2, 0.2, 0.2]
Prune local model 0, pr_ratio = [0.2, 0.2, 0.2, 0.2]
Prune local model 8, pr_ratio = [0.2, 0.2, 0.2, 0.2]
Prune local model 7, pr_ratio = [0.2, 0.2, 0.2, 0.2]
Prune local model 2, pr_ratio = [0.2, 0.2, 0.2, 0.2]
Prune local model 6, pr_ratio = [0.2, 0.2, 0.2, 0.2]
Prune local model 4, pr_ratio = [0.2, 0.2, 0.2, 0.2]
Round 42 - Lambda values: {0: 0.9924598976764568, 1: 0.007540102323543189}
Round 42 - Aggregated risks: {0: 0.8566846889250032, 1: 2.4783247113227844}
Round 42 – LOCAL TPR pre-agg per client: ['0.417', '0.417', '0.375', '0.792', '0.595', '0.595', '0.595', '0.792', '0.375', '0.417']
Round 42 – TPR per Domain: 0:0.417, 1:0.417, 2:0.375, 3:0.792, 4:0.595, 5:0.595, 6:0.595, 7:0.792, 8:0.375, 9:0.417
DapperFL MW Metrics - TPRD: 46.189, WTPR: 32.759, BTPR: 78.947
  Group 0 Mean TPR: 58.031
  Group 1 Mean TPR: 33.046
Round: 42 Method: dapperfl Mean_Acc: 54.913 Best_Acc: 56.485
Domain_Acc: [61.16, 78.95, 36.21, 43.33] Domain_BestAcc: [61.16, 78.95, 50.0, 50.0]
Prune local model 0, pr_ratio = [0.2, 0.2, 0.2, 0.2]
Prune local model 9, pr_ratio = [0.2, 0.2, 0.2, 0.2]
Prune local model 4, pr_ratio = [0.2, 0.2, 0.2, 0.2]
Prune local model 6, pr_ratio = [0.2, 0.2, 0.2, 0.2]
Prune local model 7, pr_ratio = [0.2, 0.2, 0.2, 0.2]
Prune local model 2, pr_ratio = [0.2, 0.2, 0.2, 0.2]
Prune local model 3, pr_ratio = [0.2, 0.2, 0.2, 0.2]
Prune local model 5, pr_ratio = [0.2, 0.2, 0.2, 0.2]
Prune local model 8, pr_ratio = [0.2, 0.2, 0.2, 0.2]
Prune local model 1, pr_ratio = [0.2, 0.2, 0.2, 0.2]
Round 43 - Lambda values: {0: 0.9933323229667403, 1: 0.006667677033259701}
Round 43 - Aggregated risks: {0: 1.3157721504946827, 1: 2.554201066493988}
Round 43 – LOCAL TPR pre-agg per client: ['0.383', '0.383', '0.425', '0.741', '0.575', '0.575', '0.575', '0.741', '0.425', '0.383']
Round 43 – TPR per Domain: 0:0.383, 1:0.383, 2:0.425, 3:0.741, 4:0.575, 5:0.575, 6:0.575, 7:0.741, 8:0.425, 9:0.383
DapperFL MW Metrics - TPRD: 44.374, WTPR: 29.310, BTPR: 73.684
  Group 0 Mean TPR: 56.194
  Group 1 Mean TPR: 29.655
Round: 43 Method: dapperfl Mean_Acc: 53.832 Best_Acc: 56.485
Domain_Acc: [60.27, 73.68, 41.38, 40.0] Domain_BestAcc: [61.16, 78.95, 50.0, 50.0]
Prune local model 9, pr_ratio = [0.2, 0.2, 0.2, 0.2]
Prune local model 7, pr_ratio = [0.2, 0.2, 0.2, 0.2]
Prune local model 8, pr_ratio = [0.2, 0.2, 0.2, 0.2]
Prune local model 6, pr_ratio = [0.2, 0.2, 0.2, 0.2]
Prune local model 1, pr_ratio = [0.2, 0.2, 0.2, 0.2]
Prune local model 4, pr_ratio = [0.2, 0.2, 0.2, 0.2]
Prune local model 0, pr_ratio = [0.2, 0.2, 0.2, 0.2]
Prune local model 3, pr_ratio = [0.2, 0.2, 0.2, 0.2]
Prune local model 2, pr_ratio = [0.2, 0.2, 0.2, 0.2]
Prune local model 5, pr_ratio = [0.2, 0.2, 0.2, 0.2]
Round 44 - Lambda values: {0: 0.9942565378012586, 1: 0.005743462198741387}
Round 44 - Aggregated risks: {0: 1.228093728928584, 1: 2.729486882686615}
Round 44 – LOCAL TPR pre-agg per client: ['0.350', '0.350', '0.293', '0.760', '0.522', '0.522', '0.522', '0.760', '0.293', '0.350']
Round 44 – TPR per Domain: 0:0.350, 1:0.350, 2:0.293, 3:0.760, 4:0.522, 5:0.522, 6:0.522, 7:0.760, 8:0.293, 9:0.350
DapperFL MW Metrics - TPRD: 55.789, WTPR: 20.000, BTPR: 75.789
  Group 0 Mean TPR: 51.986
  Group 1 Mean TPR: 22.069
Round: 44 Method: dapperfl Mean_Acc: 48.628 Best_Acc: 56.485
Domain_Acc: [54.46, 75.79, 27.59, 36.67] Domain_BestAcc: [61.16, 78.95, 50.0, 50.0]
Prune local model 4, pr_ratio = [0.2, 0.2, 0.2, 0.2]
Prune local model 6, pr_ratio = [0.2, 0.2, 0.2, 0.2]
Prune local model 3, pr_ratio = [0.2, 0.2, 0.2, 0.2]
Prune local model 7, pr_ratio = [0.2, 0.2, 0.2, 0.2]
Prune local model 8, pr_ratio = [0.2, 0.2, 0.2, 0.2]
Prune local model 5, pr_ratio = [0.2, 0.2, 0.2, 0.2]
Prune local model 2, pr_ratio = [0.2, 0.2, 0.2, 0.2]
Prune local model 9, pr_ratio = [0.2, 0.2, 0.2, 0.2]
Prune local model 1, pr_ratio = [0.2, 0.2, 0.2, 0.2]
Prune local model 0, pr_ratio = [0.2, 0.2, 0.2, 0.2]
Round 45 - Lambda values: {0: 0.9949783802184667, 1: 0.00502161978153324}
Round 45 - Aggregated risks: {0: 1.0826292739380143, 1: 2.4329832792282104}
Round 45 – LOCAL TPR pre-agg per client: ['0.467', '0.467', '0.431', '0.777', '0.578', '0.578', '0.578', '0.777', '0.431', '0.467']
Round 45 – TPR per Domain: 0:0.467, 1:0.467, 2:0.431, 3:0.777, 4:0.578, 5:0.578, 6:0.578, 7:0.777, 8:0.431, 9:0.467
DapperFL MW Metrics - TPRD: 60.702, WTPR: 16.667, BTPR: 77.368
  Group 0 Mean TPR: 59.448
  Group 1 Mean TPR: 22.989
Round: 45 Method: dapperfl Mean_Acc: 57.142 Best_Acc: 57.142
Domain_Acc: [59.82, 77.37, 41.38, 50.0] Domain_BestAcc: [61.16, 78.95, 50.0, 50.0]
Prune local model 1, pr_ratio = [0.2, 0.2, 0.2, 0.2]
Prune local model 9, pr_ratio = [0.2, 0.2, 0.2, 0.2]
Prune local model 7, pr_ratio = [0.2, 0.2, 0.2, 0.2]
Prune local model 0, pr_ratio = [0.2, 0.2, 0.2, 0.2]
Prune local model 2, pr_ratio = [0.2, 0.2, 0.2, 0.2]
Prune local model 5, pr_ratio = [0.2, 0.2, 0.2, 0.2]
Prune local model 6, pr_ratio = [0.2, 0.2, 0.2, 0.2]
Prune local model 4, pr_ratio = [0.2, 0.2, 0.2, 0.2]
Prune local model 8, pr_ratio = [0.2, 0.2, 0.2, 0.2]
Prune local model 3, pr_ratio = [0.2, 0.2, 0.2, 0.2]
Round 46 - Lambda values: {0: 0.9957506516222344, 1: 0.004249348377765564}
Round 46 - Aggregated risks: {0: 1.2785208355510942, 1: 2.9561485052108765}
Round 46 – LOCAL TPR pre-agg per client: ['0.400', '0.400', '0.372', '0.776', '0.617', '0.617', '0.617', '0.776', '0.372', '0.400']
Round 46 – TPR per Domain: 0:0.400, 1:0.400, 2:0.372, 3:0.776, 4:0.617, 5:0.617, 6:0.617, 7:0.776, 8:0.372, 9:0.400
DapperFL MW Metrics - TPRD: 64.035, WTPR: 13.333, BTPR: 77.368
  Group 0 Mean TPR: 57.640
  Group 1 Mean TPR: 21.322
Round: 46 Method: dapperfl Mean_Acc: 54.242 Best_Acc: 57.142
Domain_Acc: [63.39, 77.37, 36.21, 40.0] Domain_BestAcc: [63.39, 78.95, 50.0, 50.0]
Prune local model 1, pr_ratio = [0.2, 0.2, 0.2, 0.2]
Prune local model 2, pr_ratio = [0.2, 0.2, 0.2, 0.2]
Prune local model 8, pr_ratio = [0.2, 0.2, 0.2, 0.2]
Prune local model 3, pr_ratio = [0.2, 0.2, 0.2, 0.2]
Prune local model 5, pr_ratio = [0.2, 0.2, 0.2, 0.2]
Prune local model 7, pr_ratio = [0.2, 0.2, 0.2, 0.2]
Prune local model 6, pr_ratio = [0.2, 0.2, 0.2, 0.2]
Prune local model 0, pr_ratio = [0.2, 0.2, 0.2, 0.2]
Prune local model 4, pr_ratio = [0.2, 0.2, 0.2, 0.2]
Prune local model 9, pr_ratio = [0.2, 0.2, 0.2, 0.2]
Round 47 - Lambda values: {0: 0.9965178173593184, 1: 0.003482182640681588}
Round 47 - Aggregated risks: {0: 1.4312123128827101, 1: 3.429977297782898}
Round 47 – LOCAL TPR pre-agg per client: ['0.358', '0.358', '0.467', '0.762', '0.544', '0.544', '0.544', '0.762', '0.467', '0.358']
Round 47 – TPR per Domain: 0:0.358, 1:0.358, 2:0.467, 3:0.762, 4:0.544, 5:0.544, 6:0.544, 7:0.762, 8:0.467, 9:0.358
DapperFL MW Metrics - TPRD: 49.123, WTPR: 26.667, BTPR: 75.789
  Group 0 Mean TPR: 55.265
  Group 1 Mean TPR: 27.989
Round: 47 Method: dapperfl Mean_Acc: 53.4 Best_Acc: 57.142
Domain_Acc: [58.04, 75.79, 43.1, 36.67] Domain_BestAcc: [63.39, 78.95, 50.0, 50.0]
Prune local model 2, pr_ratio = [0.2, 0.2, 0.2, 0.2]
Prune local model 1, pr_ratio = [0.2, 0.2, 0.2, 0.2]
Prune local model 8, pr_ratio = [0.2, 0.2, 0.2, 0.2]
Prune local model 6, pr_ratio = [0.2, 0.2, 0.2, 0.2]
Prune local model 0, pr_ratio = [0.2, 0.2, 0.2, 0.2]
Prune local model 4, pr_ratio = [0.2, 0.2, 0.2, 0.2]
Prune local model 7, pr_ratio = [0.2, 0.2, 0.2, 0.2]
Prune local model 9, pr_ratio = [0.2, 0.2, 0.2, 0.2]
Prune local model 3, pr_ratio = [0.2, 0.2, 0.2, 0.2]
Prune local model 5, pr_ratio = [0.2, 0.2, 0.2, 0.2]
Round 48 - Lambda values: {0: 0.9967807701411975, 1: 0.003219229858802548}
Round 48 - Aggregated risks: {0: 1.7294785382322893, 1: 2.5172882676124573}
Round 48 – LOCAL TPR pre-agg per client: ['0.350', '0.350', '0.442', '0.781', '0.572', '0.572', '0.572', '0.781', '0.442', '0.350']
Round 48 – TPR per Domain: 0:0.350, 1:0.350, 2:0.442, 3:0.781, 4:0.572, 5:0.572, 6:0.572, 7:0.781, 8:0.442, 9:0.350
DapperFL MW Metrics - TPRD: 57.895, WTPR: 20.000, BTPR: 77.895
  Group 0 Mean TPR: 56.078
  Group 1 Mean TPR: 25.517
Round: 48 Method: dapperfl Mean_Acc: 53.83 Best_Acc: 57.142
Domain_Acc: [59.38, 77.89, 41.38, 36.67] Domain_BestAcc: [63.39, 78.95, 50.0, 50.0]
Prune local model 1, pr_ratio = [0.2, 0.2, 0.2, 0.2]
Prune local model 7, pr_ratio = [0.2, 0.2, 0.2, 0.2]
Prune local model 2, pr_ratio = [0.2, 0.2, 0.2, 0.2]
Prune local model 8, pr_ratio = [0.2, 0.2, 0.2, 0.2]
Prune local model 4, pr_ratio = [0.2, 0.2, 0.2, 0.2]
Prune local model 3, pr_ratio = [0.2, 0.2, 0.2, 0.2]
Prune local model 0, pr_ratio = [0.2, 0.2, 0.2, 0.2]
Prune local model 6, pr_ratio = [0.2, 0.2, 0.2, 0.2]
Prune local model 5, pr_ratio = [0.2, 0.2, 0.2, 0.2]
Prune local model 9, pr_ratio = [0.2, 0.2, 0.2, 0.2]
Round 49 - Lambda values: {0: 0.99741635079581, 1: 0.0025836492041899114}
Round 49 - Aggregated risks: {0: 0.5076728675156852, 1: 2.7134405374526978}
Round 49 – LOCAL TPR pre-agg per client: ['0.275', '0.275', '0.477', '0.791', '0.576', '0.576', '0.576', '0.791', '0.477', '0.275']
Round 49 – TPR per Domain: 0:0.275, 1:0.275, 2:0.477, 3:0.791, 4:0.576, 5:0.576, 6:0.576, 7:0.791, 8:0.477, 9:0.275
DapperFL MW Metrics - TPRD: 62.281, WTPR: 16.667, BTPR: 78.947
  Group 0 Mean TPR: 56.322
  Group 1 Mean TPR: 24.713
Round: 49 Method: dapperfl Mean_Acc: 54.662 Best_Acc: 57.142
Domain_Acc: [59.82, 78.95, 46.55, 33.33] Domain_BestAcc: [63.39, 78.95, 50.0, 50.0]
Prune local model 6, pr_ratio = [0.2, 0.2, 0.2, 0.2]
Prune local model 9, pr_ratio = [0.2, 0.2, 0.2, 0.2]
Prune local model 4, pr_ratio = [0.2, 0.2, 0.2, 0.2]
Prune local model 7, pr_ratio = [0.2, 0.2, 0.2, 0.2]
Prune local model 0, pr_ratio = [0.2, 0.2, 0.2, 0.2]
Prune local model 3, pr_ratio = [0.2, 0.2, 0.2, 0.2]
Prune local model 1, pr_ratio = [0.2, 0.2, 0.2, 0.2]
Prune local model 8, pr_ratio = [0.2, 0.2, 0.2, 0.2]
Prune local model 2, pr_ratio = [0.2, 0.2, 0.2, 0.2]
Prune local model 5, pr_ratio = [0.2, 0.2, 0.2, 0.2]
Round 50 - Lambda values: {0: 0.9980668670021459, 1: 0.0019331329978541545}
Round 50 - Aggregated risks: {0: 0.40451338698338485, 1: 3.3116414546966553}
Round 50 – LOCAL TPR pre-agg per client: ['0.325', '0.325', '0.348', '0.777', '0.564', '0.564', '0.564', '0.777', '0.348', '0.325']
Round 50 – TPR per Domain: 0:0.325, 1:0.325, 2:0.348, 3:0.777, 4:0.564, 5:0.564, 6:0.564, 7:0.777, 8:0.348, 9:0.325
DapperFL MW Metrics - TPRD: 57.368, WTPR: 20.000, BTPR: 77.368
  Group 0 Mean TPR: 54.534
  Group 1 Mean TPR: 28.966
Round: 50 Method: dapperfl Mean_Acc: 51.32 Best_Acc: 57.142
Domain_Acc: [58.48, 77.37, 32.76, 36.67] Domain_BestAcc: [63.39, 78.95, 50.0, 50.0]
Prune local model 2, pr_ratio = [0.2, 0.2, 0.2, 0.2]
Prune local model 7, pr_ratio = [0.2, 0.2, 0.2, 0.2]
Prune local model 3, pr_ratio = [0.2, 0.2, 0.2, 0.2]
Prune local model 0, pr_ratio = [0.2, 0.2, 0.2, 0.2]
Prune local model 9, pr_ratio = [0.2, 0.2, 0.2, 0.2]
Prune local model 6, pr_ratio = [0.2, 0.2, 0.2, 0.2]
Prune local model 1, pr_ratio = [0.2, 0.2, 0.2, 0.2]
Prune local model 4, pr_ratio = [0.2, 0.2, 0.2, 0.2]
Prune local model 8, pr_ratio = [0.2, 0.2, 0.2, 0.2]
Prune local model 5, pr_ratio = [0.2, 0.2, 0.2, 0.2]
Round 51 - Lambda values: {0: 0.998531397304526, 1: 0.0014686026954740174}
Round 51 - Aggregated risks: {0: 0.500304491532549, 1: 3.2532637119293213}
Round 51 – LOCAL TPR pre-agg per client: ['0.375', '0.375', '0.508', '0.799', '0.602', '0.602', '0.602', '0.799', '0.508', '0.375']
Round 51 – TPR per Domain: 0:0.375, 1:0.375, 2:0.508, 3:0.799, 4:0.602, 5:0.602, 6:0.602, 7:0.799, 8:0.508, 9:0.375
DapperFL MW Metrics - TPRD: 62.807, WTPR: 16.667, BTPR: 79.474
  Group 0 Mean TPR: 59.508
  Group 1 Mean TPR: 25.575
Round: 51 Method: dapperfl Mean_Acc: 57.675 Best_Acc: 57.675
Domain_Acc: [62.95, 79.47, 48.28, 40.0] Domain_BestAcc: [63.39, 79.47, 50.0, 50.0]
Prune local model 7, pr_ratio = [0.2, 0.2, 0.2, 0.2]
Prune local model 4, pr_ratio = [0.2, 0.2, 0.2, 0.2]
Prune local model 6, pr_ratio = [0.2, 0.2, 0.2, 0.2]
Prune local model 9, pr_ratio = [0.2, 0.2, 0.2, 0.2]
Prune local model 0, pr_ratio = [0.2, 0.2, 0.2, 0.2]
Prune local model 8, pr_ratio = [0.2, 0.2, 0.2, 0.2]
Prune local model 5, pr_ratio = [0.2, 0.2, 0.2, 0.2]
Prune local model 3, pr_ratio = [0.2, 0.2, 0.2, 0.2]
Prune local model 1, pr_ratio = [0.2, 0.2, 0.2, 0.2]
Prune local model 2, pr_ratio = [0.2, 0.2, 0.2, 0.2]
Round 52 - Lambda values: {0: 0.9988695758564123, 1: 0.0011304241435876434}
Round 52 - Aggregated risks: {0: 0.5638839428603284, 1: 3.1844550371170044}
Round 52 – LOCAL TPR pre-agg per client: ['0.250', '0.250', '0.389', '0.797', '0.572', '0.572', '0.572', '0.797', '0.389', '0.250']
Round 52 – TPR per Domain: 0:0.250, 1:0.250, 2:0.389, 3:0.797, 4:0.572, 5:0.572, 6:0.572, 7:0.797, 8:0.389, 9:0.250
DapperFL MW Metrics - TPRD: 56.140, WTPR: 23.333, BTPR: 79.474
  Group 0 Mean TPR: 54.327
  Group 1 Mean TPR: 28.908
Round: 52 Method: dapperfl Mean_Acc: 51.375 Best_Acc: 57.675
Domain_Acc: [59.82, 79.47, 36.21, 30.0] Domain_BestAcc: [63.39, 79.47, 50.0, 50.0]
Prune local model 8, pr_ratio = [0.2, 0.2, 0.2, 0.2]
Prune local model 1, pr_ratio = [0.2, 0.2, 0.2, 0.2]
Prune local model 9, pr_ratio = [0.2, 0.2, 0.2, 0.2]
Prune local model 6, pr_ratio = [0.2, 0.2, 0.2, 0.2]
Prune local model 5, pr_ratio = [0.2, 0.2, 0.2, 0.2]
Prune local model 0, pr_ratio = [0.2, 0.2, 0.2, 0.2]
Prune local model 3, pr_ratio = [0.2, 0.2, 0.2, 0.2]
Prune local model 7, pr_ratio = [0.2, 0.2, 0.2, 0.2]
Prune local model 2, pr_ratio = [0.2, 0.2, 0.2, 0.2]
Prune local model 4, pr_ratio = [0.2, 0.2, 0.2, 0.2]
Round 53 - Lambda values: {0: 0.9991321542919193, 1: 0.0008678457080807045}
Round 53 - Aggregated risks: {0: 0.6840171283108426, 1: 3.3299880027770996}
Round 53 – LOCAL TPR pre-agg per client: ['0.400', '0.400', '0.450', '0.778', '0.576', '0.576', '0.576', '0.778', '0.450', '0.400']
Round 53 – TPR per Domain: 0:0.400, 1:0.400, 2:0.450, 3:0.778, 4:0.576, 5:0.576, 6:0.576, 7:0.778, 8:0.450, 9:0.400
DapperFL MW Metrics - TPRD: 44.035, WTPR: 33.333, BTPR: 77.368
  Group 0 Mean TPR: 58.379
  Group 1 Mean TPR: 34.770
Round: 53 Method: dapperfl Mean_Acc: 56.45 Best_Acc: 57.675
Domain_Acc: [60.27, 77.37, 44.83, 43.33] Domain_BestAcc: [63.39, 79.47, 50.0, 50.0]
Prune local model 7, pr_ratio = [0.2, 0.2, 0.2, 0.2]
Prune local model 8, pr_ratio = [0.2, 0.2, 0.2, 0.2]
Prune local model 9, pr_ratio = [0.2, 0.2, 0.2, 0.2]
Prune local model 3, pr_ratio = [0.2, 0.2, 0.2, 0.2]
Prune local model 5, pr_ratio = [0.2, 0.2, 0.2, 0.2]
Prune local model 4, pr_ratio = [0.2, 0.2, 0.2, 0.2]
Prune local model 0, pr_ratio = [0.2, 0.2, 0.2, 0.2]
Prune local model 1, pr_ratio = [0.2, 0.2, 0.2, 0.2]
Prune local model 6, pr_ratio = [0.2, 0.2, 0.2, 0.2]
Prune local model 2, pr_ratio = [0.2, 0.2, 0.2, 0.2]
Round 54 - Lambda values: {0: 0.9993390866290596, 1: 0.0006609133709404334}
Round 54 - Aggregated risks: {0: 0.563062672836169, 1: 3.28904527425766}
Round 54 – LOCAL TPR pre-agg per client: ['0.383', '0.383', '0.471', '0.747', '0.597', '0.597', '0.597', '0.747', '0.471', '0.383']
Round 54 – TPR per Domain: 0:0.383, 1:0.383, 2:0.471, 3:0.747, 4:0.597, 5:0.597, 6:0.597, 7:0.747, 8:0.471, 9:0.383
DapperFL MW Metrics - TPRD: 64.211, WTPR: 10.000, BTPR: 74.211
  Group 0 Mean TPR: 57.259
  Group 1 Mean TPR: 22.241
Round: 54 Method: dapperfl Mean_Acc: 55.162 Best_Acc: 57.675
Domain_Acc: [61.61, 74.21, 44.83, 40.0] Domain_BestAcc: [63.39, 79.47, 50.0, 50.0]
Prune local model 4, pr_ratio = [0.2, 0.2, 0.2, 0.2]
Prune local model 7, pr_ratio = [0.2, 0.2, 0.2, 0.2]
Prune local model 5, pr_ratio = [0.2, 0.2, 0.2, 0.2]
Prune local model 9, pr_ratio = [0.2, 0.2, 0.2, 0.2]
Prune local model 0, pr_ratio = [0.2, 0.2, 0.2, 0.2]
Prune local model 3, pr_ratio = [0.2, 0.2, 0.2, 0.2]
Prune local model 6, pr_ratio = [0.2, 0.2, 0.2, 0.2]
Prune local model 1, pr_ratio = [0.2, 0.2, 0.2, 0.2]
Prune local model 8, pr_ratio = [0.2, 0.2, 0.2, 0.2]
Prune local model 2, pr_ratio = [0.2, 0.2, 0.2, 0.2]
Round 55 - Lambda values: {0: 0.9995103301284894, 1: 0.0004896698715105618}
Round 55 - Aggregated risks: {0: 0.6558907916431707, 1: 3.6565176248550415}
Round 55 – LOCAL TPR pre-agg per client: ['0.442', '0.442', '0.542', '0.746', '0.578', '0.578', '0.578', '0.746', '0.542', '0.442']
Round 55 – TPR per Domain: 0:0.442, 1:0.442, 2:0.542, 3:0.746, 4:0.578, 5:0.578, 6:0.578, 7:0.746, 8:0.542, 9:0.442
DapperFL MW Metrics - TPRD: 57.544, WTPR: 16.667, BTPR: 74.211
  Group 0 Mean TPR: 59.285
  Group 1 Mean TPR: 22.989
Round: 55 Method: dapperfl Mean_Acc: 58.218 Best_Acc: 58.218
Domain_Acc: [60.27, 74.21, 51.72, 46.67] Domain_BestAcc: [63.39, 79.47, 51.72, 50.0]
Prune local model 8, pr_ratio = [0.2, 0.2, 0.2, 0.2]
Prune local model 4, pr_ratio = [0.2, 0.2, 0.2, 0.2]
Prune local model 9, pr_ratio = [0.2, 0.2, 0.2, 0.2]
Prune local model 1, pr_ratio = [0.2, 0.2, 0.2, 0.2]
Prune local model 3, pr_ratio = [0.2, 0.2, 0.2, 0.2]
Prune local model 0, pr_ratio = [0.2, 0.2, 0.2, 0.2]
Prune local model 5, pr_ratio = [0.2, 0.2, 0.2, 0.2]
Prune local model 7, pr_ratio = [0.2, 0.2, 0.2, 0.2]
Prune local model 6, pr_ratio = [0.2, 0.2, 0.2, 0.2]
Prune local model 2, pr_ratio = [0.2, 0.2, 0.2, 0.2]
Round 56 - Lambda values: {0: 0.9996375429463735, 1: 0.0003624570536264289}
Round 56 - Aggregated risks: {0: 0.41583374928840644, 1: 3.4253607988357544}
Round 56 – LOCAL TPR pre-agg per client: ['0.442', '0.442', '0.488', '0.799', '0.591', '0.591', '0.591', '0.799', '0.488', '0.442']
Round 56 – TPR per Domain: 0:0.442, 1:0.442, 2:0.488, 3:0.799, 4:0.591, 5:0.591, 6:0.591, 7:0.799, 8:0.488, 9:0.442
DapperFL MW Metrics - TPRD: 52.807, WTPR: 26.667, BTPR: 79.474
  Group 0 Mean TPR: 60.457
  Group 1 Mean TPR: 29.713
Round: 56 Method: dapperfl Mean_Acc: 58.575 Best_Acc: 58.575
Domain_Acc: [61.61, 79.47, 46.55, 46.67] Domain_BestAcc: [63.39, 79.47, 51.72, 50.0]
Prune local model 0, pr_ratio = [0.2, 0.2, 0.2, 0.2]
Prune local model 1, pr_ratio = [0.2, 0.2, 0.2, 0.2]
Prune local model 3, pr_ratio = [0.2, 0.2, 0.2, 0.2]
Prune local model 9, pr_ratio = [0.2, 0.2, 0.2, 0.2]
Prune local model 7, pr_ratio = [0.2, 0.2, 0.2, 0.2]
Prune local model 4, pr_ratio = [0.2, 0.2, 0.2, 0.2]
Prune local model 6, pr_ratio = [0.2, 0.2, 0.2, 0.2]
Prune local model 5, pr_ratio = [0.2, 0.2, 0.2, 0.2]
Prune local model 8, pr_ratio = [0.2, 0.2, 0.2, 0.2]
Prune local model 2, pr_ratio = [0.2, 0.2, 0.2, 0.2]
Round 57 - Lambda values: {0: 0.9997310369133312, 1: 0.0002689630866688469}
Round 57 - Aggregated risks: {0: 0.6947886182390798, 1: 3.679042339324951}
Round 57 – LOCAL TPR pre-agg per client: ['0.425', '0.425', '0.443', '0.788', '0.588', '0.588', '0.588', '0.788', '0.443', '0.425']
Round 57 – TPR per Domain: 0:0.425, 1:0.425, 2:0.443, 3:0.788, 4:0.588, 5:0.588, 6:0.588, 7:0.788, 8:0.443, 9:0.425
DapperFL MW Metrics - TPRD: 48.421, WTPR: 30.000, BTPR: 78.421
  Group 0 Mean TPR: 59.595
  Group 1 Mean TPR: 33.103
Round: 57 Method: dapperfl Mean_Acc: 57.337 Best_Acc: 58.575
Domain_Acc: [61.16, 78.42, 43.1, 46.67] Domain_BestAcc: [63.39, 79.47, 51.72, 50.0]
Prune local model 7, pr_ratio = [0.2, 0.2, 0.2, 0.2]
Prune local model 4, pr_ratio = [0.2, 0.2, 0.2, 0.2]
Prune local model 6, pr_ratio = [0.2, 0.2, 0.2, 0.2]
Prune local model 0, pr_ratio = [0.2, 0.2, 0.2, 0.2]
Prune local model 2, pr_ratio = [0.2, 0.2, 0.2, 0.2]
Prune local model 8, pr_ratio = [0.2, 0.2, 0.2, 0.2]
Prune local model 3, pr_ratio = [0.2, 0.2, 0.2, 0.2]
Prune local model 5, pr_ratio = [0.2, 0.2, 0.2, 0.2]
Prune local model 9, pr_ratio = [0.2, 0.2, 0.2, 0.2]
Prune local model 1, pr_ratio = [0.2, 0.2, 0.2, 0.2]
Round 58 - Lambda values: {0: 0.9997949083036385, 1: 0.00020509169636152762}
Round 58 - Aggregated risks: {0: 0.5439808592958103, 1: 3.2557893991470337}
Round 58 – LOCAL TPR pre-agg per client: ['0.375', '0.375', '0.493', '0.834', '0.576', '0.576', '0.576', '0.834', '0.493', '0.375']
Round 58 – TPR per Domain: 0:0.375, 1:0.375, 2:0.493, 3:0.834, 4:0.576, 5:0.576, 6:0.576, 7:0.834, 8:0.493, 9:0.375
DapperFL MW Metrics - TPRD: 73.158, WTPR: 10.000, BTPR: 83.158
  Group 0 Mean TPR: 59.424
  Group 1 Mean TPR: 21.379
Round: 58 Method: dapperfl Mean_Acc: 57.928 Best_Acc: 58.575
Domain_Acc: [60.27, 83.16, 48.28, 40.0] Domain_BestAcc: [63.39, 83.16, 51.72, 50.0]
Prune local model 5, pr_ratio = [0.2, 0.2, 0.2, 0.2]
Prune local model 3, pr_ratio = [0.2, 0.2, 0.2, 0.2]
Prune local model 8, pr_ratio = [0.2, 0.2, 0.2, 0.2]
Prune local model 0, pr_ratio = [0.2, 0.2, 0.2, 0.2]
Prune local model 7, pr_ratio = [0.2, 0.2, 0.2, 0.2]
Prune local model 6, pr_ratio = [0.2, 0.2, 0.2, 0.2]
Prune local model 2, pr_ratio = [0.2, 0.2, 0.2, 0.2]
Prune local model 1, pr_ratio = [0.2, 0.2, 0.2, 0.2]
Prune local model 9, pr_ratio = [0.2, 0.2, 0.2, 0.2]
Prune local model 4, pr_ratio = [0.2, 0.2, 0.2, 0.2]
Round 59 - Lambda values: {0: 0.999842369733051, 1: 0.00015763026694903207}
Round 59 - Aggregated risks: {0: 0.827314702212453, 1: 3.459839105606079}
Round 59 – LOCAL TPR pre-agg per client: ['0.350', '0.350', '0.405', '0.775', '0.585', '0.585', '0.585', '0.775', '0.405', '0.350']
Round 59 – TPR per Domain: 0:0.350, 1:0.350, 2:0.405, 3:0.775, 4:0.585, 5:0.585, 6:0.585, 7:0.775, 8:0.405, 9:0.350
DapperFL MW Metrics - TPRD: 57.368, WTPR: 20.000, BTPR: 77.368
  Group 0 Mean TPR: 56.018
  Group 1 Mean TPR: 24.655
Round: 59 Method: dapperfl Mean_Acc: 53.17 Best_Acc: 58.575
Domain_Acc: [60.71, 77.37, 37.93, 36.67] Domain_BestAcc: [63.39, 83.16, 51.72, 50.0]
Prune local model 6, pr_ratio = [0.2, 0.2, 0.2, 0.2]
Prune local model 1, pr_ratio = [0.2, 0.2, 0.2, 0.2]
Prune local model 5, pr_ratio = [0.2, 0.2, 0.2, 0.2]
Prune local model 0, pr_ratio = [0.2, 0.2, 0.2, 0.2]
Prune local model 8, pr_ratio = [0.2, 0.2, 0.2, 0.2]
Prune local model 9, pr_ratio = [0.2, 0.2, 0.2, 0.2]
Prune local model 7, pr_ratio = [0.2, 0.2, 0.2, 0.2]
Prune local model 4, pr_ratio = [0.2, 0.2, 0.2, 0.2]
Prune local model 2, pr_ratio = [0.2, 0.2, 0.2, 0.2]
Prune local model 3, pr_ratio = [0.2, 0.2, 0.2, 0.2]
Round 60 - Lambda values: {0: 0.9998800863174967, 1: 0.00011991368250334554}
Round 60 - Aggregated risks: {0: 0.6717575108642264, 1: 3.4069350957870483}
Round 60 – LOCAL TPR pre-agg per client: ['0.300', '0.300', '0.447', '0.775', '0.590', '0.590', '0.590', '0.775', '0.447', '0.300']
Round 60 – TPR per Domain: 0:0.300, 1:0.300, 2:0.447, 3:0.775, 4:0.590, 5:0.590, 6:0.590, 7:0.775, 8:0.447, 9:0.300
DapperFL MW Metrics - TPRD: 64.035, WTPR: 13.333, BTPR: 77.368
  Group 0 Mean TPR: 55.831
  Group 1 Mean TPR: 20.460
Round: 60 Method: dapperfl Mean_Acc: 53.628 Best_Acc: 58.575
Domain_Acc: [60.71, 77.37, 43.1, 33.33] Domain_BestAcc: [63.39, 83.16, 51.72, 50.0]
Prune local model 0, pr_ratio = [0.2, 0.2, 0.2, 0.2]
Prune local model 9, pr_ratio = [0.2, 0.2, 0.2, 0.2]
Prune local model 3, pr_ratio = [0.2, 0.2, 0.2, 0.2]
Prune local model 2, pr_ratio = [0.2, 0.2, 0.2, 0.2]
Prune local model 8, pr_ratio = [0.2, 0.2, 0.2, 0.2]
Prune local model 6, pr_ratio = [0.2, 0.2, 0.2, 0.2]
Prune local model 4, pr_ratio = [0.2, 0.2, 0.2, 0.2]
Prune local model 7, pr_ratio = [0.2, 0.2, 0.2, 0.2]
Prune local model 5, pr_ratio = [0.2, 0.2, 0.2, 0.2]
Prune local model 1, pr_ratio = [0.2, 0.2, 0.2, 0.2]
Round 61 - Lambda values: {0: 0.9999146159809822, 1: 8.538401901783073e-05}
Round 61 - Aggregated risks: {0: 0.5739017099175876, 1: 3.9703792333602905}
Round 61 – LOCAL TPR pre-agg per client: ['0.325', '0.325', '0.501', '0.777', '0.581', '0.581', '0.581', '0.777', '0.501', '0.325']
Round 61 – TPR per Domain: 0:0.325, 1:0.325, 2:0.501, 3:0.777, 4:0.581, 5:0.581, 6:0.581, 7:0.777, 8:0.501, 9:0.325
DapperFL MW Metrics - TPRD: 57.368, WTPR: 20.000, BTPR: 77.368
  Group 0 Mean TPR: 57.144
  Group 1 Mean TPR: 25.517
Round: 61 Method: dapperfl Mean_Acc: 55.648 Best_Acc: 58.575
Domain_Acc: [60.27, 77.37, 48.28, 36.67] Domain_BestAcc: [63.39, 83.16, 51.72, 50.0]
Prune local model 6, pr_ratio = [0.2, 0.2, 0.2, 0.2]
Prune local model 2, pr_ratio = [0.2, 0.2, 0.2, 0.2]
Prune local model 9, pr_ratio = [0.2, 0.2, 0.2, 0.2]
Prune local model 3, pr_ratio = [0.2, 0.2, 0.2, 0.2]
Prune local model 4, pr_ratio = [0.2, 0.2, 0.2, 0.2]
Prune local model 1, pr_ratio = [0.2, 0.2, 0.2, 0.2]
Prune local model 7, pr_ratio = [0.2, 0.2, 0.2, 0.2]
Prune local model 5, pr_ratio = [0.2, 0.2, 0.2, 0.2]
Prune local model 0, pr_ratio = [0.2, 0.2, 0.2, 0.2]
Prune local model 8, pr_ratio = [0.2, 0.2, 0.2, 0.2]
Round 62 - Lambda values: {0: 0.9999388317280761, 1: 6.116827192398129e-05}
Round 62 - Aggregated risks: {0: 0.4080724183121797, 1: 3.74361789226532}
Round 62 – LOCAL TPR pre-agg per client: ['0.358', '0.358', '0.567', '0.762', '0.618', '0.618', '0.618', '0.762', '0.567', '0.358']
Round 62 – TPR per Domain: 0:0.358, 1:0.358, 2:0.567, 3:0.762, 4:0.618, 5:0.618, 6:0.618, 7:0.762, 8:0.567, 9:0.358
DapperFL MW Metrics - TPRD: 52.456, WTPR: 23.333, BTPR: 75.789
  Group 0 Mean TPR: 58.783
  Group 1 Mean TPR: 29.770
Round: 62 Method: dapperfl Mean_Acc: 57.755 Best_Acc: 58.575
Domain_Acc: [63.39, 75.79, 55.17, 36.67] Domain_BestAcc: [63.39, 83.16, 55.17, 50.0]
Prune local model 9, pr_ratio = [0.2, 0.2, 0.2, 0.2]
Prune local model 1, pr_ratio = [0.2, 0.2, 0.2, 0.2]
Prune local model 5, pr_ratio = [0.2, 0.2, 0.2, 0.2]
Prune local model 7, pr_ratio = [0.2, 0.2, 0.2, 0.2]
Prune local model 6, pr_ratio = [0.2, 0.2, 0.2, 0.2]
Prune local model 0, pr_ratio = [0.2, 0.2, 0.2, 0.2]
Prune local model 4, pr_ratio = [0.2, 0.2, 0.2, 0.2]
Prune local model 3, pr_ratio = [0.2, 0.2, 0.2, 0.2]
Prune local model 8, pr_ratio = [0.2, 0.2, 0.2, 0.2]
Prune local model 2, pr_ratio = [0.2, 0.2, 0.2, 0.2]
Round 63 - Lambda values: {0: 0.9999545239599197, 1: 4.547604008023258e-05}
Round 63 - Aggregated risks: {0: 0.3472154264162958, 1: 3.311802625656128}
Round 63 – LOCAL TPR pre-agg per client: ['0.283', '0.283', '0.409', '0.803', '0.572', '0.572', '0.572', '0.803', '0.409', '0.283']
Round 63 – TPR per Domain: 0:0.283, 1:0.283, 2:0.409, 3:0.803, 4:0.572, 5:0.572, 6:0.572, 7:0.803, 8:0.409, 9:0.283
DapperFL MW Metrics - TPRD: 70.000, WTPR: 10.000, BTPR: 80.000
  Group 0 Mean TPR: 54.674
  Group 1 Mean TPR: 21.379
Round: 63 Method: dapperfl Mean_Acc: 51.938 Best_Acc: 58.575
Domain_Acc: [59.82, 80.0, 37.93, 30.0] Domain_BestAcc: [63.39, 83.16, 55.17, 50.0]
Prune local model 4, pr_ratio = [0.2, 0.2, 0.2, 0.2]
Prune local model 9, pr_ratio = [0.2, 0.2, 0.2, 0.2]
Prune local model 3, pr_ratio = [0.2, 0.2, 0.2, 0.2]
Prune local model 2, pr_ratio = [0.2, 0.2, 0.2, 0.2]
Prune local model 8, pr_ratio = [0.2, 0.2, 0.2, 0.2]
Prune local model 6, pr_ratio = [0.2, 0.2, 0.2, 0.2]
Prune local model 1, pr_ratio = [0.2, 0.2, 0.2, 0.2]
Prune local model 7, pr_ratio = [0.2, 0.2, 0.2, 0.2]
Prune local model 0, pr_ratio = [0.2, 0.2, 0.2, 0.2]
Prune local model 5, pr_ratio = [0.2, 0.2, 0.2, 0.2]
Round 64 - Lambda values: {0: 0.9999664914940697, 1: 3.3508505930327883e-05}
Round 64 - Aggregated risks: {0: 0.50807584305579, 1: 3.5620583295822144}
Round 64 – LOCAL TPR pre-agg per client: ['0.375', '0.375', '0.517', '0.824', '0.605', '0.605', '0.605', '0.824', '0.517', '0.375']
Round 64 – TPR per Domain: 0:0.375, 1:0.375, 2:0.517, 3:0.824, 4:0.605, 5:0.605, 6:0.605, 7:0.824, 8:0.517, 9:0.375
DapperFL MW Metrics - TPRD: 49.347, WTPR: 32.759, BTPR: 82.105
  Group 0 Mean TPR: 60.381
  Group 1 Mean TPR: 34.713
Round: 64 Method: dapperfl Mean_Acc: 58.765 Best_Acc: 58.765
Domain_Acc: [62.95, 82.11, 50.0, 40.0] Domain_BestAcc: [63.39, 83.16, 55.17, 50.0]
Prune local model 5, pr_ratio = [0.2, 0.2, 0.2, 0.2]
Prune local model 2, pr_ratio = [0.2, 0.2, 0.2, 0.2]
Prune local model 0, pr_ratio = [0.2, 0.2, 0.2, 0.2]
Prune local model 3, pr_ratio = [0.2, 0.2, 0.2, 0.2]
Prune local model 1, pr_ratio = [0.2, 0.2, 0.2, 0.2]
Prune local model 8, pr_ratio = [0.2, 0.2, 0.2, 0.2]
Prune local model 7, pr_ratio = [0.2, 0.2, 0.2, 0.2]
Prune local model 6, pr_ratio = [0.2, 0.2, 0.2, 0.2]
Prune local model 4, pr_ratio = [0.2, 0.2, 0.2, 0.2]
Prune local model 9, pr_ratio = [0.2, 0.2, 0.2, 0.2]
Round 65 - Lambda values: {0: 0.9999758005530762, 1: 2.4199446923796335e-05}
Round 65 - Aggregated risks: {0: 0.3280722503920272, 1: 3.5828607082366943}
Round 65 – LOCAL TPR pre-agg per client: ['0.308', '0.308', '0.439', '0.792', '0.606', '0.606', '0.606', '0.792', '0.439', '0.308']
Round 65 – TPR per Domain: 0:0.308, 1:0.308, 2:0.439, 3:0.792, 4:0.606, 5:0.606, 6:0.606, 7:0.792, 8:0.439, 9:0.308
DapperFL MW Metrics - TPRD: 65.614, WTPR: 13.333, BTPR: 78.947
  Group 0 Mean TPR: 56.896
  Group 1 Mean TPR: 19.598
Round: 65 Method: dapperfl Mean_Acc: 54.47 Best_Acc: 58.765
Domain_Acc: [62.5, 78.95, 43.1, 33.33] Domain_BestAcc: [63.39, 83.16, 55.17, 50.0]
Prune local model 9, pr_ratio = [0.2, 0.2, 0.2, 0.2]
Prune local model 2, pr_ratio = [0.2, 0.2, 0.2, 0.2]
Prune local model 3, pr_ratio = [0.2, 0.2, 0.2, 0.2]
Prune local model 8, pr_ratio = [0.2, 0.2, 0.2, 0.2]
Prune local model 1, pr_ratio = [0.2, 0.2, 0.2, 0.2]
Prune local model 4, pr_ratio = [0.2, 0.2, 0.2, 0.2]
Prune local model 0, pr_ratio = [0.2, 0.2, 0.2, 0.2]
Prune local model 5, pr_ratio = [0.2, 0.2, 0.2, 0.2]
Prune local model 6, pr_ratio = [0.2, 0.2, 0.2, 0.2]
Prune local model 7, pr_ratio = [0.2, 0.2, 0.2, 0.2]
Round 66 - Lambda values: {0: 0.9999831699288778, 1: 1.683007112216351e-05}
Round 66 - Aggregated risks: {0: 0.6258843596521858, 1: 4.257583498954773}
Round 66 – LOCAL TPR pre-agg per client: ['0.358', '0.358', '0.394', '0.798', '0.613', '0.613', '0.613', '0.798', '0.394', '0.358']
Round 66 – TPR per Domain: 0:0.358, 1:0.358, 2:0.394, 3:0.798, 4:0.613, 5:0.613, 6:0.613, 7:0.798, 8:0.394, 9:0.358
DapperFL MW Metrics - TPRD: 62.807, WTPR: 16.667, BTPR: 79.474
  Group 0 Mean TPR: 57.381
  Group 1 Mean TPR: 23.851
Round: 66 Method: dapperfl Mean_Acc: 54.255 Best_Acc: 58.765
Domain_Acc: [62.95, 79.47, 37.93, 36.67] Domain_BestAcc: [63.39, 83.16, 55.17, 50.0]
Prune local model 4, pr_ratio = [0.2, 0.2, 0.2, 0.2]
Prune local model 3, pr_ratio = [0.2, 0.2, 0.2, 0.2]
Prune local model 7, pr_ratio = [0.2, 0.2, 0.2, 0.2]
Prune local model 0, pr_ratio = [0.2, 0.2, 0.2, 0.2]
Prune local model 6, pr_ratio = [0.2, 0.2, 0.2, 0.2]
Prune local model 1, pr_ratio = [0.2, 0.2, 0.2, 0.2]
Prune local model 2, pr_ratio = [0.2, 0.2, 0.2, 0.2]
Prune local model 5, pr_ratio = [0.2, 0.2, 0.2, 0.2]
Prune local model 9, pr_ratio = [0.2, 0.2, 0.2, 0.2]
Prune local model 8, pr_ratio = [0.2, 0.2, 0.2, 0.2]
Round 67 - Lambda values: {0: 0.9999873914229059, 1: 1.2608577094113175e-05}
Round 67 - Aggregated risks: {0: 0.5710049510528821, 1: 3.458946466445923}
Round 67 – LOCAL TPR pre-agg per client: ['0.300', '0.300', '0.487', '0.804', '0.587', '0.587', '0.587', '0.804', '0.487', '0.300']
Round 67 – TPR per Domain: 0:0.300, 1:0.300, 2:0.487, 3:0.804, 4:0.587, 5:0.587, 6:0.587, 7:0.804, 8:0.487, 9:0.300
DapperFL MW Metrics - TPRD: 63.333, WTPR: 16.667, BTPR: 80.000
  Group 0 Mean TPR: 56.753
  Group 1 Mean TPR: 24.713
Round: 67 Method: dapperfl Mean_Acc: 55.037 Best_Acc: 58.765
Domain_Acc: [60.27, 80.0, 46.55, 33.33] Domain_BestAcc: [63.39, 83.16, 55.17, 50.0]
Prune local model 5, pr_ratio = [0.2, 0.2, 0.2, 0.2]
Prune local model 2, pr_ratio = [0.2, 0.2, 0.2, 0.2]
Prune local model 4, pr_ratio = [0.2, 0.2, 0.2, 0.2]
Prune local model 3, pr_ratio = [0.2, 0.2, 0.2, 0.2]
Prune local model 0, pr_ratio = [0.2, 0.2, 0.2, 0.2]
Prune local model 7, pr_ratio = [0.2, 0.2, 0.2, 0.2]
Prune local model 9, pr_ratio = [0.2, 0.2, 0.2, 0.2]
Prune local model 6, pr_ratio = [0.2, 0.2, 0.2, 0.2]
Prune local model 1, pr_ratio = [0.2, 0.2, 0.2, 0.2]
Prune local model 8, pr_ratio = [0.2, 0.2, 0.2, 0.2]
Round 68 - Lambda values: {0: 0.9999912113101251, 1: 8.788689874802558e-06}
Round 68 - Aggregated risks: {0: 0.8040752353084577, 1: 4.413229942321777}
Round 68 – LOCAL TPR pre-agg per client: ['0.275', '0.275', '0.402', '0.787', '0.600', '0.600', '0.600', '0.787', '0.402', '0.275']
Round 68 – TPR per Domain: 0:0.275, 1:0.275, 2:0.402, 3:0.787, 4:0.600, 5:0.600, 6:0.600, 7:0.787, 8:0.402, 9:0.275
DapperFL MW Metrics - TPRD: 65.088, WTPR: 13.333, BTPR: 78.421
  Group 0 Mean TPR: 55.998
  Group 1 Mean TPR: 17.874
Round: 68 Method: dapperfl Mean_Acc: 53.255 Best_Acc: 58.765
Domain_Acc: [61.61, 78.42, 39.66, 33.33] Domain_BestAcc: [63.39, 83.16, 55.17, 50.0]
Prune local model 0, pr_ratio = [0.2, 0.2, 0.2, 0.2]
Prune local model 6, pr_ratio = [0.2, 0.2, 0.2, 0.2]
Prune local model 1, pr_ratio = [0.2, 0.2, 0.2, 0.2]
Prune local model 4, pr_ratio = [0.2, 0.2, 0.2, 0.2]
Prune local model 2, pr_ratio = [0.2, 0.2, 0.2, 0.2]
Prune local model 8, pr_ratio = [0.2, 0.2, 0.2, 0.2]
Prune local model 3, pr_ratio = [0.2, 0.2, 0.2, 0.2]
Prune local model 9, pr_ratio = [0.2, 0.2, 0.2, 0.2]
Prune local model 7, pr_ratio = [0.2, 0.2, 0.2, 0.2]
Prune local model 5, pr_ratio = [0.2, 0.2, 0.2, 0.2]
Round 69 - Lambda values: {0: 0.9999938025261871, 1: 6.197473812947638e-06}
Round 69 - Aggregated risks: {0: 0.2923658520488336, 1: 3.785630702972412}
Round 69 – LOCAL TPR pre-agg per client: ['0.375', '0.375', '0.487', '0.799', '0.603', '0.603', '0.603', '0.799', '0.487', '0.375']
Round 69 – TPR per Domain: 0:0.375, 1:0.375, 2:0.487, 3:0.799, 4:0.603, 5:0.603, 6:0.603, 7:0.799, 8:0.487, 9:0.375
DapperFL MW Metrics - TPRD: 59.474, WTPR: 20.000, BTPR: 79.474
  Group 0 Mean TPR: 58.957
  Group 1 Mean TPR: 26.379
Round: 69 Method: dapperfl Mean_Acc: 57.018 Best_Acc: 58.765
Domain_Acc: [62.05, 79.47, 46.55, 40.0] Domain_BestAcc: [63.39, 83.16, 55.17, 50.0]
Prune local model 5, pr_ratio = [0.2, 0.2, 0.2, 0.2]
Prune local model 6, pr_ratio = [0.2, 0.2, 0.2, 0.2]
Prune local model 7, pr_ratio = [0.2, 0.2, 0.2, 0.2]
Prune local model 1, pr_ratio = [0.2, 0.2, 0.2, 0.2]
Prune local model 3, pr_ratio = [0.2, 0.2, 0.2, 0.2]
Prune local model 0, pr_ratio = [0.2, 0.2, 0.2, 0.2]
Prune local model 4, pr_ratio = [0.2, 0.2, 0.2, 0.2]
Prune local model 2, pr_ratio = [0.2, 0.2, 0.2, 0.2]
Prune local model 9, pr_ratio = [0.2, 0.2, 0.2, 0.2]
Prune local model 8, pr_ratio = [0.2, 0.2, 0.2, 0.2]
Round 70 - Lambda values: {0: 0.9999951941887807, 1: 4.805811219310259e-06}
Round 70 - Aggregated risks: {0: 0.9528656077597368, 1: 3.496038556098938}
Round 70 – LOCAL TPR pre-agg per client: ['0.400', '0.400', '0.487', '0.802', '0.586', '0.586', '0.586', '0.802', '0.487', '0.400']
Round 70 – TPR per Domain: 0:0.400, 1:0.400, 2:0.487, 3:0.802, 4:0.586, 5:0.586, 6:0.586, 7:0.802, 8:0.487, 9:0.400
DapperFL MW Metrics - TPRD: 50.690, WTPR: 29.310, BTPR: 80.000
  Group 0 Mean TPR: 59.755
  Group 1 Mean TPR: 31.322
Round: 70 Method: dapperfl Mean_Acc: 57.872 Best_Acc: 58.765
Domain_Acc: [61.61, 80.0, 46.55, 43.33] Domain_BestAcc: [63.39, 83.16, 55.17, 50.0]
Prune local model 9, pr_ratio = [0.2, 0.2, 0.2, 0.2]
Prune local model 6, pr_ratio = [0.2, 0.2, 0.2, 0.2]
Prune local model 4, pr_ratio = [0.2, 0.2, 0.2, 0.2]
Prune local model 2, pr_ratio = [0.2, 0.2, 0.2, 0.2]
Prune local model 3, pr_ratio = [0.2, 0.2, 0.2, 0.2]
Prune local model 8, pr_ratio = [0.2, 0.2, 0.2, 0.2]
Prune local model 5, pr_ratio = [0.2, 0.2, 0.2, 0.2]
Prune local model 7, pr_ratio = [0.2, 0.2, 0.2, 0.2]
Prune local model 0, pr_ratio = [0.2, 0.2, 0.2, 0.2]
Prune local model 1, pr_ratio = [0.2, 0.2, 0.2, 0.2]
Round 71 - Lambda values: {0: 0.9999964965934064, 1: 3.503406593537654e-06}
Round 71 - Aggregated risks: {0: 0.3940153871168085, 1: 3.5549288988113403}
Round 71 – LOCAL TPR pre-agg per client: ['0.400', '0.400', '0.467', '0.824', '0.617', '0.617', '0.617', '0.824', '0.467', '0.400']
Round 71 – TPR per Domain: 0:0.400, 1:0.400, 2:0.467, 3:0.824, 4:0.617, 5:0.617, 6:0.617, 7:0.824, 8:0.467, 9:0.400
DapperFL MW Metrics - TPRD: 68.772, WTPR: 13.333, BTPR: 82.105
  Group 0 Mean TPR: 60.069
  Group 1 Mean TPR: 23.046
Round: 71 Method: dapperfl Mean_Acc: 57.695 Best_Acc: 58.765
Domain_Acc: [63.84, 82.11, 44.83, 40.0] Domain_BestAcc: [63.84, 83.16, 55.17, 50.0]
Prune local model 8, pr_ratio = [0.2, 0.2, 0.2, 0.2]
Prune local model 5, pr_ratio = [0.2, 0.2, 0.2, 0.2]
Prune local model 1, pr_ratio = [0.2, 0.2, 0.2, 0.2]
Prune local model 2, pr_ratio = [0.2, 0.2, 0.2, 0.2]
Prune local model 0, pr_ratio = [0.2, 0.2, 0.2, 0.2]
Prune local model 3, pr_ratio = [0.2, 0.2, 0.2, 0.2]
Prune local model 7, pr_ratio = [0.2, 0.2, 0.2, 0.2]
Prune local model 4, pr_ratio = [0.2, 0.2, 0.2, 0.2]
Prune local model 6, pr_ratio = [0.2, 0.2, 0.2, 0.2]
Prune local model 9, pr_ratio = [0.2, 0.2, 0.2, 0.2]
Round 72 - Lambda values: {0: 0.9999974568910024, 1: 2.543108997564914e-06}
Round 72 - Aggregated risks: {0: 0.5825767373849667, 1: 3.786070942878723}
Round 72 – LOCAL TPR pre-agg per client: ['0.300', '0.300', '0.374', '0.786', '0.616', '0.616', '0.616', '0.786', '0.374', '0.300']
Round 72 – TPR per Domain: 0:0.300, 1:0.300, 2:0.374, 3:0.786, 4:0.616, 5:0.616, 6:0.616, 7:0.786, 8:0.374, 9:0.300
DapperFL MW Metrics - TPRD: 61.754, WTPR: 16.667, BTPR: 78.421
  Group 0 Mean TPR: 56.237
  Group 1 Mean TPR: 20.402
Round: 72 Method: dapperfl Mean_Acc: 52.838 Best_Acc: 58.765
Domain_Acc: [63.39, 78.42, 36.21, 33.33] Domain_BestAcc: [63.84, 83.16, 55.17, 50.0]
Prune local model 5, pr_ratio = [0.2, 0.2, 0.2, 0.2]
Prune local model 0, pr_ratio = [0.2, 0.2, 0.2, 0.2]
Prune local model 2, pr_ratio = [0.2, 0.2, 0.2, 0.2]
Prune local model 9, pr_ratio = [0.2, 0.2, 0.2, 0.2]
Prune local model 8, pr_ratio = [0.2, 0.2, 0.2, 0.2]
Prune local model 1, pr_ratio = [0.2, 0.2, 0.2, 0.2]
Prune local model 7, pr_ratio = [0.2, 0.2, 0.2, 0.2]
Prune local model 3, pr_ratio = [0.2, 0.2, 0.2, 0.2]
Prune local model 6, pr_ratio = [0.2, 0.2, 0.2, 0.2]
Prune local model 4, pr_ratio = [0.2, 0.2, 0.2, 0.2]
Round 73 - Lambda values: {0: 0.9999981457165267, 1: 1.8542834733068257e-06}
Round 73 - Aggregated risks: {0: 0.5380142718551988, 1: 3.696911096572876}
Round 73 – LOCAL TPR pre-agg per client: ['0.358', '0.358', '0.500', '0.784', '0.598', '0.598', '0.598', '0.784', '0.500', '0.358']
Round 73 – TPR per Domain: 0:0.358, 1:0.358, 2:0.500, 3:0.784, 4:0.598, 5:0.598, 6:0.598, 7:0.784, 8:0.500, 9:0.358
DapperFL MW Metrics - TPRD: 64.561, WTPR: 13.333, BTPR: 77.895
  Group 0 Mean TPR: 57.897
  Group 1 Mean TPR: 22.184
Round: 73 Method: dapperfl Mean_Acc: 55.902 Best_Acc: 58.765
Domain_Acc: [62.5, 77.89, 46.55, 36.67] Domain_BestAcc: [63.84, 83.16, 55.17, 50.0]
Prune local model 6, pr_ratio = [0.2, 0.2, 0.2, 0.2]
Prune local model 0, pr_ratio = [0.2, 0.2, 0.2, 0.2]
Prune local model 5, pr_ratio = [0.2, 0.2, 0.2, 0.2]
Prune local model 4, pr_ratio = [0.2, 0.2, 0.2, 0.2]
Prune local model 8, pr_ratio = [0.2, 0.2, 0.2, 0.2]
Prune local model 3, pr_ratio = [0.2, 0.2, 0.2, 0.2]
Prune local model 1, pr_ratio = [0.2, 0.2, 0.2, 0.2]
Prune local model 9, pr_ratio = [0.2, 0.2, 0.2, 0.2]
Prune local model 2, pr_ratio = [0.2, 0.2, 0.2, 0.2]
Prune local model 7, pr_ratio = [0.2, 0.2, 0.2, 0.2]
Round 74 - Lambda values: {0: 0.999998665896572, 1: 1.3341034279536802e-06}
Round 74 - Aggregated risks: {0: 0.5819069849919213, 1: 3.874300956726074}
Round 74 – LOCAL TPR pre-agg per client: ['0.400', '0.400', '0.484', '0.809', '0.588', '0.588', '0.588', '0.809', '0.484', '0.400']
Round 74 – TPR per Domain: 0:0.400, 1:0.400, 2:0.484, 3:0.804, 4:0.588, 5:0.588, 6:0.588, 7:0.804, 8:0.484, 9:0.400
DapperFL MW Metrics - TPRD: 60.000, WTPR: 20.000, BTPR: 80.000
  Group 0 Mean TPR: 59.755
  Group 1 Mean TPR: 26.379
Round: 74 Method: dapperfl Mean_Acc: 57.872 Best_Acc: 58.765
Domain_Acc: [61.61, 80.0, 46.55, 43.33] Domain_BestAcc: [63.84, 83.16, 55.17, 50.0]
Prune local model 0, pr_ratio = [0.2, 0.2, 0.2, 0.2]
Prune local model 1, pr_ratio = [0.2, 0.2, 0.2, 0.2]
Prune local model 4, pr_ratio = [0.2, 0.2, 0.2, 0.2]
Prune local model 9, pr_ratio = [0.2, 0.2, 0.2, 0.2]
Prune local model 8, pr_ratio = [0.2, 0.2, 0.2, 0.2]
Prune local model 7, pr_ratio = [0.2, 0.2, 0.2, 0.2]
Prune local model 6, pr_ratio = [0.2, 0.2, 0.2, 0.2]
Prune local model 5, pr_ratio = [0.2, 0.2, 0.2, 0.2]
Prune local model 3, pr_ratio = [0.2, 0.2, 0.2, 0.2]
Prune local model 2, pr_ratio = [0.2, 0.2, 0.2, 0.2]
Round 75 - Lambda values: {0: 0.999999057010078, 1: 9.429899219460805e-07}
Round 75 - Aggregated risks: {0: 0.3458933009810573, 1: 3.815488815307617}
Round 75 – LOCAL TPR pre-agg per client: ['0.358', '0.358', '0.451', '0.798', '0.596', '0.596', '0.596', '0.798', '0.451', '0.358']
Round 75 – TPR per Domain: 0:0.358, 1:0.358, 2:0.451, 3:0.798, 4:0.596, 5:0.596, 6:0.596, 7:0.798, 8:0.451, 9:0.358
DapperFL MW Metrics - TPRD: 69.474, WTPR: 10.000, BTPR: 79.474
  Group 0 Mean TPR: 57.310
  Group 1 Mean TPR: 17.931
Round: 75 Method: dapperfl Mean_Acc: 54.782 Best_Acc: 58.765
Domain_Acc: [61.61, 79.47, 41.38, 36.67] Domain_BestAcc: [63.84, 83.16, 55.17, 50.0]
Prune local model 3, pr_ratio = [0.2, 0.2, 0.2, 0.2]
Prune local model 9, pr_ratio = [0.2, 0.2, 0.2, 0.2]
Prune local model 6, pr_ratio = [0.2, 0.2, 0.2, 0.2]
Prune local model 7, pr_ratio = [0.2, 0.2, 0.2, 0.2]
Prune local model 0, pr_ratio = [0.2, 0.2, 0.2, 0.2]
Prune local model 4, pr_ratio = [0.2, 0.2, 0.2, 0.2]
Prune local model 1, pr_ratio = [0.2, 0.2, 0.2, 0.2]
Prune local model 5, pr_ratio = [0.2, 0.2, 0.2, 0.2]
Prune local model 2, pr_ratio = [0.2, 0.2, 0.2, 0.2]
Prune local model 8, pr_ratio = [0.2, 0.2, 0.2, 0.2]
Round 76 - Lambda values: {0: 0.999999359620487, 1: 6.403795129651607e-07}
Round 76 - Aggregated risks: {0: 0.3754394243636772, 1: 4.245388507843018}
Round 76 – LOCAL TPR pre-agg per client: ['0.400', '0.400', '0.531', '0.801', '0.595', '0.595', '0.595', '0.801', '0.531', '0.400']
Round 76 – TPR per Domain: 0:0.400, 1:0.400, 2:0.531, 3:0.801, 4:0.595, 5:0.595, 6:0.595, 7:0.801, 8:0.531, 9:0.400
DapperFL MW Metrics - TPRD: 70.000, WTPR: 10.000, BTPR: 80.000
  Group 0 Mean TPR: 60.784
  Group 1 Mean TPR: 20.517
Round: 76 Method: dapperfl Mean_Acc: 59.707 Best_Acc: 59.707
Domain_Acc: [62.05, 80.0, 53.45, 43.33] Domain_BestAcc: [63.84, 83.16, 55.17, 50.0]
Prune local model 0, pr_ratio = [0.2, 0.2, 0.2, 0.2]
Prune local model 7, pr_ratio = [0.2, 0.2, 0.2, 0.2]
Prune local model 5, pr_ratio = [0.2, 0.2, 0.2, 0.2]
Prune local model 1, pr_ratio = [0.2, 0.2, 0.2, 0.2]
Prune local model 3, pr_ratio = [0.2, 0.2, 0.2, 0.2]
Prune local model 4, pr_ratio = [0.2, 0.2, 0.2, 0.2]
Prune local model 6, pr_ratio = [0.2, 0.2, 0.2, 0.2]
Prune local model 2, pr_ratio = [0.2, 0.2, 0.2, 0.2]
Prune local model 8, pr_ratio = [0.2, 0.2, 0.2, 0.2]
Prune local model 9, pr_ratio = [0.2, 0.2, 0.2, 0.2]
Round 77 - Lambda values: {0: 0.9999995502238679, 1: 4.497761321551277e-07}
Round 77 - Aggregated risks: {0: 0.1433086352453491, 1: 3.6764206886291504}
Round 77 – LOCAL TPR pre-agg per client: ['0.400', '0.400', '0.496', '0.793', '0.618', '0.618', '0.618', '0.793', '0.496', '0.400']
Round 77 – TPR per Domain: 0:0.400, 1:0.400, 2:0.496, 3:0.793, 4:0.618, 5:0.618, 6:0.618, 7:0.793, 8:0.496, 9:0.400
DapperFL MW Metrics - TPRD: 55.614, WTPR: 23.333, BTPR: 78.947
  Group 0 Mean TPR: 60.329
  Group 1 Mean TPR: 26.322
Round: 77 Method: dapperfl Mean_Acc: 58.168 Best_Acc: 59.707
Domain_Acc: [63.84, 78.95, 46.55, 43.33] Domain_BestAcc: [63.84, 83.16, 55.17, 50.0]
Prune local model 0, pr_ratio = [0.2, 0.2, 0.2, 0.2]
Prune local model 3, pr_ratio = [0.2, 0.2, 0.2, 0.2]
Prune local model 5, pr_ratio = [0.2, 0.2, 0.2, 0.2]
Prune local model 9, pr_ratio = [0.2, 0.2, 0.2, 0.2]
Prune local model 4, pr_ratio = [0.2, 0.2, 0.2, 0.2]
Prune local model 6, pr_ratio = [0.2, 0.2, 0.2, 0.2]
Prune local model 8, pr_ratio = [0.2, 0.2, 0.2, 0.2]
Prune local model 7, pr_ratio = [0.2, 0.2, 0.2, 0.2]
Prune local model 1, pr_ratio = [0.2, 0.2, 0.2, 0.2]
Prune local model 2, pr_ratio = [0.2, 0.2, 0.2, 0.2]
Round 78 - Lambda values: {0: 0.9999996968789209, 1: 3.031210791273784e-07}
Round 78 - Aggregated risks: {0: 0.13947201956451058, 1: 4.0856499671936035}
Round 78 – LOCAL TPR pre-agg per client: ['0.325', '0.325', '0.436', '0.812', '0.628', '0.628', '0.628', '0.812', '0.436', '0.325']
Round 78 – TPR per Domain: 0:0.325, 1:0.325, 2:0.436, 3:0.812, 4:0.628, 5:0.628, 6:0.628, 7:0.812, 8:0.436, 9:0.325
DapperFL MW Metrics - TPRD: 71.053, WTPR: 10.000, BTPR: 81.053
  Group 0 Mean TPR: 58.709
  Group 1 Mean TPR: 19.655
Round: 78 Method: dapperfl Mean_Acc: 55.848 Best_Acc: 59.707
Domain_Acc: [64.29, 81.05, 41.38, 36.67] Domain_BestAcc: [64.29, 83.16, 55.17, 50.0]
Prune local model 0, pr_ratio = [0.2, 0.2, 0.2, 0.2]
Prune local model 4, pr_ratio = [0.2, 0.2, 0.2, 0.2]
Prune local model 8, pr_ratio = [0.2, 0.2, 0.2, 0.2]
Prune local model 9, pr_ratio = [0.2, 0.2, 0.2, 0.2]
Prune local model 2, pr_ratio = [0.2, 0.2, 0.2, 0.2]
Prune local model 3, pr_ratio = [0.2, 0.2, 0.2, 0.2]
Prune local model 5, pr_ratio = [0.2, 0.2, 0.2, 0.2]
Prune local model 1, pr_ratio = [0.2, 0.2, 0.2, 0.2]
Prune local model 7, pr_ratio = [0.2, 0.2, 0.2, 0.2]
Prune local model 6, pr_ratio = [0.2, 0.2, 0.2, 0.2]
Round 79 - Lambda values: {0: 0.9999997847437846, 1: 2.1525621538526075e-07}
Round 79 - Aggregated risks: {0: 0.39570354134990576, 1: 3.818737506866455}
Round 79 – LOCAL TPR pre-agg per client: ['0.333', '0.333', '0.546', '0.759', '0.583', '0.583', '0.583', '0.759', '0.546', '0.333']
Round 79 – TPR per Domain: 0:0.333, 1:0.333, 2:0.546, 3:0.759, 4:0.583, 5:0.583, 6:0.583, 7:0.759, 8:0.546, 9:0.333
DapperFL MW Metrics - TPRD: 51.930, WTPR: 23.333, BTPR: 75.263
  Group 0 Mean TPR: 57.216
  Group 1 Mean TPR: 26.322
Round: 79 Method: dapperfl Mean_Acc: 56.09 Best_Acc: 59.707
Domain_Acc: [60.71, 75.26, 51.72, 36.67] Domain_BestAcc: [64.29, 83.16, 55.17, 50.0]
Prune local model 0, pr_ratio = [0.2, 0.2, 0.2, 0.2]
Prune local model 5, pr_ratio = [0.2, 0.2, 0.2, 0.2]
Prune local model 1, pr_ratio = [0.2, 0.2, 0.2, 0.2]
Prune local model 2, pr_ratio = [0.2, 0.2, 0.2, 0.2]
Prune local model 3, pr_ratio = [0.2, 0.2, 0.2, 0.2]
Prune local model 8, pr_ratio = [0.2, 0.2, 0.2, 0.2]
Prune local model 4, pr_ratio = [0.2, 0.2, 0.2, 0.2]
Prune local model 7, pr_ratio = [0.2, 0.2, 0.2, 0.2]
Prune local model 6, pr_ratio = [0.2, 0.2, 0.2, 0.2]
Prune local model 9, pr_ratio = [0.2, 0.2, 0.2, 0.2]
Round 80 - Lambda values: {0: 0.9999998533413776, 1: 1.4665862233513086e-07}
Round 80 - Aggregated risks: {0: 0.2567255198804512, 1: 4.093940496444702}
Round 80 – LOCAL TPR pre-agg per client: ['0.417', '0.417', '0.546', '0.807', '0.593', '0.593', '0.593', '0.807', '0.546', '0.417']
Round 80 – TPR per Domain: 0:0.417, 1:0.417, 2:0.546, 3:0.807, 4:0.593, 5:0.593, 6:0.593, 7:0.807, 8:0.546, 9:0.417
DapperFL MW Metrics - TPRD: 51.216, WTPR: 29.310, BTPR: 80.526
  Group 0 Mean TPR: 61.366
  Group 1 Mean TPR: 32.989
Round: 80 Method: dapperfl Mean_Acc: 60.132 Best_Acc: 60.132
Domain_Acc: [61.61, 80.53, 51.72, 46.67] Domain_BestAcc: [64.29, 83.16, 55.17, 50.0]
Prune local model 8, pr_ratio = [0.2, 0.2, 0.2, 0.2]
Prune local model 1, pr_ratio = [0.2, 0.2, 0.2, 0.2]
Prune local model 3, pr_ratio = [0.2, 0.2, 0.2, 0.2]
Prune local model 0, pr_ratio = [0.2, 0.2, 0.2, 0.2]
Prune local model 7, pr_ratio = [0.2, 0.2, 0.2, 0.2]
Prune local model 9, pr_ratio = [0.2, 0.2, 0.2, 0.2]
Prune local model 5, pr_ratio = [0.2, 0.2, 0.2, 0.2]
Prune local model 2, pr_ratio = [0.2, 0.2, 0.2, 0.2]
Prune local model 4, pr_ratio = [0.2, 0.2, 0.2, 0.2]
Prune local model 6, pr_ratio = [0.2, 0.2, 0.2, 0.2]
Round 81 - Lambda values: {0: 0.999999895562134, 1: 1.0443786605302115e-07}
Round 81 - Aggregated risks: {0: 0.2408634082818712, 1: 3.636016607284546}
Round 81 – LOCAL TPR pre-agg per client: ['0.375', '0.375', '0.533', '0.804', '0.622', '0.622', '0.622', '0.804', '0.533', '0.375']
Round 81 – TPR per Domain: 0:0.375, 1:0.375, 2:0.533, 3:0.804, 4:0.622, 5:0.622, 6:0.622, 7:0.804, 8:0.533, 9:0.375
DapperFL MW Metrics - TPRD: 60.000, WTPR: 20.000, BTPR: 80.000
  Group 0 Mean TPR: 60.405
  Group 1 Mean TPR: 24.655
Round: 81 Method: dapperfl Mean_Acc: 58.89 Best_Acc: 60.132
Domain_Acc: [63.84, 80.0, 51.72, 40.0] Domain_BestAcc: [64.29, 83.16, 55.17, 50.0]
Prune local model 0, pr_ratio = [0.2, 0.2, 0.2, 0.2]
Prune local model 9, pr_ratio = [0.2, 0.2, 0.2, 0.2]
Prune local model 8, pr_ratio = [0.2, 0.2, 0.2, 0.2]
Prune local model 5, pr_ratio = [0.2, 0.2, 0.2, 0.2]
Prune local model 6, pr_ratio = [0.2, 0.2, 0.2, 0.2]
Prune local model 3, pr_ratio = [0.2, 0.2, 0.2, 0.2]
Prune local model 4, pr_ratio = [0.2, 0.2, 0.2, 0.2]
Prune local model 1, pr_ratio = [0.2, 0.2, 0.2, 0.2]
Prune local model 7, pr_ratio = [0.2, 0.2, 0.2, 0.2]
Prune local model 2, pr_ratio = [0.2, 0.2, 0.2, 0.2]
Round 82 - Lambda values: {0: 0.9999999248559714, 1: 7.514402853599961e-08}
Round 82 - Aggregated risks: {0: 0.25515652002208444, 1: 3.5470134019851685}
Round 82 – LOCAL TPR pre-agg per client: ['0.375', '0.375', '0.537', '0.799', '0.637', '0.637', '0.637', '0.799', '0.537', '0.375']
Round 82 – TPR per Domain: 0:0.375, 1:0.375, 2:0.537, 3:0.799, 4:0.637, 5:0.637, 6:0.637, 7:0.799, 8:0.537, 9:0.375
DapperFL MW Metrics - TPRD: 62.807, WTPR: 16.667, BTPR: 79.474
  Group 0 Mean TPR: 60.943
  Group 1 Mean TPR: 21.264
Round: 82 Method: dapperfl Mean_Acc: 59.202 Best_Acc: 60.132
Domain_Acc: [65.62, 79.47, 51.72, 40.0] Domain_BestAcc: [65.62, 83.16, 55.17, 50.0]
Prune local model 5, pr_ratio = [0.2, 0.2, 0.2, 0.2]
Prune local model 6, pr_ratio = [0.2, 0.2, 0.2, 0.2]
Prune local model 0, pr_ratio = [0.2, 0.2, 0.2, 0.2]
Prune local model 2, pr_ratio = [0.2, 0.2, 0.2, 0.2]
Prune local model 9, pr_ratio = [0.2, 0.2, 0.2, 0.2]
Prune local model 4, pr_ratio = [0.2, 0.2, 0.2, 0.2]
Prune local model 3, pr_ratio = [0.2, 0.2, 0.2, 0.2]
Prune local model 7, pr_ratio = [0.2, 0.2, 0.2, 0.2]
Prune local model 8, pr_ratio = [0.2, 0.2, 0.2, 0.2]
Prune local model 1, pr_ratio = [0.2, 0.2, 0.2, 0.2]
Round 83 - Lambda values: {0: 0.9999999466857723, 1: 5.331422771228831e-08}
Round 83 - Aggregated risks: {0: 0.19484658056451948, 1: 3.6268810033798218}
Round 83 – LOCAL TPR pre-agg per client: ['0.375', '0.375', '0.444', '0.792', '0.637', '0.637', '0.637', '0.792', '0.444', '0.375']
Round 83 – TPR per Domain: 0:0.375, 1:0.375, 2:0.444, 3:0.792, 4:0.637, 5:0.637, 6:0.637, 7:0.792, 8:0.444, 9:0.375
DapperFL MW Metrics - TPRD: 62.281, WTPR: 16.667, BTPR: 78.947
  Group 0 Mean TPR: 59.734
  Group 1 Mean TPR: 23.851
Round: 83 Method: dapperfl Mean_Acc: 56.918 Best_Acc: 60.132
Domain_Acc: [65.62, 78.95, 43.1, 40.0] Domain_BestAcc: [65.62, 83.16, 55.17, 50.0]
Prune local model 5, pr_ratio = [0.2, 0.2, 0.2, 0.2]
Prune local model 1, pr_ratio = [0.2, 0.2, 0.2, 0.2]
Prune local model 6, pr_ratio = [0.2, 0.2, 0.2, 0.2]
Prune local model 0, pr_ratio = [0.2, 0.2, 0.2, 0.2]
Prune local model 8, pr_ratio = [0.2, 0.2, 0.2, 0.2]
Prune local model 2, pr_ratio = [0.2, 0.2, 0.2, 0.2]
Prune local model 3, pr_ratio = [0.2, 0.2, 0.2, 0.2]
Prune local model 9, pr_ratio = [0.2, 0.2, 0.2, 0.2]
Prune local model 4, pr_ratio = [0.2, 0.2, 0.2, 0.2]
Prune local model 7, pr_ratio = [0.2, 0.2, 0.2, 0.2]
Round 84 - Lambda values: {0: 0.9999999632823805, 1: 3.671761942254472e-08}
Round 84 - Aggregated risks: {0: 0.2684787233946467, 1: 3.997943878173828}
Round 84 – LOCAL TPR pre-agg per client: ['0.400', '0.400', '0.542', '0.791', '0.619', '0.619', '0.619', '0.791', '0.542', '0.400']
Round 84 – TPR per Domain: 0:0.400, 1:0.400, 2:0.542, 3:0.791, 4:0.619, 5:0.619, 6:0.619, 7:0.791, 8:0.542, 9:0.400
DapperFL MW Metrics - TPRD: 58.947, WTPR: 20.000, BTPR: 78.947
  Group 0 Mean TPR: 61.526
  Group 1 Mean TPR: 25.517
Round: 84 Method: dapperfl Mean_Acc: 60.115 Best_Acc: 60.132
Domain_Acc: [64.73, 78.95, 53.45, 43.33] Domain_BestAcc: [65.62, 83.16, 55.17, 50.0]
Prune local model 9, pr_ratio = [0.2, 0.2, 0.2, 0.2]
Prune local model 6, pr_ratio = [0.2, 0.2, 0.2, 0.2]
Prune local model 1, pr_ratio = [0.2, 0.2, 0.2, 0.2]
Prune local model 0, pr_ratio = [0.2, 0.2, 0.2, 0.2]
Prune local model 5, pr_ratio = [0.2, 0.2, 0.2, 0.2]
Prune local model 7, pr_ratio = [0.2, 0.2, 0.2, 0.2]
Prune local model 2, pr_ratio = [0.2, 0.2, 0.2, 0.2]
Prune local model 8, pr_ratio = [0.2, 0.2, 0.2, 0.2]
Prune local model 4, pr_ratio = [0.2, 0.2, 0.2, 0.2]
Prune local model 3, pr_ratio = [0.2, 0.2, 0.2, 0.2]
Round 85 - Lambda values: {0: 0.999999972494566, 1: 2.7505434017552147e-08}
Round 85 - Aggregated risks: {0: 0.5651473142289867, 1: 3.453878879547119}
Round 85 – LOCAL TPR pre-agg per client: ['0.375', '0.375', '0.439', '0.758', '0.585', '0.585', '0.585', '0.758', '0.439', '0.375']
Round 85 – TPR per Domain: 0:0.375, 1:0.375, 2:0.439, 3:0.758, 4:0.585, 5:0.585, 6:0.585, 7:0.758, 8:0.439, 9:0.375
DapperFL MW Metrics - TPRD: 55.263, WTPR: 20.000, BTPR: 75.263
  Group 0 Mean TPR: 56.756
  Group 1 Mean TPR: 24.655
Round: 85 Method: dapperfl Mean_Acc: 54.338 Best_Acc: 60.132
Domain_Acc: [60.71, 75.26, 41.38, 40.0] Domain_BestAcc: [65.62, 83.16, 55.17, 50.0]
Prune local model 8, pr_ratio = [0.2, 0.2, 0.2, 0.2]
Prune local model 3, pr_ratio = [0.2, 0.2, 0.2, 0.2]
Prune local model 4, pr_ratio = [0.2, 0.2, 0.2, 0.2]
Prune local model 6, pr_ratio = [0.2, 0.2, 0.2, 0.2]
Prune local model 7, pr_ratio = [0.2, 0.2, 0.2, 0.2]
Prune local model 9, pr_ratio = [0.2, 0.2, 0.2, 0.2]
Prune local model 2, pr_ratio = [0.2, 0.2, 0.2, 0.2]
Prune local model 1, pr_ratio = [0.2, 0.2, 0.2, 0.2]
Prune local model 0, pr_ratio = [0.2, 0.2, 0.2, 0.2]
Prune local model 5, pr_ratio = [0.2, 0.2, 0.2, 0.2]
Round 86 - Lambda values: {0: 0.9999999807165351, 1: 1.928346495387666e-08}
Round 86 - Aggregated risks: {0: 0.28240124677883455, 1: 3.8337572813034058}
Round 86 – LOCAL TPR pre-agg per client: ['0.400', '0.400', '0.454', '0.824', '0.597', '0.597', '0.597', '0.824', '0.454', '0.400']
Round 86 – TPR per Domain: 0:0.400, 1:0.400, 2:0.454, 3:0.824, 4:0.597, 5:0.597, 6:0.597, 7:0.824, 8:0.454, 9:0.400
DapperFL MW Metrics - TPRD: 65.439, WTPR: 16.667, BTPR: 82.105
  Group 0 Mean TPR: 60.185
  Group 1 Mean TPR: 20.402
Round: 86 Method: dapperfl Mean_Acc: 57.76 Best_Acc: 60.132
Domain_Acc: [62.5, 82.11, 43.1, 43.33] Domain_BestAcc: [65.62, 83.16, 55.17, 50.0]
Prune local model 1, pr_ratio = [0.2, 0.2, 0.2, 0.2]
Prune local model 4, pr_ratio = [0.2, 0.2, 0.2, 0.2]
Prune local model 6, pr_ratio = [0.2, 0.2, 0.2, 0.2]
Prune local model 2, pr_ratio = [0.2, 0.2, 0.2, 0.2]
Prune local model 8, pr_ratio = [0.2, 0.2, 0.2, 0.2]
Prune local model 9, pr_ratio = [0.2, 0.2, 0.2, 0.2]
Prune local model 7, pr_ratio = [0.2, 0.2, 0.2, 0.2]
Prune local model 3, pr_ratio = [0.2, 0.2, 0.2, 0.2]
Prune local model 0, pr_ratio = [0.2, 0.2, 0.2, 0.2]
Prune local model 5, pr_ratio = [0.2, 0.2, 0.2, 0.2]
Round 87 - Lambda values: {0: 0.9999999864006278, 1: 1.3599372261324784e-08}
Round 87 - Aggregated risks: {0: 0.17874863698328758, 1: 3.6709922552108765}
Round 87 – LOCAL TPR pre-agg per client: ['0.392', '0.392', '0.521', '0.814', '0.626', '0.626', '0.626', '0.814', '0.521', '0.392']
Round 87 – TPR per Domain: 0:0.392, 1:0.392, 2:0.521, 3:0.814, 4:0.626, 5:0.626, 6:0.626, 7:0.814, 8:0.521, 9:0.392
DapperFL MW Metrics - TPRD: 61.053, WTPR: 20.000, BTPR: 81.053
  Group 0 Mean TPR: 61.837
  Group 1 Mean TPR: 25.517
Round: 87 Method: dapperfl Mean_Acc: 60.207 Best_Acc: 60.207
Domain_Acc: [64.73, 81.05, 51.72, 43.33] Domain_BestAcc: [65.62, 83.16, 55.17, 50.0]
Prune local model 0, pr_ratio = [0.2, 0.2, 0.2, 0.2]
Prune local model 4, pr_ratio = [0.2, 0.2, 0.2, 0.2]
Prune local model 9, pr_ratio = [0.2, 0.2, 0.2, 0.2]
Prune local model 5, pr_ratio = [0.2, 0.2, 0.2, 0.2]
Prune local model 6, pr_ratio = [0.2, 0.2, 0.2, 0.2]
Prune local model 8, pr_ratio = [0.2, 0.2, 0.2, 0.2]
Prune local model 1, pr_ratio = [0.2, 0.2, 0.2, 0.2]
Prune local model 2, pr_ratio = [0.2, 0.2, 0.2, 0.2]
Prune local model 7, pr_ratio = [0.2, 0.2, 0.2, 0.2]
Prune local model 3, pr_ratio = [0.2, 0.2, 0.2, 0.2]
Round 88 - Lambda values: {0: 0.9999999903875456, 1: 9.61245445375082e-09}
Round 88 - Aggregated risks: {0: 0.12724347482338116, 1: 3.5968838930130005}
Round 88 – LOCAL TPR pre-agg per client: ['0.417', '0.417', '0.489', '0.804', '0.627', '0.627', '0.627', '0.804', '0.489', '0.417']
Round 88 – TPR per Domain: 0:0.417, 1:0.417, 2:0.489, 3:0.804, 4:0.627, 5:0.627, 6:0.627, 7:0.804, 8:0.489, 9:0.417
DapperFL MW Metrics - TPRD: 60.000, WTPR: 20.000, BTPR: 80.000
  Group 0 Mean TPR: 61.094
  Group 1 Mean TPR: 26.379
Round: 88 Method: dapperfl Mean_Acc: 58.765 Best_Acc: 60.207
Domain_Acc: [65.18, 80.0, 46.55, 43.33] Domain_BestAcc: [65.62, 83.16, 55.17, 50.0]
Prune local model 8, pr_ratio = [0.2, 0.2, 0.2, 0.2]
Prune local model 4, pr_ratio = [0.2, 0.2, 0.2, 0.2]
Prune local model 0, pr_ratio = [0.2, 0.2, 0.2, 0.2]
Prune local model 6, pr_ratio = [0.2, 0.2, 0.2, 0.2]
Prune local model 9, pr_ratio = [0.2, 0.2, 0.2, 0.2]
Prune local model 7, pr_ratio = [0.2, 0.2, 0.2, 0.2]
Prune local model 1, pr_ratio = [0.2, 0.2, 0.2, 0.2]
Prune local model 3, pr_ratio = [0.2, 0.2, 0.2, 0.2]
Prune local model 2, pr_ratio = [0.2, 0.2, 0.2, 0.2]
Prune local model 5, pr_ratio = [0.2, 0.2, 0.2, 0.2]
Round 89 - Lambda values: {0: 0.9999999932839183, 1: 6.7160817214761555e-09}
Round 89 - Aggregated risks: {0: 0.12444322210245466, 1: 3.70999014377594}
Round 89 – LOCAL TPR pre-agg per client: ['0.375', '0.375', '0.422', '0.778', '0.634', '0.634', '0.634', '0.778', '0.422', '0.375']
Round 89 – TPR per Domain: 0:0.375, 1:0.375, 2:0.422, 3:0.778, 4:0.634, 5:0.634, 6:0.634, 7:0.778, 8:0.422, 9:0.375
DapperFL MW Metrics - TPRD: 50.702, WTPR: 26.667, BTPR: 77.368
  Group 0 Mean TPR: 58.956
  Group 1 Mean TPR: 27.126
Round: 89 Method: dapperfl Mean_Acc: 55.982 Best_Acc: 60.207
Domain_Acc: [65.18, 77.37, 41.38, 40.0] Domain_BestAcc: [65.62, 83.16, 55.17, 50.0]
Prune local model 8, pr_ratio = [0.2, 0.2, 0.2, 0.2]
Prune local model 3, pr_ratio = [0.2, 0.2, 0.2, 0.2]
Prune local model 5, pr_ratio = [0.2, 0.2, 0.2, 0.2]
Prune local model 4, pr_ratio = [0.2, 0.2, 0.2, 0.2]
Prune local model 7, pr_ratio = [0.2, 0.2, 0.2, 0.2]
Prune local model 9, pr_ratio = [0.2, 0.2, 0.2, 0.2]
Prune local model 6, pr_ratio = [0.2, 0.2, 0.2, 0.2]
Prune local model 1, pr_ratio = [0.2, 0.2, 0.2, 0.2]
Prune local model 0, pr_ratio = [0.2, 0.2, 0.2, 0.2]
Prune local model 2, pr_ratio = [0.2, 0.2, 0.2, 0.2]
Round 90 - Lambda values: {0: 0.9999999951984377, 1: 4.801562279071912e-09}
Round 90 - Aggregated risks: {0: 0.18796307641890234, 1: 3.543598771095276}
Round 90 – LOCAL TPR pre-agg per client: ['0.375', '0.375', '0.454', '0.818', '0.605', '0.605', '0.605', '0.818', '0.454', '0.375']
Round 90 – TPR per Domain: 0:0.375, 1:0.375, 2:0.454, 3:0.818, 4:0.611, 5:0.611, 6:0.611, 7:0.818, 8:0.454, 9:0.375
DapperFL MW Metrics - TPRD: 53.993, WTPR: 27.586, BTPR: 81.579
  Group 0 Mean TPR: 59.555
  Group 1 Mean TPR: 30.460
Round: 90 Method: dapperfl Mean_Acc: 57.018 Best_Acc: 60.207
Domain_Acc: [63.39, 81.58, 43.1, 40.0] Domain_BestAcc: [65.62, 83.16, 55.17, 50.0]
Prune local model 1, pr_ratio = [0.2, 0.2, 0.2, 0.2]
Prune local model 4, pr_ratio = [0.2, 0.2, 0.2, 0.2]
Prune local model 3, pr_ratio = [0.2, 0.2, 0.2, 0.2]
Prune local model 8, pr_ratio = [0.2, 0.2, 0.2, 0.2]
Prune local model 5, pr_ratio = [0.2, 0.2, 0.2, 0.2]
Prune local model 9, pr_ratio = [0.2, 0.2, 0.2, 0.2]
Prune local model 6, pr_ratio = [0.2, 0.2, 0.2, 0.2]
Prune local model 0, pr_ratio = [0.2, 0.2, 0.2, 0.2]
Prune local model 7, pr_ratio = [0.2, 0.2, 0.2, 0.2]
Prune local model 2, pr_ratio = [0.2, 0.2, 0.2, 0.2]
Round 91 - Lambda values: {0: 0.9999999963714886, 1: 3.6285112876378386e-09}
Round 91 - Aggregated risks: {0: 0.4691760363732381, 1: 3.2703649401664734}
Round 91 – LOCAL TPR pre-agg per client: ['0.375', '0.375', '0.487', '0.814', '0.607', '0.607', '0.607', '0.814', '0.487', '0.375']
Round 91 – TPR per Domain: 0:0.375, 1:0.375, 2:0.487, 3:0.814, 4:0.607, 5:0.607, 6:0.607, 7:0.814, 8:0.487, 9:0.375
DapperFL MW Metrics - TPRD: 54.386, WTPR: 26.667, BTPR: 81.053
  Group 0 Mean TPR: 59.520
  Group 1 Mean TPR: 27.126
Round: 91 Method: dapperfl Mean_Acc: 57.525 Best_Acc: 60.207
Domain_Acc: [62.5, 81.05, 46.55, 40.0] Domain_BestAcc: [65.62, 83.16, 55.17, 50.0]
Prune local model 6, pr_ratio = [0.2, 0.2, 0.2, 0.2]
Prune local model 9, pr_ratio = [0.2, 0.2, 0.2, 0.2]
Prune local model 2, pr_ratio = [0.2, 0.2, 0.2, 0.2]
Prune local model 0, pr_ratio = [0.2, 0.2, 0.2, 0.2]
Prune local model 7, pr_ratio = [0.2, 0.2, 0.2, 0.2]
Prune local model 1, pr_ratio = [0.2, 0.2, 0.2, 0.2]
Prune local model 8, pr_ratio = [0.2, 0.2, 0.2, 0.2]
Prune local model 4, pr_ratio = [0.2, 0.2, 0.2, 0.2]
Prune local model 3, pr_ratio = [0.2, 0.2, 0.2, 0.2]
Prune local model 5, pr_ratio = [0.2, 0.2, 0.2, 0.2]
Round 92 - Lambda values: {0: 0.9999999974877148, 1: 2.512285079257642e-09}
Round 92 - Aggregated risks: {0: 0.14264114909337963, 1: 3.818938374519348}
Round 92 – LOCAL TPR pre-agg per client: ['0.392', '0.392', '0.504', '0.829', '0.624', '0.624', '0.624', '0.829', '0.504', '0.392']
Round 92 – TPR per Domain: 0:0.392, 1:0.392, 2:0.504, 3:0.829, 4:0.624, 5:0.624, 6:0.624, 7:0.829, 8:0.504, 9:0.392
DapperFL MW Metrics - TPRD: 59.298, WTPR: 23.333, BTPR: 82.632
  Group 0 Mean TPR: 61.800
  Group 1 Mean TPR: 27.184
Round: 92 Method: dapperfl Mean_Acc: 59.743 Best_Acc: 60.207
Domain_Acc: [64.73, 82.63, 48.28, 43.33] Domain_BestAcc: [65.62, 83.16, 55.17, 50.0]
Prune local model 6, pr_ratio = [0.2, 0.2, 0.2, 0.2]
Prune local model 5, pr_ratio = [0.2, 0.2, 0.2, 0.2]
Prune local model 8, pr_ratio = [0.2, 0.2, 0.2, 0.2]
Prune local model 7, pr_ratio = [0.2, 0.2, 0.2, 0.2]
Prune local model 3, pr_ratio = [0.2, 0.2, 0.2, 0.2]
Prune local model 4, pr_ratio = [0.2, 0.2, 0.2, 0.2]
Prune local model 9, pr_ratio = [0.2, 0.2, 0.2, 0.2]
Prune local model 1, pr_ratio = [0.2, 0.2, 0.2, 0.2]
Prune local model 2, pr_ratio = [0.2, 0.2, 0.2, 0.2]
Prune local model 0, pr_ratio = [0.2, 0.2, 0.2, 0.2]
Round 93 - Lambda values: {0: 0.9999999981833342, 1: 1.8166658553471387e-09}
Round 93 - Aggregated risks: {0: 0.16124055018991368, 1: 3.403139114379883}
Round 93 – LOCAL TPR pre-agg per client: ['0.342', '0.342', '0.431', '0.787', '0.582', '0.582', '0.582', '0.787', '0.431', '0.342']
Round 93 – TPR per Domain: 0:0.342, 1:0.342, 2:0.431, 3:0.787, 4:0.582, 5:0.582, 6:0.582, 7:0.787, 8:0.431, 9:0.342
DapperFL MW Metrics - TPRD: 65.088, WTPR: 13.333, BTPR: 78.421
  Group 0 Mean TPR: 57.546
  Group 1 Mean TPR: 18.736
Round: 93 Method: dapperfl Mean_Acc: 55.128 Best_Acc: 60.207
Domain_Acc: [60.71, 78.42, 41.38, 40.0] Domain_BestAcc: [65.62, 83.16, 55.17, 50.0]
Prune local model 8, pr_ratio = [0.2, 0.2, 0.2, 0.2]
Prune local model 5, pr_ratio = [0.2, 0.2, 0.2, 0.2]
Prune local model 2, pr_ratio = [0.2, 0.2, 0.2, 0.2]
Prune local model 6, pr_ratio = [0.2, 0.2, 0.2, 0.2]
Prune local model 0, pr_ratio = [0.2, 0.2, 0.2, 0.2]
Prune local model 7, pr_ratio = [0.2, 0.2, 0.2, 0.2]
Prune local model 4, pr_ratio = [0.2, 0.2, 0.2, 0.2]
Prune local model 1, pr_ratio = [0.2, 0.2, 0.2, 0.2]
Prune local model 3, pr_ratio = [0.2, 0.2, 0.2, 0.2]
Prune local model 9, pr_ratio = [0.2, 0.2, 0.2, 0.2]
Round 94 - Lambda values: {0: 0.9999999986996287, 1: 1.3003712003402081e-09}
Round 94 - Aggregated risks: {0: 0.3319685627278093, 1: 3.675499677658081}
Round 94 – LOCAL TPR pre-agg per client: ['0.383', '0.383', '0.461', '0.804', '0.608', '0.608', '0.608', '0.804', '0.461', '0.383']
Round 94 – TPR per Domain: 0:0.383, 1:0.383, 2:0.461, 3:0.804, 4:0.608, 5:0.608, 6:0.608, 7:0.804, 8:0.461, 9:0.383
DapperFL MW Metrics - TPRD: 70.000, WTPR: 10.000, BTPR: 80.000
  Group 0 Mean TPR: 59.376
  Group 1 Mean TPR: 20.517
Round: 94 Method: dapperfl Mean_Acc: 57.055 Best_Acc: 60.207
Domain_Acc: [63.39, 80.0, 44.83, 40.0] Domain_BestAcc: [65.62, 83.16, 55.17, 50.0]
Prune local model 0, pr_ratio = [0.2, 0.2, 0.2, 0.2]
Prune local model 7, pr_ratio = [0.2, 0.2, 0.2, 0.2]
Prune local model 2, pr_ratio = [0.2, 0.2, 0.2, 0.2]
Prune local model 5, pr_ratio = [0.2, 0.2, 0.2, 0.2]
Prune local model 3, pr_ratio = [0.2, 0.2, 0.2, 0.2]
Prune local model 1, pr_ratio = [0.2, 0.2, 0.2, 0.2]
Prune local model 6, pr_ratio = [0.2, 0.2, 0.2, 0.2]
Prune local model 8, pr_ratio = [0.2, 0.2, 0.2, 0.2]
Prune local model 4, pr_ratio = [0.2, 0.2, 0.2, 0.2]
Prune local model 9, pr_ratio = [0.2, 0.2, 0.2, 0.2]
Round 95 - Lambda values: {0: 0.999999999060357, 1: 9.396430285478771e-10}
Round 95 - Aggregated risks: {0: 0.20415038526119475, 1: 3.453200340270996}
Round 95 – LOCAL TPR pre-agg per client: ['0.375', '0.375', '0.547', '0.793', '0.624', '0.624', '0.624', '0.793', '0.547', '0.375']
Round 95 – TPR per Domain: 0:0.375, 1:0.375, 2:0.547, 3:0.793, 4:0.624, 5:0.624, 6:0.624, 7:0.793, 8:0.547, 9:0.375
DapperFL MW Metrics - TPRD: 62.281, WTPR: 16.667, BTPR: 78.947
  Group 0 Mean TPR: 60.692
  Group 1 Mean TPR: 23.851
Round: 95 Method: dapperfl Mean_Acc: 59.282 Best_Acc: 60.207
Domain_Acc: [64.73, 78.95, 53.45, 40.0] Domain_BestAcc: [65.62, 83.16, 55.17, 50.0]
Prune local model 0, pr_ratio = [0.2, 0.2, 0.2, 0.2]
Prune local model 2, pr_ratio = [0.2, 0.2, 0.2, 0.2]
Prune local model 8, pr_ratio = [0.2, 0.2, 0.2, 0.2]
Prune local model 5, pr_ratio = [0.2, 0.2, 0.2, 0.2]
Prune local model 9, pr_ratio = [0.2, 0.2, 0.2, 0.2]
Prune local model 1, pr_ratio = [0.2, 0.2, 0.2, 0.2]
Prune local model 4, pr_ratio = [0.2, 0.2, 0.2, 0.2]
Prune local model 7, pr_ratio = [0.2, 0.2, 0.2, 0.2]
Prune local model 6, pr_ratio = [0.2, 0.2, 0.2, 0.2]
Prune local model 3, pr_ratio = [0.2, 0.2, 0.2, 0.2]
Round 96 - Lambda values: {0: 0.9999999993219456, 1: 6.78054359450442e-10}
Round 96 - Aggregated risks: {0: 0.21719691516657103, 1: 3.4799227714538574}
Round 96 – LOCAL TPR pre-agg per client: ['0.400', '0.400', '0.484', '0.807', '0.653', '0.653', '0.653', '0.807', '0.484', '0.400']
Round 96 – TPR per Domain: 0:0.400, 1:0.400, 2:0.484, 3:0.807, 4:0.653, 5:0.653, 6:0.653, 7:0.807, 8:0.484, 9:0.400
DapperFL MW Metrics - TPRD: 63.860, WTPR: 16.667, BTPR: 80.526
  Group 0 Mean TPR: 62.063
  Group 1 Mean TPR: 22.989
Round: 96 Method: dapperfl Mean_Acc: 59.455 Best_Acc: 60.207
Domain_Acc: [67.41, 80.53, 46.55, 43.33] Domain_BestAcc: [67.41, 83.16, 55.17, 50.0]
Prune local model 4, pr_ratio = [0.2, 0.2, 0.2, 0.2]
Prune local model 5, pr_ratio = [0.2, 0.2, 0.2, 0.2]
Prune local model 6, pr_ratio = [0.2, 0.2, 0.2, 0.2]
Prune local model 1, pr_ratio = [0.2, 0.2, 0.2, 0.2]
Prune local model 7, pr_ratio = [0.2, 0.2, 0.2, 0.2]
Prune local model 2, pr_ratio = [0.2, 0.2, 0.2, 0.2]
Prune local model 0, pr_ratio = [0.2, 0.2, 0.2, 0.2]
Prune local model 8, pr_ratio = [0.2, 0.2, 0.2, 0.2]
Prune local model 9, pr_ratio = [0.2, 0.2, 0.2, 0.2]
Prune local model 3, pr_ratio = [0.2, 0.2, 0.2, 0.2]
Round 97 - Lambda values: {0: 0.9999999995360914, 1: 4.639085702636727e-10}
Round 97 - Aggregated risks: {0: 0.15657690534621613, 1: 3.9519766569137573}
Round 97 – LOCAL TPR pre-agg per client: ['0.417', '0.417', '0.475', '0.787', '0.626', '0.626', '0.626', '0.787', '0.475', '0.417']
Round 97 – TPR per Domain: 0:0.417, 1:0.417, 2:0.475, 3:0.787, 4:0.626, 5:0.626, 6:0.626, 7:0.787, 8:0.475, 9:0.417
DapperFL MW Metrics - TPRD: 65.088, WTPR: 13.333, BTPR: 78.421
  Group 0 Mean TPR: 61.317
  Group 1 Mean TPR: 21.322
Round: 97 Method: dapperfl Mean_Acc: 58.775 Best_Acc: 60.207
Domain_Acc: [65.18, 78.42, 44.83, 46.67] Domain_BestAcc: [67.41, 83.16, 55.17, 50.0]
Prune local model 7, pr_ratio = [0.2, 0.2, 0.2, 0.2]
Prune local model 6, pr_ratio = [0.2, 0.2, 0.2, 0.2]
Prune local model 3, pr_ratio = [0.2, 0.2, 0.2, 0.2]
Prune local model 1, pr_ratio = [0.2, 0.2, 0.2, 0.2]
Prune local model 5, pr_ratio = [0.2, 0.2, 0.2, 0.2]
Prune local model 2, pr_ratio = [0.2, 0.2, 0.2, 0.2]
Prune local model 8, pr_ratio = [0.2, 0.2, 0.2, 0.2]
Prune local model 9, pr_ratio = [0.2, 0.2, 0.2, 0.2]
Prune local model 4, pr_ratio = [0.2, 0.2, 0.2, 0.2]
Prune local model 0, pr_ratio = [0.2, 0.2, 0.2, 0.2]
Round 98 - Lambda values: {0: 0.999999999658283, 1: 3.417170575546343e-10}
Round 98 - Aggregated risks: {0: 0.11028814668447619, 1: 3.1673322319984436}
Round 98 – LOCAL TPR pre-agg per client: ['0.400', '0.400', '0.571', '0.786', '0.650', '0.650', '0.650', '0.786', '0.571', '0.400']
Round 98 – TPR per Domain: 0:0.400, 1:0.400, 2:0.571, 3:0.786, 4:0.650, 5:0.650, 6:0.650, 7:0.786, 8:0.571, 9:0.400
DapperFL MW Metrics - TPRD: 51.754, WTPR: 26.667, BTPR: 78.421
  Group 0 Mean TPR: 62.614
  Group 1 Mean TPR: 28.851
Round: 98 Method: dapperfl Mean_Acc: 61.082 Best_Acc: 61.082
Domain_Acc: [67.41, 78.42, 55.17, 43.33] Domain_BestAcc: [67.41, 83.16, 55.17, 50.0]
Prune local model 8, pr_ratio = [0.2, 0.2, 0.2, 0.2]
Prune local model 2, pr_ratio = [0.2, 0.2, 0.2, 0.2]
Prune local model 5, pr_ratio = [0.2, 0.2, 0.2, 0.2]
Prune local model 6, pr_ratio = [0.2, 0.2, 0.2, 0.2]
Prune local model 9, pr_ratio = [0.2, 0.2, 0.2, 0.2]
Prune local model 7, pr_ratio = [0.2, 0.2, 0.2, 0.2]
Prune local model 3, pr_ratio = [0.2, 0.2, 0.2, 0.2]
Prune local model 1, pr_ratio = [0.2, 0.2, 0.2, 0.2]
Prune local model 0, pr_ratio = [0.2, 0.2, 0.2, 0.2]
Prune local model 4, pr_ratio = [0.2, 0.2, 0.2, 0.2]
Round 99 - Lambda values: {0: 0.9999999997445542, 1: 2.554457376771608e-10}
Round 99 - Aggregated risks: {0: 0.2181189033539121, 1: 3.127849578857422}
Round 99 – LOCAL TPR pre-agg per client: ['0.400', '0.400', '0.482', '0.798', '0.635', '0.635', '0.635', '0.798', '0.482', '0.400']
Round 99 – TPR per Domain: 0:0.400, 1:0.400, 2:0.482, 3:0.798, 4:0.635, 5:0.635, 6:0.635, 7:0.798, 8:0.482, 9:0.400
DapperFL MW Metrics - TPRD: 59.474, WTPR: 20.000, BTPR: 79.474
  Group 0 Mean TPR: 61.178
  Group 1 Mean TPR: 24.655
Round: 99 Method: dapperfl Mean_Acc: 59.065 Best_Acc: 61.082
Domain_Acc: [65.18, 79.47, 48.28, 43.33] Domain_BestAcc: [67.41, 83.16, 55.17, 50.0]

Final DapperFL MW Group Fairness Metrics:
  TPRD (TPR Discrepancy): 62.8070
  WTPR (Worst-case TPR): 16.6667
  BTPR (Best-case TPR): 79.4737
  TPRSD (TPR Std Dev): 19.6300
  Group 0 Mean TPR: 61.1782
  Group 0 Min TPR: 43.3333
  Group 0 Client Count: 8
  Group 1 Mean TPR: 23.8506
  Group 1 Min TPR: 16.6667
  Group 1 Client Count: 2

============================================================
MW Fairness Training Summary
============================================================
Total Rounds: 100
Final Mean Accuracy: 59.065%
Final TPRD: 62.8070
Minimum TPRD: 4.9123
Average TPRD: 50.4287
TPRD Improvement: -54.5614

Logs saved to: mw_logs
  - Metrics: mw_logs/dapperfl_fl_officecaltech_20250524_134857_metrics.csv
  - Lambda values: mw_logs/dapperfl_fl_officecaltech_20250524_134857_lambda.csv
  - Configuration: mw_logs/dapperfl_fl_officecaltech_20250524_134857_config.json
  - Custom metrics: mw_logs/dapperfl_fl_officecaltech_20250524_134857_custom.csv
  - Client mapping: mw_logs/dapperfl_fl_officecaltech_20250524_134857_client_mapping.json
============================================================
Analyzing gradient distributions...
Extracting gradients from 9...
Found layer: linear
Extracting gradients from 10...
Found layer: linear
Correlation between 9 and 10: -0.01
Visualizations saved to visualizations/gradient_correlation_9_10.png and visualizations/paper_gradient_corr_9_10.png
Extracting gradients from 1...
Found layer: linear
Extracting gradients from 2...
Found layer: linear
Correlation between 1 and 2: 0.02
Visualizations saved to visualizations/gradient_correlation_1_2.png and visualizations/paper_gradient_corr_1_2.png
2025-05-24 14:13:57
