Namespace(prefix='', communication_epoch=100, local_epoch=5, parti_num=20, model='dapperfl', dataset='fl_officecaltech', pr_strategy='progressive', backbone='resnet18', alpha=0.9, alpha_min=0.1, epsilon=0.2, reg_coeff=0.01, wandb=0, device_id=0, seed=1234, rand_dataset=1, learning_decay=False, averaing='weight', online_ratio=1, mu=0.1, input_dim=28, noise_var=0.0, group_fairness=False, fairness_lr=0.01, num_groups=2, noise_clients=[], analyze_gradients=False, csv_log=False, local_lr=0.01, local_batch_size=64, pr_ratios=['0', '0.2', '0.4', '0.6', '0.8'], arch='res18')
2025-05-25 20:13:32
{'dslr': 6, 'webcam': 5, 'amazon': 5, 'caltech': 4}
['dslr', 'dslr', 'webcam', 'amazon', 'caltech', 'caltech', 'caltech', 'amazon', 'dslr', 'amazon', 'dslr', 'amazon', 'webcam', 'webcam', 'dslr', 'webcam', 'caltech', 'amazon', 'webcam', 'dslr']
Prune local model 14, pr_ratio = [0.6, 0.6, 0.6, 0.6]
Prune local model 8, pr_ratio = [0.5, 0.5, 0.5, 0.5]
Prune local model 4, pr_ratio = [0.6, 0.6, 0.6, 0.6]
Prune local model 2, pr_ratio = [0.4, 0.4, 0.4, 0.4]
Prune local model 15, pr_ratio = [0.0, 0.0, 0.0, 0.0]
Prune local model 11, pr_ratio = [0.2, 0.2, 0.2, 0.2]
Prune local model 3, pr_ratio = [0.5, 0.5, 0.5, 0.5]
Prune local model 13, pr_ratio = [0.5, 0.5, 0.5, 0.5]
Prune local model 10, pr_ratio = [0.0, 0.0, 0.0, 0.0]
Prune local model 7, pr_ratio = [0.4, 0.4, 0.4, 0.4]
Prune local model 1, pr_ratio = [0.2, 0.2, 0.2, 0.2]
Prune local model 17, pr_ratio = [0.4, 0.4, 0.4, 0.4]
Prune local model 19, pr_ratio = [0.6, 0.6, 0.6, 0.6]
Prune local model 12, pr_ratio = [0.4, 0.4, 0.4, 0.4]
Prune local model 6, pr_ratio = [0.2, 0.2, 0.2, 0.2]
Prune local model 18, pr_ratio = [0.5, 0.5, 0.5, 0.5]
Prune local model 16, pr_ratio = [0.2, 0.2, 0.2, 0.2]
Prune local model 9, pr_ratio = [0.6, 0.6, 0.6, 0.6]
Prune local model 5, pr_ratio = [0.0, 0.0, 0.0, 0.0]
Prune local model 0, pr_ratio = [0.0, 0.0, 0.0, 0.0]
Round 0 – LOCAL TPR pre-agg per client: ['0.100', '0.100', '0.100', '0.100', '0.100', '0.100', '0.100', '0.100', '0.100', '0.100', '0.100', '0.100', '0.100', '0.100', '0.100', '0.100', '0.100', '0.100', '0.100', '0.100']
Round 0 – TPR per Domain: 0:0.100, 1:0.100, 2:0.100, 3:0.100, 4:0.100, 5:0.100, 6:0.100, 7:0.100, 8:0.100, 9:0.100, 10:0.100, 11:0.100, 12:0.100, 13:0.100, 14:0.100, 15:0.100, 16:0.100, 17:0.100, 18:0.100, 19:0.100
Round: 0 Method: dapperfl Mean_Acc: 8.782 Best_Acc: 8.782
Domain_Acc: [7.59, 10.53, 10.34, 6.67] Domain_BestAcc: [7.59, 10.53, 10.34, 6.67]
Prune local model 18, pr_ratio = [0.4, 0.4, 0.4, 0.4]
Prune local model 7, pr_ratio = [0.32000000000000006, 0.32000000000000006, 0.32000000000000006, 0.32000000000000006]
Prune local model 16, pr_ratio = [0.16000000000000003, 0.16000000000000003, 0.16000000000000003, 0.16000000000000003]
Prune local model 0, pr_ratio = [0.0, 0.0, 0.0, 0.0]
Prune local model 9, pr_ratio = [0.48, 0.48, 0.48, 0.48]
Prune local model 5, pr_ratio = [0.0, 0.0, 0.0, 0.0]
Prune local model 15, pr_ratio = [0.0, 0.0, 0.0, 0.0]
Prune local model 2, pr_ratio = [0.32000000000000006, 0.32000000000000006, 0.32000000000000006, 0.32000000000000006]
Prune local model 1, pr_ratio = [0.16000000000000003, 0.16000000000000003, 0.16000000000000003, 0.16000000000000003]
Prune local model 4, pr_ratio = [0.48, 0.48, 0.48, 0.48]
Prune local model 17, pr_ratio = [0.32000000000000006, 0.32000000000000006, 0.32000000000000006, 0.32000000000000006]
Prune local model 12, pr_ratio = [0.32000000000000006, 0.32000000000000006, 0.32000000000000006, 0.32000000000000006]
Prune local model 19, pr_ratio = [0.48, 0.48, 0.48, 0.48]
Prune local model 13, pr_ratio = [0.4, 0.4, 0.4, 0.4]
Prune local model 10, pr_ratio = [0.0, 0.0, 0.0, 0.0]
Prune local model 14, pr_ratio = [0.48, 0.48, 0.48, 0.48]
Prune local model 3, pr_ratio = [0.4, 0.4, 0.4, 0.4]
Prune local model 6, pr_ratio = [0.16000000000000003, 0.16000000000000003, 0.16000000000000003, 0.16000000000000003]
Prune local model 11, pr_ratio = [0.16000000000000003, 0.16000000000000003, 0.16000000000000003, 0.16000000000000003]
Prune local model 8, pr_ratio = [0.4, 0.4, 0.4, 0.4]
Round 1 – LOCAL TPR pre-agg per client: ['0.100', '0.100', '0.100', '0.100', '0.100', '0.100', '0.100', '0.100', '0.100', '0.100', '0.100', '0.100', '0.100', '0.100', '0.100', '0.100', '0.100', '0.100', '0.100', '0.100']
Round 1 – TPR per Domain: 0:0.100, 1:0.100, 2:0.100, 3:0.100, 4:0.100, 5:0.100, 6:0.100, 7:0.100, 8:0.100, 9:0.100, 10:0.100, 11:0.100, 12:0.100, 13:0.100, 14:0.100, 15:0.100, 16:0.100, 17:0.100, 18:0.100, 19:0.100
Round: 1 Method: dapperfl Mean_Acc: 10.048 Best_Acc: 10.048
Domain_Acc: [9.82, 8.42, 8.62, 13.33] Domain_BestAcc: [9.82, 10.53, 10.34, 13.33]
Prune local model 18, pr_ratio = [0.32000000000000006, 0.32000000000000006, 0.32000000000000006, 0.32000000000000006]
Prune local model 17, pr_ratio = [0.25600000000000006, 0.25600000000000006, 0.25600000000000006, 0.25600000000000006]
Prune local model 6, pr_ratio = [0.12800000000000003, 0.12800000000000003, 0.12800000000000003, 0.12800000000000003]
Prune local model 19, pr_ratio = [0.38400000000000006, 0.38400000000000006, 0.38400000000000006, 0.38400000000000006]
Prune local model 2, pr_ratio = [0.25600000000000006, 0.25600000000000006, 0.25600000000000006, 0.25600000000000006]
Prune local model 7, pr_ratio = [0.25600000000000006, 0.25600000000000006, 0.25600000000000006, 0.25600000000000006]
Prune local model 8, pr_ratio = [0.32000000000000006, 0.32000000000000006, 0.32000000000000006, 0.32000000000000006]
Prune local model 13, pr_ratio = [0.32000000000000006, 0.32000000000000006, 0.32000000000000006, 0.32000000000000006]
Prune local model 14, pr_ratio = [0.38400000000000006, 0.38400000000000006, 0.38400000000000006, 0.38400000000000006]
Prune local model 11, pr_ratio = [0.12800000000000003, 0.12800000000000003, 0.12800000000000003, 0.12800000000000003]
Prune local model 10, pr_ratio = [0.0, 0.0, 0.0, 0.0]
Prune local model 16, pr_ratio = [0.12800000000000003, 0.12800000000000003, 0.12800000000000003, 0.12800000000000003]
Prune local model 15, pr_ratio = [0.0, 0.0, 0.0, 0.0]
Prune local model 0, pr_ratio = [0.0, 0.0, 0.0, 0.0]
Prune local model 12, pr_ratio = [0.25600000000000006, 0.25600000000000006, 0.25600000000000006, 0.25600000000000006]
Prune local model 5, pr_ratio = [0.0, 0.0, 0.0, 0.0]
Prune local model 1, pr_ratio = [0.12800000000000003, 0.12800000000000003, 0.12800000000000003, 0.12800000000000003]
Prune local model 3, pr_ratio = [0.32000000000000006, 0.32000000000000006, 0.32000000000000006, 0.32000000000000006]
Prune local model 9, pr_ratio = [0.38400000000000006, 0.38400000000000006, 0.38400000000000006, 0.38400000000000006]
Prune local model 4, pr_ratio = [0.38400000000000006, 0.38400000000000006, 0.38400000000000006, 0.38400000000000006]
Round 2 – LOCAL TPR pre-agg per client: ['0.100', '0.100', '0.100', '0.100', '0.100', '0.100', '0.100', '0.100', '0.100', '0.100', '0.100', '0.100', '0.100', '0.100', '0.100', '0.100', '0.100', '0.100', '0.100', '0.100']
Round 2 – TPR per Domain: 0:0.100, 1:0.100, 2:0.100, 3:0.100, 4:0.100, 5:0.100, 6:0.100, 7:0.100, 8:0.100, 9:0.100, 10:0.100, 11:0.100, 12:0.100, 13:0.100, 14:0.100, 15:0.100, 16:0.100, 17:0.100, 18:0.100, 19:0.100
Round: 2 Method: dapperfl Mean_Acc: 10.048 Best_Acc: 10.048
Domain_Acc: [9.82, 8.42, 8.62, 13.33] Domain_BestAcc: [9.82, 10.53, 10.34, 13.33]
Prune local model 14, pr_ratio = [0.3072000000000001, 0.3072000000000001, 0.3072000000000001, 0.3072000000000001]
Prune local model 9, pr_ratio = [0.3072000000000001, 0.3072000000000001, 0.3072000000000001, 0.3072000000000001]
Prune local model 3, pr_ratio = [0.25600000000000006, 0.25600000000000006, 0.25600000000000006, 0.25600000000000006]
Prune local model 12, pr_ratio = [0.20480000000000007, 0.20480000000000007, 0.20480000000000007, 0.20480000000000007]
Prune local model 8, pr_ratio = [0.25600000000000006, 0.25600000000000006, 0.25600000000000006, 0.25600000000000006]
Prune local model 11, pr_ratio = [0.10240000000000003, 0.10240000000000003, 0.10240000000000003, 0.10240000000000003]
Prune local model 13, pr_ratio = [0.25600000000000006, 0.25600000000000006, 0.25600000000000006, 0.25600000000000006]
Prune local model 6, pr_ratio = [0.10240000000000003, 0.10240000000000003, 0.10240000000000003, 0.10240000000000003]
Prune local model 4, pr_ratio = [0.3072000000000001, 0.3072000000000001, 0.3072000000000001, 0.3072000000000001]
Prune local model 10, pr_ratio = [0.0, 0.0, 0.0, 0.0]
Prune local model 18, pr_ratio = [0.25600000000000006, 0.25600000000000006, 0.25600000000000006, 0.25600000000000006]
Prune local model 17, pr_ratio = [0.20480000000000007, 0.20480000000000007, 0.20480000000000007, 0.20480000000000007]
Prune local model 1, pr_ratio = [0.10240000000000003, 0.10240000000000003, 0.10240000000000003, 0.10240000000000003]
Prune local model 2, pr_ratio = [0.20480000000000007, 0.20480000000000007, 0.20480000000000007, 0.20480000000000007]
Prune local model 0, pr_ratio = [0.0, 0.0, 0.0, 0.0]
Prune local model 19, pr_ratio = [0.3072000000000001, 0.3072000000000001, 0.3072000000000001, 0.3072000000000001]
Prune local model 7, pr_ratio = [0.20480000000000007, 0.20480000000000007, 0.20480000000000007, 0.20480000000000007]
Prune local model 16, pr_ratio = [0.10240000000000003, 0.10240000000000003, 0.10240000000000003, 0.10240000000000003]
Prune local model 5, pr_ratio = [0.0, 0.0, 0.0, 0.0]
Prune local model 15, pr_ratio = [0.0, 0.0, 0.0, 0.0]
Round 3 – LOCAL TPR pre-agg per client: ['0.100', '0.100', '0.100', '0.319', '0.176', '0.176', '0.176', '0.319', '0.100', '0.319', '0.100', '0.319', '0.100', '0.100', '0.100', '0.100', '0.176', '0.319', '0.100', '0.100']
Round 3 – TPR per Domain: 0:0.100, 1:0.100, 2:0.100, 3:0.319, 4:0.176, 5:0.176, 6:0.176, 7:0.319, 8:0.100, 9:0.319, 10:0.100, 11:0.319, 12:0.100, 13:0.100, 14:0.100, 15:0.100, 16:0.176, 17:0.319, 18:0.100, 19:0.100
Round: 3 Method: dapperfl Mean_Acc: 17.585 Best_Acc: 17.585
Domain_Acc: [17.86, 30.53, 8.62, 13.33] Domain_BestAcc: [17.86, 30.53, 10.34, 13.33]
Prune local model 15, pr_ratio = [0.0, 0.0, 0.0, 0.0]
Prune local model 8, pr_ratio = [0.20480000000000004, 0.20480000000000004, 0.20480000000000004, 0.20480000000000004]
Prune local model 17, pr_ratio = [0.16384000000000004, 0.16384000000000004, 0.16384000000000004, 0.16384000000000004]
Prune local model 12, pr_ratio = [0.16384000000000004, 0.16384000000000004, 0.16384000000000004, 0.16384000000000004]
Prune local model 9, pr_ratio = [0.24576000000000003, 0.24576000000000003, 0.24576000000000003, 0.24576000000000003]
Prune local model 3, pr_ratio = [0.20480000000000004, 0.20480000000000004, 0.20480000000000004, 0.20480000000000004]
Prune local model 19, pr_ratio = [0.24576000000000003, 0.24576000000000003, 0.24576000000000003, 0.24576000000000003]
Prune local model 10, pr_ratio = [0.0, 0.0, 0.0, 0.0]
Prune local model 6, pr_ratio = [0.08192000000000002, 0.08192000000000002, 0.08192000000000002, 0.08192000000000002]
Prune local model 11, pr_ratio = [0.08192000000000002, 0.08192000000000002, 0.08192000000000002, 0.08192000000000002]
Prune local model 16, pr_ratio = [0.08192000000000002, 0.08192000000000002, 0.08192000000000002, 0.08192000000000002]
Prune local model 1, pr_ratio = [0.08192000000000002, 0.08192000000000002, 0.08192000000000002, 0.08192000000000002]
Prune local model 0, pr_ratio = [0.0, 0.0, 0.0, 0.0]
Prune local model 7, pr_ratio = [0.16384000000000004, 0.16384000000000004, 0.16384000000000004, 0.16384000000000004]
Prune local model 2, pr_ratio = [0.16384000000000004, 0.16384000000000004, 0.16384000000000004, 0.16384000000000004]
Prune local model 4, pr_ratio = [0.24576000000000003, 0.24576000000000003, 0.24576000000000003, 0.24576000000000003]
Prune local model 5, pr_ratio = [0.0, 0.0, 0.0, 0.0]
Prune local model 14, pr_ratio = [0.24576000000000003, 0.24576000000000003, 0.24576000000000003, 0.24576000000000003]
Prune local model 13, pr_ratio = [0.20480000000000004, 0.20480000000000004, 0.20480000000000004, 0.20480000000000004]
Prune local model 18, pr_ratio = [0.20480000000000004, 0.20480000000000004, 0.20480000000000004, 0.20480000000000004]
Round 4 – LOCAL TPR pre-agg per client: ['0.167', '0.167', '0.229', '0.490', '0.345', '0.345', '0.345', '0.490', '0.167', '0.490', '0.167', '0.490', '0.229', '0.229', '0.167', '0.229', '0.345', '0.490', '0.229', '0.167']
Round 4 – TPR per Domain: 0:0.167, 1:0.167, 2:0.229, 3:0.490, 4:0.345, 5:0.345, 6:0.345, 7:0.490, 8:0.167, 9:0.490, 10:0.167, 11:0.490, 12:0.229, 13:0.229, 14:0.167, 15:0.229, 16:0.345, 17:0.490, 18:0.229, 19:0.167
Round: 4 Method: dapperfl Mean_Acc: 31.765 Best_Acc: 31.765
Domain_Acc: [37.95, 48.42, 20.69, 20.0] Domain_BestAcc: [37.95, 48.42, 20.69, 20.0]
Prune local model 14, pr_ratio = [0.19660800000000003, 0.19660800000000003, 0.19660800000000003, 0.19660800000000003]
Prune local model 8, pr_ratio = [0.16384000000000004, 0.16384000000000004, 0.16384000000000004, 0.16384000000000004]
Prune local model 10, pr_ratio = [0.0, 0.0, 0.0, 0.0]
Prune local model 3, pr_ratio = [0.16384000000000004, 0.16384000000000004, 0.16384000000000004, 0.16384000000000004]
Prune local model 5, pr_ratio = [0.0, 0.0, 0.0, 0.0]
Prune local model 17, pr_ratio = [0.13107200000000005, 0.13107200000000005, 0.13107200000000005, 0.13107200000000005]
Prune local model 1, pr_ratio = [0.06553600000000002, 0.06553600000000002, 0.06553600000000002, 0.06553600000000002]
Prune local model 2, pr_ratio = [0.13107200000000005, 0.13107200000000005, 0.13107200000000005, 0.13107200000000005]
Prune local model 13, pr_ratio = [0.16384000000000004, 0.16384000000000004, 0.16384000000000004, 0.16384000000000004]
Prune local model 19, pr_ratio = [0.19660800000000003, 0.19660800000000003, 0.19660800000000003, 0.19660800000000003]
Prune local model 7, pr_ratio = [0.13107200000000005, 0.13107200000000005, 0.13107200000000005, 0.13107200000000005]
Prune local model 0, pr_ratio = [0.0, 0.0, 0.0, 0.0]
Prune local model 9, pr_ratio = [0.19660800000000003, 0.19660800000000003, 0.19660800000000003, 0.19660800000000003]
Prune local model 4, pr_ratio = [0.19660800000000003, 0.19660800000000003, 0.19660800000000003, 0.19660800000000003]
Prune local model 12, pr_ratio = [0.13107200000000005, 0.13107200000000005, 0.13107200000000005, 0.13107200000000005]
Prune local model 11, pr_ratio = [0.06553600000000002, 0.06553600000000002, 0.06553600000000002, 0.06553600000000002]
Prune local model 16, pr_ratio = [0.06553600000000002, 0.06553600000000002, 0.06553600000000002, 0.06553600000000002]
Prune local model 18, pr_ratio = [0.16384000000000004, 0.16384000000000004, 0.16384000000000004, 0.16384000000000004]
Prune local model 6, pr_ratio = [0.06553600000000002, 0.06553600000000002, 0.06553600000000002, 0.06553600000000002]
Prune local model 15, pr_ratio = [0.0, 0.0, 0.0, 0.0]
Round 5 – LOCAL TPR pre-agg per client: ['0.217', '0.217', '0.203', '0.465', '0.412', '0.412', '0.412', '0.465', '0.217', '0.465', '0.217', '0.465', '0.203', '0.203', '0.217', '0.203', '0.412', '0.465', '0.203', '0.217']
Round 5 – TPR per Domain: 0:0.217, 1:0.217, 2:0.203, 3:0.465, 4:0.412, 5:0.412, 6:0.412, 7:0.465, 8:0.217, 9:0.465, 10:0.217, 11:0.465, 12:0.203, 13:0.203, 14:0.217, 15:0.203, 16:0.412, 17:0.465, 18:0.203, 19:0.217
Round: 5 Method: dapperfl Mean_Acc: 33.205 Best_Acc: 33.205
Domain_Acc: [44.2, 46.32, 18.97, 23.33] Domain_BestAcc: [44.2, 48.42, 20.69, 23.33]
Prune local model 19, pr_ratio = [0.15728640000000005, 0.15728640000000005, 0.15728640000000005, 0.15728640000000005]
Prune local model 2, pr_ratio = [0.10485760000000005, 0.10485760000000005, 0.10485760000000005, 0.10485760000000005]
Prune local model 17, pr_ratio = [0.10485760000000005, 0.10485760000000005, 0.10485760000000005, 0.10485760000000005]
Prune local model 4, pr_ratio = [0.15728640000000005, 0.15728640000000005, 0.15728640000000005, 0.15728640000000005]
Prune local model 9, pr_ratio = [0.15728640000000005, 0.15728640000000005, 0.15728640000000005, 0.15728640000000005]
Prune local model 14, pr_ratio = [0.15728640000000005, 0.15728640000000005, 0.15728640000000005, 0.15728640000000005]
Prune local model 10, pr_ratio = [0.0, 0.0, 0.0, 0.0]
Prune local model 1, pr_ratio = [0.052428800000000025, 0.052428800000000025, 0.052428800000000025, 0.052428800000000025]
Prune local model 5, pr_ratio = [0.0, 0.0, 0.0, 0.0]
Prune local model 18, pr_ratio = [0.13107200000000005, 0.13107200000000005, 0.13107200000000005, 0.13107200000000005]
Prune local model 3, pr_ratio = [0.13107200000000005, 0.13107200000000005, 0.13107200000000005, 0.13107200000000005]
Prune local model 13, pr_ratio = [0.13107200000000005, 0.13107200000000005, 0.13107200000000005, 0.13107200000000005]
Prune local model 0, pr_ratio = [0.0, 0.0, 0.0, 0.0]
Prune local model 12, pr_ratio = [0.10485760000000005, 0.10485760000000005, 0.10485760000000005, 0.10485760000000005]
Prune local model 6, pr_ratio = [0.052428800000000025, 0.052428800000000025, 0.052428800000000025, 0.052428800000000025]
Prune local model 8, pr_ratio = [0.13107200000000005, 0.13107200000000005, 0.13107200000000005, 0.13107200000000005]
Prune local model 16, pr_ratio = [0.052428800000000025, 0.052428800000000025, 0.052428800000000025, 0.052428800000000025]
Prune local model 7, pr_ratio = [0.10485760000000005, 0.10485760000000005, 0.10485760000000005, 0.10485760000000005]
Prune local model 15, pr_ratio = [0.0, 0.0, 0.0, 0.0]
Prune local model 11, pr_ratio = [0.052428800000000025, 0.052428800000000025, 0.052428800000000025, 0.052428800000000025]
Round 6 – LOCAL TPR pre-agg per client: ['0.217', '0.217', '0.208', '0.446', '0.412', '0.412', '0.412', '0.446', '0.217', '0.446', '0.217', '0.446', '0.208', '0.208', '0.217', '0.208', '0.412', '0.446', '0.208', '0.217']
Round 6 – TPR per Domain: 0:0.217, 1:0.217, 2:0.208, 3:0.446, 4:0.412, 5:0.412, 6:0.412, 7:0.446, 8:0.217, 9:0.446, 10:0.217, 11:0.446, 12:0.208, 13:0.208, 14:0.217, 15:0.208, 16:0.412, 17:0.446, 18:0.208, 19:0.217
Round: 6 Method: dapperfl Mean_Acc: 32.92 Best_Acc: 33.205
Domain_Acc: [44.64, 44.74, 18.97, 23.33] Domain_BestAcc: [44.64, 48.42, 20.69, 23.33]
Prune local model 12, pr_ratio = [0.08388608000000003, 0.08388608000000003, 0.08388608000000003, 0.08388608000000003]
Prune local model 14, pr_ratio = [0.12582912000000004, 0.12582912000000004, 0.12582912000000004, 0.12582912000000004]
Prune local model 11, pr_ratio = [0.041943040000000015, 0.041943040000000015, 0.041943040000000015, 0.041943040000000015]
Prune local model 7, pr_ratio = [0.08388608000000003, 0.08388608000000003, 0.08388608000000003, 0.08388608000000003]
Prune local model 0, pr_ratio = [0.0, 0.0, 0.0, 0.0]
Prune local model 13, pr_ratio = [0.10485760000000004, 0.10485760000000004, 0.10485760000000004, 0.10485760000000004]
Prune local model 6, pr_ratio = [0.041943040000000015, 0.041943040000000015, 0.041943040000000015, 0.041943040000000015]
Prune local model 3, pr_ratio = [0.10485760000000004, 0.10485760000000004, 0.10485760000000004, 0.10485760000000004]
Prune local model 19, pr_ratio = [0.12582912000000004, 0.12582912000000004, 0.12582912000000004, 0.12582912000000004]
Prune local model 4, pr_ratio = [0.12582912000000004, 0.12582912000000004, 0.12582912000000004, 0.12582912000000004]
Prune local model 16, pr_ratio = [0.041943040000000015, 0.041943040000000015, 0.041943040000000015, 0.041943040000000015]
Prune local model 1, pr_ratio = [0.041943040000000015, 0.041943040000000015, 0.041943040000000015, 0.041943040000000015]
Prune local model 15, pr_ratio = [0.0, 0.0, 0.0, 0.0]
Prune local model 18, pr_ratio = [0.10485760000000004, 0.10485760000000004, 0.10485760000000004, 0.10485760000000004]
Prune local model 8, pr_ratio = [0.10485760000000004, 0.10485760000000004, 0.10485760000000004, 0.10485760000000004]
Prune local model 9, pr_ratio = [0.12582912000000004, 0.12582912000000004, 0.12582912000000004, 0.12582912000000004]
Prune local model 2, pr_ratio = [0.08388608000000003, 0.08388608000000003, 0.08388608000000003, 0.08388608000000003]
Prune local model 10, pr_ratio = [0.0, 0.0, 0.0, 0.0]
Prune local model 17, pr_ratio = [0.08388608000000003, 0.08388608000000003, 0.08388608000000003, 0.08388608000000003]
Prune local model 5, pr_ratio = [0.0, 0.0, 0.0, 0.0]
Round 7 – LOCAL TPR pre-agg per client: ['0.208', '0.208', '0.247', '0.595', '0.456', '0.456', '0.456', '0.595', '0.208', '0.595', '0.208', '0.595', '0.247', '0.247', '0.208', '0.247', '0.456', '0.595', '0.247', '0.208']
Round 7 – TPR per Domain: 0:0.208, 1:0.208, 2:0.247, 3:0.595, 4:0.456, 5:0.456, 6:0.456, 7:0.595, 8:0.208, 9:0.595, 10:0.208, 11:0.595, 12:0.247, 13:0.247, 14:0.208, 15:0.247, 16:0.456, 17:0.595, 18:0.247, 19:0.208
Round: 7 Method: dapperfl Mean_Acc: 39.525 Best_Acc: 39.525
Domain_Acc: [49.55, 59.47, 22.41, 26.67] Domain_BestAcc: [49.55, 59.47, 22.41, 26.67]
Prune local model 13, pr_ratio = [0.08388608000000004, 0.08388608000000004, 0.08388608000000004, 0.08388608000000004]
Prune local model 6, pr_ratio = [0.033554432000000016, 0.033554432000000016, 0.033554432000000016, 0.033554432000000016]
Prune local model 8, pr_ratio = [0.08388608000000004, 0.08388608000000004, 0.08388608000000004, 0.08388608000000004]
Prune local model 11, pr_ratio = [0.033554432000000016, 0.033554432000000016, 0.033554432000000016, 0.033554432000000016]
Prune local model 16, pr_ratio = [0.033554432000000016, 0.033554432000000016, 0.033554432000000016, 0.033554432000000016]
Prune local model 19, pr_ratio = [0.10066329600000005, 0.10066329600000005, 0.10066329600000005, 0.10066329600000005]
Prune local model 9, pr_ratio = [0.10066329600000005, 0.10066329600000005, 0.10066329600000005, 0.10066329600000005]
Prune local model 3, pr_ratio = [0.08388608000000004, 0.08388608000000004, 0.08388608000000004, 0.08388608000000004]
Prune local model 7, pr_ratio = [0.06710886400000003, 0.06710886400000003, 0.06710886400000003, 0.06710886400000003]
Prune local model 4, pr_ratio = [0.10066329600000005, 0.10066329600000005, 0.10066329600000005, 0.10066329600000005]
Prune local model 1, pr_ratio = [0.033554432000000016, 0.033554432000000016, 0.033554432000000016, 0.033554432000000016]
Prune local model 12, pr_ratio = [0.06710886400000003, 0.06710886400000003, 0.06710886400000003, 0.06710886400000003]
Prune local model 18, pr_ratio = [0.08388608000000004, 0.08388608000000004, 0.08388608000000004, 0.08388608000000004]
Prune local model 2, pr_ratio = [0.06710886400000003, 0.06710886400000003, 0.06710886400000003, 0.06710886400000003]
Prune local model 15, pr_ratio = [0.0, 0.0, 0.0, 0.0]
Prune local model 14, pr_ratio = [0.10066329600000005, 0.10066329600000005, 0.10066329600000005, 0.10066329600000005]
Prune local model 10, pr_ratio = [0.0, 0.0, 0.0, 0.0]
Prune local model 5, pr_ratio = [0.0, 0.0, 0.0, 0.0]
Prune local model 17, pr_ratio = [0.06710886400000003, 0.06710886400000003, 0.06710886400000003, 0.06710886400000003]
Prune local model 0, pr_ratio = [0.0, 0.0, 0.0, 0.0]
Round 8 – LOCAL TPR pre-agg per client: ['0.217', '0.217', '0.298', '0.633', '0.472', '0.472', '0.472', '0.633', '0.217', '0.633', '0.217', '0.633', '0.298', '0.298', '0.217', '0.298', '0.472', '0.633', '0.298', '0.217']
Round 8 – TPR per Domain: 0:0.217, 1:0.217, 2:0.298, 3:0.633, 4:0.472, 5:0.472, 6:0.472, 7:0.633, 8:0.217, 9:0.633, 10:0.217, 11:0.633, 12:0.298, 13:0.298, 14:0.217, 15:0.298, 16:0.472, 17:0.633, 18:0.298, 19:0.217
Round: 8 Method: dapperfl Mean_Acc: 41.372 Best_Acc: 41.372
Domain_Acc: [50.89, 63.68, 27.59, 23.33] Domain_BestAcc: [50.89, 63.68, 27.59, 26.67]
Prune local model 6, pr_ratio = [0.026843545600000015, 0.026843545600000015, 0.026843545600000015, 0.026843545600000015]
Prune local model 16, pr_ratio = [0.026843545600000015, 0.026843545600000015, 0.026843545600000015, 0.026843545600000015]
Prune local model 15, pr_ratio = [0.0, 0.0, 0.0, 0.0]
Prune local model 11, pr_ratio = [0.026843545600000015, 0.026843545600000015, 0.026843545600000015, 0.026843545600000015]
Prune local model 3, pr_ratio = [0.06710886400000003, 0.06710886400000003, 0.06710886400000003, 0.06710886400000003]
Prune local model 18, pr_ratio = [0.06710886400000003, 0.06710886400000003, 0.06710886400000003, 0.06710886400000003]
Prune local model 13, pr_ratio = [0.06710886400000003, 0.06710886400000003, 0.06710886400000003, 0.06710886400000003]
Prune local model 17, pr_ratio = [0.05368709120000003, 0.05368709120000003, 0.05368709120000003, 0.05368709120000003]
Prune local model 12, pr_ratio = [0.05368709120000003, 0.05368709120000003, 0.05368709120000003, 0.05368709120000003]
Prune local model 9, pr_ratio = [0.08053063680000004, 0.08053063680000004, 0.08053063680000004, 0.08053063680000004]
Prune local model 0, pr_ratio = [0.0, 0.0, 0.0, 0.0]
Prune local model 10, pr_ratio = [0.0, 0.0, 0.0, 0.0]
Prune local model 5, pr_ratio = [0.0, 0.0, 0.0, 0.0]
Prune local model 14, pr_ratio = [0.08053063680000004, 0.08053063680000004, 0.08053063680000004, 0.08053063680000004]
Prune local model 1, pr_ratio = [0.026843545600000015, 0.026843545600000015, 0.026843545600000015, 0.026843545600000015]
Prune local model 19, pr_ratio = [0.08053063680000004, 0.08053063680000004, 0.08053063680000004, 0.08053063680000004]
Prune local model 4, pr_ratio = [0.08053063680000004, 0.08053063680000004, 0.08053063680000004, 0.08053063680000004]
Prune local model 8, pr_ratio = [0.06710886400000003, 0.06710886400000003, 0.06710886400000003, 0.06710886400000003]
Prune local model 7, pr_ratio = [0.05368709120000003, 0.05368709120000003, 0.05368709120000003, 0.05368709120000003]
Prune local model 2, pr_ratio = [0.05368709120000003, 0.05368709120000003, 0.05368709120000003, 0.05368709120000003]
Round 9 – LOCAL TPR pre-agg per client: ['0.275', '0.275', '0.355', '0.680', '0.461', '0.461', '0.461', '0.680', '0.275', '0.680', '0.275', '0.680', '0.355', '0.355', '0.275', '0.355', '0.461', '0.680', '0.355', '0.275']
Round 9 – TPR per Domain: 0:0.275, 1:0.275, 2:0.355, 3:0.680, 4:0.461, 5:0.461, 6:0.461, 7:0.680, 8:0.275, 9:0.680, 10:0.275, 11:0.680, 12:0.355, 13:0.355, 14:0.275, 15:0.355, 16:0.461, 17:0.680, 18:0.355, 19:0.275
Round: 9 Method: dapperfl Mean_Acc: 45.772 Best_Acc: 45.772
Domain_Acc: [49.11, 67.89, 32.76, 33.33] Domain_BestAcc: [50.89, 67.89, 32.76, 33.33]
Prune local model 14, pr_ratio = [0.06442450944000003, 0.06442450944000003, 0.06442450944000003, 0.06442450944000003]
Prune local model 17, pr_ratio = [0.042949672960000025, 0.042949672960000025, 0.042949672960000025, 0.042949672960000025]
Prune local model 12, pr_ratio = [0.042949672960000025, 0.042949672960000025, 0.042949672960000025, 0.042949672960000025]
Prune local model 16, pr_ratio = [0.021474836480000013, 0.021474836480000013, 0.021474836480000013, 0.021474836480000013]
Prune local model 1, pr_ratio = [0.021474836480000013, 0.021474836480000013, 0.021474836480000013, 0.021474836480000013]
Prune local model 5, pr_ratio = [0.0, 0.0, 0.0, 0.0]
Prune local model 4, pr_ratio = [0.06442450944000003, 0.06442450944000003, 0.06442450944000003, 0.06442450944000003]
Prune local model 8, pr_ratio = [0.05368709120000003, 0.05368709120000003, 0.05368709120000003, 0.05368709120000003]
Prune local model 19, pr_ratio = [0.06442450944000003, 0.06442450944000003, 0.06442450944000003, 0.06442450944000003]
Prune local model 13, pr_ratio = [0.05368709120000003, 0.05368709120000003, 0.05368709120000003, 0.05368709120000003]
Prune local model 15, pr_ratio = [0.0, 0.0, 0.0, 0.0]
Prune local model 7, pr_ratio = [0.042949672960000025, 0.042949672960000025, 0.042949672960000025, 0.042949672960000025]
Prune local model 6, pr_ratio = [0.021474836480000013, 0.021474836480000013, 0.021474836480000013, 0.021474836480000013]
Prune local model 2, pr_ratio = [0.042949672960000025, 0.042949672960000025, 0.042949672960000025, 0.042949672960000025]
Prune local model 10, pr_ratio = [0.0, 0.0, 0.0, 0.0]
Prune local model 18, pr_ratio = [0.05368709120000003, 0.05368709120000003, 0.05368709120000003, 0.05368709120000003]
Prune local model 0, pr_ratio = [0.0, 0.0, 0.0, 0.0]
Prune local model 11, pr_ratio = [0.021474836480000013, 0.021474836480000013, 0.021474836480000013, 0.021474836480000013]
Prune local model 3, pr_ratio = [0.05368709120000003, 0.05368709120000003, 0.05368709120000003, 0.05368709120000003]
Prune local model 9, pr_ratio = [0.06442450944000003, 0.06442450944000003, 0.06442450944000003, 0.06442450944000003]
Round 10 – LOCAL TPR pre-agg per client: ['0.233', '0.233', '0.282', '0.686', '0.479', '0.479', '0.479', '0.686', '0.233', '0.686', '0.233', '0.686', '0.282', '0.282', '0.233', '0.282', '0.479', '0.686', '0.282', '0.233']
Round 10 – TPR per Domain: 0:0.233, 1:0.233, 2:0.282, 3:0.686, 4:0.479, 5:0.479, 6:0.479, 7:0.686, 8:0.233, 9:0.686, 10:0.233, 11:0.686, 12:0.282, 13:0.282, 14:0.233, 15:0.282, 16:0.479, 17:0.686, 18:0.282, 19:0.233
Round: 10 Method: dapperfl Mean_Acc: 43.205 Best_Acc: 45.772
Domain_Acc: [51.34, 68.95, 25.86, 26.67] Domain_BestAcc: [51.34, 68.95, 32.76, 33.33]
Prune local model 3, pr_ratio = [0.042949672960000025, 0.042949672960000025, 0.042949672960000025, 0.042949672960000025]
Prune local model 13, pr_ratio = [0.042949672960000025, 0.042949672960000025, 0.042949672960000025, 0.042949672960000025]
Prune local model 15, pr_ratio = [0.0, 0.0, 0.0, 0.0]
Prune local model 10, pr_ratio = [0.0, 0.0, 0.0, 0.0]
Prune local model 11, pr_ratio = [0.01717986918400001, 0.01717986918400001, 0.01717986918400001, 0.01717986918400001]
Prune local model 8, pr_ratio = [0.042949672960000025, 0.042949672960000025, 0.042949672960000025, 0.042949672960000025]
Prune local model 1, pr_ratio = [0.01717986918400001, 0.01717986918400001, 0.01717986918400001, 0.01717986918400001]
Prune local model 5, pr_ratio = [0.0, 0.0, 0.0, 0.0]
Prune local model 2, pr_ratio = [0.03435973836800002, 0.03435973836800002, 0.03435973836800002, 0.03435973836800002]
Prune local model 17, pr_ratio = [0.03435973836800002, 0.03435973836800002, 0.03435973836800002, 0.03435973836800002]
Prune local model 14, pr_ratio = [0.05153960755200003, 0.05153960755200003, 0.05153960755200003, 0.05153960755200003]
Prune local model 19, pr_ratio = [0.05153960755200003, 0.05153960755200003, 0.05153960755200003, 0.05153960755200003]
Prune local model 18, pr_ratio = [0.042949672960000025, 0.042949672960000025, 0.042949672960000025, 0.042949672960000025]
Prune local model 12, pr_ratio = [0.03435973836800002, 0.03435973836800002, 0.03435973836800002, 0.03435973836800002]
Prune local model 6, pr_ratio = [0.01717986918400001, 0.01717986918400001, 0.01717986918400001, 0.01717986918400001]
Prune local model 9, pr_ratio = [0.05153960755200003, 0.05153960755200003, 0.05153960755200003, 0.05153960755200003]
Prune local model 16, pr_ratio = [0.01717986918400001, 0.01717986918400001, 0.01717986918400001, 0.01717986918400001]
Prune local model 0, pr_ratio = [0.0, 0.0, 0.0, 0.0]
Prune local model 4, pr_ratio = [0.05153960755200003, 0.05153960755200003, 0.05153960755200003, 0.05153960755200003]
Prune local model 7, pr_ratio = [0.03435973836800002, 0.03435973836800002, 0.03435973836800002, 0.03435973836800002]
Round 11 – LOCAL TPR pre-agg per client: ['0.242', '0.242', '0.350', '0.743', '0.520', '0.520', '0.520', '0.743', '0.242', '0.743', '0.242', '0.743', '0.350', '0.350', '0.242', '0.350', '0.520', '0.743', '0.350', '0.242']
Round 11 – TPR per Domain: 0:0.242, 1:0.242, 2:0.350, 3:0.743, 4:0.520, 5:0.520, 6:0.520, 7:0.743, 8:0.242, 9:0.743, 10:0.242, 11:0.743, 12:0.350, 13:0.350, 14:0.242, 15:0.350, 16:0.520, 17:0.743, 18:0.350, 19:0.242
Round: 11 Method: dapperfl Mean_Acc: 48.802 Best_Acc: 48.802
Domain_Acc: [54.91, 74.21, 32.76, 33.33] Domain_BestAcc: [54.91, 74.21, 32.76, 33.33]
Prune local model 14, pr_ratio = [0.041231686041600026, 0.041231686041600026, 0.041231686041600026, 0.041231686041600026]
Prune local model 12, pr_ratio = [0.027487790694400018, 0.027487790694400018, 0.027487790694400018, 0.027487790694400018]
Prune local model 19, pr_ratio = [0.041231686041600026, 0.041231686041600026, 0.041231686041600026, 0.041231686041600026]
Prune local model 2, pr_ratio = [0.027487790694400018, 0.027487790694400018, 0.027487790694400018, 0.027487790694400018]
Prune local model 9, pr_ratio = [0.041231686041600026, 0.041231686041600026, 0.041231686041600026, 0.041231686041600026]
Prune local model 15, pr_ratio = [0.0, 0.0, 0.0, 0.0]
Prune local model 1, pr_ratio = [0.013743895347200009, 0.013743895347200009, 0.013743895347200009, 0.013743895347200009]
Prune local model 4, pr_ratio = [0.041231686041600026, 0.041231686041600026, 0.041231686041600026, 0.041231686041600026]
Prune local model 8, pr_ratio = [0.03435973836800002, 0.03435973836800002, 0.03435973836800002, 0.03435973836800002]
Prune local model 0, pr_ratio = [0.0, 0.0, 0.0, 0.0]
Prune local model 10, pr_ratio = [0.0, 0.0, 0.0, 0.0]
Prune local model 3, pr_ratio = [0.03435973836800002, 0.03435973836800002, 0.03435973836800002, 0.03435973836800002]
Prune local model 6, pr_ratio = [0.013743895347200009, 0.013743895347200009, 0.013743895347200009, 0.013743895347200009]
Prune local model 16, pr_ratio = [0.013743895347200009, 0.013743895347200009, 0.013743895347200009, 0.013743895347200009]
Prune local model 5, pr_ratio = [0.0, 0.0, 0.0, 0.0]
Prune local model 13, pr_ratio = [0.03435973836800002, 0.03435973836800002, 0.03435973836800002, 0.03435973836800002]
Prune local model 18, pr_ratio = [0.03435973836800002, 0.03435973836800002, 0.03435973836800002, 0.03435973836800002]
Prune local model 11, pr_ratio = [0.013743895347200009, 0.013743895347200009, 0.013743895347200009, 0.013743895347200009]
Prune local model 17, pr_ratio = [0.027487790694400018, 0.027487790694400018, 0.027487790694400018, 0.027487790694400018]
Prune local model 7, pr_ratio = [0.027487790694400018, 0.027487790694400018, 0.027487790694400018, 0.027487790694400018]
Round 12 – LOCAL TPR pre-agg per client: ['0.242', '0.242', '0.343', '0.696', '0.488', '0.488', '0.488', '0.696', '0.242', '0.696', '0.242', '0.696', '0.343', '0.343', '0.242', '0.343', '0.488', '0.696', '0.343', '0.242']
Round 12 – TPR per Domain: 0:0.242, 1:0.242, 2:0.343, 3:0.696, 4:0.488, 5:0.488, 6:0.488, 7:0.696, 8:0.242, 9:0.696, 10:0.242, 11:0.696, 12:0.343, 13:0.343, 14:0.242, 15:0.343, 16:0.488, 17:0.696, 18:0.343, 19:0.242
Round: 12 Method: dapperfl Mean_Acc: 46.628 Best_Acc: 48.802
Domain_Acc: [52.68, 69.47, 31.03, 33.33] Domain_BestAcc: [54.91, 74.21, 32.76, 33.33]
Prune local model 16, pr_ratio = [0.010995116277760009, 0.010995116277760009, 0.010995116277760009, 0.010995116277760009]
Prune local model 1, pr_ratio = [0.010995116277760009, 0.010995116277760009, 0.010995116277760009, 0.010995116277760009]
Prune local model 7, pr_ratio = [0.021990232555520017, 0.021990232555520017, 0.021990232555520017, 0.021990232555520017]
Prune local model 4, pr_ratio = [0.03298534883328002, 0.03298534883328002, 0.03298534883328002, 0.03298534883328002]
Prune local model 2, pr_ratio = [0.021990232555520017, 0.021990232555520017, 0.021990232555520017, 0.021990232555520017]
Prune local model 17, pr_ratio = [0.021990232555520017, 0.021990232555520017, 0.021990232555520017, 0.021990232555520017]
Prune local model 3, pr_ratio = [0.027487790694400018, 0.027487790694400018, 0.027487790694400018, 0.027487790694400018]
Prune local model 10, pr_ratio = [0.0, 0.0, 0.0, 0.0]
Prune local model 9, pr_ratio = [0.03298534883328002, 0.03298534883328002, 0.03298534883328002, 0.03298534883328002]
Prune local model 15, pr_ratio = [0.0, 0.0, 0.0, 0.0]
Prune local model 8, pr_ratio = [0.027487790694400018, 0.027487790694400018, 0.027487790694400018, 0.027487790694400018]
Prune local model 6, pr_ratio = [0.010995116277760009, 0.010995116277760009, 0.010995116277760009, 0.010995116277760009]
Prune local model 18, pr_ratio = [0.027487790694400018, 0.027487790694400018, 0.027487790694400018, 0.027487790694400018]
Prune local model 19, pr_ratio = [0.03298534883328002, 0.03298534883328002, 0.03298534883328002, 0.03298534883328002]
Prune local model 12, pr_ratio = [0.021990232555520017, 0.021990232555520017, 0.021990232555520017, 0.021990232555520017]
Prune local model 13, pr_ratio = [0.027487790694400018, 0.027487790694400018, 0.027487790694400018, 0.027487790694400018]
Prune local model 5, pr_ratio = [0.0, 0.0, 0.0, 0.0]
Prune local model 14, pr_ratio = [0.03298534883328002, 0.03298534883328002, 0.03298534883328002, 0.03298534883328002]
Prune local model 11, pr_ratio = [0.010995116277760009, 0.010995116277760009, 0.010995116277760009, 0.010995116277760009]
Prune local model 0, pr_ratio = [0.0, 0.0, 0.0, 0.0]
Round 13 – LOCAL TPR pre-agg per client: ['0.342', '0.342', '0.363', '0.665', '0.501', '0.501', '0.501', '0.665', '0.342', '0.665', '0.342', '0.665', '0.363', '0.363', '0.342', '0.363', '0.501', '0.665', '0.363', '0.342']
Round 13 – TPR per Domain: 0:0.342, 1:0.342, 2:0.363, 3:0.665, 4:0.501, 5:0.501, 6:0.501, 7:0.665, 8:0.342, 9:0.665, 10:0.342, 11:0.665, 12:0.363, 13:0.363, 14:0.342, 15:0.363, 16:0.501, 17:0.665, 18:0.363, 19:0.342
Round: 13 Method: dapperfl Mean_Acc: 49.108 Best_Acc: 49.108
Domain_Acc: [54.02, 66.32, 32.76, 43.33] Domain_BestAcc: [54.91, 74.21, 32.76, 43.33]
Prune local model 19, pr_ratio = [0.02638827906662402, 0.02638827906662402, 0.02638827906662402, 0.02638827906662402]
Prune local model 11, pr_ratio = [0.008796093022208008, 0.008796093022208008, 0.008796093022208008, 0.008796093022208008]
Prune local model 3, pr_ratio = [0.021990232555520017, 0.021990232555520017, 0.021990232555520017, 0.021990232555520017]
Prune local model 12, pr_ratio = [0.017592186044416015, 0.017592186044416015, 0.017592186044416015, 0.017592186044416015]
Prune local model 8, pr_ratio = [0.021990232555520017, 0.021990232555520017, 0.021990232555520017, 0.021990232555520017]
Prune local model 7, pr_ratio = [0.017592186044416015, 0.017592186044416015, 0.017592186044416015, 0.017592186044416015]
Prune local model 5, pr_ratio = [0.0, 0.0, 0.0, 0.0]
Prune local model 0, pr_ratio = [0.0, 0.0, 0.0, 0.0]
Prune local model 14, pr_ratio = [0.02638827906662402, 0.02638827906662402, 0.02638827906662402, 0.02638827906662402]
Prune local model 9, pr_ratio = [0.02638827906662402, 0.02638827906662402, 0.02638827906662402, 0.02638827906662402]
Prune local model 18, pr_ratio = [0.021990232555520017, 0.021990232555520017, 0.021990232555520017, 0.021990232555520017]
Prune local model 2, pr_ratio = [0.017592186044416015, 0.017592186044416015, 0.017592186044416015, 0.017592186044416015]
Prune local model 4, pr_ratio = [0.02638827906662402, 0.02638827906662402, 0.02638827906662402, 0.02638827906662402]
Prune local model 13, pr_ratio = [0.021990232555520017, 0.021990232555520017, 0.021990232555520017, 0.021990232555520017]
Prune local model 10, pr_ratio = [0.0, 0.0, 0.0, 0.0]
Prune local model 1, pr_ratio = [0.008796093022208008, 0.008796093022208008, 0.008796093022208008, 0.008796093022208008]
Prune local model 17, pr_ratio = [0.017592186044416015, 0.017592186044416015, 0.017592186044416015, 0.017592186044416015]
Prune local model 16, pr_ratio = [0.008796093022208008, 0.008796093022208008, 0.008796093022208008, 0.008796093022208008]
Prune local model 15, pr_ratio = [0.0, 0.0, 0.0, 0.0]
Prune local model 6, pr_ratio = [0.008796093022208008, 0.008796093022208008, 0.008796093022208008, 0.008796093022208008]
Round 14 – LOCAL TPR pre-agg per client: ['0.267', '0.267', '0.322', '0.788', '0.555', '0.555', '0.555', '0.788', '0.267', '0.788', '0.267', '0.788', '0.322', '0.322', '0.267', '0.322', '0.555', '0.788', '0.322', '0.267']
Round 14 – TPR per Domain: 0:0.267, 1:0.267, 2:0.322, 3:0.788, 4:0.555, 5:0.555, 6:0.555, 7:0.788, 8:0.267, 9:0.788, 10:0.267, 11:0.788, 12:0.322, 13:0.322, 14:0.267, 15:0.322, 16:0.555, 17:0.788, 18:0.322, 19:0.267
Round: 14 Method: dapperfl Mean_Acc: 50.853 Best_Acc: 50.853
Domain_Acc: [58.48, 78.95, 29.31, 36.67] Domain_BestAcc: [58.48, 78.95, 32.76, 43.33]
Prune local model 10, pr_ratio = [0.0, 0.0, 0.0, 0.0]
Prune local model 11, pr_ratio = [0.007036874417766407, 0.007036874417766407, 0.007036874417766407, 0.007036874417766407]
Prune local model 8, pr_ratio = [0.017592186044416015, 0.017592186044416015, 0.017592186044416015, 0.017592186044416015]
Prune local model 17, pr_ratio = [0.014073748835532814, 0.014073748835532814, 0.014073748835532814, 0.014073748835532814]
Prune local model 15, pr_ratio = [0.0, 0.0, 0.0, 0.0]
Prune local model 19, pr_ratio = [0.021110623253299217, 0.021110623253299217, 0.021110623253299217, 0.021110623253299217]
Prune local model 13, pr_ratio = [0.017592186044416015, 0.017592186044416015, 0.017592186044416015, 0.017592186044416015]
Prune local model 18, pr_ratio = [0.017592186044416015, 0.017592186044416015, 0.017592186044416015, 0.017592186044416015]
Prune local model 9, pr_ratio = [0.021110623253299217, 0.021110623253299217, 0.021110623253299217, 0.021110623253299217]
Prune local model 1, pr_ratio = [0.007036874417766407, 0.007036874417766407, 0.007036874417766407, 0.007036874417766407]
Prune local model 0, pr_ratio = [0.0, 0.0, 0.0, 0.0]
Prune local model 6, pr_ratio = [0.007036874417766407, 0.007036874417766407, 0.007036874417766407, 0.007036874417766407]
Prune local model 14, pr_ratio = [0.021110623253299217, 0.021110623253299217, 0.021110623253299217, 0.021110623253299217]
Prune local model 4, pr_ratio = [0.021110623253299217, 0.021110623253299217, 0.021110623253299217, 0.021110623253299217]
Prune local model 3, pr_ratio = [0.017592186044416015, 0.017592186044416015, 0.017592186044416015, 0.017592186044416015]
Prune local model 5, pr_ratio = [0.0, 0.0, 0.0, 0.0]
Prune local model 7, pr_ratio = [0.014073748835532814, 0.014073748835532814, 0.014073748835532814, 0.014073748835532814]
Prune local model 2, pr_ratio = [0.014073748835532814, 0.014073748835532814, 0.014073748835532814, 0.014073748835532814]
Prune local model 12, pr_ratio = [0.014073748835532814, 0.014073748835532814, 0.014073748835532814, 0.014073748835532814]
Prune local model 16, pr_ratio = [0.007036874417766407, 0.007036874417766407, 0.007036874417766407, 0.007036874417766407]
Round 15 – LOCAL TPR pre-agg per client: ['0.367', '0.367', '0.410', '0.732', '0.531', '0.531', '0.531', '0.732', '0.367', '0.732', '0.367', '0.732', '0.410', '0.410', '0.367', '0.410', '0.531', '0.732', '0.410', '0.367']
Round 15 – TPR per Domain: 0:0.367, 1:0.367, 2:0.410, 3:0.732, 4:0.531, 5:0.531, 6:0.531, 7:0.732, 8:0.367, 9:0.732, 10:0.367, 11:0.732, 12:0.410, 13:0.410, 14:0.367, 15:0.410, 16:0.531, 17:0.732, 18:0.410, 19:0.367
Round: 15 Method: dapperfl Mean_Acc: 52.89 Best_Acc: 52.89
Domain_Acc: [57.14, 73.16, 37.93, 43.33] Domain_BestAcc: [58.48, 78.95, 37.93, 43.33]
Prune local model 16, pr_ratio = [0.005629499534213125, 0.005629499534213125, 0.005629499534213125, 0.005629499534213125]
Prune local model 6, pr_ratio = [0.005629499534213125, 0.005629499534213125, 0.005629499534213125, 0.005629499534213125]
Prune local model 7, pr_ratio = [0.01125899906842625, 0.01125899906842625, 0.01125899906842625, 0.01125899906842625]
Prune local model 1, pr_ratio = [0.005629499534213125, 0.005629499534213125, 0.005629499534213125, 0.005629499534213125]
Prune local model 19, pr_ratio = [0.016888498602639374, 0.016888498602639374, 0.016888498602639374, 0.016888498602639374]
Prune local model 8, pr_ratio = [0.014073748835532812, 0.014073748835532812, 0.014073748835532812, 0.014073748835532812]
Prune local model 17, pr_ratio = [0.01125899906842625, 0.01125899906842625, 0.01125899906842625, 0.01125899906842625]
Prune local model 4, pr_ratio = [0.016888498602639374, 0.016888498602639374, 0.016888498602639374, 0.016888498602639374]
Prune local model 0, pr_ratio = [0.0, 0.0, 0.0, 0.0]
Prune local model 3, pr_ratio = [0.014073748835532812, 0.014073748835532812, 0.014073748835532812, 0.014073748835532812]
Prune local model 2, pr_ratio = [0.01125899906842625, 0.01125899906842625, 0.01125899906842625, 0.01125899906842625]
Prune local model 12, pr_ratio = [0.01125899906842625, 0.01125899906842625, 0.01125899906842625, 0.01125899906842625]
Prune local model 10, pr_ratio = [0.0, 0.0, 0.0, 0.0]
Prune local model 5, pr_ratio = [0.0, 0.0, 0.0, 0.0]
Prune local model 18, pr_ratio = [0.014073748835532812, 0.014073748835532812, 0.014073748835532812, 0.014073748835532812]
Prune local model 15, pr_ratio = [0.0, 0.0, 0.0, 0.0]
Prune local model 14, pr_ratio = [0.016888498602639374, 0.016888498602639374, 0.016888498602639374, 0.016888498602639374]
Prune local model 9, pr_ratio = [0.016888498602639374, 0.016888498602639374, 0.016888498602639374, 0.016888498602639374]
Prune local model 13, pr_ratio = [0.014073748835532812, 0.014073748835532812, 0.014073748835532812, 0.014073748835532812]
Prune local model 11, pr_ratio = [0.005629499534213125, 0.005629499534213125, 0.005629499534213125, 0.005629499534213125]
Round 16 – LOCAL TPR pre-agg per client: ['0.350', '0.350', '0.372', '0.803', '0.524', '0.524', '0.524', '0.803', '0.350', '0.803', '0.350', '0.803', '0.372', '0.372', '0.350', '0.372', '0.524', '0.803', '0.372', '0.350']
Round 16 – TPR per Domain: 0:0.350, 1:0.350, 2:0.372, 3:0.803, 4:0.524, 5:0.524, 6:0.524, 7:0.803, 8:0.350, 9:0.803, 10:0.350, 11:0.803, 12:0.372, 13:0.372, 14:0.350, 15:0.372, 16:0.524, 17:0.803, 18:0.372, 19:0.350
Round: 16 Method: dapperfl Mean_Acc: 52.592 Best_Acc: 52.89
Domain_Acc: [55.36, 80.53, 34.48, 40.0] Domain_BestAcc: [58.48, 80.53, 37.93, 43.33]
Prune local model 15, pr_ratio = [0.0, 0.0, 0.0, 0.0]
Prune local model 17, pr_ratio = [0.009007199254741001, 0.009007199254741001, 0.009007199254741001, 0.009007199254741001]
Prune local model 13, pr_ratio = [0.011258999068426251, 0.011258999068426251, 0.011258999068426251, 0.011258999068426251]
Prune local model 6, pr_ratio = [0.004503599627370501, 0.004503599627370501, 0.004503599627370501, 0.004503599627370501]
Prune local model 1, pr_ratio = [0.004503599627370501, 0.004503599627370501, 0.004503599627370501, 0.004503599627370501]
Prune local model 0, pr_ratio = [0.0, 0.0, 0.0, 0.0]
Prune local model 10, pr_ratio = [0.0, 0.0, 0.0, 0.0]
Prune local model 3, pr_ratio = [0.011258999068426251, 0.011258999068426251, 0.011258999068426251, 0.011258999068426251]
Prune local model 8, pr_ratio = [0.011258999068426251, 0.011258999068426251, 0.011258999068426251, 0.011258999068426251]
Prune local model 19, pr_ratio = [0.013510798882111501, 0.013510798882111501, 0.013510798882111501, 0.013510798882111501]
Prune local model 2, pr_ratio = [0.009007199254741001, 0.009007199254741001, 0.009007199254741001, 0.009007199254741001]
Prune local model 9, pr_ratio = [0.013510798882111501, 0.013510798882111501, 0.013510798882111501, 0.013510798882111501]
Prune local model 11, pr_ratio = [0.004503599627370501, 0.004503599627370501, 0.004503599627370501, 0.004503599627370501]
Prune local model 4, pr_ratio = [0.013510798882111501, 0.013510798882111501, 0.013510798882111501, 0.013510798882111501]
Prune local model 7, pr_ratio = [0.009007199254741001, 0.009007199254741001, 0.009007199254741001, 0.009007199254741001]
Prune local model 18, pr_ratio = [0.011258999068426251, 0.011258999068426251, 0.011258999068426251, 0.011258999068426251]
Prune local model 16, pr_ratio = [0.004503599627370501, 0.004503599627370501, 0.004503599627370501, 0.004503599627370501]
Prune local model 14, pr_ratio = [0.013510798882111501, 0.013510798882111501, 0.013510798882111501, 0.013510798882111501]
Prune local model 5, pr_ratio = [0.0, 0.0, 0.0, 0.0]
Prune local model 12, pr_ratio = [0.009007199254741001, 0.009007199254741001, 0.009007199254741001, 0.009007199254741001]
Round 17 – LOCAL TPR pre-agg per client: ['0.267', '0.267', '0.442', '0.738', '0.577', '0.577', '0.577', '0.738', '0.267', '0.738', '0.267', '0.738', '0.442', '0.442', '0.267', '0.442', '0.577', '0.738', '0.442', '0.267']
Round 17 – TPR per Domain: 0:0.267, 1:0.267, 2:0.442, 3:0.738, 4:0.577, 5:0.577, 6:0.577, 7:0.738, 8:0.267, 9:0.738, 10:0.267, 11:0.738, 12:0.442, 13:0.442, 14:0.267, 15:0.442, 16:0.577, 17:0.738, 18:0.442, 19:0.267
Round: 17 Method: dapperfl Mean_Acc: 52.57 Best_Acc: 52.89
Domain_Acc: [60.27, 73.68, 39.66, 36.67] Domain_BestAcc: [60.27, 80.53, 39.66, 43.33]
Prune local model 3, pr_ratio = [0.009007199254741001, 0.009007199254741001, 0.009007199254741001, 0.009007199254741001]
Prune local model 4, pr_ratio = [0.0108086391056892, 0.0108086391056892, 0.0108086391056892, 0.0108086391056892]
Prune local model 0, pr_ratio = [0.0, 0.0, 0.0, 0.0]
Prune local model 6, pr_ratio = [0.0036028797018964006, 0.0036028797018964006, 0.0036028797018964006, 0.0036028797018964006]
Prune local model 13, pr_ratio = [0.009007199254741001, 0.009007199254741001, 0.009007199254741001, 0.009007199254741001]
Prune local model 10, pr_ratio = [0.0, 0.0, 0.0, 0.0]
Prune local model 14, pr_ratio = [0.0108086391056892, 0.0108086391056892, 0.0108086391056892, 0.0108086391056892]
Prune local model 8, pr_ratio = [0.009007199254741001, 0.009007199254741001, 0.009007199254741001, 0.009007199254741001]
Prune local model 12, pr_ratio = [0.007205759403792801, 0.007205759403792801, 0.007205759403792801, 0.007205759403792801]
Prune local model 19, pr_ratio = [0.0108086391056892, 0.0108086391056892, 0.0108086391056892, 0.0108086391056892]
Prune local model 9, pr_ratio = [0.0108086391056892, 0.0108086391056892, 0.0108086391056892, 0.0108086391056892]
Prune local model 1, pr_ratio = [0.0036028797018964006, 0.0036028797018964006, 0.0036028797018964006, 0.0036028797018964006]
Prune local model 5, pr_ratio = [0.0, 0.0, 0.0, 0.0]
Prune local model 17, pr_ratio = [0.007205759403792801, 0.007205759403792801, 0.007205759403792801, 0.007205759403792801]
Prune local model 15, pr_ratio = [0.0, 0.0, 0.0, 0.0]
Prune local model 7, pr_ratio = [0.007205759403792801, 0.007205759403792801, 0.007205759403792801, 0.007205759403792801]
Prune local model 2, pr_ratio = [0.007205759403792801, 0.007205759403792801, 0.007205759403792801, 0.007205759403792801]
Prune local model 11, pr_ratio = [0.0036028797018964006, 0.0036028797018964006, 0.0036028797018964006, 0.0036028797018964006]
Prune local model 18, pr_ratio = [0.009007199254741001, 0.009007199254741001, 0.009007199254741001, 0.009007199254741001]
Prune local model 16, pr_ratio = [0.0036028797018964006, 0.0036028797018964006, 0.0036028797018964006, 0.0036028797018964006]
Round 18 – LOCAL TPR pre-agg per client: ['0.292', '0.292', '0.458', '0.793', '0.561', '0.561', '0.561', '0.793', '0.292', '0.793', '0.292', '0.793', '0.458', '0.458', '0.292', '0.458', '0.561', '0.793', '0.458', '0.292']
Round 18 – TPR per Domain: 0:0.292, 1:0.292, 2:0.458, 3:0.793, 4:0.561, 5:0.561, 6:0.561, 7:0.793, 8:0.292, 9:0.793, 10:0.292, 11:0.793, 12:0.458, 13:0.458, 14:0.292, 15:0.458, 16:0.561, 17:0.793, 18:0.458, 19:0.292
Round: 18 Method: dapperfl Mean_Acc: 54.543 Best_Acc: 54.543
Domain_Acc: [58.93, 79.47, 43.1, 36.67] Domain_BestAcc: [60.27, 80.53, 43.1, 43.33]
Prune local model 13, pr_ratio = [0.007205759403792801, 0.007205759403792801, 0.007205759403792801, 0.007205759403792801]
Prune local model 18, pr_ratio = [0.007205759403792801, 0.007205759403792801, 0.007205759403792801, 0.007205759403792801]
Prune local model 6, pr_ratio = [0.0028823037615171208, 0.0028823037615171208, 0.0028823037615171208, 0.0028823037615171208]
Prune local model 11, pr_ratio = [0.0028823037615171208, 0.0028823037615171208, 0.0028823037615171208, 0.0028823037615171208]
Prune local model 14, pr_ratio = [0.008646911284551362, 0.008646911284551362, 0.008646911284551362, 0.008646911284551362]
Prune local model 9, pr_ratio = [0.008646911284551362, 0.008646911284551362, 0.008646911284551362, 0.008646911284551362]
Prune local model 19, pr_ratio = [0.008646911284551362, 0.008646911284551362, 0.008646911284551362, 0.008646911284551362]
Prune local model 10, pr_ratio = [0.0, 0.0, 0.0, 0.0]
Prune local model 15, pr_ratio = [0.0, 0.0, 0.0, 0.0]
Prune local model 2, pr_ratio = [0.0057646075230342415, 0.0057646075230342415, 0.0057646075230342415, 0.0057646075230342415]
Prune local model 0, pr_ratio = [0.0, 0.0, 0.0, 0.0]
Prune local model 16, pr_ratio = [0.0028823037615171208, 0.0028823037615171208, 0.0028823037615171208, 0.0028823037615171208]
Prune local model 12, pr_ratio = [0.0057646075230342415, 0.0057646075230342415, 0.0057646075230342415, 0.0057646075230342415]
Prune local model 4, pr_ratio = [0.008646911284551362, 0.008646911284551362, 0.008646911284551362, 0.008646911284551362]
Prune local model 1, pr_ratio = [0.0028823037615171208, 0.0028823037615171208, 0.0028823037615171208, 0.0028823037615171208]
Prune local model 5, pr_ratio = [0.0, 0.0, 0.0, 0.0]
Prune local model 17, pr_ratio = [0.0057646075230342415, 0.0057646075230342415, 0.0057646075230342415, 0.0057646075230342415]
Prune local model 8, pr_ratio = [0.007205759403792801, 0.007205759403792801, 0.007205759403792801, 0.007205759403792801]
Prune local model 7, pr_ratio = [0.0057646075230342415, 0.0057646075230342415, 0.0057646075230342415, 0.0057646075230342415]
Prune local model 3, pr_ratio = [0.007205759403792801, 0.007205759403792801, 0.007205759403792801, 0.007205759403792801]
Round 19 – LOCAL TPR pre-agg per client: ['0.300', '0.300', '0.500', '0.753', '0.534', '0.534', '0.534', '0.753', '0.300', '0.753', '0.300', '0.753', '0.500', '0.500', '0.300', '0.500', '0.534', '0.753', '0.500', '0.300']
Round 19 – TPR per Domain: 0:0.300, 1:0.300, 2:0.500, 3:0.753, 4:0.534, 5:0.534, 6:0.534, 7:0.753, 8:0.300, 9:0.753, 10:0.300, 11:0.753, 12:0.500, 13:0.500, 14:0.300, 15:0.500, 16:0.534, 17:0.753, 18:0.500, 19:0.300
Round: 19 Method: dapperfl Mean_Acc: 54.738 Best_Acc: 54.738
Domain_Acc: [57.14, 75.26, 46.55, 40.0] Domain_BestAcc: [60.27, 80.53, 46.55, 43.33]
Prune local model 2, pr_ratio = [0.0046116860184273935, 0.0046116860184273935, 0.0046116860184273935, 0.0046116860184273935]
Prune local model 17, pr_ratio = [0.0046116860184273935, 0.0046116860184273935, 0.0046116860184273935, 0.0046116860184273935]
Prune local model 3, pr_ratio = [0.0057646075230342415, 0.0057646075230342415, 0.0057646075230342415, 0.0057646075230342415]
Prune local model 5, pr_ratio = [0.0, 0.0, 0.0, 0.0]
Prune local model 6, pr_ratio = [0.0023058430092136968, 0.0023058430092136968, 0.0023058430092136968, 0.0023058430092136968]
Prune local model 7, pr_ratio = [0.0046116860184273935, 0.0046116860184273935, 0.0046116860184273935, 0.0046116860184273935]
Prune local model 16, pr_ratio = [0.0023058430092136968, 0.0023058430092136968, 0.0023058430092136968, 0.0023058430092136968]
Prune local model 0, pr_ratio = [0.0, 0.0, 0.0, 0.0]
Prune local model 4, pr_ratio = [0.0069175290276410895, 0.0069175290276410895, 0.0069175290276410895, 0.0069175290276410895]
Prune local model 18, pr_ratio = [0.0057646075230342415, 0.0057646075230342415, 0.0057646075230342415, 0.0057646075230342415]
Prune local model 14, pr_ratio = [0.0069175290276410895, 0.0069175290276410895, 0.0069175290276410895, 0.0069175290276410895]
Prune local model 9, pr_ratio = [0.0069175290276410895, 0.0069175290276410895, 0.0069175290276410895, 0.0069175290276410895]
Prune local model 12, pr_ratio = [0.0046116860184273935, 0.0046116860184273935, 0.0046116860184273935, 0.0046116860184273935]
Prune local model 8, pr_ratio = [0.0057646075230342415, 0.0057646075230342415, 0.0057646075230342415, 0.0057646075230342415]
Prune local model 15, pr_ratio = [0.0, 0.0, 0.0, 0.0]
Prune local model 10, pr_ratio = [0.0, 0.0, 0.0, 0.0]
Prune local model 13, pr_ratio = [0.0057646075230342415, 0.0057646075230342415, 0.0057646075230342415, 0.0057646075230342415]
Prune local model 19, pr_ratio = [0.0069175290276410895, 0.0069175290276410895, 0.0069175290276410895, 0.0069175290276410895]
Prune local model 11, pr_ratio = [0.0023058430092136968, 0.0023058430092136968, 0.0023058430092136968, 0.0023058430092136968]
Prune local model 1, pr_ratio = [0.0023058430092136968, 0.0023058430092136968, 0.0023058430092136968, 0.0023058430092136968]
Round 20 – LOCAL TPR pre-agg per client: ['0.342', '0.342', '0.455', '0.758', '0.579', '0.579', '0.579', '0.758', '0.342', '0.758', '0.342', '0.758', '0.455', '0.455', '0.342', '0.455', '0.579', '0.758', '0.455', '0.342']
Round 20 – TPR per Domain: 0:0.342, 1:0.342, 2:0.455, 3:0.758, 4:0.579, 5:0.579, 6:0.579, 7:0.758, 8:0.342, 9:0.758, 10:0.342, 11:0.758, 12:0.455, 13:0.455, 14:0.342, 15:0.455, 16:0.579, 17:0.758, 18:0.455, 19:0.342
Round: 20 Method: dapperfl Mean_Acc: 54.47 Best_Acc: 54.738
Domain_Acc: [60.71, 75.79, 41.38, 40.0] Domain_BestAcc: [60.71, 80.53, 46.55, 43.33]
Prune local model 12, pr_ratio = [0.003689348814741915, 0.003689348814741915, 0.003689348814741915, 0.003689348814741915]
Prune local model 8, pr_ratio = [0.0046116860184273935, 0.0046116860184273935, 0.0046116860184273935, 0.0046116860184273935]
Prune local model 17, pr_ratio = [0.003689348814741915, 0.003689348814741915, 0.003689348814741915, 0.003689348814741915]
Prune local model 4, pr_ratio = [0.005534023222112872, 0.005534023222112872, 0.005534023222112872, 0.005534023222112872]
Prune local model 6, pr_ratio = [0.0018446744073709574, 0.0018446744073709574, 0.0018446744073709574, 0.0018446744073709574]
Prune local model 18, pr_ratio = [0.0046116860184273935, 0.0046116860184273935, 0.0046116860184273935, 0.0046116860184273935]
Prune local model 19, pr_ratio = [0.005534023222112872, 0.005534023222112872, 0.005534023222112872, 0.005534023222112872]
Prune local model 11, pr_ratio = [0.0018446744073709574, 0.0018446744073709574, 0.0018446744073709574, 0.0018446744073709574]
Prune local model 13, pr_ratio = [0.0046116860184273935, 0.0046116860184273935, 0.0046116860184273935, 0.0046116860184273935]
Prune local model 9, pr_ratio = [0.005534023222112872, 0.005534023222112872, 0.005534023222112872, 0.005534023222112872]
Prune local model 0, pr_ratio = [0.0, 0.0, 0.0, 0.0]
Prune local model 16, pr_ratio = [0.0018446744073709574, 0.0018446744073709574, 0.0018446744073709574, 0.0018446744073709574]
Prune local model 3, pr_ratio = [0.0046116860184273935, 0.0046116860184273935, 0.0046116860184273935, 0.0046116860184273935]
Prune local model 10, pr_ratio = [0.0, 0.0, 0.0, 0.0]
Prune local model 7, pr_ratio = [0.003689348814741915, 0.003689348814741915, 0.003689348814741915, 0.003689348814741915]
Prune local model 14, pr_ratio = [0.005534023222112872, 0.005534023222112872, 0.005534023222112872, 0.005534023222112872]
Prune local model 2, pr_ratio = [0.003689348814741915, 0.003689348814741915, 0.003689348814741915, 0.003689348814741915]
Prune local model 1, pr_ratio = [0.0018446744073709574, 0.0018446744073709574, 0.0018446744073709574, 0.0018446744073709574]
Prune local model 15, pr_ratio = [0.0, 0.0, 0.0, 0.0]
Prune local model 5, pr_ratio = [0.0, 0.0, 0.0, 0.0]
Round 21 – LOCAL TPR pre-agg per client: ['0.417', '0.417', '0.480', '0.805', '0.589', '0.589', '0.589', '0.805', '0.417', '0.805', '0.417', '0.805', '0.480', '0.480', '0.417', '0.480', '0.589', '0.805', '0.480', '0.417']
Round 21 – TPR per Domain: 0:0.417, 1:0.417, 2:0.480, 3:0.805, 4:0.589, 5:0.589, 6:0.589, 7:0.805, 8:0.417, 9:0.805, 10:0.417, 11:0.805, 12:0.480, 13:0.480, 14:0.417, 15:0.480, 16:0.589, 17:0.805, 18:0.480, 19:0.417
Round: 21 Method: dapperfl Mean_Acc: 58.41 Best_Acc: 58.41
Domain_Acc: [61.61, 80.53, 44.83, 46.67] Domain_BestAcc: [61.61, 80.53, 46.55, 46.67]
Prune local model 4, pr_ratio = [0.004427218577690298, 0.004427218577690298, 0.004427218577690298, 0.004427218577690298]
Prune local model 8, pr_ratio = [0.003689348814741915, 0.003689348814741915, 0.003689348814741915, 0.003689348814741915]
Prune local model 13, pr_ratio = [0.003689348814741915, 0.003689348814741915, 0.003689348814741915, 0.003689348814741915]
Prune local model 16, pr_ratio = [0.001475739525896766, 0.001475739525896766, 0.001475739525896766, 0.001475739525896766]
Prune local model 15, pr_ratio = [0.0, 0.0, 0.0, 0.0]
Prune local model 3, pr_ratio = [0.003689348814741915, 0.003689348814741915, 0.003689348814741915, 0.003689348814741915]
Prune local model 18, pr_ratio = [0.003689348814741915, 0.003689348814741915, 0.003689348814741915, 0.003689348814741915]
Prune local model 2, pr_ratio = [0.002951479051793532, 0.002951479051793532, 0.002951479051793532, 0.002951479051793532]
Prune local model 1, pr_ratio = [0.001475739525896766, 0.001475739525896766, 0.001475739525896766, 0.001475739525896766]
Prune local model 17, pr_ratio = [0.002951479051793532, 0.002951479051793532, 0.002951479051793532, 0.002951479051793532]
Prune local model 10, pr_ratio = [0.0, 0.0, 0.0, 0.0]
Prune local model 14, pr_ratio = [0.004427218577690298, 0.004427218577690298, 0.004427218577690298, 0.004427218577690298]
Prune local model 6, pr_ratio = [0.001475739525896766, 0.001475739525896766, 0.001475739525896766, 0.001475739525896766]
Prune local model 11, pr_ratio = [0.001475739525896766, 0.001475739525896766, 0.001475739525896766, 0.001475739525896766]
Prune local model 12, pr_ratio = [0.002951479051793532, 0.002951479051793532, 0.002951479051793532, 0.002951479051793532]
Prune local model 7, pr_ratio = [0.002951479051793532, 0.002951479051793532, 0.002951479051793532, 0.002951479051793532]
Prune local model 5, pr_ratio = [0.0, 0.0, 0.0, 0.0]
Prune local model 0, pr_ratio = [0.0, 0.0, 0.0, 0.0]
Prune local model 9, pr_ratio = [0.004427218577690298, 0.004427218577690298, 0.004427218577690298, 0.004427218577690298]
Prune local model 19, pr_ratio = [0.004427218577690298, 0.004427218577690298, 0.004427218577690298, 0.004427218577690298]
Round 22 – LOCAL TPR pre-agg per client: ['0.342', '0.342', '0.451', '0.733', '0.576', '0.576', '0.576', '0.733', '0.342', '0.733', '0.342', '0.733', '0.451', '0.451', '0.342', '0.451', '0.576', '0.733', '0.451', '0.342']
Round 22 – TPR per Domain: 0:0.342, 1:0.342, 2:0.451, 3:0.733, 4:0.576, 5:0.576, 6:0.576, 7:0.733, 8:0.342, 9:0.733, 10:0.342, 11:0.733, 12:0.451, 13:0.451, 14:0.342, 15:0.451, 16:0.576, 17:0.733, 18:0.451, 19:0.342
Round: 22 Method: dapperfl Mean_Acc: 54.535 Best_Acc: 58.41
Domain_Acc: [60.27, 73.16, 41.38, 43.33] Domain_BestAcc: [61.61, 80.53, 46.55, 46.67]
Prune local model 6, pr_ratio = [0.001180591620717413, 0.001180591620717413, 0.001180591620717413, 0.001180591620717413]
Prune local model 15, pr_ratio = [0.0, 0.0, 0.0, 0.0]
Prune local model 18, pr_ratio = [0.002951479051793532, 0.002951479051793532, 0.002951479051793532, 0.002951479051793532]
Prune local model 13, pr_ratio = [0.002951479051793532, 0.002951479051793532, 0.002951479051793532, 0.002951479051793532]
Prune local model 3, pr_ratio = [0.002951479051793532, 0.002951479051793532, 0.002951479051793532, 0.002951479051793532]
Prune local model 12, pr_ratio = [0.002361183241434826, 0.002361183241434826, 0.002361183241434826, 0.002361183241434826]
Prune local model 14, pr_ratio = [0.003541774862152238, 0.003541774862152238, 0.003541774862152238, 0.003541774862152238]
Prune local model 11, pr_ratio = [0.001180591620717413, 0.001180591620717413, 0.001180591620717413, 0.001180591620717413]
Prune local model 9, pr_ratio = [0.003541774862152238, 0.003541774862152238, 0.003541774862152238, 0.003541774862152238]
Prune local model 10, pr_ratio = [0.0, 0.0, 0.0, 0.0]
Prune local model 7, pr_ratio = [0.002361183241434826, 0.002361183241434826, 0.002361183241434826, 0.002361183241434826]
Prune local model 0, pr_ratio = [0.0, 0.0, 0.0, 0.0]
Prune local model 2, pr_ratio = [0.002361183241434826, 0.002361183241434826, 0.002361183241434826, 0.002361183241434826]
Prune local model 1, pr_ratio = [0.001180591620717413, 0.001180591620717413, 0.001180591620717413, 0.001180591620717413]
Prune local model 8, pr_ratio = [0.002951479051793532, 0.002951479051793532, 0.002951479051793532, 0.002951479051793532]
Prune local model 5, pr_ratio = [0.0, 0.0, 0.0, 0.0]
Prune local model 19, pr_ratio = [0.003541774862152238, 0.003541774862152238, 0.003541774862152238, 0.003541774862152238]
Prune local model 17, pr_ratio = [0.002361183241434826, 0.002361183241434826, 0.002361183241434826, 0.002361183241434826]
Prune local model 4, pr_ratio = [0.003541774862152238, 0.003541774862152238, 0.003541774862152238, 0.003541774862152238]
Prune local model 16, pr_ratio = [0.001180591620717413, 0.001180591620717413, 0.001180591620717413, 0.001180591620717413]
Round 23 – LOCAL TPR pre-agg per client: ['0.292', '0.292', '0.421', '0.788', '0.576', '0.576', '0.576', '0.788', '0.292', '0.788', '0.292', '0.788', '0.421', '0.421', '0.292', '0.421', '0.576', '0.788', '0.421', '0.292']
Round 23 – TPR per Domain: 0:0.292, 1:0.292, 2:0.421, 3:0.788, 4:0.576, 5:0.576, 6:0.576, 7:0.788, 8:0.292, 9:0.788, 10:0.292, 11:0.788, 12:0.421, 13:0.421, 14:0.292, 15:0.421, 16:0.576, 17:0.788, 18:0.421, 19:0.292
Round: 23 Method: dapperfl Mean_Acc: 53.998 Best_Acc: 58.41
Domain_Acc: [60.71, 78.95, 39.66, 36.67] Domain_BestAcc: [61.61, 80.53, 46.55, 46.67]
Prune local model 10, pr_ratio = [0.0, 0.0, 0.0, 0.0]
Prune local model 9, pr_ratio = [0.002833419889721791, 0.002833419889721791, 0.002833419889721791, 0.002833419889721791]
Prune local model 8, pr_ratio = [0.002361183241434826, 0.002361183241434826, 0.002361183241434826, 0.002361183241434826]
Prune local model 7, pr_ratio = [0.0018889465931478608, 0.0018889465931478608, 0.0018889465931478608, 0.0018889465931478608]
Prune local model 11, pr_ratio = [0.0009444732965739304, 0.0009444732965739304, 0.0009444732965739304, 0.0009444732965739304]
Prune local model 0, pr_ratio = [0.0, 0.0, 0.0, 0.0]
Prune local model 19, pr_ratio = [0.002833419889721791, 0.002833419889721791, 0.002833419889721791, 0.002833419889721791]
Prune local model 6, pr_ratio = [0.0009444732965739304, 0.0009444732965739304, 0.0009444732965739304, 0.0009444732965739304]
Prune local model 5, pr_ratio = [0.0, 0.0, 0.0, 0.0]
Prune local model 18, pr_ratio = [0.002361183241434826, 0.002361183241434826, 0.002361183241434826, 0.002361183241434826]
Prune local model 14, pr_ratio = [0.002833419889721791, 0.002833419889721791, 0.002833419889721791, 0.002833419889721791]
Prune local model 15, pr_ratio = [0.0, 0.0, 0.0, 0.0]
Prune local model 16, pr_ratio = [0.0009444732965739304, 0.0009444732965739304, 0.0009444732965739304, 0.0009444732965739304]
Prune local model 12, pr_ratio = [0.0018889465931478608, 0.0018889465931478608, 0.0018889465931478608, 0.0018889465931478608]
Prune local model 13, pr_ratio = [0.002361183241434826, 0.002361183241434826, 0.002361183241434826, 0.002361183241434826]
Prune local model 1, pr_ratio = [0.0009444732965739304, 0.0009444732965739304, 0.0009444732965739304, 0.0009444732965739304]
Prune local model 4, pr_ratio = [0.002833419889721791, 0.002833419889721791, 0.002833419889721791, 0.002833419889721791]
Prune local model 3, pr_ratio = [0.002361183241434826, 0.002361183241434826, 0.002361183241434826, 0.002361183241434826]
Prune local model 2, pr_ratio = [0.0018889465931478608, 0.0018889465931478608, 0.0018889465931478608, 0.0018889465931478608]
Prune local model 17, pr_ratio = [0.0018889465931478608, 0.0018889465931478608, 0.0018889465931478608, 0.0018889465931478608]
Round 24 – LOCAL TPR pre-agg per client: ['0.367', '0.367', '0.471', '0.803', '0.601', '0.601', '0.601', '0.803', '0.367', '0.803', '0.367', '0.803', '0.471', '0.471', '0.367', '0.471', '0.601', '0.803', '0.471', '0.367']
Round 24 – TPR per Domain: 0:0.367, 1:0.367, 2:0.471, 3:0.803, 4:0.601, 5:0.601, 6:0.601, 7:0.803, 8:0.367, 9:0.803, 10:0.367, 11:0.803, 12:0.471, 13:0.471, 14:0.367, 15:0.471, 16:0.601, 17:0.803, 18:0.471, 19:0.367
Round: 24 Method: dapperfl Mean_Acc: 57.365 Best_Acc: 58.41
Domain_Acc: [62.5, 80.53, 43.1, 43.33] Domain_BestAcc: [62.5, 80.53, 46.55, 46.67]
Prune local model 9, pr_ratio = [0.002266735911777433, 0.002266735911777433, 0.002266735911777433, 0.002266735911777433]
Prune local model 19, pr_ratio = [0.002266735911777433, 0.002266735911777433, 0.002266735911777433, 0.002266735911777433]
Prune local model 18, pr_ratio = [0.0018889465931478608, 0.0018889465931478608, 0.0018889465931478608, 0.0018889465931478608]
Prune local model 15, pr_ratio = [0.0, 0.0, 0.0, 0.0]
Prune local model 4, pr_ratio = [0.002266735911777433, 0.002266735911777433, 0.002266735911777433, 0.002266735911777433]
Prune local model 7, pr_ratio = [0.0015111572745182887, 0.0015111572745182887, 0.0015111572745182887, 0.0015111572745182887]
Prune local model 1, pr_ratio = [0.0007555786372591443, 0.0007555786372591443, 0.0007555786372591443, 0.0007555786372591443]
Prune local model 5, pr_ratio = [0.0, 0.0, 0.0, 0.0]
Prune local model 13, pr_ratio = [0.0018889465931478608, 0.0018889465931478608, 0.0018889465931478608, 0.0018889465931478608]
Prune local model 6, pr_ratio = [0.0007555786372591443, 0.0007555786372591443, 0.0007555786372591443, 0.0007555786372591443]
Prune local model 3, pr_ratio = [0.0018889465931478608, 0.0018889465931478608, 0.0018889465931478608, 0.0018889465931478608]
Prune local model 2, pr_ratio = [0.0015111572745182887, 0.0015111572745182887, 0.0015111572745182887, 0.0015111572745182887]
Prune local model 16, pr_ratio = [0.0007555786372591443, 0.0007555786372591443, 0.0007555786372591443, 0.0007555786372591443]
Prune local model 12, pr_ratio = [0.0015111572745182887, 0.0015111572745182887, 0.0015111572745182887, 0.0015111572745182887]
Prune local model 0, pr_ratio = [0.0, 0.0, 0.0, 0.0]
Prune local model 17, pr_ratio = [0.0015111572745182887, 0.0015111572745182887, 0.0015111572745182887, 0.0015111572745182887]
Prune local model 11, pr_ratio = [0.0007555786372591443, 0.0007555786372591443, 0.0007555786372591443, 0.0007555786372591443]
Prune local model 8, pr_ratio = [0.0018889465931478608, 0.0018889465931478608, 0.0018889465931478608, 0.0018889465931478608]
Prune local model 10, pr_ratio = [0.0, 0.0, 0.0, 0.0]
Prune local model 14, pr_ratio = [0.002266735911777433, 0.002266735911777433, 0.002266735911777433, 0.002266735911777433]
Round 25 – LOCAL TPR pre-agg per client: ['0.467', '0.467', '0.550', '0.715', '0.580', '0.580', '0.580', '0.715', '0.467', '0.715', '0.467', '0.715', '0.550', '0.550', '0.467', '0.550', '0.580', '0.715', '0.550', '0.467']
Round 25 – TPR per Domain: 0:0.467, 1:0.467, 2:0.550, 3:0.715, 4:0.580, 5:0.580, 6:0.580, 7:0.715, 8:0.467, 9:0.715, 10:0.467, 11:0.715, 12:0.550, 13:0.550, 14:0.467, 15:0.550, 16:0.580, 17:0.715, 18:0.550, 19:0.467
Round: 25 Method: dapperfl Mean_Acc: 58.37 Best_Acc: 58.41
Domain_Acc: [60.71, 71.05, 51.72, 50.0] Domain_BestAcc: [62.5, 80.53, 51.72, 50.0]
Prune local model 13, pr_ratio = [0.0015111572745182887, 0.0015111572745182887, 0.0015111572745182887, 0.0015111572745182887]
Prune local model 15, pr_ratio = [0.0, 0.0, 0.0, 0.0]
Prune local model 16, pr_ratio = [0.0006044629098073155, 0.0006044629098073155, 0.0006044629098073155, 0.0006044629098073155]
Prune local model 9, pr_ratio = [0.0018133887294219464, 0.0018133887294219464, 0.0018133887294219464, 0.0018133887294219464]
Prune local model 10, pr_ratio = [0.0, 0.0, 0.0, 0.0]
Prune local model 18, pr_ratio = [0.0015111572745182887, 0.0015111572745182887, 0.0015111572745182887, 0.0015111572745182887]
Prune local model 3, pr_ratio = [0.0015111572745182887, 0.0015111572745182887, 0.0015111572745182887, 0.0015111572745182887]
Prune local model 5, pr_ratio = [0.0, 0.0, 0.0, 0.0]
Prune local model 2, pr_ratio = [0.001208925819614631, 0.001208925819614631, 0.001208925819614631, 0.001208925819614631]
Prune local model 6, pr_ratio = [0.0006044629098073155, 0.0006044629098073155, 0.0006044629098073155, 0.0006044629098073155]
Prune local model 17, pr_ratio = [0.001208925819614631, 0.001208925819614631, 0.001208925819614631, 0.001208925819614631]
Prune local model 1, pr_ratio = [0.0006044629098073155, 0.0006044629098073155, 0.0006044629098073155, 0.0006044629098073155]
Prune local model 8, pr_ratio = [0.0015111572745182887, 0.0015111572745182887, 0.0015111572745182887, 0.0015111572745182887]
Prune local model 19, pr_ratio = [0.0018133887294219464, 0.0018133887294219464, 0.0018133887294219464, 0.0018133887294219464]
Prune local model 7, pr_ratio = [0.001208925819614631, 0.001208925819614631, 0.001208925819614631, 0.001208925819614631]
Prune local model 0, pr_ratio = [0.0, 0.0, 0.0, 0.0]
Prune local model 4, pr_ratio = [0.0018133887294219464, 0.0018133887294219464, 0.0018133887294219464, 0.0018133887294219464]
Prune local model 14, pr_ratio = [0.0018133887294219464, 0.0018133887294219464, 0.0018133887294219464, 0.0018133887294219464]
Prune local model 12, pr_ratio = [0.001208925819614631, 0.001208925819614631, 0.001208925819614631, 0.001208925819614631]
Prune local model 11, pr_ratio = [0.0006044629098073155, 0.0006044629098073155, 0.0006044629098073155, 0.0006044629098073155]
Round 26 – LOCAL TPR pre-agg per client: ['0.342', '0.342', '0.554', '0.825', '0.614', '0.614', '0.614', '0.825', '0.342', '0.825', '0.342', '0.825', '0.554', '0.554', '0.342', '0.554', '0.614', '0.825', '0.554', '0.342']
Round 26 – TPR per Domain: 0:0.342, 1:0.342, 2:0.554, 3:0.825, 4:0.614, 5:0.614, 6:0.614, 7:0.825, 8:0.342, 9:0.825, 10:0.342, 11:0.825, 12:0.554, 13:0.554, 14:0.342, 15:0.554, 16:0.614, 17:0.825, 18:0.554, 19:0.342
Round: 26 Method: dapperfl Mean_Acc: 60.812 Best_Acc: 60.812
Domain_Acc: [63.84, 82.63, 53.45, 43.33] Domain_BestAcc: [63.84, 82.63, 53.45, 50.0]
Prune local model 3, pr_ratio = [0.001208925819614631, 0.001208925819614631, 0.001208925819614631, 0.001208925819614631]
Prune local model 11, pr_ratio = [0.0004835703278458524, 0.0004835703278458524, 0.0004835703278458524, 0.0004835703278458524]
Prune local model 15, pr_ratio = [0.0, 0.0, 0.0, 0.0]
Prune local model 16, pr_ratio = [0.0004835703278458524, 0.0004835703278458524, 0.0004835703278458524, 0.0004835703278458524]
Prune local model 2, pr_ratio = [0.0009671406556917048, 0.0009671406556917048, 0.0009671406556917048, 0.0009671406556917048]
Prune local model 19, pr_ratio = [0.0014507109835375572, 0.0014507109835375572, 0.0014507109835375572, 0.0014507109835375572]
Prune local model 14, pr_ratio = [0.0014507109835375572, 0.0014507109835375572, 0.0014507109835375572, 0.0014507109835375572]
Prune local model 4, pr_ratio = [0.0014507109835375572, 0.0014507109835375572, 0.0014507109835375572, 0.0014507109835375572]
Prune local model 0, pr_ratio = [0.0, 0.0, 0.0, 0.0]
Prune local model 17, pr_ratio = [0.0009671406556917048, 0.0009671406556917048, 0.0009671406556917048, 0.0009671406556917048]
Prune local model 12, pr_ratio = [0.0009671406556917048, 0.0009671406556917048, 0.0009671406556917048, 0.0009671406556917048]
Prune local model 7, pr_ratio = [0.0009671406556917048, 0.0009671406556917048, 0.0009671406556917048, 0.0009671406556917048]
Prune local model 18, pr_ratio = [0.001208925819614631, 0.001208925819614631, 0.001208925819614631, 0.001208925819614631]
Prune local model 13, pr_ratio = [0.001208925819614631, 0.001208925819614631, 0.001208925819614631, 0.001208925819614631]
Prune local model 6, pr_ratio = [0.0004835703278458524, 0.0004835703278458524, 0.0004835703278458524, 0.0004835703278458524]
Prune local model 5, pr_ratio = [0.0, 0.0, 0.0, 0.0]
Prune local model 9, pr_ratio = [0.0014507109835375572, 0.0014507109835375572, 0.0014507109835375572, 0.0014507109835375572]
Prune local model 8, pr_ratio = [0.001208925819614631, 0.001208925819614631, 0.001208925819614631, 0.001208925819614631]
Prune local model 1, pr_ratio = [0.0004835703278458524, 0.0004835703278458524, 0.0004835703278458524, 0.0004835703278458524]
Prune local model 10, pr_ratio = [0.0, 0.0, 0.0, 0.0]
Round 27 – LOCAL TPR pre-agg per client: ['0.442', '0.442', '0.463', '0.815', '0.621', '0.621', '0.621', '0.815', '0.442', '0.815', '0.442', '0.815', '0.463', '0.463', '0.442', '0.463', '0.621', '0.815', '0.463', '0.442']
Round 27 – TPR per Domain: 0:0.442, 1:0.442, 2:0.463, 3:0.815, 4:0.621, 5:0.621, 6:0.621, 7:0.815, 8:0.442, 9:0.815, 10:0.442, 11:0.815, 12:0.463, 13:0.463, 14:0.442, 15:0.463, 16:0.621, 17:0.815, 18:0.463, 19:0.442
Round: 27 Method: dapperfl Mean_Acc: 59.342 Best_Acc: 60.812
Domain_Acc: [64.29, 81.58, 44.83, 46.67] Domain_BestAcc: [64.29, 82.63, 53.45, 50.0]
Prune local model 4, pr_ratio = [0.0011605687868300458, 0.0011605687868300458, 0.0011605687868300458, 0.0011605687868300458]
Prune local model 18, pr_ratio = [0.0009671406556917048, 0.0009671406556917048, 0.0009671406556917048, 0.0009671406556917048]
Prune local model 0, pr_ratio = [0.0, 0.0, 0.0, 0.0]
Prune local model 3, pr_ratio = [0.0009671406556917048, 0.0009671406556917048, 0.0009671406556917048, 0.0009671406556917048]
Prune local model 10, pr_ratio = [0.0, 0.0, 0.0, 0.0]
Prune local model 19, pr_ratio = [0.0011605687868300458, 0.0011605687868300458, 0.0011605687868300458, 0.0011605687868300458]
Prune local model 9, pr_ratio = [0.0011605687868300458, 0.0011605687868300458, 0.0011605687868300458, 0.0011605687868300458]
Prune local model 6, pr_ratio = [0.00038685626227668196, 0.00038685626227668196, 0.00038685626227668196, 0.00038685626227668196]
Prune local model 17, pr_ratio = [0.0007737125245533639, 0.0007737125245533639, 0.0007737125245533639, 0.0007737125245533639]
Prune local model 1, pr_ratio = [0.00038685626227668196, 0.00038685626227668196, 0.00038685626227668196, 0.00038685626227668196]
Prune local model 14, pr_ratio = [0.0011605687868300458, 0.0011605687868300458, 0.0011605687868300458, 0.0011605687868300458]
Prune local model 2, pr_ratio = [0.0007737125245533639, 0.0007737125245533639, 0.0007737125245533639, 0.0007737125245533639]
Prune local model 13, pr_ratio = [0.0009671406556917048, 0.0009671406556917048, 0.0009671406556917048, 0.0009671406556917048]
Prune local model 16, pr_ratio = [0.00038685626227668196, 0.00038685626227668196, 0.00038685626227668196, 0.00038685626227668196]
Prune local model 5, pr_ratio = [0.0, 0.0, 0.0, 0.0]
Prune local model 15, pr_ratio = [0.0, 0.0, 0.0, 0.0]
Prune local model 12, pr_ratio = [0.0007737125245533639, 0.0007737125245533639, 0.0007737125245533639, 0.0007737125245533639]
Prune local model 8, pr_ratio = [0.0009671406556917048, 0.0009671406556917048, 0.0009671406556917048, 0.0009671406556917048]
Prune local model 7, pr_ratio = [0.0007737125245533639, 0.0007737125245533639, 0.0007737125245533639, 0.0007737125245533639]
Prune local model 11, pr_ratio = [0.00038685626227668196, 0.00038685626227668196, 0.00038685626227668196, 0.00038685626227668196]
Round 28 – LOCAL TPR pre-agg per client: ['0.392', '0.392', '0.513', '0.830', '0.624', '0.624', '0.624', '0.830', '0.392', '0.830', '0.392', '0.830', '0.513', '0.513', '0.392', '0.513', '0.624', '0.830', '0.513', '0.392']
Round 28 – TPR per Domain: 0:0.392, 1:0.392, 2:0.513, 3:0.830, 4:0.624, 5:0.624, 6:0.624, 7:0.830, 8:0.392, 9:0.830, 10:0.392, 11:0.830, 12:0.513, 13:0.513, 14:0.392, 15:0.513, 16:0.624, 17:0.830, 18:0.513, 19:0.392
Round: 28 Method: dapperfl Mean_Acc: 60.418 Best_Acc: 60.812
Domain_Acc: [65.18, 83.16, 50.0, 43.33] Domain_BestAcc: [65.18, 83.16, 53.45, 50.0]
Prune local model 2, pr_ratio = [0.0006189700196426912, 0.0006189700196426912, 0.0006189700196426912, 0.0006189700196426912]
Prune local model 16, pr_ratio = [0.0003094850098213456, 0.0003094850098213456, 0.0003094850098213456, 0.0003094850098213456]
Prune local model 8, pr_ratio = [0.0007737125245533639, 0.0007737125245533639, 0.0007737125245533639, 0.0007737125245533639]
Prune local model 7, pr_ratio = [0.0006189700196426912, 0.0006189700196426912, 0.0006189700196426912, 0.0006189700196426912]
Prune local model 9, pr_ratio = [0.0009284550294640367, 0.0009284550294640367, 0.0009284550294640367, 0.0009284550294640367]
Prune local model 10, pr_ratio = [0.0, 0.0, 0.0, 0.0]
Prune local model 1, pr_ratio = [0.0003094850098213456, 0.0003094850098213456, 0.0003094850098213456, 0.0003094850098213456]
Prune local model 14, pr_ratio = [0.0009284550294640367, 0.0009284550294640367, 0.0009284550294640367, 0.0009284550294640367]
Prune local model 19, pr_ratio = [0.0009284550294640367, 0.0009284550294640367, 0.0009284550294640367, 0.0009284550294640367]
Prune local model 4, pr_ratio = [0.0009284550294640367, 0.0009284550294640367, 0.0009284550294640367, 0.0009284550294640367]
Prune local model 13, pr_ratio = [0.0007737125245533639, 0.0007737125245533639, 0.0007737125245533639, 0.0007737125245533639]
Prune local model 3, pr_ratio = [0.0007737125245533639, 0.0007737125245533639, 0.0007737125245533639, 0.0007737125245533639]
Prune local model 5, pr_ratio = [0.0, 0.0, 0.0, 0.0]
Prune local model 11, pr_ratio = [0.0003094850098213456, 0.0003094850098213456, 0.0003094850098213456, 0.0003094850098213456]
Prune local model 12, pr_ratio = [0.0006189700196426912, 0.0006189700196426912, 0.0006189700196426912, 0.0006189700196426912]
Prune local model 17, pr_ratio = [0.0006189700196426912, 0.0006189700196426912, 0.0006189700196426912, 0.0006189700196426912]
Prune local model 0, pr_ratio = [0.0, 0.0, 0.0, 0.0]
Prune local model 6, pr_ratio = [0.0003094850098213456, 0.0003094850098213456, 0.0003094850098213456, 0.0003094850098213456]
Prune local model 18, pr_ratio = [0.0007737125245533639, 0.0007737125245533639, 0.0007737125245533639, 0.0007737125245533639]
Prune local model 15, pr_ratio = [0.0, 0.0, 0.0, 0.0]
Round 29 – LOCAL TPR pre-agg per client: ['0.392', '0.392', '0.597', '0.835', '0.618', '0.618', '0.618', '0.835', '0.392', '0.835', '0.392', '0.835', '0.597', '0.597', '0.392', '0.597', '0.618', '0.835', '0.597', '0.392']
Round 29 – TPR per Domain: 0:0.392, 1:0.392, 2:0.597, 3:0.835, 4:0.618, 5:0.618, 6:0.618, 7:0.835, 8:0.392, 9:0.835, 10:0.392, 11:0.835, 12:0.597, 13:0.597, 14:0.392, 15:0.597, 16:0.618, 17:0.835, 18:0.597, 19:0.392
Round: 29 Method: dapperfl Mean_Acc: 63.202 Best_Acc: 63.202
Domain_Acc: [63.84, 83.68, 58.62, 46.67] Domain_BestAcc: [65.18, 83.68, 58.62, 50.0]
Prune local model 16, pr_ratio = [0.00024758800785707646, 0.00024758800785707646, 0.00024758800785707646, 0.00024758800785707646]
Prune local model 7, pr_ratio = [0.0004951760157141529, 0.0004951760157141529, 0.0004951760157141529, 0.0004951760157141529]
Prune local model 5, pr_ratio = [0.0, 0.0, 0.0, 0.0]
Prune local model 8, pr_ratio = [0.0006189700196426912, 0.0006189700196426912, 0.0006189700196426912, 0.0006189700196426912]
Prune local model 19, pr_ratio = [0.0007427640235712294, 0.0007427640235712294, 0.0007427640235712294, 0.0007427640235712294]
Prune local model 15, pr_ratio = [0.0, 0.0, 0.0, 0.0]
Prune local model 9, pr_ratio = [0.0007427640235712294, 0.0007427640235712294, 0.0007427640235712294, 0.0007427640235712294]
Prune local model 6, pr_ratio = [0.00024758800785707646, 0.00024758800785707646, 0.00024758800785707646, 0.00024758800785707646]
Prune local model 12, pr_ratio = [0.0004951760157141529, 0.0004951760157141529, 0.0004951760157141529, 0.0004951760157141529]
Prune local model 0, pr_ratio = [0.0, 0.0, 0.0, 0.0]
Prune local model 18, pr_ratio = [0.0006189700196426912, 0.0006189700196426912, 0.0006189700196426912, 0.0006189700196426912]
Prune local model 11, pr_ratio = [0.00024758800785707646, 0.00024758800785707646, 0.00024758800785707646, 0.00024758800785707646]
Prune local model 14, pr_ratio = [0.0007427640235712294, 0.0007427640235712294, 0.0007427640235712294, 0.0007427640235712294]
Prune local model 4, pr_ratio = [0.0007427640235712294, 0.0007427640235712294, 0.0007427640235712294, 0.0007427640235712294]
Prune local model 1, pr_ratio = [0.00024758800785707646, 0.00024758800785707646, 0.00024758800785707646, 0.00024758800785707646]
Prune local model 2, pr_ratio = [0.0004951760157141529, 0.0004951760157141529, 0.0004951760157141529, 0.0004951760157141529]
Prune local model 13, pr_ratio = [0.0006189700196426912, 0.0006189700196426912, 0.0006189700196426912, 0.0006189700196426912]
Prune local model 17, pr_ratio = [0.0004951760157141529, 0.0004951760157141529, 0.0004951760157141529, 0.0004951760157141529]
Prune local model 3, pr_ratio = [0.0006189700196426912, 0.0006189700196426912, 0.0006189700196426912, 0.0006189700196426912]
Prune local model 10, pr_ratio = [0.0, 0.0, 0.0, 0.0]
Round 30 – LOCAL TPR pre-agg per client: ['0.317', '0.317', '0.529', '0.800', '0.658', '0.658', '0.658', '0.800', '0.317', '0.800', '0.317', '0.800', '0.529', '0.529', '0.317', '0.529', '0.658', '0.800', '0.529', '0.317']
Round 30 – TPR per Domain: 0:0.317, 1:0.317, 2:0.529, 3:0.800, 4:0.658, 5:0.658, 6:0.658, 7:0.800, 8:0.317, 9:0.800, 10:0.317, 11:0.800, 12:0.529, 13:0.529, 14:0.317, 15:0.529, 16:0.658, 17:0.800, 18:0.529, 19:0.317
Round: 30 Method: dapperfl Mean_Acc: 58.52 Best_Acc: 63.202
Domain_Acc: [67.41, 80.0, 50.0, 36.67] Domain_BestAcc: [67.41, 83.68, 58.62, 50.0]
Prune local model 3, pr_ratio = [0.0004951760157141529, 0.0004951760157141529, 0.0004951760157141529, 0.0004951760157141529]
Prune local model 14, pr_ratio = [0.0005942112188569835, 0.0005942112188569835, 0.0005942112188569835, 0.0005942112188569835]
Prune local model 2, pr_ratio = [0.00039614081257132236, 0.00039614081257132236, 0.00039614081257132236, 0.00039614081257132236]
Prune local model 9, pr_ratio = [0.0005942112188569835, 0.0005942112188569835, 0.0005942112188569835, 0.0005942112188569835]
Prune local model 5, pr_ratio = [0.0, 0.0, 0.0, 0.0]
Prune local model 12, pr_ratio = [0.00039614081257132236, 0.00039614081257132236, 0.00039614081257132236, 0.00039614081257132236]
Prune local model 6, pr_ratio = [0.00019807040628566118, 0.00019807040628566118, 0.00019807040628566118, 0.00019807040628566118]
Prune local model 18, pr_ratio = [0.0004951760157141529, 0.0004951760157141529, 0.0004951760157141529, 0.0004951760157141529]
Prune local model 17, pr_ratio = [0.00039614081257132236, 0.00039614081257132236, 0.00039614081257132236, 0.00039614081257132236]
Prune local model 1, pr_ratio = [0.00019807040628566118, 0.00019807040628566118, 0.00019807040628566118, 0.00019807040628566118]
Prune local model 10, pr_ratio = [0.0, 0.0, 0.0, 0.0]
Prune local model 11, pr_ratio = [0.00019807040628566118, 0.00019807040628566118, 0.00019807040628566118, 0.00019807040628566118]
Prune local model 8, pr_ratio = [0.0004951760157141529, 0.0004951760157141529, 0.0004951760157141529, 0.0004951760157141529]
Prune local model 19, pr_ratio = [0.0005942112188569835, 0.0005942112188569835, 0.0005942112188569835, 0.0005942112188569835]
Prune local model 4, pr_ratio = [0.0005942112188569835, 0.0005942112188569835, 0.0005942112188569835, 0.0005942112188569835]
Prune local model 16, pr_ratio = [0.00019807040628566118, 0.00019807040628566118, 0.00019807040628566118, 0.00019807040628566118]
Prune local model 7, pr_ratio = [0.00039614081257132236, 0.00039614081257132236, 0.00039614081257132236, 0.00039614081257132236]
Prune local model 0, pr_ratio = [0.0, 0.0, 0.0, 0.0]
Prune local model 15, pr_ratio = [0.0, 0.0, 0.0, 0.0]
Prune local model 13, pr_ratio = [0.0004951760157141529, 0.0004951760157141529, 0.0004951760157141529, 0.0004951760157141529]
Round 31 – LOCAL TPR pre-agg per client: ['0.492', '0.492', '0.592', '0.835', '0.606', '0.606', '0.606', '0.835', '0.492', '0.835', '0.492', '0.835', '0.592', '0.592', '0.492', '0.592', '0.606', '0.835', '0.592', '0.492']
Round 31 – TPR per Domain: 0:0.492, 1:0.492, 2:0.592, 3:0.835, 4:0.606, 5:0.606, 6:0.606, 7:0.835, 8:0.492, 9:0.835, 10:0.492, 11:0.835, 12:0.592, 13:0.592, 14:0.492, 15:0.592, 16:0.606, 17:0.835, 18:0.592, 19:0.492
Round: 31 Method: dapperfl Mean_Acc: 64.438 Best_Acc: 64.438
Domain_Acc: [63.84, 83.68, 56.9, 53.33] Domain_BestAcc: [67.41, 83.68, 58.62, 53.33]
Prune local model 4, pr_ratio = [0.00047536897508558687, 0.00047536897508558687, 0.00047536897508558687, 0.00047536897508558687]
Prune local model 5, pr_ratio = [0.0, 0.0, 0.0, 0.0]
Prune local model 8, pr_ratio = [0.0003961408125713224, 0.0003961408125713224, 0.0003961408125713224, 0.0003961408125713224]
Prune local model 3, pr_ratio = [0.0003961408125713224, 0.0003961408125713224, 0.0003961408125713224, 0.0003961408125713224]
Prune local model 1, pr_ratio = [0.00015845632502852898, 0.00015845632502852898, 0.00015845632502852898, 0.00015845632502852898]
Prune local model 6, pr_ratio = [0.00015845632502852898, 0.00015845632502852898, 0.00015845632502852898, 0.00015845632502852898]
Prune local model 18, pr_ratio = [0.0003961408125713224, 0.0003961408125713224, 0.0003961408125713224, 0.0003961408125713224]
Prune local model 2, pr_ratio = [0.00031691265005705796, 0.00031691265005705796, 0.00031691265005705796, 0.00031691265005705796]
Prune local model 9, pr_ratio = [0.00047536897508558687, 0.00047536897508558687, 0.00047536897508558687, 0.00047536897508558687]
Prune local model 16, pr_ratio = [0.00015845632502852898, 0.00015845632502852898, 0.00015845632502852898, 0.00015845632502852898]
Prune local model 17, pr_ratio = [0.00031691265005705796, 0.00031691265005705796, 0.00031691265005705796, 0.00031691265005705796]
Prune local model 15, pr_ratio = [0.0, 0.0, 0.0, 0.0]
Prune local model 13, pr_ratio = [0.0003961408125713224, 0.0003961408125713224, 0.0003961408125713224, 0.0003961408125713224]
Prune local model 10, pr_ratio = [0.0, 0.0, 0.0, 0.0]
Prune local model 11, pr_ratio = [0.00015845632502852898, 0.00015845632502852898, 0.00015845632502852898, 0.00015845632502852898]
Prune local model 0, pr_ratio = [0.0, 0.0, 0.0, 0.0]
Prune local model 12, pr_ratio = [0.00031691265005705796, 0.00031691265005705796, 0.00031691265005705796, 0.00031691265005705796]
Prune local model 7, pr_ratio = [0.00031691265005705796, 0.00031691265005705796, 0.00031691265005705796, 0.00031691265005705796]
Prune local model 19, pr_ratio = [0.00047536897508558687, 0.00047536897508558687, 0.00047536897508558687, 0.00047536897508558687]
Prune local model 14, pr_ratio = [0.00047536897508558687, 0.00047536897508558687, 0.00047536897508558687, 0.00047536897508558687]
Round 32 – LOCAL TPR pre-agg per client: ['0.342', '0.342', '0.542', '0.810', '0.616', '0.616', '0.616', '0.810', '0.342', '0.810', '0.342', '0.810', '0.542', '0.542', '0.342', '0.542', '0.616', '0.810', '0.542', '0.342']
Round 32 – TPR per Domain: 0:0.342, 1:0.342, 2:0.542, 3:0.810, 4:0.616, 5:0.616, 6:0.616, 7:0.810, 8:0.342, 9:0.810, 10:0.342, 11:0.810, 12:0.542, 13:0.542, 14:0.342, 15:0.542, 16:0.616, 17:0.810, 18:0.542, 19:0.342
Round: 32 Method: dapperfl Mean_Acc: 60.53 Best_Acc: 64.438
Domain_Acc: [64.29, 81.05, 53.45, 43.33] Domain_BestAcc: [67.41, 83.68, 58.62, 53.33]
Prune local model 15, pr_ratio = [0.0, 0.0, 0.0, 0.0]
Prune local model 10, pr_ratio = [0.0, 0.0, 0.0, 0.0]
Prune local model 5, pr_ratio = [0.0, 0.0, 0.0, 0.0]
Prune local model 11, pr_ratio = [0.00012676506002282317, 0.00012676506002282317, 0.00012676506002282317, 0.00012676506002282317]
Prune local model 13, pr_ratio = [0.0003169126500570579, 0.0003169126500570579, 0.0003169126500570579, 0.0003169126500570579]
Prune local model 18, pr_ratio = [0.0003169126500570579, 0.0003169126500570579, 0.0003169126500570579, 0.0003169126500570579]
Prune local model 6, pr_ratio = [0.00012676506002282317, 0.00012676506002282317, 0.00012676506002282317, 0.00012676506002282317]
Prune local model 14, pr_ratio = [0.00038029518006846947, 0.00038029518006846947, 0.00038029518006846947, 0.00038029518006846947]
Prune local model 8, pr_ratio = [0.0003169126500570579, 0.0003169126500570579, 0.0003169126500570579, 0.0003169126500570579]
Prune local model 19, pr_ratio = [0.00038029518006846947, 0.00038029518006846947, 0.00038029518006846947, 0.00038029518006846947]
Prune local model 9, pr_ratio = [0.00038029518006846947, 0.00038029518006846947, 0.00038029518006846947, 0.00038029518006846947]
Prune local model 1, pr_ratio = [0.00012676506002282317, 0.00012676506002282317, 0.00012676506002282317, 0.00012676506002282317]
Prune local model 3, pr_ratio = [0.0003169126500570579, 0.0003169126500570579, 0.0003169126500570579, 0.0003169126500570579]
Prune local model 7, pr_ratio = [0.00025353012004564635, 0.00025353012004564635, 0.00025353012004564635, 0.00025353012004564635]
Prune local model 4, pr_ratio = [0.00038029518006846947, 0.00038029518006846947, 0.00038029518006846947, 0.00038029518006846947]
Prune local model 17, pr_ratio = [0.00025353012004564635, 0.00025353012004564635, 0.00025353012004564635, 0.00025353012004564635]
Prune local model 0, pr_ratio = [0.0, 0.0, 0.0, 0.0]
Prune local model 12, pr_ratio = [0.00025353012004564635, 0.00025353012004564635, 0.00025353012004564635, 0.00025353012004564635]
Prune local model 2, pr_ratio = [0.00025353012004564635, 0.00025353012004564635, 0.00025353012004564635, 0.00025353012004564635]
Prune local model 16, pr_ratio = [0.00012676506002282317, 0.00012676506002282317, 0.00012676506002282317, 0.00012676506002282317]
Round 33 – LOCAL TPR pre-agg per client: ['0.542', '0.542', '0.551', '0.825', '0.632', '0.632', '0.632', '0.825', '0.542', '0.825', '0.542', '0.825', '0.551', '0.551', '0.542', '0.551', '0.632', '0.825', '0.551', '0.542']
Round 33 – TPR per Domain: 0:0.542, 1:0.542, 2:0.551, 3:0.825, 4:0.632, 5:0.632, 6:0.632, 7:0.825, 8:0.542, 9:0.825, 10:0.542, 11:0.825, 12:0.551, 13:0.551, 14:0.542, 15:0.551, 16:0.632, 17:0.825, 18:0.551, 19:0.542
Round: 33 Method: dapperfl Mean_Acc: 63.647 Best_Acc: 64.438
Domain_Acc: [65.18, 82.63, 53.45, 53.33] Domain_BestAcc: [67.41, 83.68, 58.62, 53.33]
Prune local model 11, pr_ratio = [0.00010141204801825854, 0.00010141204801825854, 0.00010141204801825854, 0.00010141204801825854]
Prune local model 6, pr_ratio = [0.00010141204801825854, 0.00010141204801825854, 0.00010141204801825854, 0.00010141204801825854]
Prune local model 13, pr_ratio = [0.00025353012004564635, 0.00025353012004564635, 0.00025353012004564635, 0.00025353012004564635]
Prune local model 17, pr_ratio = [0.00020282409603651709, 0.00020282409603651709, 0.00020282409603651709, 0.00020282409603651709]
Prune local model 19, pr_ratio = [0.0003042361440547756, 0.0003042361440547756, 0.0003042361440547756, 0.0003042361440547756]
Prune local model 4, pr_ratio = [0.0003042361440547756, 0.0003042361440547756, 0.0003042361440547756, 0.0003042361440547756]
Prune local model 3, pr_ratio = [0.00025353012004564635, 0.00025353012004564635, 0.00025353012004564635, 0.00025353012004564635]
Prune local model 18, pr_ratio = [0.00025353012004564635, 0.00025353012004564635, 0.00025353012004564635, 0.00025353012004564635]
Prune local model 7, pr_ratio = [0.00020282409603651709, 0.00020282409603651709, 0.00020282409603651709, 0.00020282409603651709]
Prune local model 2, pr_ratio = [0.00020282409603651709, 0.00020282409603651709, 0.00020282409603651709, 0.00020282409603651709]
Prune local model 5, pr_ratio = [0.0, 0.0, 0.0, 0.0]
Prune local model 1, pr_ratio = [0.00010141204801825854, 0.00010141204801825854, 0.00010141204801825854, 0.00010141204801825854]
Prune local model 8, pr_ratio = [0.00025353012004564635, 0.00025353012004564635, 0.00025353012004564635, 0.00025353012004564635]
Prune local model 16, pr_ratio = [0.00010141204801825854, 0.00010141204801825854, 0.00010141204801825854, 0.00010141204801825854]
Prune local model 12, pr_ratio = [0.00020282409603651709, 0.00020282409603651709, 0.00020282409603651709, 0.00020282409603651709]
Prune local model 14, pr_ratio = [0.0003042361440547756, 0.0003042361440547756, 0.0003042361440547756, 0.0003042361440547756]
Prune local model 10, pr_ratio = [0.0, 0.0, 0.0, 0.0]
Prune local model 9, pr_ratio = [0.0003042361440547756, 0.0003042361440547756, 0.0003042361440547756, 0.0003042361440547756]
Prune local model 15, pr_ratio = [0.0, 0.0, 0.0, 0.0]
Prune local model 0, pr_ratio = [0.0, 0.0, 0.0, 0.0]
Round 34 – LOCAL TPR pre-agg per client: ['0.492', '0.492', '0.571', '0.826', '0.623', '0.623', '0.623', '0.826', '0.492', '0.826', '0.492', '0.826', '0.571', '0.571', '0.492', '0.571', '0.623', '0.826', '0.571', '0.492']
Round 34 – TPR per Domain: 0:0.492, 1:0.492, 2:0.571, 3:0.826, 4:0.623, 5:0.623, 6:0.623, 7:0.826, 8:0.492, 9:0.826, 10:0.492, 11:0.826, 12:0.571, 13:0.571, 14:0.492, 15:0.571, 16:0.623, 17:0.826, 18:0.571, 19:0.492
Round: 34 Method: dapperfl Mean_Acc: 63.535 Best_Acc: 64.438
Domain_Acc: [64.73, 82.63, 53.45, 53.33] Domain_BestAcc: [67.41, 83.68, 58.62, 53.33]
Prune local model 3, pr_ratio = [0.00020282409603651709, 0.00020282409603651709, 0.00020282409603651709, 0.00020282409603651709]
Prune local model 0, pr_ratio = [0.0, 0.0, 0.0, 0.0]
Prune local model 2, pr_ratio = [0.00016225927682921368, 0.00016225927682921368, 0.00016225927682921368, 0.00016225927682921368]
Prune local model 14, pr_ratio = [0.0002433889152438205, 0.0002433889152438205, 0.0002433889152438205, 0.0002433889152438205]
Prune local model 19, pr_ratio = [0.0002433889152438205, 0.0002433889152438205, 0.0002433889152438205, 0.0002433889152438205]
Prune local model 6, pr_ratio = [8.112963841460684e-05, 8.112963841460684e-05, 8.112963841460684e-05, 8.112963841460684e-05]
Prune local model 8, pr_ratio = [0.00020282409603651709, 0.00020282409603651709, 0.00020282409603651709, 0.00020282409603651709]
Prune local model 9, pr_ratio = [0.0002433889152438205, 0.0002433889152438205, 0.0002433889152438205, 0.0002433889152438205]
Prune local model 17, pr_ratio = [0.00016225927682921368, 0.00016225927682921368, 0.00016225927682921368, 0.00016225927682921368]
Prune local model 12, pr_ratio = [0.00016225927682921368, 0.00016225927682921368, 0.00016225927682921368, 0.00016225927682921368]
Prune local model 4, pr_ratio = [0.0002433889152438205, 0.0002433889152438205, 0.0002433889152438205, 0.0002433889152438205]
Prune local model 10, pr_ratio = [0.0, 0.0, 0.0, 0.0]
Prune local model 15, pr_ratio = [0.0, 0.0, 0.0, 0.0]
Prune local model 16, pr_ratio = [8.112963841460684e-05, 8.112963841460684e-05, 8.112963841460684e-05, 8.112963841460684e-05]
Prune local model 1, pr_ratio = [8.112963841460684e-05, 8.112963841460684e-05, 8.112963841460684e-05, 8.112963841460684e-05]
Prune local model 7, pr_ratio = [0.00016225927682921368, 0.00016225927682921368, 0.00016225927682921368, 0.00016225927682921368]
Prune local model 11, pr_ratio = [8.112963841460684e-05, 8.112963841460684e-05, 8.112963841460684e-05, 8.112963841460684e-05]
Prune local model 18, pr_ratio = [0.00020282409603651709, 0.00020282409603651709, 0.00020282409603651709, 0.00020282409603651709]
Prune local model 5, pr_ratio = [0.0, 0.0, 0.0, 0.0]
Prune local model 13, pr_ratio = [0.00020282409603651709, 0.00020282409603651709, 0.00020282409603651709, 0.00020282409603651709]
Round 35 – LOCAL TPR pre-agg per client: ['0.492', '0.492', '0.646', '0.830', '0.622', '0.622', '0.622', '0.830', '0.492', '0.830', '0.492', '0.830', '0.646', '0.646', '0.492', '0.646', '0.622', '0.830', '0.646', '0.492']
Round 35 – TPR per Domain: 0:0.492, 1:0.492, 2:0.646, 3:0.830, 4:0.622, 5:0.622, 6:0.622, 7:0.830, 8:0.492, 9:0.830, 10:0.492, 11:0.830, 12:0.646, 13:0.646, 14:0.492, 15:0.646, 16:0.622, 17:0.830, 18:0.646, 19:0.492
Round: 35 Method: dapperfl Mean_Acc: 66.142 Best_Acc: 66.142
Domain_Acc: [64.29, 83.16, 63.79, 53.33] Domain_BestAcc: [67.41, 83.68, 63.79, 53.33]
Prune local model 4, pr_ratio = [0.00019471113219505641, 0.00019471113219505641, 0.00019471113219505641, 0.00019471113219505641]
Prune local model 2, pr_ratio = [0.00012980742146337094, 0.00012980742146337094, 0.00012980742146337094, 0.00012980742146337094]
Prune local model 0, pr_ratio = [0.0, 0.0, 0.0, 0.0]
Prune local model 5, pr_ratio = [0.0, 0.0, 0.0, 0.0]
Prune local model 1, pr_ratio = [6.490371073168547e-05, 6.490371073168547e-05, 6.490371073168547e-05, 6.490371073168547e-05]
Prune local model 9, pr_ratio = [0.00019471113219505641, 0.00019471113219505641, 0.00019471113219505641, 0.00019471113219505641]
Prune local model 10, pr_ratio = [0.0, 0.0, 0.0, 0.0]
Prune local model 17, pr_ratio = [0.00012980742146337094, 0.00012980742146337094, 0.00012980742146337094, 0.00012980742146337094]
Prune local model 14, pr_ratio = [0.00019471113219505641, 0.00019471113219505641, 0.00019471113219505641, 0.00019471113219505641]
Prune local model 12, pr_ratio = [0.00012980742146337094, 0.00012980742146337094, 0.00012980742146337094, 0.00012980742146337094]
Prune local model 16, pr_ratio = [6.490371073168547e-05, 6.490371073168547e-05, 6.490371073168547e-05, 6.490371073168547e-05]
Prune local model 7, pr_ratio = [0.00012980742146337094, 0.00012980742146337094, 0.00012980742146337094, 0.00012980742146337094]
Prune local model 3, pr_ratio = [0.00016225927682921368, 0.00016225927682921368, 0.00016225927682921368, 0.00016225927682921368]
Prune local model 11, pr_ratio = [6.490371073168547e-05, 6.490371073168547e-05, 6.490371073168547e-05, 6.490371073168547e-05]
Prune local model 8, pr_ratio = [0.00016225927682921368, 0.00016225927682921368, 0.00016225927682921368, 0.00016225927682921368]
Prune local model 18, pr_ratio = [0.00016225927682921368, 0.00016225927682921368, 0.00016225927682921368, 0.00016225927682921368]
Prune local model 6, pr_ratio = [6.490371073168547e-05, 6.490371073168547e-05, 6.490371073168547e-05, 6.490371073168547e-05]
Prune local model 15, pr_ratio = [0.0, 0.0, 0.0, 0.0]
Prune local model 19, pr_ratio = [0.00019471113219505641, 0.00019471113219505641, 0.00019471113219505641, 0.00019471113219505641]
Prune local model 13, pr_ratio = [0.00016225927682921368, 0.00016225927682921368, 0.00016225927682921368, 0.00016225927682921368]
Round 36 – LOCAL TPR pre-agg per client: ['0.442', '0.442', '0.588', '0.820', '0.628', '0.628', '0.628', '0.820', '0.442', '0.820', '0.442', '0.820', '0.588', '0.588', '0.442', '0.588', '0.628', '0.820', '0.588', '0.442']
Round 36 – TPR per Domain: 0:0.442, 1:0.442, 2:0.588, 3:0.820, 4:0.628, 5:0.628, 6:0.628, 7:0.820, 8:0.442, 9:0.820, 10:0.442, 11:0.820, 12:0.588, 13:0.588, 14:0.442, 15:0.588, 16:0.628, 17:0.820, 18:0.588, 19:0.442
Round: 36 Method: dapperfl Mean_Acc: 63.225 Best_Acc: 66.142
Domain_Acc: [65.62, 82.11, 55.17, 50.0] Domain_BestAcc: [67.41, 83.68, 63.79, 53.33]
Prune local model 8, pr_ratio = [0.00012980742146337097, 0.00012980742146337097, 0.00012980742146337097, 0.00012980742146337097]
Prune local model 17, pr_ratio = [0.00010384593717069678, 0.00010384593717069678, 0.00010384593717069678, 0.00010384593717069678]
Prune local model 19, pr_ratio = [0.00015576890575604515, 0.00015576890575604515, 0.00015576890575604515, 0.00015576890575604515]
Prune local model 2, pr_ratio = [0.00010384593717069678, 0.00010384593717069678, 0.00010384593717069678, 0.00010384593717069678]
Prune local model 16, pr_ratio = [5.192296858534839e-05, 5.192296858534839e-05, 5.192296858534839e-05, 5.192296858534839e-05]
Prune local model 12, pr_ratio = [0.00010384593717069678, 0.00010384593717069678, 0.00010384593717069678, 0.00010384593717069678]
Prune local model 14, pr_ratio = [0.00015576890575604515, 0.00015576890575604515, 0.00015576890575604515, 0.00015576890575604515]
Prune local model 3, pr_ratio = [0.00012980742146337097, 0.00012980742146337097, 0.00012980742146337097, 0.00012980742146337097]
Prune local model 0, pr_ratio = [0.0, 0.0, 0.0, 0.0]
Prune local model 9, pr_ratio = [0.00015576890575604515, 0.00015576890575604515, 0.00015576890575604515, 0.00015576890575604515]
Prune local model 10, pr_ratio = [0.0, 0.0, 0.0, 0.0]
Prune local model 7, pr_ratio = [0.00010384593717069678, 0.00010384593717069678, 0.00010384593717069678, 0.00010384593717069678]
Prune local model 11, pr_ratio = [5.192296858534839e-05, 5.192296858534839e-05, 5.192296858534839e-05, 5.192296858534839e-05]
Prune local model 1, pr_ratio = [5.192296858534839e-05, 5.192296858534839e-05, 5.192296858534839e-05, 5.192296858534839e-05]
Prune local model 6, pr_ratio = [5.192296858534839e-05, 5.192296858534839e-05, 5.192296858534839e-05, 5.192296858534839e-05]
Prune local model 13, pr_ratio = [0.00012980742146337097, 0.00012980742146337097, 0.00012980742146337097, 0.00012980742146337097]
Prune local model 18, pr_ratio = [0.00012980742146337097, 0.00012980742146337097, 0.00012980742146337097, 0.00012980742146337097]
Prune local model 4, pr_ratio = [0.00015576890575604515, 0.00015576890575604515, 0.00015576890575604515, 0.00015576890575604515]
Prune local model 5, pr_ratio = [0.0, 0.0, 0.0, 0.0]
Prune local model 15, pr_ratio = [0.0, 0.0, 0.0, 0.0]
Round 37 – LOCAL TPR pre-agg per client: ['0.467', '0.467', '0.542', '0.826', '0.657', '0.657', '0.657', '0.826', '0.467', '0.826', '0.467', '0.826', '0.542', '0.542', '0.467', '0.542', '0.657', '0.826', '0.542', '0.467']
Round 37 – TPR per Domain: 0:0.467, 1:0.467, 2:0.542, 3:0.826, 4:0.657, 5:0.657, 6:0.657, 7:0.826, 8:0.467, 9:0.826, 10:0.467, 11:0.826, 12:0.542, 13:0.542, 14:0.467, 15:0.542, 16:0.657, 17:0.826, 18:0.542, 19:0.467
Round: 37 Method: dapperfl Mean_Acc: 64.205 Best_Acc: 66.142
Domain_Acc: [67.41, 82.63, 53.45, 53.33] Domain_BestAcc: [67.41, 83.68, 63.79, 53.33]
Prune local model 17, pr_ratio = [8.307674973655741e-05, 8.307674973655741e-05, 8.307674973655741e-05, 8.307674973655741e-05]
Prune local model 15, pr_ratio = [0.0, 0.0, 0.0, 0.0]
Prune local model 2, pr_ratio = [8.307674973655741e-05, 8.307674973655741e-05, 8.307674973655741e-05, 8.307674973655741e-05]
Prune local model 8, pr_ratio = [0.00010384593717069677, 0.00010384593717069677, 0.00010384593717069677, 0.00010384593717069677]
Prune local model 0, pr_ratio = [0.0, 0.0, 0.0, 0.0]
Prune local model 6, pr_ratio = [4.1538374868278706e-05, 4.1538374868278706e-05, 4.1538374868278706e-05, 4.1538374868278706e-05]
Prune local model 3, pr_ratio = [0.00010384593717069677, 0.00010384593717069677, 0.00010384593717069677, 0.00010384593717069677]
Prune local model 12, pr_ratio = [8.307674973655741e-05, 8.307674973655741e-05, 8.307674973655741e-05, 8.307674973655741e-05]
Prune local model 14, pr_ratio = [0.00012461512460483612, 0.00012461512460483612, 0.00012461512460483612, 0.00012461512460483612]
Prune local model 16, pr_ratio = [4.1538374868278706e-05, 4.1538374868278706e-05, 4.1538374868278706e-05, 4.1538374868278706e-05]
Prune local model 10, pr_ratio = [0.0, 0.0, 0.0, 0.0]
Prune local model 5, pr_ratio = [0.0, 0.0, 0.0, 0.0]
Prune local model 11, pr_ratio = [4.1538374868278706e-05, 4.1538374868278706e-05, 4.1538374868278706e-05, 4.1538374868278706e-05]
Prune local model 7, pr_ratio = [8.307674973655741e-05, 8.307674973655741e-05, 8.307674973655741e-05, 8.307674973655741e-05]
Prune local model 18, pr_ratio = [0.00010384593717069677, 0.00010384593717069677, 0.00010384593717069677, 0.00010384593717069677]
Prune local model 19, pr_ratio = [0.00012461512460483612, 0.00012461512460483612, 0.00012461512460483612, 0.00012461512460483612]
Prune local model 13, pr_ratio = [0.00010384593717069677, 0.00010384593717069677, 0.00010384593717069677, 0.00010384593717069677]
Prune local model 1, pr_ratio = [4.1538374868278706e-05, 4.1538374868278706e-05, 4.1538374868278706e-05, 4.1538374868278706e-05]
Prune local model 9, pr_ratio = [0.00012461512460483612, 0.00012461512460483612, 0.00012461512460483612, 0.00012461512460483612]
Prune local model 4, pr_ratio = [0.00012461512460483612, 0.00012461512460483612, 0.00012461512460483612, 0.00012461512460483612]
Round 38 – LOCAL TPR pre-agg per client: ['0.392', '0.392', '0.583', '0.831', '0.644', '0.644', '0.644', '0.831', '0.392', '0.831', '0.392', '0.831', '0.583', '0.583', '0.392', '0.583', '0.644', '0.831', '0.583', '0.392']
Round 38 – TPR per Domain: 0:0.392, 1:0.392, 2:0.583, 3:0.831, 4:0.639, 5:0.639, 6:0.639, 7:0.831, 8:0.392, 9:0.831, 10:0.392, 11:0.831, 12:0.583, 13:0.583, 14:0.392, 15:0.583, 16:0.639, 17:0.831, 18:0.583, 19:0.392
Round: 38 Method: dapperfl Mean_Acc: 62.88 Best_Acc: 66.142
Domain_Acc: [66.52, 83.16, 55.17, 46.67] Domain_BestAcc: [67.41, 83.68, 63.79, 53.33]
Prune local model 15, pr_ratio = [0.0, 0.0, 0.0, 0.0]
Prune local model 12, pr_ratio = [6.646139978924594e-05, 6.646139978924594e-05, 6.646139978924594e-05, 6.646139978924594e-05]
Prune local model 5, pr_ratio = [0.0, 0.0, 0.0, 0.0]
Prune local model 2, pr_ratio = [6.646139978924594e-05, 6.646139978924594e-05, 6.646139978924594e-05, 6.646139978924594e-05]
Prune local model 18, pr_ratio = [8.307674973655743e-05, 8.307674973655743e-05, 8.307674973655743e-05, 8.307674973655743e-05]
Prune local model 9, pr_ratio = [9.969209968386891e-05, 9.969209968386891e-05, 9.969209968386891e-05, 9.969209968386891e-05]
Prune local model 19, pr_ratio = [9.969209968386891e-05, 9.969209968386891e-05, 9.969209968386891e-05, 9.969209968386891e-05]
Prune local model 16, pr_ratio = [3.323069989462297e-05, 3.323069989462297e-05, 3.323069989462297e-05, 3.323069989462297e-05]
Prune local model 14, pr_ratio = [9.969209968386891e-05, 9.969209968386891e-05, 9.969209968386891e-05, 9.969209968386891e-05]
Prune local model 11, pr_ratio = [3.323069989462297e-05, 3.323069989462297e-05, 3.323069989462297e-05, 3.323069989462297e-05]
Prune local model 13, pr_ratio = [8.307674973655743e-05, 8.307674973655743e-05, 8.307674973655743e-05, 8.307674973655743e-05]
Prune local model 4, pr_ratio = [9.969209968386891e-05, 9.969209968386891e-05, 9.969209968386891e-05, 9.969209968386891e-05]
Prune local model 3, pr_ratio = [8.307674973655743e-05, 8.307674973655743e-05, 8.307674973655743e-05, 8.307674973655743e-05]
Prune local model 8, pr_ratio = [8.307674973655743e-05, 8.307674973655743e-05, 8.307674973655743e-05, 8.307674973655743e-05]
Prune local model 1, pr_ratio = [3.323069989462297e-05, 3.323069989462297e-05, 3.323069989462297e-05, 3.323069989462297e-05]
Prune local model 10, pr_ratio = [0.0, 0.0, 0.0, 0.0]
Prune local model 6, pr_ratio = [3.323069989462297e-05, 3.323069989462297e-05, 3.323069989462297e-05, 3.323069989462297e-05]
Prune local model 0, pr_ratio = [0.0, 0.0, 0.0, 0.0]
Prune local model 17, pr_ratio = [6.646139978924594e-05, 6.646139978924594e-05, 6.646139978924594e-05, 6.646139978924594e-05]
Prune local model 7, pr_ratio = [6.646139978924594e-05, 6.646139978924594e-05, 6.646139978924594e-05, 6.646139978924594e-05]
Round 39 – LOCAL TPR pre-agg per client: ['0.442', '0.442', '0.592', '0.846', '0.666', '0.666', '0.666', '0.846', '0.442', '0.846', '0.442', '0.846', '0.592', '0.592', '0.442', '0.592', '0.666', '0.846', '0.592', '0.442']
Round 39 – TPR per Domain: 0:0.442, 1:0.442, 2:0.592, 3:0.846, 4:0.666, 5:0.666, 6:0.666, 7:0.846, 8:0.442, 9:0.846, 10:0.442, 11:0.846, 12:0.592, 13:0.592, 14:0.442, 15:0.592, 16:0.666, 17:0.846, 18:0.592, 19:0.442
Round: 39 Method: dapperfl Mean_Acc: 65.098 Best_Acc: 66.142
Domain_Acc: [68.75, 84.74, 56.9, 50.0] Domain_BestAcc: [68.75, 84.74, 63.79, 53.33]
Prune local model 4, pr_ratio = [7.975367974709513e-05, 7.975367974709513e-05, 7.975367974709513e-05, 7.975367974709513e-05]
Prune local model 10, pr_ratio = [0.0, 0.0, 0.0, 0.0]
Prune local model 2, pr_ratio = [5.316911983139675e-05, 5.316911983139675e-05, 5.316911983139675e-05, 5.316911983139675e-05]
Prune local model 7, pr_ratio = [5.316911983139675e-05, 5.316911983139675e-05, 5.316911983139675e-05, 5.316911983139675e-05]
Prune local model 18, pr_ratio = [6.646139978924594e-05, 6.646139978924594e-05, 6.646139978924594e-05, 6.646139978924594e-05]
Prune local model 19, pr_ratio = [7.975367974709513e-05, 7.975367974709513e-05, 7.975367974709513e-05, 7.975367974709513e-05]
Prune local model 8, pr_ratio = [6.646139978924594e-05, 6.646139978924594e-05, 6.646139978924594e-05, 6.646139978924594e-05]
Prune local model 17, pr_ratio = [5.316911983139675e-05, 5.316911983139675e-05, 5.316911983139675e-05, 5.316911983139675e-05]
Prune local model 3, pr_ratio = [6.646139978924594e-05, 6.646139978924594e-05, 6.646139978924594e-05, 6.646139978924594e-05]
Prune local model 1, pr_ratio = [2.6584559915698375e-05, 2.6584559915698375e-05, 2.6584559915698375e-05, 2.6584559915698375e-05]
Prune local model 6, pr_ratio = [2.6584559915698375e-05, 2.6584559915698375e-05, 2.6584559915698375e-05, 2.6584559915698375e-05]
Prune local model 11, pr_ratio = [2.6584559915698375e-05, 2.6584559915698375e-05, 2.6584559915698375e-05, 2.6584559915698375e-05]
Prune local model 16, pr_ratio = [2.6584559915698375e-05, 2.6584559915698375e-05, 2.6584559915698375e-05, 2.6584559915698375e-05]
Prune local model 5, pr_ratio = [0.0, 0.0, 0.0, 0.0]
Prune local model 15, pr_ratio = [0.0, 0.0, 0.0, 0.0]
Prune local model 13, pr_ratio = [6.646139978924594e-05, 6.646139978924594e-05, 6.646139978924594e-05, 6.646139978924594e-05]
Prune local model 0, pr_ratio = [0.0, 0.0, 0.0, 0.0]
Prune local model 9, pr_ratio = [7.975367974709513e-05, 7.975367974709513e-05, 7.975367974709513e-05, 7.975367974709513e-05]
Prune local model 12, pr_ratio = [5.316911983139675e-05, 5.316911983139675e-05, 5.316911983139675e-05, 5.316911983139675e-05]
Prune local model 14, pr_ratio = [7.975367974709513e-05, 7.975367974709513e-05, 7.975367974709513e-05, 7.975367974709513e-05]
Round 40 – LOCAL TPR pre-agg per client: ['0.317', '0.317', '0.568', '0.841', '0.650', '0.650', '0.650', '0.841', '0.317', '0.841', '0.317', '0.841', '0.568', '0.568', '0.317', '0.568', '0.650', '0.841', '0.568', '0.317']
Round 40 – TPR per Domain: 0:0.317, 1:0.317, 2:0.568, 3:0.841, 4:0.650, 5:0.650, 6:0.650, 7:0.841, 8:0.317, 9:0.841, 10:0.317, 11:0.841, 12:0.568, 13:0.568, 14:0.317, 15:0.568, 16:0.650, 17:0.841, 18:0.568, 19:0.317
Round: 40 Method: dapperfl Mean_Acc: 61.155 Best_Acc: 66.142
Domain_Acc: [66.96, 84.21, 53.45, 40.0] Domain_BestAcc: [68.75, 84.74, 63.79, 53.33]
Prune local model 17, pr_ratio = [4.253529586511741e-05, 4.253529586511741e-05, 4.253529586511741e-05, 4.253529586511741e-05]
Prune local model 11, pr_ratio = [2.1267647932558706e-05, 2.1267647932558706e-05, 2.1267647932558706e-05, 2.1267647932558706e-05]
Prune local model 7, pr_ratio = [4.253529586511741e-05, 4.253529586511741e-05, 4.253529586511741e-05, 4.253529586511741e-05]
Prune local model 19, pr_ratio = [6.38029437976761e-05, 6.38029437976761e-05, 6.38029437976761e-05, 6.38029437976761e-05]
Prune local model 14, pr_ratio = [6.38029437976761e-05, 6.38029437976761e-05, 6.38029437976761e-05, 6.38029437976761e-05]
Prune local model 8, pr_ratio = [5.316911983139676e-05, 5.316911983139676e-05, 5.316911983139676e-05, 5.316911983139676e-05]
Prune local model 4, pr_ratio = [6.38029437976761e-05, 6.38029437976761e-05, 6.38029437976761e-05, 6.38029437976761e-05]
Prune local model 0, pr_ratio = [0.0, 0.0, 0.0, 0.0]
Prune local model 16, pr_ratio = [2.1267647932558706e-05, 2.1267647932558706e-05, 2.1267647932558706e-05, 2.1267647932558706e-05]
Prune local model 9, pr_ratio = [6.38029437976761e-05, 6.38029437976761e-05, 6.38029437976761e-05, 6.38029437976761e-05]
Prune local model 10, pr_ratio = [0.0, 0.0, 0.0, 0.0]
Prune local model 6, pr_ratio = [2.1267647932558706e-05, 2.1267647932558706e-05, 2.1267647932558706e-05, 2.1267647932558706e-05]
Prune local model 13, pr_ratio = [5.316911983139676e-05, 5.316911983139676e-05, 5.316911983139676e-05, 5.316911983139676e-05]
Prune local model 2, pr_ratio = [4.253529586511741e-05, 4.253529586511741e-05, 4.253529586511741e-05, 4.253529586511741e-05]
Prune local model 12, pr_ratio = [4.253529586511741e-05, 4.253529586511741e-05, 4.253529586511741e-05, 4.253529586511741e-05]
Prune local model 15, pr_ratio = [0.0, 0.0, 0.0, 0.0]
Prune local model 1, pr_ratio = [2.1267647932558706e-05, 2.1267647932558706e-05, 2.1267647932558706e-05, 2.1267647932558706e-05]
Prune local model 5, pr_ratio = [0.0, 0.0, 0.0, 0.0]
Prune local model 3, pr_ratio = [5.316911983139676e-05, 5.316911983139676e-05, 5.316911983139676e-05, 5.316911983139676e-05]
Prune local model 18, pr_ratio = [5.316911983139676e-05, 5.316911983139676e-05, 5.316911983139676e-05, 5.316911983139676e-05]
Round 41 – LOCAL TPR pre-agg per client: ['0.317', '0.317', '0.588', '0.858', '0.641', '0.641', '0.641', '0.858', '0.317', '0.858', '0.317', '0.858', '0.588', '0.588', '0.317', '0.588', '0.641', '0.858', '0.588', '0.317']
Round 41 – TPR per Domain: 0:0.317, 1:0.317, 2:0.588, 3:0.858, 4:0.641, 5:0.641, 6:0.641, 7:0.858, 8:0.317, 9:0.858, 10:0.317, 11:0.858, 12:0.588, 13:0.588, 14:0.317, 15:0.588, 16:0.641, 17:0.858, 18:0.588, 19:0.317
Round: 41 Method: dapperfl Mean_Acc: 62.302 Best_Acc: 66.142
Domain_Acc: [66.52, 85.79, 56.9, 40.0] Domain_BestAcc: [68.75, 85.79, 63.79, 53.33]
Prune local model 13, pr_ratio = [4.2535295865117404e-05, 4.2535295865117404e-05, 4.2535295865117404e-05, 4.2535295865117404e-05]
Prune local model 3, pr_ratio = [4.2535295865117404e-05, 4.2535295865117404e-05, 4.2535295865117404e-05, 4.2535295865117404e-05]
Prune local model 14, pr_ratio = [5.1042355038140885e-05, 5.1042355038140885e-05, 5.1042355038140885e-05, 5.1042355038140885e-05]
Prune local model 18, pr_ratio = [4.2535295865117404e-05, 4.2535295865117404e-05, 4.2535295865117404e-05, 4.2535295865117404e-05]
Prune local model 6, pr_ratio = [1.7014118346046962e-05, 1.7014118346046962e-05, 1.7014118346046962e-05, 1.7014118346046962e-05]
Prune local model 17, pr_ratio = [3.4028236692093924e-05, 3.4028236692093924e-05, 3.4028236692093924e-05, 3.4028236692093924e-05]
Prune local model 8, pr_ratio = [4.2535295865117404e-05, 4.2535295865117404e-05, 4.2535295865117404e-05, 4.2535295865117404e-05]
Prune local model 9, pr_ratio = [5.1042355038140885e-05, 5.1042355038140885e-05, 5.1042355038140885e-05, 5.1042355038140885e-05]
Prune local model 10, pr_ratio = [0.0, 0.0, 0.0, 0.0]
Prune local model 16, pr_ratio = [1.7014118346046962e-05, 1.7014118346046962e-05, 1.7014118346046962e-05, 1.7014118346046962e-05]
Prune local model 19, pr_ratio = [5.1042355038140885e-05, 5.1042355038140885e-05, 5.1042355038140885e-05, 5.1042355038140885e-05]
Prune local model 1, pr_ratio = [1.7014118346046962e-05, 1.7014118346046962e-05, 1.7014118346046962e-05, 1.7014118346046962e-05]
Prune local model 2, pr_ratio = [3.4028236692093924e-05, 3.4028236692093924e-05, 3.4028236692093924e-05, 3.4028236692093924e-05]
Prune local model 5, pr_ratio = [0.0, 0.0, 0.0, 0.0]
Prune local model 11, pr_ratio = [1.7014118346046962e-05, 1.7014118346046962e-05, 1.7014118346046962e-05, 1.7014118346046962e-05]
Prune local model 4, pr_ratio = [5.1042355038140885e-05, 5.1042355038140885e-05, 5.1042355038140885e-05, 5.1042355038140885e-05]
Prune local model 15, pr_ratio = [0.0, 0.0, 0.0, 0.0]
Prune local model 7, pr_ratio = [3.4028236692093924e-05, 3.4028236692093924e-05, 3.4028236692093924e-05, 3.4028236692093924e-05]
Prune local model 0, pr_ratio = [0.0, 0.0, 0.0, 0.0]
Prune local model 12, pr_ratio = [3.4028236692093924e-05, 3.4028236692093924e-05, 3.4028236692093924e-05, 3.4028236692093924e-05]
Round 42 – LOCAL TPR pre-agg per client: ['0.442', '0.442', '0.629', '0.830', '0.677', '0.677', '0.677', '0.830', '0.442', '0.830', '0.442', '0.830', '0.629', '0.629', '0.442', '0.629', '0.677', '0.830', '0.629', '0.442']
Round 42 – TPR per Domain: 0:0.442, 1:0.442, 2:0.629, 3:0.830, 4:0.677, 5:0.677, 6:0.677, 7:0.830, 8:0.442, 9:0.830, 10:0.442, 11:0.830, 12:0.629, 13:0.629, 14:0.442, 15:0.629, 16:0.677, 17:0.830, 18:0.629, 19:0.442
Round: 42 Method: dapperfl Mean_Acc: 65.785 Best_Acc: 66.142
Domain_Acc: [69.64, 83.16, 60.34, 50.0] Domain_BestAcc: [69.64, 85.79, 63.79, 53.33]
Prune local model 12, pr_ratio = [2.7222589353675147e-05, 2.7222589353675147e-05, 2.7222589353675147e-05, 2.7222589353675147e-05]
Prune local model 5, pr_ratio = [0.0, 0.0, 0.0, 0.0]
Prune local model 9, pr_ratio = [4.0833884030512714e-05, 4.0833884030512714e-05, 4.0833884030512714e-05, 4.0833884030512714e-05]
Prune local model 16, pr_ratio = [1.3611294676837573e-05, 1.3611294676837573e-05, 1.3611294676837573e-05, 1.3611294676837573e-05]
Prune local model 1, pr_ratio = [1.3611294676837573e-05, 1.3611294676837573e-05, 1.3611294676837573e-05, 1.3611294676837573e-05]
Prune local model 6, pr_ratio = [1.3611294676837573e-05, 1.3611294676837573e-05, 1.3611294676837573e-05, 1.3611294676837573e-05]
Prune local model 19, pr_ratio = [4.0833884030512714e-05, 4.0833884030512714e-05, 4.0833884030512714e-05, 4.0833884030512714e-05]
Prune local model 7, pr_ratio = [2.7222589353675147e-05, 2.7222589353675147e-05, 2.7222589353675147e-05, 2.7222589353675147e-05]
Prune local model 13, pr_ratio = [3.402823669209393e-05, 3.402823669209393e-05, 3.402823669209393e-05, 3.402823669209393e-05]
Prune local model 14, pr_ratio = [4.0833884030512714e-05, 4.0833884030512714e-05, 4.0833884030512714e-05, 4.0833884030512714e-05]
Prune local model 17, pr_ratio = [2.7222589353675147e-05, 2.7222589353675147e-05, 2.7222589353675147e-05, 2.7222589353675147e-05]
Prune local model 10, pr_ratio = [0.0, 0.0, 0.0, 0.0]
Prune local model 18, pr_ratio = [3.402823669209393e-05, 3.402823669209393e-05, 3.402823669209393e-05, 3.402823669209393e-05]
Prune local model 3, pr_ratio = [3.402823669209393e-05, 3.402823669209393e-05, 3.402823669209393e-05, 3.402823669209393e-05]
Prune local model 0, pr_ratio = [0.0, 0.0, 0.0, 0.0]
Prune local model 2, pr_ratio = [2.7222589353675147e-05, 2.7222589353675147e-05, 2.7222589353675147e-05, 2.7222589353675147e-05]
Prune local model 15, pr_ratio = [0.0, 0.0, 0.0, 0.0]
Prune local model 8, pr_ratio = [3.402823669209393e-05, 3.402823669209393e-05, 3.402823669209393e-05, 3.402823669209393e-05]
Prune local model 11, pr_ratio = [1.3611294676837573e-05, 1.3611294676837573e-05, 1.3611294676837573e-05, 1.3611294676837573e-05]
Prune local model 4, pr_ratio = [4.0833884030512714e-05, 4.0833884030512714e-05, 4.0833884030512714e-05, 4.0833884030512714e-05]
Round 43 – LOCAL TPR pre-agg per client: ['0.492', '0.492', '0.601', '0.830', '0.652', '0.652', '0.652', '0.830', '0.492', '0.830', '0.492', '0.830', '0.601', '0.601', '0.492', '0.601', '0.652', '0.830', '0.601', '0.492']
Round 43 – TPR per Domain: 0:0.492, 1:0.492, 2:0.601, 3:0.830, 4:0.652, 5:0.652, 6:0.652, 7:0.830, 8:0.492, 9:0.830, 10:0.492, 11:0.830, 12:0.601, 13:0.601, 14:0.492, 15:0.601, 16:0.652, 17:0.830, 18:0.601, 19:0.492
Round: 43 Method: dapperfl Mean_Acc: 65.2 Best_Acc: 66.142
Domain_Acc: [67.41, 83.16, 56.9, 53.33] Domain_BestAcc: [69.64, 85.79, 63.79, 53.33]
Prune local model 11, pr_ratio = [1.0889035741470058e-05, 1.0889035741470058e-05, 1.0889035741470058e-05, 1.0889035741470058e-05]
Prune local model 0, pr_ratio = [0.0, 0.0, 0.0, 0.0]
Prune local model 15, pr_ratio = [0.0, 0.0, 0.0, 0.0]
Prune local model 2, pr_ratio = [2.1778071482940116e-05, 2.1778071482940116e-05, 2.1778071482940116e-05, 2.1778071482940116e-05]
Prune local model 7, pr_ratio = [2.1778071482940116e-05, 2.1778071482940116e-05, 2.1778071482940116e-05, 2.1778071482940116e-05]
Prune local model 5, pr_ratio = [0.0, 0.0, 0.0, 0.0]
Prune local model 12, pr_ratio = [2.1778071482940116e-05, 2.1778071482940116e-05, 2.1778071482940116e-05, 2.1778071482940116e-05]
Prune local model 8, pr_ratio = [2.7222589353675144e-05, 2.7222589353675144e-05, 2.7222589353675144e-05, 2.7222589353675144e-05]
Prune local model 6, pr_ratio = [1.0889035741470058e-05, 1.0889035741470058e-05, 1.0889035741470058e-05, 1.0889035741470058e-05]
Prune local model 9, pr_ratio = [3.266710722441017e-05, 3.266710722441017e-05, 3.266710722441017e-05, 3.266710722441017e-05]
Prune local model 13, pr_ratio = [2.7222589353675144e-05, 2.7222589353675144e-05, 2.7222589353675144e-05, 2.7222589353675144e-05]
Prune local model 16, pr_ratio = [1.0889035741470058e-05, 1.0889035741470058e-05, 1.0889035741470058e-05, 1.0889035741470058e-05]
Prune local model 19, pr_ratio = [3.266710722441017e-05, 3.266710722441017e-05, 3.266710722441017e-05, 3.266710722441017e-05]
Prune local model 18, pr_ratio = [2.7222589353675144e-05, 2.7222589353675144e-05, 2.7222589353675144e-05, 2.7222589353675144e-05]
Prune local model 17, pr_ratio = [2.1778071482940116e-05, 2.1778071482940116e-05, 2.1778071482940116e-05, 2.1778071482940116e-05]
Prune local model 1, pr_ratio = [1.0889035741470058e-05, 1.0889035741470058e-05, 1.0889035741470058e-05, 1.0889035741470058e-05]
Prune local model 14, pr_ratio = [3.266710722441017e-05, 3.266710722441017e-05, 3.266710722441017e-05, 3.266710722441017e-05]
Prune local model 3, pr_ratio = [2.7222589353675144e-05, 2.7222589353675144e-05, 2.7222589353675144e-05, 2.7222589353675144e-05]
Prune local model 4, pr_ratio = [3.266710722441017e-05, 3.266710722441017e-05, 3.266710722441017e-05, 3.266710722441017e-05]
Prune local model 10, pr_ratio = [0.0, 0.0, 0.0, 0.0]
Round 44 – LOCAL TPR pre-agg per client: ['0.367', '0.367', '0.593', '0.836', '0.648', '0.648', '0.648', '0.836', '0.367', '0.836', '0.367', '0.836', '0.593', '0.593', '0.367', '0.593', '0.648', '0.836', '0.593', '0.367']
Round 44 – TPR per Domain: 0:0.367, 1:0.367, 2:0.593, 3:0.836, 4:0.648, 5:0.648, 6:0.648, 7:0.836, 8:0.367, 9:0.836, 10:0.367, 11:0.836, 12:0.593, 13:0.593, 14:0.367, 15:0.593, 16:0.648, 17:0.836, 18:0.593, 19:0.367
Round: 44 Method: dapperfl Mean_Acc: 62.608 Best_Acc: 66.142
Domain_Acc: [66.52, 83.68, 56.9, 43.33] Domain_BestAcc: [69.64, 85.79, 63.79, 53.33]
Prune local model 2, pr_ratio = [1.7422457186352094e-05, 1.7422457186352094e-05, 1.7422457186352094e-05, 1.7422457186352094e-05]
Prune local model 13, pr_ratio = [2.1778071482940116e-05, 2.1778071482940116e-05, 2.1778071482940116e-05, 2.1778071482940116e-05]
Prune local model 8, pr_ratio = [2.1778071482940116e-05, 2.1778071482940116e-05, 2.1778071482940116e-05, 2.1778071482940116e-05]
Prune local model 1, pr_ratio = [8.711228593176047e-06, 8.711228593176047e-06, 8.711228593176047e-06, 8.711228593176047e-06]
Prune local model 7, pr_ratio = [1.7422457186352094e-05, 1.7422457186352094e-05, 1.7422457186352094e-05, 1.7422457186352094e-05]
Prune local model 0, pr_ratio = [0.0, 0.0, 0.0, 0.0]
Prune local model 18, pr_ratio = [2.1778071482940116e-05, 2.1778071482940116e-05, 2.1778071482940116e-05, 2.1778071482940116e-05]
Prune local model 10, pr_ratio = [0.0, 0.0, 0.0, 0.0]
Prune local model 11, pr_ratio = [8.711228593176047e-06, 8.711228593176047e-06, 8.711228593176047e-06, 8.711228593176047e-06]
Prune local model 5, pr_ratio = [0.0, 0.0, 0.0, 0.0]
Prune local model 4, pr_ratio = [2.6133685779528137e-05, 2.6133685779528137e-05, 2.6133685779528137e-05, 2.6133685779528137e-05]
Prune local model 17, pr_ratio = [1.7422457186352094e-05, 1.7422457186352094e-05, 1.7422457186352094e-05, 1.7422457186352094e-05]
Prune local model 6, pr_ratio = [8.711228593176047e-06, 8.711228593176047e-06, 8.711228593176047e-06, 8.711228593176047e-06]
Prune local model 14, pr_ratio = [2.6133685779528137e-05, 2.6133685779528137e-05, 2.6133685779528137e-05, 2.6133685779528137e-05]
Prune local model 9, pr_ratio = [2.6133685779528137e-05, 2.6133685779528137e-05, 2.6133685779528137e-05, 2.6133685779528137e-05]
Prune local model 3, pr_ratio = [2.1778071482940116e-05, 2.1778071482940116e-05, 2.1778071482940116e-05, 2.1778071482940116e-05]
Prune local model 12, pr_ratio = [1.7422457186352094e-05, 1.7422457186352094e-05, 1.7422457186352094e-05, 1.7422457186352094e-05]
Prune local model 15, pr_ratio = [0.0, 0.0, 0.0, 0.0]
Prune local model 16, pr_ratio = [8.711228593176047e-06, 8.711228593176047e-06, 8.711228593176047e-06, 8.711228593176047e-06]
Prune local model 19, pr_ratio = [2.6133685779528137e-05, 2.6133685779528137e-05, 2.6133685779528137e-05, 2.6133685779528137e-05]
Round 45 – LOCAL TPR pre-agg per client: ['0.492', '0.492', '0.588', '0.846', '0.622', '0.622', '0.622', '0.846', '0.492', '0.846', '0.492', '0.846', '0.588', '0.588', '0.492', '0.588', '0.622', '0.846', '0.588', '0.492']
Round 45 – TPR per Domain: 0:0.492, 1:0.492, 2:0.588, 3:0.846, 4:0.622, 5:0.622, 6:0.622, 7:0.846, 8:0.492, 9:0.846, 10:0.492, 11:0.846, 12:0.588, 13:0.588, 14:0.492, 15:0.588, 16:0.622, 17:0.846, 18:0.588, 19:0.492
Round: 45 Method: dapperfl Mean_Acc: 64.925 Best_Acc: 66.142
Domain_Acc: [64.73, 84.74, 56.9, 53.33] Domain_BestAcc: [69.64, 85.79, 63.79, 53.33]
Prune local model 12, pr_ratio = [1.3937965749081676e-05, 1.3937965749081676e-05, 1.3937965749081676e-05, 1.3937965749081676e-05]
Prune local model 15, pr_ratio = [0.0, 0.0, 0.0, 0.0]
Prune local model 9, pr_ratio = [2.090694862362251e-05, 2.090694862362251e-05, 2.090694862362251e-05, 2.090694862362251e-05]
Prune local model 2, pr_ratio = [1.3937965749081676e-05, 1.3937965749081676e-05, 1.3937965749081676e-05, 1.3937965749081676e-05]
Prune local model 17, pr_ratio = [1.3937965749081676e-05, 1.3937965749081676e-05, 1.3937965749081676e-05, 1.3937965749081676e-05]
Prune local model 14, pr_ratio = [2.090694862362251e-05, 2.090694862362251e-05, 2.090694862362251e-05, 2.090694862362251e-05]
Prune local model 1, pr_ratio = [6.968982874540838e-06, 6.968982874540838e-06, 6.968982874540838e-06, 6.968982874540838e-06]
Prune local model 13, pr_ratio = [1.7422457186352094e-05, 1.7422457186352094e-05, 1.7422457186352094e-05, 1.7422457186352094e-05]
Prune local model 16, pr_ratio = [6.968982874540838e-06, 6.968982874540838e-06, 6.968982874540838e-06, 6.968982874540838e-06]
Prune local model 6, pr_ratio = [6.968982874540838e-06, 6.968982874540838e-06, 6.968982874540838e-06, 6.968982874540838e-06]
Prune local model 11, pr_ratio = [6.968982874540838e-06, 6.968982874540838e-06, 6.968982874540838e-06, 6.968982874540838e-06]
Prune local model 19, pr_ratio = [2.090694862362251e-05, 2.090694862362251e-05, 2.090694862362251e-05, 2.090694862362251e-05]
Prune local model 7, pr_ratio = [1.3937965749081676e-05, 1.3937965749081676e-05, 1.3937965749081676e-05, 1.3937965749081676e-05]
Prune local model 18, pr_ratio = [1.7422457186352094e-05, 1.7422457186352094e-05, 1.7422457186352094e-05, 1.7422457186352094e-05]
Prune local model 3, pr_ratio = [1.7422457186352094e-05, 1.7422457186352094e-05, 1.7422457186352094e-05, 1.7422457186352094e-05]
Prune local model 0, pr_ratio = [0.0, 0.0, 0.0, 0.0]
Prune local model 10, pr_ratio = [0.0, 0.0, 0.0, 0.0]
Prune local model 5, pr_ratio = [0.0, 0.0, 0.0, 0.0]
Prune local model 8, pr_ratio = [1.7422457186352094e-05, 1.7422457186352094e-05, 1.7422457186352094e-05, 1.7422457186352094e-05]
Prune local model 4, pr_ratio = [2.090694862362251e-05, 2.090694862362251e-05, 2.090694862362251e-05, 2.090694862362251e-05]
Round 46 – LOCAL TPR pre-agg per client: ['0.492', '0.492', '0.597', '0.842', '0.680', '0.680', '0.680', '0.842', '0.492', '0.842', '0.492', '0.842', '0.597', '0.597', '0.492', '0.597', '0.680', '0.842', '0.597', '0.492']
Round 46 – TPR per Domain: 0:0.492, 1:0.492, 2:0.597, 3:0.842, 4:0.680, 5:0.680, 6:0.680, 7:0.842, 8:0.492, 9:0.842, 10:0.492, 11:0.842, 12:0.597, 13:0.597, 14:0.492, 15:0.597, 16:0.680, 17:0.842, 18:0.597, 19:0.492
Round: 46 Method: dapperfl Mean_Acc: 66.02 Best_Acc: 66.142
Domain_Acc: [69.64, 84.21, 56.9, 53.33] Domain_BestAcc: [69.64, 85.79, 63.79, 53.33]
Prune local model 12, pr_ratio = [1.1150372599265342e-05, 1.1150372599265342e-05, 1.1150372599265342e-05, 1.1150372599265342e-05]
Prune local model 1, pr_ratio = [5.575186299632671e-06, 5.575186299632671e-06, 5.575186299632671e-06, 5.575186299632671e-06]
Prune local model 13, pr_ratio = [1.3937965749081676e-05, 1.3937965749081676e-05, 1.3937965749081676e-05, 1.3937965749081676e-05]
Prune local model 5, pr_ratio = [0.0, 0.0, 0.0, 0.0]
Prune local model 15, pr_ratio = [0.0, 0.0, 0.0, 0.0]
Prune local model 8, pr_ratio = [1.3937965749081676e-05, 1.3937965749081676e-05, 1.3937965749081676e-05, 1.3937965749081676e-05]
Prune local model 17, pr_ratio = [1.1150372599265342e-05, 1.1150372599265342e-05, 1.1150372599265342e-05, 1.1150372599265342e-05]
Prune local model 7, pr_ratio = [1.1150372599265342e-05, 1.1150372599265342e-05, 1.1150372599265342e-05, 1.1150372599265342e-05]
Prune local model 4, pr_ratio = [1.672555889889801e-05, 1.672555889889801e-05, 1.672555889889801e-05, 1.672555889889801e-05]
Prune local model 11, pr_ratio = [5.575186299632671e-06, 5.575186299632671e-06, 5.575186299632671e-06, 5.575186299632671e-06]
Prune local model 2, pr_ratio = [1.1150372599265342e-05, 1.1150372599265342e-05, 1.1150372599265342e-05, 1.1150372599265342e-05]
Prune local model 9, pr_ratio = [1.672555889889801e-05, 1.672555889889801e-05, 1.672555889889801e-05, 1.672555889889801e-05]
Prune local model 0, pr_ratio = [0.0, 0.0, 0.0, 0.0]
Prune local model 19, pr_ratio = [1.672555889889801e-05, 1.672555889889801e-05, 1.672555889889801e-05, 1.672555889889801e-05]
Prune local model 3, pr_ratio = [1.3937965749081676e-05, 1.3937965749081676e-05, 1.3937965749081676e-05, 1.3937965749081676e-05]
Prune local model 18, pr_ratio = [1.3937965749081676e-05, 1.3937965749081676e-05, 1.3937965749081676e-05, 1.3937965749081676e-05]
Prune local model 16, pr_ratio = [5.575186299632671e-06, 5.575186299632671e-06, 5.575186299632671e-06, 5.575186299632671e-06]
Prune local model 10, pr_ratio = [0.0, 0.0, 0.0, 0.0]
Prune local model 6, pr_ratio = [5.575186299632671e-06, 5.575186299632671e-06, 5.575186299632671e-06, 5.575186299632671e-06]
Prune local model 14, pr_ratio = [1.672555889889801e-05, 1.672555889889801e-05, 1.672555889889801e-05, 1.672555889889801e-05]
Round 47 – LOCAL TPR pre-agg per client: ['0.467', '0.467', '0.613', '0.840', '0.671', '0.671', '0.671', '0.840', '0.467', '0.840', '0.467', '0.840', '0.613', '0.613', '0.467', '0.613', '0.671', '0.840', '0.613', '0.467']
Round 47 – TPR per Domain: 0:0.467, 1:0.467, 2:0.613, 3:0.840, 4:0.671, 5:0.671, 6:0.671, 7:0.840, 8:0.467, 9:0.840, 10:0.467, 11:0.840, 12:0.613, 13:0.613, 14:0.467, 15:0.613, 16:0.671, 17:0.840, 18:0.613, 19:0.467
Round: 47 Method: dapperfl Mean_Acc: 66.34 Best_Acc: 66.34
Domain_Acc: [69.2, 84.21, 58.62, 53.33] Domain_BestAcc: [69.64, 85.79, 63.79, 53.33]
Prune local model 8, pr_ratio = [1.1150372599265342e-05, 1.1150372599265342e-05, 1.1150372599265342e-05, 1.1150372599265342e-05]
Prune local model 14, pr_ratio = [1.338044711911841e-05, 1.338044711911841e-05, 1.338044711911841e-05, 1.338044711911841e-05]
Prune local model 10, pr_ratio = [0.0, 0.0, 0.0, 0.0]
Prune local model 4, pr_ratio = [1.338044711911841e-05, 1.338044711911841e-05, 1.338044711911841e-05, 1.338044711911841e-05]
Prune local model 7, pr_ratio = [8.920298079412274e-06, 8.920298079412274e-06, 8.920298079412274e-06, 8.920298079412274e-06]
Prune local model 17, pr_ratio = [8.920298079412274e-06, 8.920298079412274e-06, 8.920298079412274e-06, 8.920298079412274e-06]
Prune local model 13, pr_ratio = [1.1150372599265342e-05, 1.1150372599265342e-05, 1.1150372599265342e-05, 1.1150372599265342e-05]
Prune local model 2, pr_ratio = [8.920298079412274e-06, 8.920298079412274e-06, 8.920298079412274e-06, 8.920298079412274e-06]
Prune local model 5, pr_ratio = [0.0, 0.0, 0.0, 0.0]
Prune local model 18, pr_ratio = [1.1150372599265342e-05, 1.1150372599265342e-05, 1.1150372599265342e-05, 1.1150372599265342e-05]
Prune local model 19, pr_ratio = [1.338044711911841e-05, 1.338044711911841e-05, 1.338044711911841e-05, 1.338044711911841e-05]
Prune local model 11, pr_ratio = [4.460149039706137e-06, 4.460149039706137e-06, 4.460149039706137e-06, 4.460149039706137e-06]
Prune local model 6, pr_ratio = [4.460149039706137e-06, 4.460149039706137e-06, 4.460149039706137e-06, 4.460149039706137e-06]
Prune local model 15, pr_ratio = [0.0, 0.0, 0.0, 0.0]
Prune local model 16, pr_ratio = [4.460149039706137e-06, 4.460149039706137e-06, 4.460149039706137e-06, 4.460149039706137e-06]
Prune local model 1, pr_ratio = [4.460149039706137e-06, 4.460149039706137e-06, 4.460149039706137e-06, 4.460149039706137e-06]
Prune local model 3, pr_ratio = [1.1150372599265342e-05, 1.1150372599265342e-05, 1.1150372599265342e-05, 1.1150372599265342e-05]
Prune local model 9, pr_ratio = [1.338044711911841e-05, 1.338044711911841e-05, 1.338044711911841e-05, 1.338044711911841e-05]
Prune local model 0, pr_ratio = [0.0, 0.0, 0.0, 0.0]
Prune local model 12, pr_ratio = [8.920298079412274e-06, 8.920298079412274e-06, 8.920298079412274e-06, 8.920298079412274e-06]
Round 48 – LOCAL TPR pre-agg per client: ['0.592', '0.592', '0.654', '0.835', '0.665', '0.665', '0.665', '0.835', '0.592', '0.835', '0.592', '0.835', '0.654', '0.654', '0.592', '0.654', '0.665', '0.835', '0.654', '0.592']
Round 48 – TPR per Domain: 0:0.592, 1:0.592, 2:0.654, 3:0.835, 4:0.665, 5:0.665, 6:0.665, 7:0.835, 8:0.592, 9:0.835, 10:0.592, 11:0.835, 12:0.654, 13:0.654, 14:0.592, 15:0.654, 16:0.665, 17:0.835, 18:0.654, 19:0.592
Round: 48 Method: dapperfl Mean_Acc: 68.942 Best_Acc: 68.942
Domain_Acc: [68.3, 83.68, 63.79, 60.0] Domain_BestAcc: [69.64, 85.79, 63.79, 60.0]
Prune local model 17, pr_ratio = [7.13623846352982e-06, 7.13623846352982e-06, 7.13623846352982e-06, 7.13623846352982e-06]
Prune local model 3, pr_ratio = [8.920298079412274e-06, 8.920298079412274e-06, 8.920298079412274e-06, 8.920298079412274e-06]
Prune local model 18, pr_ratio = [8.920298079412274e-06, 8.920298079412274e-06, 8.920298079412274e-06, 8.920298079412274e-06]
Prune local model 13, pr_ratio = [8.920298079412274e-06, 8.920298079412274e-06, 8.920298079412274e-06, 8.920298079412274e-06]
Prune local model 11, pr_ratio = [3.56811923176491e-06, 3.56811923176491e-06, 3.56811923176491e-06, 3.56811923176491e-06]
Prune local model 16, pr_ratio = [3.56811923176491e-06, 3.56811923176491e-06, 3.56811923176491e-06, 3.56811923176491e-06]
Prune local model 19, pr_ratio = [1.070435769529473e-05, 1.070435769529473e-05, 1.070435769529473e-05, 1.070435769529473e-05]
Prune local model 1, pr_ratio = [3.56811923176491e-06, 3.56811923176491e-06, 3.56811923176491e-06, 3.56811923176491e-06]
Prune local model 5, pr_ratio = [0.0, 0.0, 0.0, 0.0]
Prune local model 6, pr_ratio = [3.56811923176491e-06, 3.56811923176491e-06, 3.56811923176491e-06, 3.56811923176491e-06]
Prune local model 4, pr_ratio = [1.070435769529473e-05, 1.070435769529473e-05, 1.070435769529473e-05, 1.070435769529473e-05]
Prune local model 8, pr_ratio = [8.920298079412274e-06, 8.920298079412274e-06, 8.920298079412274e-06, 8.920298079412274e-06]
Prune local model 14, pr_ratio = [1.070435769529473e-05, 1.070435769529473e-05, 1.070435769529473e-05, 1.070435769529473e-05]
Prune local model 2, pr_ratio = [7.13623846352982e-06, 7.13623846352982e-06, 7.13623846352982e-06, 7.13623846352982e-06]
Prune local model 0, pr_ratio = [0.0, 0.0, 0.0, 0.0]
Prune local model 7, pr_ratio = [7.13623846352982e-06, 7.13623846352982e-06, 7.13623846352982e-06, 7.13623846352982e-06]
Prune local model 15, pr_ratio = [0.0, 0.0, 0.0, 0.0]
Prune local model 12, pr_ratio = [7.13623846352982e-06, 7.13623846352982e-06, 7.13623846352982e-06, 7.13623846352982e-06]
Prune local model 10, pr_ratio = [0.0, 0.0, 0.0, 0.0]
Prune local model 9, pr_ratio = [1.070435769529473e-05, 1.070435769529473e-05, 1.070435769529473e-05, 1.070435769529473e-05]
Round 49 – LOCAL TPR pre-agg per client: ['0.442', '0.442', '0.746', '0.845', '0.678', '0.678', '0.678', '0.845', '0.442', '0.845', '0.442', '0.845', '0.746', '0.746', '0.442', '0.746', '0.678', '0.845', '0.746', '0.442']
Round 49 – TPR per Domain: 0:0.442, 1:0.442, 2:0.746, 3:0.845, 4:0.678, 5:0.678, 6:0.678, 7:0.845, 8:0.442, 9:0.845, 10:0.442, 11:0.845, 12:0.746, 13:0.746, 14:0.442, 15:0.746, 16:0.678, 17:0.845, 18:0.746, 19:0.442
Round: 49 Method: dapperfl Mean_Acc: 69.197 Best_Acc: 69.197
Domain_Acc: [69.64, 84.74, 72.41, 50.0] Domain_BestAcc: [69.64, 85.79, 72.41, 60.0]
Prune local model 7, pr_ratio = [5.708990770823856e-06, 5.708990770823856e-06, 5.708990770823856e-06, 5.708990770823856e-06]
Prune local model 12, pr_ratio = [5.708990770823856e-06, 5.708990770823856e-06, 5.708990770823856e-06, 5.708990770823856e-06]
Prune local model 19, pr_ratio = [8.563486156235783e-06, 8.563486156235783e-06, 8.563486156235783e-06, 8.563486156235783e-06]
Prune local model 9, pr_ratio = [8.563486156235783e-06, 8.563486156235783e-06, 8.563486156235783e-06, 8.563486156235783e-06]
Prune local model 15, pr_ratio = [0.0, 0.0, 0.0, 0.0]
Prune local model 0, pr_ratio = [0.0, 0.0, 0.0, 0.0]
Prune local model 11, pr_ratio = [2.854495385411928e-06, 2.854495385411928e-06, 2.854495385411928e-06, 2.854495385411928e-06]
Prune local model 3, pr_ratio = [7.136238463529819e-06, 7.136238463529819e-06, 7.136238463529819e-06, 7.136238463529819e-06]
Prune local model 10, pr_ratio = [0.0, 0.0, 0.0, 0.0]
Prune local model 1, pr_ratio = [2.854495385411928e-06, 2.854495385411928e-06, 2.854495385411928e-06, 2.854495385411928e-06]
Prune local model 6, pr_ratio = [2.854495385411928e-06, 2.854495385411928e-06, 2.854495385411928e-06, 2.854495385411928e-06]
Prune local model 5, pr_ratio = [0.0, 0.0, 0.0, 0.0]
Prune local model 2, pr_ratio = [5.708990770823856e-06, 5.708990770823856e-06, 5.708990770823856e-06, 5.708990770823856e-06]
Prune local model 17, pr_ratio = [5.708990770823856e-06, 5.708990770823856e-06, 5.708990770823856e-06, 5.708990770823856e-06]
Prune local model 16, pr_ratio = [2.854495385411928e-06, 2.854495385411928e-06, 2.854495385411928e-06, 2.854495385411928e-06]
Prune local model 13, pr_ratio = [7.136238463529819e-06, 7.136238463529819e-06, 7.136238463529819e-06, 7.136238463529819e-06]
Prune local model 8, pr_ratio = [7.136238463529819e-06, 7.136238463529819e-06, 7.136238463529819e-06, 7.136238463529819e-06]
Prune local model 4, pr_ratio = [8.563486156235783e-06, 8.563486156235783e-06, 8.563486156235783e-06, 8.563486156235783e-06]
Prune local model 18, pr_ratio = [7.136238463529819e-06, 7.136238463529819e-06, 7.136238463529819e-06, 7.136238463529819e-06]
Prune local model 14, pr_ratio = [8.563486156235783e-06, 8.563486156235783e-06, 8.563486156235783e-06, 8.563486156235783e-06]
Round 50 – LOCAL TPR pre-agg per client: ['0.517', '0.517', '0.589', '0.825', '0.703', '0.703', '0.703', '0.825', '0.517', '0.825', '0.517', '0.825', '0.589', '0.589', '0.517', '0.589', '0.703', '0.825', '0.589', '0.517']
Round 50 – TPR per Domain: 0:0.517, 1:0.517, 2:0.589, 3:0.825, 4:0.703, 5:0.703, 6:0.703, 7:0.825, 8:0.517, 9:0.825, 10:0.517, 11:0.825, 12:0.589, 13:0.589, 14:0.517, 15:0.589, 16:0.703, 17:0.825, 18:0.589, 19:0.517
Round: 50 Method: dapperfl Mean_Acc: 66.072 Best_Acc: 69.197
Domain_Acc: [71.43, 82.63, 56.9, 53.33] Domain_BestAcc: [71.43, 85.79, 72.41, 60.0]
Prune local model 13, pr_ratio = [5.708990770823856e-06, 5.708990770823856e-06, 5.708990770823856e-06, 5.708990770823856e-06]
Prune local model 15, pr_ratio = [0.0, 0.0, 0.0, 0.0]
Prune local model 3, pr_ratio = [5.708990770823856e-06, 5.708990770823856e-06, 5.708990770823856e-06, 5.708990770823856e-06]
Prune local model 0, pr_ratio = [0.0, 0.0, 0.0, 0.0]
Prune local model 12, pr_ratio = [4.567192616659084e-06, 4.567192616659084e-06, 4.567192616659084e-06, 4.567192616659084e-06]
Prune local model 1, pr_ratio = [2.283596308329542e-06, 2.283596308329542e-06, 2.283596308329542e-06, 2.283596308329542e-06]
Prune local model 19, pr_ratio = [6.850788924988627e-06, 6.850788924988627e-06, 6.850788924988627e-06, 6.850788924988627e-06]
Prune local model 18, pr_ratio = [5.708990770823856e-06, 5.708990770823856e-06, 5.708990770823856e-06, 5.708990770823856e-06]
Prune local model 4, pr_ratio = [6.850788924988627e-06, 6.850788924988627e-06, 6.850788924988627e-06, 6.850788924988627e-06]
Prune local model 17, pr_ratio = [4.567192616659084e-06, 4.567192616659084e-06, 4.567192616659084e-06, 4.567192616659084e-06]
Prune local model 5, pr_ratio = [0.0, 0.0, 0.0, 0.0]
Prune local model 6, pr_ratio = [2.283596308329542e-06, 2.283596308329542e-06, 2.283596308329542e-06, 2.283596308329542e-06]
Prune local model 2, pr_ratio = [4.567192616659084e-06, 4.567192616659084e-06, 4.567192616659084e-06, 4.567192616659084e-06]
Prune local model 14, pr_ratio = [6.850788924988627e-06, 6.850788924988627e-06, 6.850788924988627e-06, 6.850788924988627e-06]
Prune local model 8, pr_ratio = [5.708990770823856e-06, 5.708990770823856e-06, 5.708990770823856e-06, 5.708990770823856e-06]
Prune local model 7, pr_ratio = [4.567192616659084e-06, 4.567192616659084e-06, 4.567192616659084e-06, 4.567192616659084e-06]
Prune local model 11, pr_ratio = [2.283596308329542e-06, 2.283596308329542e-06, 2.283596308329542e-06, 2.283596308329542e-06]
Prune local model 9, pr_ratio = [6.850788924988627e-06, 6.850788924988627e-06, 6.850788924988627e-06, 6.850788924988627e-06]
Prune local model 10, pr_ratio = [0.0, 0.0, 0.0, 0.0]
Prune local model 16, pr_ratio = [2.283596308329542e-06, 2.283596308329542e-06, 2.283596308329542e-06, 2.283596308329542e-06]
Round 51 – LOCAL TPR pre-agg per client: ['0.442', '0.442', '0.617', '0.842', '0.641', '0.641', '0.641', '0.842', '0.442', '0.842', '0.442', '0.842', '0.617', '0.617', '0.442', '0.617', '0.641', '0.842', '0.617', '0.442']
Round 51 – TPR per Domain: 0:0.442, 1:0.442, 2:0.617, 3:0.842, 4:0.641, 5:0.641, 6:0.641, 7:0.842, 8:0.442, 9:0.842, 10:0.442, 11:0.842, 12:0.617, 13:0.617, 14:0.442, 15:0.617, 16:0.641, 17:0.842, 18:0.617, 19:0.442
Round: 51 Method: dapperfl Mean_Acc: 65.155 Best_Acc: 69.197
Domain_Acc: [66.07, 84.21, 60.34, 50.0] Domain_BestAcc: [71.43, 85.79, 72.41, 60.0]
Prune local model 12, pr_ratio = [3.6537540933272684e-06, 3.6537540933272684e-06, 3.6537540933272684e-06, 3.6537540933272684e-06]
Prune local model 15, pr_ratio = [0.0, 0.0, 0.0, 0.0]
Prune local model 9, pr_ratio = [5.480631139990902e-06, 5.480631139990902e-06, 5.480631139990902e-06, 5.480631139990902e-06]
Prune local model 6, pr_ratio = [1.8268770466636342e-06, 1.8268770466636342e-06, 1.8268770466636342e-06, 1.8268770466636342e-06]
Prune local model 10, pr_ratio = [0.0, 0.0, 0.0, 0.0]
Prune local model 8, pr_ratio = [4.567192616659085e-06, 4.567192616659085e-06, 4.567192616659085e-06, 4.567192616659085e-06]
Prune local model 3, pr_ratio = [4.567192616659085e-06, 4.567192616659085e-06, 4.567192616659085e-06, 4.567192616659085e-06]
Prune local model 5, pr_ratio = [0.0, 0.0, 0.0, 0.0]
Prune local model 14, pr_ratio = [5.480631139990902e-06, 5.480631139990902e-06, 5.480631139990902e-06, 5.480631139990902e-06]
Prune local model 0, pr_ratio = [0.0, 0.0, 0.0, 0.0]
Prune local model 19, pr_ratio = [5.480631139990902e-06, 5.480631139990902e-06, 5.480631139990902e-06, 5.480631139990902e-06]
Prune local model 17, pr_ratio = [3.6537540933272684e-06, 3.6537540933272684e-06, 3.6537540933272684e-06, 3.6537540933272684e-06]
Prune local model 7, pr_ratio = [3.6537540933272684e-06, 3.6537540933272684e-06, 3.6537540933272684e-06, 3.6537540933272684e-06]
Prune local model 16, pr_ratio = [1.8268770466636342e-06, 1.8268770466636342e-06, 1.8268770466636342e-06, 1.8268770466636342e-06]
Prune local model 11, pr_ratio = [1.8268770466636342e-06, 1.8268770466636342e-06, 1.8268770466636342e-06, 1.8268770466636342e-06]
Prune local model 2, pr_ratio = [3.6537540933272684e-06, 3.6537540933272684e-06, 3.6537540933272684e-06, 3.6537540933272684e-06]
Prune local model 13, pr_ratio = [4.567192616659085e-06, 4.567192616659085e-06, 4.567192616659085e-06, 4.567192616659085e-06]
Prune local model 4, pr_ratio = [5.480631139990902e-06, 5.480631139990902e-06, 5.480631139990902e-06, 5.480631139990902e-06]
Prune local model 1, pr_ratio = [1.8268770466636342e-06, 1.8268770466636342e-06, 1.8268770466636342e-06, 1.8268770466636342e-06]
Prune local model 18, pr_ratio = [4.567192616659085e-06, 4.567192616659085e-06, 4.567192616659085e-06, 4.567192616659085e-06]
Round 52 – LOCAL TPR pre-agg per client: ['0.442', '0.442', '0.650', '0.806', '0.667', '0.667', '0.667', '0.806', '0.442', '0.806', '0.442', '0.806', '0.650', '0.650', '0.442', '0.650', '0.667', '0.806', '0.650', '0.442']
Round 52 – TPR per Domain: 0:0.442, 1:0.442, 2:0.650, 3:0.806, 4:0.667, 5:0.667, 6:0.667, 7:0.806, 8:0.442, 9:0.806, 10:0.442, 11:0.806, 12:0.650, 13:0.650, 14:0.442, 15:0.650, 16:0.667, 17:0.806, 18:0.650, 19:0.442
Round: 52 Method: dapperfl Mean_Acc: 65.225 Best_Acc: 69.197
Domain_Acc: [68.3, 80.53, 62.07, 50.0] Domain_BestAcc: [71.43, 85.79, 72.41, 60.0]
Prune local model 8, pr_ratio = [3.653754093327268e-06, 3.653754093327268e-06, 3.653754093327268e-06, 3.653754093327268e-06]
Prune local model 17, pr_ratio = [2.9230032746618144e-06, 2.9230032746618144e-06, 2.9230032746618144e-06, 2.9230032746618144e-06]
Prune local model 1, pr_ratio = [1.4615016373309072e-06, 1.4615016373309072e-06, 1.4615016373309072e-06, 1.4615016373309072e-06]
Prune local model 14, pr_ratio = [4.384504911992722e-06, 4.384504911992722e-06, 4.384504911992722e-06, 4.384504911992722e-06]
Prune local model 16, pr_ratio = [1.4615016373309072e-06, 1.4615016373309072e-06, 1.4615016373309072e-06, 1.4615016373309072e-06]
Prune local model 7, pr_ratio = [2.9230032746618144e-06, 2.9230032746618144e-06, 2.9230032746618144e-06, 2.9230032746618144e-06]
Prune local model 13, pr_ratio = [3.653754093327268e-06, 3.653754093327268e-06, 3.653754093327268e-06, 3.653754093327268e-06]
Prune local model 5, pr_ratio = [0.0, 0.0, 0.0, 0.0]
Prune local model 9, pr_ratio = [4.384504911992722e-06, 4.384504911992722e-06, 4.384504911992722e-06, 4.384504911992722e-06]
Prune local model 6, pr_ratio = [1.4615016373309072e-06, 1.4615016373309072e-06, 1.4615016373309072e-06, 1.4615016373309072e-06]
Prune local model 10, pr_ratio = [0.0, 0.0, 0.0, 0.0]
Prune local model 3, pr_ratio = [3.653754093327268e-06, 3.653754093327268e-06, 3.653754093327268e-06, 3.653754093327268e-06]
Prune local model 4, pr_ratio = [4.384504911992722e-06, 4.384504911992722e-06, 4.384504911992722e-06, 4.384504911992722e-06]
Prune local model 11, pr_ratio = [1.4615016373309072e-06, 1.4615016373309072e-06, 1.4615016373309072e-06, 1.4615016373309072e-06]
Prune local model 18, pr_ratio = [3.653754093327268e-06, 3.653754093327268e-06, 3.653754093327268e-06, 3.653754093327268e-06]
Prune local model 12, pr_ratio = [2.9230032746618144e-06, 2.9230032746618144e-06, 2.9230032746618144e-06, 2.9230032746618144e-06]
Prune local model 19, pr_ratio = [4.384504911992722e-06, 4.384504911992722e-06, 4.384504911992722e-06, 4.384504911992722e-06]
Prune local model 2, pr_ratio = [2.9230032746618144e-06, 2.9230032746618144e-06, 2.9230032746618144e-06, 2.9230032746618144e-06]
Prune local model 0, pr_ratio = [0.0, 0.0, 0.0, 0.0]
Prune local model 15, pr_ratio = [0.0, 0.0, 0.0, 0.0]
Round 53 – LOCAL TPR pre-agg per client: ['0.442', '0.442', '0.552', '0.820', '0.683', '0.683', '0.683', '0.820', '0.442', '0.820', '0.442', '0.820', '0.552', '0.552', '0.442', '0.552', '0.683', '0.820', '0.552', '0.442']
Round 53 – TPR per Domain: 0:0.442, 1:0.442, 2:0.552, 3:0.820, 4:0.683, 5:0.683, 6:0.683, 7:0.820, 8:0.442, 9:0.820, 10:0.442, 11:0.820, 12:0.552, 13:0.552, 14:0.442, 15:0.552, 16:0.683, 17:0.820, 18:0.552, 19:0.442
Round: 53 Method: dapperfl Mean_Acc: 64.342 Best_Acc: 69.197
Domain_Acc: [70.09, 82.11, 55.17, 50.0] Domain_BestAcc: [71.43, 85.79, 72.41, 60.0]
Prune local model 10, pr_ratio = [0.0, 0.0, 0.0, 0.0]
Prune local model 12, pr_ratio = [2.338402619729452e-06, 2.338402619729452e-06, 2.338402619729452e-06, 2.338402619729452e-06]
Prune local model 5, pr_ratio = [0.0, 0.0, 0.0, 0.0]
Prune local model 2, pr_ratio = [2.338402619729452e-06, 2.338402619729452e-06, 2.338402619729452e-06, 2.338402619729452e-06]
Prune local model 9, pr_ratio = [3.507603929594177e-06, 3.507603929594177e-06, 3.507603929594177e-06, 3.507603929594177e-06]
Prune local model 17, pr_ratio = [2.338402619729452e-06, 2.338402619729452e-06, 2.338402619729452e-06, 2.338402619729452e-06]
Prune local model 4, pr_ratio = [3.507603929594177e-06, 3.507603929594177e-06, 3.507603929594177e-06, 3.507603929594177e-06]
Prune local model 6, pr_ratio = [1.169201309864726e-06, 1.169201309864726e-06, 1.169201309864726e-06, 1.169201309864726e-06]
Prune local model 15, pr_ratio = [0.0, 0.0, 0.0, 0.0]
Prune local model 19, pr_ratio = [3.507603929594177e-06, 3.507603929594177e-06, 3.507603929594177e-06, 3.507603929594177e-06]
Prune local model 1, pr_ratio = [1.169201309864726e-06, 1.169201309864726e-06, 1.169201309864726e-06, 1.169201309864726e-06]
Prune local model 11, pr_ratio = [1.169201309864726e-06, 1.169201309864726e-06, 1.169201309864726e-06, 1.169201309864726e-06]
Prune local model 13, pr_ratio = [2.9230032746618144e-06, 2.9230032746618144e-06, 2.9230032746618144e-06, 2.9230032746618144e-06]
Prune local model 3, pr_ratio = [2.9230032746618144e-06, 2.9230032746618144e-06, 2.9230032746618144e-06, 2.9230032746618144e-06]
Prune local model 16, pr_ratio = [1.169201309864726e-06, 1.169201309864726e-06, 1.169201309864726e-06, 1.169201309864726e-06]
Prune local model 18, pr_ratio = [2.9230032746618144e-06, 2.9230032746618144e-06, 2.9230032746618144e-06, 2.9230032746618144e-06]
Prune local model 14, pr_ratio = [3.507603929594177e-06, 3.507603929594177e-06, 3.507603929594177e-06, 3.507603929594177e-06]
Prune local model 8, pr_ratio = [2.9230032746618144e-06, 2.9230032746618144e-06, 2.9230032746618144e-06, 2.9230032746618144e-06]
Prune local model 7, pr_ratio = [2.338402619729452e-06, 2.338402619729452e-06, 2.338402619729452e-06, 2.338402619729452e-06]
Prune local model 0, pr_ratio = [0.0, 0.0, 0.0, 0.0]
Round 54 – LOCAL TPR pre-agg per client: ['0.492', '0.492', '0.664', '0.831', '0.667', '0.667', '0.667', '0.831', '0.492', '0.831', '0.492', '0.831', '0.664', '0.664', '0.492', '0.664', '0.667', '0.831', '0.664', '0.492']
Round 54 – TPR per Domain: 0:0.492, 1:0.492, 2:0.664, 3:0.831, 4:0.667, 5:0.667, 6:0.667, 7:0.831, 8:0.492, 9:0.831, 10:0.492, 11:0.831, 12:0.664, 13:0.664, 14:0.492, 15:0.664, 16:0.667, 17:0.831, 18:0.664, 19:0.492
Round: 54 Method: dapperfl Mean_Acc: 67.467 Best_Acc: 69.197
Domain_Acc: [67.86, 83.16, 65.52, 53.33] Domain_BestAcc: [71.43, 85.79, 72.41, 60.0]
Prune local model 19, pr_ratio = [2.806083143675342e-06, 2.806083143675342e-06, 2.806083143675342e-06, 2.806083143675342e-06]
Prune local model 10, pr_ratio = [0.0, 0.0, 0.0, 0.0]
Prune local model 17, pr_ratio = [1.8707220957835615e-06, 1.8707220957835615e-06, 1.8707220957835615e-06, 1.8707220957835615e-06]
Prune local model 16, pr_ratio = [9.353610478917808e-07, 9.353610478917808e-07, 9.353610478917808e-07, 9.353610478917808e-07]
Prune local model 11, pr_ratio = [9.353610478917808e-07, 9.353610478917808e-07, 9.353610478917808e-07, 9.353610478917808e-07]
Prune local model 7, pr_ratio = [1.8707220957835615e-06, 1.8707220957835615e-06, 1.8707220957835615e-06, 1.8707220957835615e-06]
Prune local model 18, pr_ratio = [2.338402619729452e-06, 2.338402619729452e-06, 2.338402619729452e-06, 2.338402619729452e-06]
Prune local model 15, pr_ratio = [0.0, 0.0, 0.0, 0.0]
Prune local model 12, pr_ratio = [1.8707220957835615e-06, 1.8707220957835615e-06, 1.8707220957835615e-06, 1.8707220957835615e-06]
Prune local model 13, pr_ratio = [2.338402619729452e-06, 2.338402619729452e-06, 2.338402619729452e-06, 2.338402619729452e-06]
Prune local model 14, pr_ratio = [2.806083143675342e-06, 2.806083143675342e-06, 2.806083143675342e-06, 2.806083143675342e-06]
Prune local model 0, pr_ratio = [0.0, 0.0, 0.0, 0.0]
Prune local model 8, pr_ratio = [2.338402619729452e-06, 2.338402619729452e-06, 2.338402619729452e-06, 2.338402619729452e-06]
Prune local model 5, pr_ratio = [0.0, 0.0, 0.0, 0.0]
Prune local model 2, pr_ratio = [1.8707220957835615e-06, 1.8707220957835615e-06, 1.8707220957835615e-06, 1.8707220957835615e-06]
Prune local model 1, pr_ratio = [9.353610478917808e-07, 9.353610478917808e-07, 9.353610478917808e-07, 9.353610478917808e-07]
Prune local model 6, pr_ratio = [9.353610478917808e-07, 9.353610478917808e-07, 9.353610478917808e-07, 9.353610478917808e-07]
Prune local model 9, pr_ratio = [2.806083143675342e-06, 2.806083143675342e-06, 2.806083143675342e-06, 2.806083143675342e-06]
Prune local model 3, pr_ratio = [2.338402619729452e-06, 2.338402619729452e-06, 2.338402619729452e-06, 2.338402619729452e-06]
Prune local model 4, pr_ratio = [2.806083143675342e-06, 2.806083143675342e-06, 2.806083143675342e-06, 2.806083143675342e-06]
Round 55 – LOCAL TPR pre-agg per client: ['0.442', '0.442', '0.557', '0.810', '0.691', '0.691', '0.691', '0.810', '0.442', '0.810', '0.442', '0.810', '0.557', '0.557', '0.442', '0.557', '0.691', '0.810', '0.557', '0.442']
Round 55 – TPR per Domain: 0:0.442, 1:0.442, 2:0.557, 3:0.810, 4:0.691, 5:0.691, 6:0.691, 7:0.810, 8:0.442, 9:0.810, 10:0.442, 11:0.810, 12:0.557, 13:0.557, 14:0.442, 15:0.557, 16:0.691, 17:0.810, 18:0.557, 19:0.442
Round: 55 Method: dapperfl Mean_Acc: 64.078 Best_Acc: 69.197
Domain_Acc: [70.09, 81.05, 55.17, 50.0] Domain_BestAcc: [71.43, 85.79, 72.41, 60.0]
Prune local model 13, pr_ratio = [1.8707220957835615e-06, 1.8707220957835615e-06, 1.8707220957835615e-06, 1.8707220957835615e-06]
Prune local model 6, pr_ratio = [7.482888383134247e-07, 7.482888383134247e-07, 7.482888383134247e-07, 7.482888383134247e-07]
Prune local model 18, pr_ratio = [1.8707220957835615e-06, 1.8707220957835615e-06, 1.8707220957835615e-06, 1.8707220957835615e-06]
Prune local model 4, pr_ratio = [2.2448665149402737e-06, 2.2448665149402737e-06, 2.2448665149402737e-06, 2.2448665149402737e-06]
Prune local model 15, pr_ratio = [0.0, 0.0, 0.0, 0.0]
Prune local model 16, pr_ratio = [7.482888383134247e-07, 7.482888383134247e-07, 7.482888383134247e-07, 7.482888383134247e-07]
Prune local model 0, pr_ratio = [0.0, 0.0, 0.0, 0.0]
Prune local model 2, pr_ratio = [1.4965776766268494e-06, 1.4965776766268494e-06, 1.4965776766268494e-06, 1.4965776766268494e-06]
Prune local model 14, pr_ratio = [2.2448665149402737e-06, 2.2448665149402737e-06, 2.2448665149402737e-06, 2.2448665149402737e-06]
Prune local model 8, pr_ratio = [1.8707220957835615e-06, 1.8707220957835615e-06, 1.8707220957835615e-06, 1.8707220957835615e-06]
Prune local model 17, pr_ratio = [1.4965776766268494e-06, 1.4965776766268494e-06, 1.4965776766268494e-06, 1.4965776766268494e-06]
Prune local model 10, pr_ratio = [0.0, 0.0, 0.0, 0.0]
Prune local model 7, pr_ratio = [1.4965776766268494e-06, 1.4965776766268494e-06, 1.4965776766268494e-06, 1.4965776766268494e-06]
Prune local model 12, pr_ratio = [1.4965776766268494e-06, 1.4965776766268494e-06, 1.4965776766268494e-06, 1.4965776766268494e-06]
Prune local model 11, pr_ratio = [7.482888383134247e-07, 7.482888383134247e-07, 7.482888383134247e-07, 7.482888383134247e-07]
Prune local model 3, pr_ratio = [1.8707220957835615e-06, 1.8707220957835615e-06, 1.8707220957835615e-06, 1.8707220957835615e-06]
Prune local model 5, pr_ratio = [0.0, 0.0, 0.0, 0.0]
Prune local model 9, pr_ratio = [2.2448665149402737e-06, 2.2448665149402737e-06, 2.2448665149402737e-06, 2.2448665149402737e-06]
Prune local model 19, pr_ratio = [2.2448665149402737e-06, 2.2448665149402737e-06, 2.2448665149402737e-06, 2.2448665149402737e-06]
Prune local model 1, pr_ratio = [7.482888383134247e-07, 7.482888383134247e-07, 7.482888383134247e-07, 7.482888383134247e-07]
Round 56 – LOCAL TPR pre-agg per client: ['0.567', '0.567', '0.560', '0.830', '0.667', '0.667', '0.667', '0.830', '0.567', '0.830', '0.567', '0.830', '0.560', '0.560', '0.567', '0.560', '0.667', '0.830', '0.560', '0.567']
Round 56 – TPR per Domain: 0:0.567, 1:0.567, 2:0.560, 3:0.830, 4:0.667, 5:0.667, 6:0.667, 7:0.830, 8:0.567, 9:0.830, 10:0.567, 11:0.830, 12:0.560, 13:0.560, 14:0.567, 15:0.560, 16:0.667, 17:0.830, 18:0.560, 19:0.567
Round: 56 Method: dapperfl Mean_Acc: 66.548 Best_Acc: 69.197
Domain_Acc: [67.86, 83.16, 55.17, 60.0] Domain_BestAcc: [71.43, 85.79, 72.41, 60.0]
Prune local model 19, pr_ratio = [1.7958932119522193e-06, 1.7958932119522193e-06, 1.7958932119522193e-06, 1.7958932119522193e-06]
Prune local model 9, pr_ratio = [1.7958932119522193e-06, 1.7958932119522193e-06, 1.7958932119522193e-06, 1.7958932119522193e-06]
Prune local model 15, pr_ratio = [0.0, 0.0, 0.0, 0.0]
Prune local model 10, pr_ratio = [0.0, 0.0, 0.0, 0.0]
Prune local model 1, pr_ratio = [5.986310706507398e-07, 5.986310706507398e-07, 5.986310706507398e-07, 5.986310706507398e-07]
Prune local model 4, pr_ratio = [1.7958932119522193e-06, 1.7958932119522193e-06, 1.7958932119522193e-06, 1.7958932119522193e-06]
Prune local model 2, pr_ratio = [1.1972621413014795e-06, 1.1972621413014795e-06, 1.1972621413014795e-06, 1.1972621413014795e-06]
Prune local model 11, pr_ratio = [5.986310706507398e-07, 5.986310706507398e-07, 5.986310706507398e-07, 5.986310706507398e-07]
Prune local model 14, pr_ratio = [1.7958932119522193e-06, 1.7958932119522193e-06, 1.7958932119522193e-06, 1.7958932119522193e-06]
Prune local model 18, pr_ratio = [1.4965776766268494e-06, 1.4965776766268494e-06, 1.4965776766268494e-06, 1.4965776766268494e-06]
Prune local model 7, pr_ratio = [1.1972621413014795e-06, 1.1972621413014795e-06, 1.1972621413014795e-06, 1.1972621413014795e-06]
Prune local model 17, pr_ratio = [1.1972621413014795e-06, 1.1972621413014795e-06, 1.1972621413014795e-06, 1.1972621413014795e-06]
Prune local model 8, pr_ratio = [1.4965776766268494e-06, 1.4965776766268494e-06, 1.4965776766268494e-06, 1.4965776766268494e-06]
Prune local model 6, pr_ratio = [5.986310706507398e-07, 5.986310706507398e-07, 5.986310706507398e-07, 5.986310706507398e-07]
Prune local model 3, pr_ratio = [1.4965776766268494e-06, 1.4965776766268494e-06, 1.4965776766268494e-06, 1.4965776766268494e-06]
Prune local model 16, pr_ratio = [5.986310706507398e-07, 5.986310706507398e-07, 5.986310706507398e-07, 5.986310706507398e-07]
Prune local model 0, pr_ratio = [0.0, 0.0, 0.0, 0.0]
Prune local model 12, pr_ratio = [1.1972621413014795e-06, 1.1972621413014795e-06, 1.1972621413014795e-06, 1.1972621413014795e-06]
Prune local model 13, pr_ratio = [1.4965776766268494e-06, 1.4965776766268494e-06, 1.4965776766268494e-06, 1.4965776766268494e-06]
Prune local model 5, pr_ratio = [0.0, 0.0, 0.0, 0.0]
Round 57 – LOCAL TPR pre-agg per client: ['0.492', '0.492', '0.647', '0.845', '0.687', '0.687', '0.687', '0.845', '0.492', '0.845', '0.492', '0.845', '0.647', '0.647', '0.492', '0.647', '0.687', '0.845', '0.647', '0.492']
Round 57 – TPR per Domain: 0:0.492, 1:0.492, 2:0.647, 3:0.845, 4:0.687, 5:0.687, 6:0.687, 7:0.845, 8:0.492, 9:0.845, 10:0.492, 11:0.845, 12:0.647, 13:0.647, 14:0.492, 15:0.647, 16:0.687, 17:0.845, 18:0.647, 19:0.492
Round: 57 Method: dapperfl Mean_Acc: 67.557 Best_Acc: 69.197
Domain_Acc: [70.09, 84.74, 62.07, 53.33] Domain_BestAcc: [71.43, 85.79, 72.41, 60.0]
Prune local model 12, pr_ratio = [9.578097130411837e-07, 9.578097130411837e-07, 9.578097130411837e-07, 9.578097130411837e-07]
Prune local model 10, pr_ratio = [0.0, 0.0, 0.0, 0.0]
Prune local model 11, pr_ratio = [4.789048565205919e-07, 4.789048565205919e-07, 4.789048565205919e-07, 4.789048565205919e-07]
Prune local model 1, pr_ratio = [4.789048565205919e-07, 4.789048565205919e-07, 4.789048565205919e-07, 4.789048565205919e-07]
Prune local model 8, pr_ratio = [1.1972621413014795e-06, 1.1972621413014795e-06, 1.1972621413014795e-06, 1.1972621413014795e-06]
Prune local model 6, pr_ratio = [4.789048565205919e-07, 4.789048565205919e-07, 4.789048565205919e-07, 4.789048565205919e-07]
Prune local model 2, pr_ratio = [9.578097130411837e-07, 9.578097130411837e-07, 9.578097130411837e-07, 9.578097130411837e-07]
Prune local model 4, pr_ratio = [1.4367145695617753e-06, 1.4367145695617753e-06, 1.4367145695617753e-06, 1.4367145695617753e-06]
Prune local model 15, pr_ratio = [0.0, 0.0, 0.0, 0.0]
Prune local model 19, pr_ratio = [1.4367145695617753e-06, 1.4367145695617753e-06, 1.4367145695617753e-06, 1.4367145695617753e-06]
Prune local model 0, pr_ratio = [0.0, 0.0, 0.0, 0.0]
Prune local model 7, pr_ratio = [9.578097130411837e-07, 9.578097130411837e-07, 9.578097130411837e-07, 9.578097130411837e-07]
Prune local model 5, pr_ratio = [0.0, 0.0, 0.0, 0.0]
Prune local model 9, pr_ratio = [1.4367145695617753e-06, 1.4367145695617753e-06, 1.4367145695617753e-06, 1.4367145695617753e-06]
Prune local model 17, pr_ratio = [9.578097130411837e-07, 9.578097130411837e-07, 9.578097130411837e-07, 9.578097130411837e-07]
Prune local model 13, pr_ratio = [1.1972621413014795e-06, 1.1972621413014795e-06, 1.1972621413014795e-06, 1.1972621413014795e-06]
Prune local model 3, pr_ratio = [1.1972621413014795e-06, 1.1972621413014795e-06, 1.1972621413014795e-06, 1.1972621413014795e-06]
Prune local model 14, pr_ratio = [1.4367145695617753e-06, 1.4367145695617753e-06, 1.4367145695617753e-06, 1.4367145695617753e-06]
Prune local model 18, pr_ratio = [1.1972621413014795e-06, 1.1972621413014795e-06, 1.1972621413014795e-06, 1.1972621413014795e-06]
Prune local model 16, pr_ratio = [4.789048565205919e-07, 4.789048565205919e-07, 4.789048565205919e-07, 4.789048565205919e-07]
Round 58 – LOCAL TPR pre-agg per client: ['0.542', '0.542', '0.668', '0.841', '0.687', '0.687', '0.687', '0.841', '0.542', '0.841', '0.542', '0.841', '0.668', '0.668', '0.542', '0.668', '0.687', '0.841', '0.668', '0.542']
Round 58 – TPR per Domain: 0:0.542, 1:0.542, 2:0.668, 3:0.841, 4:0.687, 5:0.687, 6:0.687, 7:0.841, 8:0.542, 9:0.841, 10:0.542, 11:0.841, 12:0.668, 13:0.668, 14:0.542, 15:0.668, 16:0.687, 17:0.841, 18:0.668, 19:0.542
Round: 58 Method: dapperfl Mean_Acc: 69.122 Best_Acc: 69.197
Domain_Acc: [70.09, 84.21, 65.52, 56.67] Domain_BestAcc: [71.43, 85.79, 72.41, 60.0]
Prune local model 19, pr_ratio = [1.1493716556494205e-06, 1.1493716556494205e-06, 1.1493716556494205e-06, 1.1493716556494205e-06]
Prune local model 5, pr_ratio = [0.0, 0.0, 0.0, 0.0]
Prune local model 15, pr_ratio = [0.0, 0.0, 0.0, 0.0]
Prune local model 16, pr_ratio = [3.8312388521647353e-07, 3.8312388521647353e-07, 3.8312388521647353e-07, 3.8312388521647353e-07]
Prune local model 14, pr_ratio = [1.1493716556494205e-06, 1.1493716556494205e-06, 1.1493716556494205e-06, 1.1493716556494205e-06]
Prune local model 10, pr_ratio = [0.0, 0.0, 0.0, 0.0]
Prune local model 2, pr_ratio = [7.662477704329471e-07, 7.662477704329471e-07, 7.662477704329471e-07, 7.662477704329471e-07]
Prune local model 18, pr_ratio = [9.578097130411837e-07, 9.578097130411837e-07, 9.578097130411837e-07, 9.578097130411837e-07]
Prune local model 8, pr_ratio = [9.578097130411837e-07, 9.578097130411837e-07, 9.578097130411837e-07, 9.578097130411837e-07]
Prune local model 3, pr_ratio = [9.578097130411837e-07, 9.578097130411837e-07, 9.578097130411837e-07, 9.578097130411837e-07]
Prune local model 9, pr_ratio = [1.1493716556494205e-06, 1.1493716556494205e-06, 1.1493716556494205e-06, 1.1493716556494205e-06]
Prune local model 11, pr_ratio = [3.8312388521647353e-07, 3.8312388521647353e-07, 3.8312388521647353e-07, 3.8312388521647353e-07]
Prune local model 13, pr_ratio = [9.578097130411837e-07, 9.578097130411837e-07, 9.578097130411837e-07, 9.578097130411837e-07]
Prune local model 0, pr_ratio = [0.0, 0.0, 0.0, 0.0]
Prune local model 17, pr_ratio = [7.662477704329471e-07, 7.662477704329471e-07, 7.662477704329471e-07, 7.662477704329471e-07]
Prune local model 7, pr_ratio = [7.662477704329471e-07, 7.662477704329471e-07, 7.662477704329471e-07, 7.662477704329471e-07]
Prune local model 12, pr_ratio = [7.662477704329471e-07, 7.662477704329471e-07, 7.662477704329471e-07, 7.662477704329471e-07]
Prune local model 4, pr_ratio = [1.1493716556494205e-06, 1.1493716556494205e-06, 1.1493716556494205e-06, 1.1493716556494205e-06]
Prune local model 6, pr_ratio = [3.8312388521647353e-07, 3.8312388521647353e-07, 3.8312388521647353e-07, 3.8312388521647353e-07]
Prune local model 1, pr_ratio = [3.8312388521647353e-07, 3.8312388521647353e-07, 3.8312388521647353e-07, 3.8312388521647353e-07]
Round 59 – LOCAL TPR pre-agg per client: ['0.492', '0.492', '0.726', '0.840', '0.690', '0.690', '0.690', '0.840', '0.492', '0.840', '0.492', '0.840', '0.726', '0.726', '0.492', '0.726', '0.690', '0.840', '0.726', '0.492']
Round 59 – TPR per Domain: 0:0.492, 1:0.492, 2:0.726, 3:0.840, 4:0.690, 5:0.690, 6:0.690, 7:0.840, 8:0.492, 9:0.840, 10:0.492, 11:0.840, 12:0.726, 13:0.726, 14:0.492, 15:0.726, 16:0.690, 17:0.840, 18:0.726, 19:0.492
Round: 59 Method: dapperfl Mean_Acc: 69.692 Best_Acc: 69.692
Domain_Acc: [70.54, 84.21, 70.69, 53.33] Domain_BestAcc: [71.43, 85.79, 72.41, 60.0]
Prune local model 17, pr_ratio = [6.129982163463576e-07, 6.129982163463576e-07, 6.129982163463576e-07, 6.129982163463576e-07]
Prune local model 10, pr_ratio = [0.0, 0.0, 0.0, 0.0]
Prune local model 7, pr_ratio = [6.129982163463576e-07, 6.129982163463576e-07, 6.129982163463576e-07, 6.129982163463576e-07]
Prune local model 18, pr_ratio = [7.66247770432947e-07, 7.66247770432947e-07, 7.66247770432947e-07, 7.66247770432947e-07]
Prune local model 8, pr_ratio = [7.66247770432947e-07, 7.66247770432947e-07, 7.66247770432947e-07, 7.66247770432947e-07]
Prune local model 11, pr_ratio = [3.064991081731788e-07, 3.064991081731788e-07, 3.064991081731788e-07, 3.064991081731788e-07]
Prune local model 1, pr_ratio = [3.064991081731788e-07, 3.064991081731788e-07, 3.064991081731788e-07, 3.064991081731788e-07]
Prune local model 14, pr_ratio = [9.194973245195363e-07, 9.194973245195363e-07, 9.194973245195363e-07, 9.194973245195363e-07]
Prune local model 4, pr_ratio = [9.194973245195363e-07, 9.194973245195363e-07, 9.194973245195363e-07, 9.194973245195363e-07]
Prune local model 12, pr_ratio = [6.129982163463576e-07, 6.129982163463576e-07, 6.129982163463576e-07, 6.129982163463576e-07]
Prune local model 5, pr_ratio = [0.0, 0.0, 0.0, 0.0]
Prune local model 19, pr_ratio = [9.194973245195363e-07, 9.194973245195363e-07, 9.194973245195363e-07, 9.194973245195363e-07]
Prune local model 6, pr_ratio = [3.064991081731788e-07, 3.064991081731788e-07, 3.064991081731788e-07, 3.064991081731788e-07]
Prune local model 16, pr_ratio = [3.064991081731788e-07, 3.064991081731788e-07, 3.064991081731788e-07, 3.064991081731788e-07]
Prune local model 9, pr_ratio = [9.194973245195363e-07, 9.194973245195363e-07, 9.194973245195363e-07, 9.194973245195363e-07]
Prune local model 13, pr_ratio = [7.66247770432947e-07, 7.66247770432947e-07, 7.66247770432947e-07, 7.66247770432947e-07]
Prune local model 2, pr_ratio = [6.129982163463576e-07, 6.129982163463576e-07, 6.129982163463576e-07, 6.129982163463576e-07]
Prune local model 3, pr_ratio = [7.66247770432947e-07, 7.66247770432947e-07, 7.66247770432947e-07, 7.66247770432947e-07]
Prune local model 15, pr_ratio = [0.0, 0.0, 0.0, 0.0]
Prune local model 0, pr_ratio = [0.0, 0.0, 0.0, 0.0]
Round 60 – LOCAL TPR pre-agg per client: ['0.492', '0.492', '0.676', '0.846', '0.639', '0.639', '0.639', '0.846', '0.492', '0.846', '0.492', '0.846', '0.676', '0.676', '0.492', '0.676', '0.639', '0.846', '0.676', '0.492']
Round 60 – TPR per Domain: 0:0.492, 1:0.492, 2:0.676, 3:0.846, 4:0.639, 5:0.639, 6:0.639, 7:0.846, 8:0.492, 9:0.846, 10:0.492, 11:0.846, 12:0.676, 13:0.676, 14:0.492, 15:0.676, 16:0.639, 17:0.846, 18:0.676, 19:0.492
Round: 60 Method: dapperfl Mean_Acc: 67.415 Best_Acc: 69.692
Domain_Acc: [66.07, 84.74, 65.52, 53.33] Domain_BestAcc: [71.43, 85.79, 72.41, 60.0]
Prune local model 7, pr_ratio = [4.90398573077086e-07, 4.90398573077086e-07, 4.90398573077086e-07, 4.90398573077086e-07]
Prune local model 6, pr_ratio = [2.45199286538543e-07, 2.45199286538543e-07, 2.45199286538543e-07, 2.45199286538543e-07]
Prune local model 17, pr_ratio = [4.90398573077086e-07, 4.90398573077086e-07, 4.90398573077086e-07, 4.90398573077086e-07]
Prune local model 4, pr_ratio = [7.355978596156291e-07, 7.355978596156291e-07, 7.355978596156291e-07, 7.355978596156291e-07]
Prune local model 15, pr_ratio = [0.0, 0.0, 0.0, 0.0]
Prune local model 8, pr_ratio = [6.129982163463576e-07, 6.129982163463576e-07, 6.129982163463576e-07, 6.129982163463576e-07]
Prune local model 19, pr_ratio = [7.355978596156291e-07, 7.355978596156291e-07, 7.355978596156291e-07, 7.355978596156291e-07]
Prune local model 14, pr_ratio = [7.355978596156291e-07, 7.355978596156291e-07, 7.355978596156291e-07, 7.355978596156291e-07]
Prune local model 18, pr_ratio = [6.129982163463576e-07, 6.129982163463576e-07, 6.129982163463576e-07, 6.129982163463576e-07]
Prune local model 0, pr_ratio = [0.0, 0.0, 0.0, 0.0]
Prune local model 16, pr_ratio = [2.45199286538543e-07, 2.45199286538543e-07, 2.45199286538543e-07, 2.45199286538543e-07]
Prune local model 5, pr_ratio = [0.0, 0.0, 0.0, 0.0]
Prune local model 1, pr_ratio = [2.45199286538543e-07, 2.45199286538543e-07, 2.45199286538543e-07, 2.45199286538543e-07]
Prune local model 10, pr_ratio = [0.0, 0.0, 0.0, 0.0]
Prune local model 13, pr_ratio = [6.129982163463576e-07, 6.129982163463576e-07, 6.129982163463576e-07, 6.129982163463576e-07]
Prune local model 9, pr_ratio = [7.355978596156291e-07, 7.355978596156291e-07, 7.355978596156291e-07, 7.355978596156291e-07]
Prune local model 12, pr_ratio = [4.90398573077086e-07, 4.90398573077086e-07, 4.90398573077086e-07, 4.90398573077086e-07]
Prune local model 2, pr_ratio = [4.90398573077086e-07, 4.90398573077086e-07, 4.90398573077086e-07, 4.90398573077086e-07]
Prune local model 11, pr_ratio = [2.45199286538543e-07, 2.45199286538543e-07, 2.45199286538543e-07, 2.45199286538543e-07]
Prune local model 3, pr_ratio = [6.129982163463576e-07, 6.129982163463576e-07, 6.129982163463576e-07, 6.129982163463576e-07]
Round 61 – LOCAL TPR pre-agg per client: ['0.517', '0.517', '0.667', '0.836', '0.661', '0.661', '0.661', '0.836', '0.517', '0.836', '0.517', '0.836', '0.667', '0.667', '0.517', '0.667', '0.661', '0.836', '0.667', '0.517']
Round 61 – TPR per Domain: 0:0.517, 1:0.517, 2:0.667, 3:0.836, 4:0.661, 5:0.661, 6:0.661, 7:0.836, 8:0.517, 9:0.836, 10:0.517, 11:0.836, 12:0.667, 13:0.667, 14:0.517, 15:0.667, 16:0.661, 17:0.836, 18:0.667, 19:0.517
Round: 61 Method: dapperfl Mean_Acc: 68.542 Best_Acc: 69.692
Domain_Acc: [68.3, 83.68, 65.52, 56.67] Domain_BestAcc: [71.43, 85.79, 72.41, 60.0]
Prune local model 16, pr_ratio = [1.9615942923083448e-07, 1.9615942923083448e-07, 1.9615942923083448e-07, 1.9615942923083448e-07]
Prune local model 7, pr_ratio = [3.9231885846166895e-07, 3.9231885846166895e-07, 3.9231885846166895e-07, 3.9231885846166895e-07]
Prune local model 3, pr_ratio = [4.903985730770861e-07, 4.903985730770861e-07, 4.903985730770861e-07, 4.903985730770861e-07]
Prune local model 11, pr_ratio = [1.9615942923083448e-07, 1.9615942923083448e-07, 1.9615942923083448e-07, 1.9615942923083448e-07]
Prune local model 4, pr_ratio = [5.884782876925034e-07, 5.884782876925034e-07, 5.884782876925034e-07, 5.884782876925034e-07]
Prune local model 9, pr_ratio = [5.884782876925034e-07, 5.884782876925034e-07, 5.884782876925034e-07, 5.884782876925034e-07]
Prune local model 12, pr_ratio = [3.9231885846166895e-07, 3.9231885846166895e-07, 3.9231885846166895e-07, 3.9231885846166895e-07]
Prune local model 2, pr_ratio = [3.9231885846166895e-07, 3.9231885846166895e-07, 3.9231885846166895e-07, 3.9231885846166895e-07]
Prune local model 5, pr_ratio = [0.0, 0.0, 0.0, 0.0]
Prune local model 10, pr_ratio = [0.0, 0.0, 0.0, 0.0]
Prune local model 14, pr_ratio = [5.884782876925034e-07, 5.884782876925034e-07, 5.884782876925034e-07, 5.884782876925034e-07]
Prune local model 13, pr_ratio = [4.903985730770861e-07, 4.903985730770861e-07, 4.903985730770861e-07, 4.903985730770861e-07]
Prune local model 8, pr_ratio = [4.903985730770861e-07, 4.903985730770861e-07, 4.903985730770861e-07, 4.903985730770861e-07]
Prune local model 0, pr_ratio = [0.0, 0.0, 0.0, 0.0]
Prune local model 6, pr_ratio = [1.9615942923083448e-07, 1.9615942923083448e-07, 1.9615942923083448e-07, 1.9615942923083448e-07]
Prune local model 15, pr_ratio = [0.0, 0.0, 0.0, 0.0]
Prune local model 18, pr_ratio = [4.903985730770861e-07, 4.903985730770861e-07, 4.903985730770861e-07, 4.903985730770861e-07]
Prune local model 17, pr_ratio = [3.9231885846166895e-07, 3.9231885846166895e-07, 3.9231885846166895e-07, 3.9231885846166895e-07]
Prune local model 1, pr_ratio = [1.9615942923083448e-07, 1.9615942923083448e-07, 1.9615942923083448e-07, 1.9615942923083448e-07]
Prune local model 19, pr_ratio = [5.884782876925034e-07, 5.884782876925034e-07, 5.884782876925034e-07, 5.884782876925034e-07]
Round 62 – LOCAL TPR pre-agg per client: ['0.517', '0.517', '0.622', '0.826', '0.692', '0.692', '0.692', '0.826', '0.517', '0.826', '0.517', '0.826', '0.622', '0.622', '0.517', '0.622', '0.692', '0.826', '0.622', '0.517']
Round 62 – TPR per Domain: 0:0.517, 1:0.517, 2:0.622, 3:0.826, 4:0.692, 5:0.692, 6:0.692, 7:0.826, 8:0.517, 9:0.826, 10:0.517, 11:0.826, 12:0.622, 13:0.622, 14:0.517, 15:0.622, 16:0.692, 17:0.826, 18:0.622, 19:0.517
Round: 62 Method: dapperfl Mean_Acc: 67.768 Best_Acc: 69.692
Domain_Acc: [71.43, 82.63, 60.34, 56.67] Domain_BestAcc: [71.43, 85.79, 72.41, 60.0]
Prune local model 6, pr_ratio = [1.5692754338466757e-07, 1.5692754338466757e-07, 1.5692754338466757e-07, 1.5692754338466757e-07]
Prune local model 8, pr_ratio = [3.923188584616689e-07, 3.923188584616689e-07, 3.923188584616689e-07, 3.923188584616689e-07]
Prune local model 4, pr_ratio = [4.7078263015400266e-07, 4.7078263015400266e-07, 4.7078263015400266e-07, 4.7078263015400266e-07]
Prune local model 12, pr_ratio = [3.1385508676933514e-07, 3.1385508676933514e-07, 3.1385508676933514e-07, 3.1385508676933514e-07]
Prune local model 11, pr_ratio = [1.5692754338466757e-07, 1.5692754338466757e-07, 1.5692754338466757e-07, 1.5692754338466757e-07]
Prune local model 1, pr_ratio = [1.5692754338466757e-07, 1.5692754338466757e-07, 1.5692754338466757e-07, 1.5692754338466757e-07]
Prune local model 18, pr_ratio = [3.923188584616689e-07, 3.923188584616689e-07, 3.923188584616689e-07, 3.923188584616689e-07]
Prune local model 10, pr_ratio = [0.0, 0.0, 0.0, 0.0]
Prune local model 19, pr_ratio = [4.7078263015400266e-07, 4.7078263015400266e-07, 4.7078263015400266e-07, 4.7078263015400266e-07]
Prune local model 16, pr_ratio = [1.5692754338466757e-07, 1.5692754338466757e-07, 1.5692754338466757e-07, 1.5692754338466757e-07]
Prune local model 13, pr_ratio = [3.923188584616689e-07, 3.923188584616689e-07, 3.923188584616689e-07, 3.923188584616689e-07]
Prune local model 17, pr_ratio = [3.1385508676933514e-07, 3.1385508676933514e-07, 3.1385508676933514e-07, 3.1385508676933514e-07]
Prune local model 2, pr_ratio = [3.1385508676933514e-07, 3.1385508676933514e-07, 3.1385508676933514e-07, 3.1385508676933514e-07]
Prune local model 3, pr_ratio = [3.923188584616689e-07, 3.923188584616689e-07, 3.923188584616689e-07, 3.923188584616689e-07]
Prune local model 7, pr_ratio = [3.1385508676933514e-07, 3.1385508676933514e-07, 3.1385508676933514e-07, 3.1385508676933514e-07]
Prune local model 9, pr_ratio = [4.7078263015400266e-07, 4.7078263015400266e-07, 4.7078263015400266e-07, 4.7078263015400266e-07]
Prune local model 15, pr_ratio = [0.0, 0.0, 0.0, 0.0]
Prune local model 14, pr_ratio = [4.7078263015400266e-07, 4.7078263015400266e-07, 4.7078263015400266e-07, 4.7078263015400266e-07]
Prune local model 5, pr_ratio = [0.0, 0.0, 0.0, 0.0]
Prune local model 0, pr_ratio = [0.0, 0.0, 0.0, 0.0]
Round 63 – LOCAL TPR pre-agg per client: ['0.417', '0.417', '0.709', '0.825', '0.681', '0.681', '0.681', '0.825', '0.417', '0.825', '0.417', '0.825', '0.709', '0.709', '0.417', '0.709', '0.681', '0.825', '0.709', '0.417']
Round 63 – TPR per Domain: 0:0.417, 1:0.417, 2:0.709, 3:0.825, 4:0.681, 5:0.681, 6:0.681, 7:0.825, 8:0.417, 9:0.825, 10:0.417, 11:0.825, 12:0.709, 13:0.709, 14:0.417, 15:0.709, 16:0.681, 17:0.825, 18:0.709, 19:0.417
Round: 63 Method: dapperfl Mean_Acc: 67.922 Best_Acc: 69.692
Domain_Acc: [70.09, 82.63, 68.97, 50.0] Domain_BestAcc: [71.43, 85.79, 72.41, 60.0]
Prune local model 18, pr_ratio = [3.1385508676933514e-07, 3.1385508676933514e-07, 3.1385508676933514e-07, 3.1385508676933514e-07]
Prune local model 0, pr_ratio = [0.0, 0.0, 0.0, 0.0]
Prune local model 6, pr_ratio = [1.2554203470773406e-07, 1.2554203470773406e-07, 1.2554203470773406e-07, 1.2554203470773406e-07]
Prune local model 10, pr_ratio = [0.0, 0.0, 0.0, 0.0]
Prune local model 19, pr_ratio = [3.7662610412320217e-07, 3.7662610412320217e-07, 3.7662610412320217e-07, 3.7662610412320217e-07]
Prune local model 7, pr_ratio = [2.510840694154681e-07, 2.510840694154681e-07, 2.510840694154681e-07, 2.510840694154681e-07]
Prune local model 16, pr_ratio = [1.2554203470773406e-07, 1.2554203470773406e-07, 1.2554203470773406e-07, 1.2554203470773406e-07]
Prune local model 5, pr_ratio = [0.0, 0.0, 0.0, 0.0]
Prune local model 2, pr_ratio = [2.510840694154681e-07, 2.510840694154681e-07, 2.510840694154681e-07, 2.510840694154681e-07]
Prune local model 1, pr_ratio = [1.2554203470773406e-07, 1.2554203470773406e-07, 1.2554203470773406e-07, 1.2554203470773406e-07]
Prune local model 14, pr_ratio = [3.7662610412320217e-07, 3.7662610412320217e-07, 3.7662610412320217e-07, 3.7662610412320217e-07]
Prune local model 11, pr_ratio = [1.2554203470773406e-07, 1.2554203470773406e-07, 1.2554203470773406e-07, 1.2554203470773406e-07]
Prune local model 17, pr_ratio = [2.510840694154681e-07, 2.510840694154681e-07, 2.510840694154681e-07, 2.510840694154681e-07]
Prune local model 12, pr_ratio = [2.510840694154681e-07, 2.510840694154681e-07, 2.510840694154681e-07, 2.510840694154681e-07]
Prune local model 15, pr_ratio = [0.0, 0.0, 0.0, 0.0]
Prune local model 3, pr_ratio = [3.1385508676933514e-07, 3.1385508676933514e-07, 3.1385508676933514e-07, 3.1385508676933514e-07]
Prune local model 4, pr_ratio = [3.7662610412320217e-07, 3.7662610412320217e-07, 3.7662610412320217e-07, 3.7662610412320217e-07]
Prune local model 8, pr_ratio = [3.1385508676933514e-07, 3.1385508676933514e-07, 3.1385508676933514e-07, 3.1385508676933514e-07]
Prune local model 9, pr_ratio = [3.7662610412320217e-07, 3.7662610412320217e-07, 3.7662610412320217e-07, 3.7662610412320217e-07]
Prune local model 13, pr_ratio = [3.1385508676933514e-07, 3.1385508676933514e-07, 3.1385508676933514e-07, 3.1385508676933514e-07]
Round 64 – LOCAL TPR pre-agg per client: ['0.467', '0.467', '0.701', '0.851', '0.677', '0.677', '0.677', '0.851', '0.467', '0.851', '0.467', '0.851', '0.701', '0.701', '0.467', '0.701', '0.677', '0.851', '0.701', '0.467']
Round 64 – TPR per Domain: 0:0.467, 1:0.467, 2:0.701, 3:0.851, 4:0.677, 5:0.677, 6:0.677, 7:0.851, 8:0.467, 9:0.851, 10:0.467, 11:0.851, 12:0.701, 13:0.701, 14:0.467, 15:0.701, 16:0.677, 17:0.851, 18:0.701, 19:0.467
Round: 64 Method: dapperfl Mean_Acc: 68.867 Best_Acc: 69.692
Domain_Acc: [69.64, 85.26, 67.24, 53.33] Domain_BestAcc: [71.43, 85.79, 72.41, 60.0]
Prune local model 1, pr_ratio = [1.0043362776618725e-07, 1.0043362776618725e-07, 1.0043362776618725e-07, 1.0043362776618725e-07]
Prune local model 12, pr_ratio = [2.008672555323745e-07, 2.008672555323745e-07, 2.008672555323745e-07, 2.008672555323745e-07]
Prune local model 13, pr_ratio = [2.510840694154681e-07, 2.510840694154681e-07, 2.510840694154681e-07, 2.510840694154681e-07]
Prune local model 11, pr_ratio = [1.0043362776618725e-07, 1.0043362776618725e-07, 1.0043362776618725e-07, 1.0043362776618725e-07]
Prune local model 16, pr_ratio = [1.0043362776618725e-07, 1.0043362776618725e-07, 1.0043362776618725e-07, 1.0043362776618725e-07]
Prune local model 15, pr_ratio = [0.0, 0.0, 0.0, 0.0]
Prune local model 6, pr_ratio = [1.0043362776618725e-07, 1.0043362776618725e-07, 1.0043362776618725e-07, 1.0043362776618725e-07]
Prune local model 10, pr_ratio = [0.0, 0.0, 0.0, 0.0]
Prune local model 18, pr_ratio = [2.510840694154681e-07, 2.510840694154681e-07, 2.510840694154681e-07, 2.510840694154681e-07]
Prune local model 3, pr_ratio = [2.510840694154681e-07, 2.510840694154681e-07, 2.510840694154681e-07, 2.510840694154681e-07]
Prune local model 8, pr_ratio = [2.510840694154681e-07, 2.510840694154681e-07, 2.510840694154681e-07, 2.510840694154681e-07]
Prune local model 19, pr_ratio = [3.013008832985617e-07, 3.013008832985617e-07, 3.013008832985617e-07, 3.013008832985617e-07]
Prune local model 7, pr_ratio = [2.008672555323745e-07, 2.008672555323745e-07, 2.008672555323745e-07, 2.008672555323745e-07]
Prune local model 0, pr_ratio = [0.0, 0.0, 0.0, 0.0]
Prune local model 9, pr_ratio = [3.013008832985617e-07, 3.013008832985617e-07, 3.013008832985617e-07, 3.013008832985617e-07]
Prune local model 14, pr_ratio = [3.013008832985617e-07, 3.013008832985617e-07, 3.013008832985617e-07, 3.013008832985617e-07]
Prune local model 17, pr_ratio = [2.008672555323745e-07, 2.008672555323745e-07, 2.008672555323745e-07, 2.008672555323745e-07]
Prune local model 2, pr_ratio = [2.008672555323745e-07, 2.008672555323745e-07, 2.008672555323745e-07, 2.008672555323745e-07]
Prune local model 4, pr_ratio = [3.013008832985617e-07, 3.013008832985617e-07, 3.013008832985617e-07, 3.013008832985617e-07]
Prune local model 5, pr_ratio = [0.0, 0.0, 0.0, 0.0]
Round 65 – LOCAL TPR pre-agg per client: ['0.567', '0.567', '0.701', '0.841', '0.688', '0.688', '0.688', '0.841', '0.567', '0.841', '0.567', '0.841', '0.701', '0.701', '0.567', '0.701', '0.688', '0.841', '0.701', '0.567']
Round 65 – TPR per Domain: 0:0.567, 1:0.567, 2:0.701, 3:0.841, 4:0.688, 5:0.688, 6:0.688, 7:0.841, 8:0.567, 9:0.841, 10:0.567, 11:0.841, 12:0.701, 13:0.701, 14:0.567, 15:0.701, 16:0.688, 17:0.841, 18:0.701, 19:0.567
Round: 65 Method: dapperfl Mean_Acc: 70.93 Best_Acc: 70.93
Domain_Acc: [70.54, 84.21, 68.97, 60.0] Domain_BestAcc: [71.43, 85.79, 72.41, 60.0]
Prune local model 3, pr_ratio = [2.0086725553237452e-07, 2.0086725553237452e-07, 2.0086725553237452e-07, 2.0086725553237452e-07]
Prune local model 2, pr_ratio = [1.6069380442589963e-07, 1.6069380442589963e-07, 1.6069380442589963e-07, 1.6069380442589963e-07]
Prune local model 1, pr_ratio = [8.034690221294981e-08, 8.034690221294981e-08, 8.034690221294981e-08, 8.034690221294981e-08]
Prune local model 8, pr_ratio = [2.0086725553237452e-07, 2.0086725553237452e-07, 2.0086725553237452e-07, 2.0086725553237452e-07]
Prune local model 16, pr_ratio = [8.034690221294981e-08, 8.034690221294981e-08, 8.034690221294981e-08, 8.034690221294981e-08]
Prune local model 11, pr_ratio = [8.034690221294981e-08, 8.034690221294981e-08, 8.034690221294981e-08, 8.034690221294981e-08]
Prune local model 14, pr_ratio = [2.410407066388494e-07, 2.410407066388494e-07, 2.410407066388494e-07, 2.410407066388494e-07]
Prune local model 6, pr_ratio = [8.034690221294981e-08, 8.034690221294981e-08, 8.034690221294981e-08, 8.034690221294981e-08]
Prune local model 0, pr_ratio = [0.0, 0.0, 0.0, 0.0]
Prune local model 19, pr_ratio = [2.410407066388494e-07, 2.410407066388494e-07, 2.410407066388494e-07, 2.410407066388494e-07]
Prune local model 9, pr_ratio = [2.410407066388494e-07, 2.410407066388494e-07, 2.410407066388494e-07, 2.410407066388494e-07]
Prune local model 10, pr_ratio = [0.0, 0.0, 0.0, 0.0]
Prune local model 18, pr_ratio = [2.0086725553237452e-07, 2.0086725553237452e-07, 2.0086725553237452e-07, 2.0086725553237452e-07]
Prune local model 7, pr_ratio = [1.6069380442589963e-07, 1.6069380442589963e-07, 1.6069380442589963e-07, 1.6069380442589963e-07]
Prune local model 4, pr_ratio = [2.410407066388494e-07, 2.410407066388494e-07, 2.410407066388494e-07, 2.410407066388494e-07]
Prune local model 17, pr_ratio = [1.6069380442589963e-07, 1.6069380442589963e-07, 1.6069380442589963e-07, 1.6069380442589963e-07]
Prune local model 5, pr_ratio = [0.0, 0.0, 0.0, 0.0]
Prune local model 13, pr_ratio = [2.0086725553237452e-07, 2.0086725553237452e-07, 2.0086725553237452e-07, 2.0086725553237452e-07]
Prune local model 15, pr_ratio = [0.0, 0.0, 0.0, 0.0]
Prune local model 12, pr_ratio = [1.6069380442589963e-07, 1.6069380442589963e-07, 1.6069380442589963e-07, 1.6069380442589963e-07]
Round 66 – LOCAL TPR pre-agg per client: ['0.592', '0.592', '0.684', '0.869', '0.694', '0.694', '0.694', '0.869', '0.592', '0.869', '0.592', '0.869', '0.684', '0.684', '0.592', '0.684', '0.694', '0.869', '0.684', '0.592']
Round 66 – TPR per Domain: 0:0.592, 1:0.592, 2:0.684, 3:0.869, 4:0.694, 5:0.694, 6:0.694, 7:0.869, 8:0.592, 9:0.869, 10:0.592, 11:0.869, 12:0.684, 13:0.684, 14:0.592, 15:0.684, 16:0.694, 17:0.869, 18:0.684, 19:0.592
Round: 66 Method: dapperfl Mean_Acc: 71.155 Best_Acc: 71.155
Domain_Acc: [70.54, 86.84, 67.24, 60.0] Domain_BestAcc: [71.43, 86.84, 72.41, 60.0]
Prune local model 5, pr_ratio = [0.0, 0.0, 0.0, 0.0]
Prune local model 8, pr_ratio = [1.6069380442589963e-07, 1.6069380442589963e-07, 1.6069380442589963e-07, 1.6069380442589963e-07]
Prune local model 4, pr_ratio = [1.9283256531107955e-07, 1.9283256531107955e-07, 1.9283256531107955e-07, 1.9283256531107955e-07]
Prune local model 9, pr_ratio = [1.9283256531107955e-07, 1.9283256531107955e-07, 1.9283256531107955e-07, 1.9283256531107955e-07]
Prune local model 10, pr_ratio = [0.0, 0.0, 0.0, 0.0]
Prune local model 11, pr_ratio = [6.427752177035985e-08, 6.427752177035985e-08, 6.427752177035985e-08, 6.427752177035985e-08]
Prune local model 16, pr_ratio = [6.427752177035985e-08, 6.427752177035985e-08, 6.427752177035985e-08, 6.427752177035985e-08]
Prune local model 6, pr_ratio = [6.427752177035985e-08, 6.427752177035985e-08, 6.427752177035985e-08, 6.427752177035985e-08]
Prune local model 7, pr_ratio = [1.285550435407197e-07, 1.285550435407197e-07, 1.285550435407197e-07, 1.285550435407197e-07]
Prune local model 12, pr_ratio = [1.285550435407197e-07, 1.285550435407197e-07, 1.285550435407197e-07, 1.285550435407197e-07]
Prune local model 18, pr_ratio = [1.6069380442589963e-07, 1.6069380442589963e-07, 1.6069380442589963e-07, 1.6069380442589963e-07]
Prune local model 14, pr_ratio = [1.9283256531107955e-07, 1.9283256531107955e-07, 1.9283256531107955e-07, 1.9283256531107955e-07]
Prune local model 19, pr_ratio = [1.9283256531107955e-07, 1.9283256531107955e-07, 1.9283256531107955e-07, 1.9283256531107955e-07]
Prune local model 3, pr_ratio = [1.6069380442589963e-07, 1.6069380442589963e-07, 1.6069380442589963e-07, 1.6069380442589963e-07]
Prune local model 1, pr_ratio = [6.427752177035985e-08, 6.427752177035985e-08, 6.427752177035985e-08, 6.427752177035985e-08]
Prune local model 17, pr_ratio = [1.285550435407197e-07, 1.285550435407197e-07, 1.285550435407197e-07, 1.285550435407197e-07]
Prune local model 0, pr_ratio = [0.0, 0.0, 0.0, 0.0]
Prune local model 15, pr_ratio = [0.0, 0.0, 0.0, 0.0]
Prune local model 13, pr_ratio = [1.6069380442589963e-07, 1.6069380442589963e-07, 1.6069380442589963e-07, 1.6069380442589963e-07]
Prune local model 2, pr_ratio = [1.285550435407197e-07, 1.285550435407197e-07, 1.285550435407197e-07, 1.285550435407197e-07]
Round 67 – LOCAL TPR pre-agg per client: ['0.567', '0.567', '0.668', '0.856', '0.710', '0.710', '0.710', '0.856', '0.567', '0.856', '0.567', '0.856', '0.668', '0.668', '0.567', '0.668', '0.710', '0.856', '0.668', '0.567']
Round 67 – TPR per Domain: 0:0.567, 1:0.567, 2:0.668, 3:0.856, 4:0.710, 5:0.710, 6:0.710, 7:0.856, 8:0.567, 9:0.856, 10:0.567, 11:0.856, 12:0.668, 13:0.668, 14:0.567, 15:0.668, 16:0.710, 17:0.856, 18:0.668, 19:0.567
Round: 67 Method: dapperfl Mean_Acc: 70.908 Best_Acc: 71.155
Domain_Acc: [72.32, 85.79, 65.52, 60.0] Domain_BestAcc: [72.32, 86.84, 72.41, 60.0]
Prune local model 18, pr_ratio = [1.285550435407197e-07, 1.285550435407197e-07, 1.285550435407197e-07, 1.285550435407197e-07]
Prune local model 3, pr_ratio = [1.285550435407197e-07, 1.285550435407197e-07, 1.285550435407197e-07, 1.285550435407197e-07]
Prune local model 12, pr_ratio = [1.0284403483257577e-07, 1.0284403483257577e-07, 1.0284403483257577e-07, 1.0284403483257577e-07]
Prune local model 14, pr_ratio = [1.5426605224886364e-07, 1.5426605224886364e-07, 1.5426605224886364e-07, 1.5426605224886364e-07]
Prune local model 2, pr_ratio = [1.0284403483257577e-07, 1.0284403483257577e-07, 1.0284403483257577e-07, 1.0284403483257577e-07]
Prune local model 19, pr_ratio = [1.5426605224886364e-07, 1.5426605224886364e-07, 1.5426605224886364e-07, 1.5426605224886364e-07]
Prune local model 7, pr_ratio = [1.0284403483257577e-07, 1.0284403483257577e-07, 1.0284403483257577e-07, 1.0284403483257577e-07]
Prune local model 5, pr_ratio = [0.0, 0.0, 0.0, 0.0]
Prune local model 6, pr_ratio = [5.1422017416287885e-08, 5.1422017416287885e-08, 5.1422017416287885e-08, 5.1422017416287885e-08]
Prune local model 9, pr_ratio = [1.5426605224886364e-07, 1.5426605224886364e-07, 1.5426605224886364e-07, 1.5426605224886364e-07]
Prune local model 8, pr_ratio = [1.285550435407197e-07, 1.285550435407197e-07, 1.285550435407197e-07, 1.285550435407197e-07]
Prune local model 17, pr_ratio = [1.0284403483257577e-07, 1.0284403483257577e-07, 1.0284403483257577e-07, 1.0284403483257577e-07]
Prune local model 10, pr_ratio = [0.0, 0.0, 0.0, 0.0]
Prune local model 4, pr_ratio = [1.5426605224886364e-07, 1.5426605224886364e-07, 1.5426605224886364e-07, 1.5426605224886364e-07]
Prune local model 1, pr_ratio = [5.1422017416287885e-08, 5.1422017416287885e-08, 5.1422017416287885e-08, 5.1422017416287885e-08]
Prune local model 0, pr_ratio = [0.0, 0.0, 0.0, 0.0]
Prune local model 15, pr_ratio = [0.0, 0.0, 0.0, 0.0]
Prune local model 16, pr_ratio = [5.1422017416287885e-08, 5.1422017416287885e-08, 5.1422017416287885e-08, 5.1422017416287885e-08]
Prune local model 13, pr_ratio = [1.285550435407197e-07, 1.285550435407197e-07, 1.285550435407197e-07, 1.285550435407197e-07]
Prune local model 11, pr_ratio = [5.1422017416287885e-08, 5.1422017416287885e-08, 5.1422017416287885e-08, 5.1422017416287885e-08]
Round 68 – LOCAL TPR pre-agg per client: ['0.617', '0.617', '0.667', '0.840', '0.681', '0.681', '0.681', '0.840', '0.617', '0.840', '0.617', '0.840', '0.667', '0.667', '0.617', '0.667', '0.681', '0.840', '0.667', '0.617']
Round 68 – TPR per Domain: 0:0.617, 1:0.617, 2:0.667, 3:0.840, 4:0.681, 5:0.681, 6:0.681, 7:0.840, 8:0.617, 9:0.840, 10:0.617, 11:0.840, 12:0.667, 13:0.667, 14:0.617, 15:0.667, 16:0.681, 17:0.840, 18:0.667, 19:0.617
Round: 68 Method: dapperfl Mean_Acc: 70.788 Best_Acc: 71.155
Domain_Acc: [70.09, 84.21, 65.52, 63.33] Domain_BestAcc: [72.32, 86.84, 72.41, 63.33]
Prune local model 12, pr_ratio = [8.227522786606062e-08, 8.227522786606062e-08, 8.227522786606062e-08, 8.227522786606062e-08]
Prune local model 7, pr_ratio = [8.227522786606062e-08, 8.227522786606062e-08, 8.227522786606062e-08, 8.227522786606062e-08]
Prune local model 6, pr_ratio = [4.113761393303031e-08, 4.113761393303031e-08, 4.113761393303031e-08, 4.113761393303031e-08]
Prune local model 11, pr_ratio = [4.113761393303031e-08, 4.113761393303031e-08, 4.113761393303031e-08, 4.113761393303031e-08]
Prune local model 5, pr_ratio = [0.0, 0.0, 0.0, 0.0]
Prune local model 15, pr_ratio = [0.0, 0.0, 0.0, 0.0]
Prune local model 0, pr_ratio = [0.0, 0.0, 0.0, 0.0]
Prune local model 13, pr_ratio = [1.0284403483257577e-07, 1.0284403483257577e-07, 1.0284403483257577e-07, 1.0284403483257577e-07]
Prune local model 2, pr_ratio = [8.227522786606062e-08, 8.227522786606062e-08, 8.227522786606062e-08, 8.227522786606062e-08]
Prune local model 3, pr_ratio = [1.0284403483257577e-07, 1.0284403483257577e-07, 1.0284403483257577e-07, 1.0284403483257577e-07]
Prune local model 10, pr_ratio = [0.0, 0.0, 0.0, 0.0]
Prune local model 8, pr_ratio = [1.0284403483257577e-07, 1.0284403483257577e-07, 1.0284403483257577e-07, 1.0284403483257577e-07]
Prune local model 1, pr_ratio = [4.113761393303031e-08, 4.113761393303031e-08, 4.113761393303031e-08, 4.113761393303031e-08]
Prune local model 17, pr_ratio = [8.227522786606062e-08, 8.227522786606062e-08, 8.227522786606062e-08, 8.227522786606062e-08]
Prune local model 19, pr_ratio = [1.234128417990909e-07, 1.234128417990909e-07, 1.234128417990909e-07, 1.234128417990909e-07]
Prune local model 16, pr_ratio = [4.113761393303031e-08, 4.113761393303031e-08, 4.113761393303031e-08, 4.113761393303031e-08]
Prune local model 14, pr_ratio = [1.234128417990909e-07, 1.234128417990909e-07, 1.234128417990909e-07, 1.234128417990909e-07]
Prune local model 18, pr_ratio = [1.0284403483257577e-07, 1.0284403483257577e-07, 1.0284403483257577e-07, 1.0284403483257577e-07]
Prune local model 9, pr_ratio = [1.234128417990909e-07, 1.234128417990909e-07, 1.234128417990909e-07, 1.234128417990909e-07]
Prune local model 4, pr_ratio = [1.234128417990909e-07, 1.234128417990909e-07, 1.234128417990909e-07, 1.234128417990909e-07]
Round 69 – LOCAL TPR pre-agg per client: ['0.567', '0.567', '0.705', '0.853', '0.717', '0.717', '0.717', '0.853', '0.567', '0.853', '0.567', '0.853', '0.705', '0.705', '0.567', '0.705', '0.717', '0.853', '0.705', '0.567']
Round 69 – TPR per Domain: 0:0.567, 1:0.567, 2:0.705, 3:0.853, 4:0.717, 5:0.717, 6:0.717, 7:0.853, 8:0.567, 9:0.853, 10:0.567, 11:0.853, 12:0.705, 13:0.705, 14:0.567, 15:0.705, 16:0.717, 17:0.853, 18:0.705, 19:0.567
Round: 69 Method: dapperfl Mean_Acc: 71.75 Best_Acc: 71.75
Domain_Acc: [72.77, 85.26, 68.97, 60.0] Domain_BestAcc: [72.77, 86.84, 72.41, 63.33]
Prune local model 18, pr_ratio = [8.227522786606062e-08, 8.227522786606062e-08, 8.227522786606062e-08, 8.227522786606062e-08]
Prune local model 14, pr_ratio = [9.873027343927274e-08, 9.873027343927274e-08, 9.873027343927274e-08, 9.873027343927274e-08]
Prune local model 4, pr_ratio = [9.873027343927274e-08, 9.873027343927274e-08, 9.873027343927274e-08, 9.873027343927274e-08]
Prune local model 5, pr_ratio = [0.0, 0.0, 0.0, 0.0]
Prune local model 2, pr_ratio = [6.58201822928485e-08, 6.58201822928485e-08, 6.58201822928485e-08, 6.58201822928485e-08]
Prune local model 19, pr_ratio = [9.873027343927274e-08, 9.873027343927274e-08, 9.873027343927274e-08, 9.873027343927274e-08]
Prune local model 11, pr_ratio = [3.291009114642425e-08, 3.291009114642425e-08, 3.291009114642425e-08, 3.291009114642425e-08]
Prune local model 17, pr_ratio = [6.58201822928485e-08, 6.58201822928485e-08, 6.58201822928485e-08, 6.58201822928485e-08]
Prune local model 13, pr_ratio = [8.227522786606062e-08, 8.227522786606062e-08, 8.227522786606062e-08, 8.227522786606062e-08]
Prune local model 8, pr_ratio = [8.227522786606062e-08, 8.227522786606062e-08, 8.227522786606062e-08, 8.227522786606062e-08]
Prune local model 3, pr_ratio = [8.227522786606062e-08, 8.227522786606062e-08, 8.227522786606062e-08, 8.227522786606062e-08]
Prune local model 7, pr_ratio = [6.58201822928485e-08, 6.58201822928485e-08, 6.58201822928485e-08, 6.58201822928485e-08]
Prune local model 12, pr_ratio = [6.58201822928485e-08, 6.58201822928485e-08, 6.58201822928485e-08, 6.58201822928485e-08]
Prune local model 6, pr_ratio = [3.291009114642425e-08, 3.291009114642425e-08, 3.291009114642425e-08, 3.291009114642425e-08]
Prune local model 0, pr_ratio = [0.0, 0.0, 0.0, 0.0]
Prune local model 15, pr_ratio = [0.0, 0.0, 0.0, 0.0]
Prune local model 1, pr_ratio = [3.291009114642425e-08, 3.291009114642425e-08, 3.291009114642425e-08, 3.291009114642425e-08]
Prune local model 9, pr_ratio = [9.873027343927274e-08, 9.873027343927274e-08, 9.873027343927274e-08, 9.873027343927274e-08]
Prune local model 10, pr_ratio = [0.0, 0.0, 0.0, 0.0]
Prune local model 16, pr_ratio = [3.291009114642425e-08, 3.291009114642425e-08, 3.291009114642425e-08, 3.291009114642425e-08]
Round 70 – LOCAL TPR pre-agg per client: ['0.567', '0.567', '0.709', '0.851', '0.724', '0.724', '0.724', '0.851', '0.567', '0.851', '0.567', '0.851', '0.709', '0.709', '0.567', '0.709', '0.724', '0.851', '0.709', '0.567']
Round 70 – TPR per Domain: 0:0.567, 1:0.567, 2:0.709, 3:0.851, 4:0.724, 5:0.724, 6:0.724, 7:0.851, 8:0.567, 9:0.851, 10:0.567, 11:0.851, 12:0.709, 13:0.709, 14:0.567, 15:0.709, 16:0.724, 17:0.851, 18:0.709, 19:0.567
Round: 70 Method: dapperfl Mean_Acc: 71.972 Best_Acc: 71.972
Domain_Acc: [73.66, 85.26, 68.97, 60.0] Domain_BestAcc: [73.66, 86.84, 72.41, 63.33]
Prune local model 1, pr_ratio = [2.63280729171394e-08, 2.63280729171394e-08, 2.63280729171394e-08, 2.63280729171394e-08]
Prune local model 5, pr_ratio = [0.0, 0.0, 0.0, 0.0]
Prune local model 11, pr_ratio = [2.63280729171394e-08, 2.63280729171394e-08, 2.63280729171394e-08, 2.63280729171394e-08]
Prune local model 6, pr_ratio = [2.63280729171394e-08, 2.63280729171394e-08, 2.63280729171394e-08, 2.63280729171394e-08]
Prune local model 7, pr_ratio = [5.26561458342788e-08, 5.26561458342788e-08, 5.26561458342788e-08, 5.26561458342788e-08]
Prune local model 12, pr_ratio = [5.26561458342788e-08, 5.26561458342788e-08, 5.26561458342788e-08, 5.26561458342788e-08]
Prune local model 13, pr_ratio = [6.58201822928485e-08, 6.58201822928485e-08, 6.58201822928485e-08, 6.58201822928485e-08]
Prune local model 8, pr_ratio = [6.58201822928485e-08, 6.58201822928485e-08, 6.58201822928485e-08, 6.58201822928485e-08]
Prune local model 3, pr_ratio = [6.58201822928485e-08, 6.58201822928485e-08, 6.58201822928485e-08, 6.58201822928485e-08]
Prune local model 19, pr_ratio = [7.89842187514182e-08, 7.89842187514182e-08, 7.89842187514182e-08, 7.89842187514182e-08]
Prune local model 4, pr_ratio = [7.89842187514182e-08, 7.89842187514182e-08, 7.89842187514182e-08, 7.89842187514182e-08]
Prune local model 10, pr_ratio = [0.0, 0.0, 0.0, 0.0]
Prune local model 14, pr_ratio = [7.89842187514182e-08, 7.89842187514182e-08, 7.89842187514182e-08, 7.89842187514182e-08]
Prune local model 9, pr_ratio = [7.89842187514182e-08, 7.89842187514182e-08, 7.89842187514182e-08, 7.89842187514182e-08]
Prune local model 15, pr_ratio = [0.0, 0.0, 0.0, 0.0]
Prune local model 16, pr_ratio = [2.63280729171394e-08, 2.63280729171394e-08, 2.63280729171394e-08, 2.63280729171394e-08]
Prune local model 2, pr_ratio = [5.26561458342788e-08, 5.26561458342788e-08, 5.26561458342788e-08, 5.26561458342788e-08]
Prune local model 18, pr_ratio = [6.58201822928485e-08, 6.58201822928485e-08, 6.58201822928485e-08, 6.58201822928485e-08]
Prune local model 0, pr_ratio = [0.0, 0.0, 0.0, 0.0]
Prune local model 17, pr_ratio = [5.26561458342788e-08, 5.26561458342788e-08, 5.26561458342788e-08, 5.26561458342788e-08]
Round 71 – LOCAL TPR pre-agg per client: ['0.517', '0.517', '0.697', '0.841', '0.688', '0.688', '0.688', '0.841', '0.517', '0.841', '0.517', '0.841', '0.697', '0.697', '0.517', '0.697', '0.688', '0.841', '0.697', '0.517']
Round 71 – TPR per Domain: 0:0.517, 1:0.517, 2:0.697, 3:0.841, 4:0.688, 5:0.688, 6:0.688, 7:0.841, 8:0.517, 9:0.841, 10:0.517, 11:0.841, 12:0.697, 13:0.697, 14:0.517, 15:0.697, 16:0.688, 17:0.841, 18:0.697, 19:0.517
Round: 71 Method: dapperfl Mean_Acc: 69.665 Best_Acc: 71.972
Domain_Acc: [70.54, 84.21, 67.24, 56.67] Domain_BestAcc: [73.66, 86.84, 72.41, 63.33]
Prune local model 12, pr_ratio = [4.2124916667423047e-08, 4.2124916667423047e-08, 4.2124916667423047e-08, 4.2124916667423047e-08]
Prune local model 5, pr_ratio = [0.0, 0.0, 0.0, 0.0]
Prune local model 19, pr_ratio = [6.318737500113457e-08, 6.318737500113457e-08, 6.318737500113457e-08, 6.318737500113457e-08]
Prune local model 10, pr_ratio = [0.0, 0.0, 0.0, 0.0]
Prune local model 4, pr_ratio = [6.318737500113457e-08, 6.318737500113457e-08, 6.318737500113457e-08, 6.318737500113457e-08]
Prune local model 14, pr_ratio = [6.318737500113457e-08, 6.318737500113457e-08, 6.318737500113457e-08, 6.318737500113457e-08]
Prune local model 15, pr_ratio = [0.0, 0.0, 0.0, 0.0]
Prune local model 2, pr_ratio = [4.2124916667423047e-08, 4.2124916667423047e-08, 4.2124916667423047e-08, 4.2124916667423047e-08]
Prune local model 8, pr_ratio = [5.26561458342788e-08, 5.26561458342788e-08, 5.26561458342788e-08, 5.26561458342788e-08]
Prune local model 7, pr_ratio = [4.2124916667423047e-08, 4.2124916667423047e-08, 4.2124916667423047e-08, 4.2124916667423047e-08]
Prune local model 9, pr_ratio = [6.318737500113457e-08, 6.318737500113457e-08, 6.318737500113457e-08, 6.318737500113457e-08]
Prune local model 1, pr_ratio = [2.1062458333711523e-08, 2.1062458333711523e-08, 2.1062458333711523e-08, 2.1062458333711523e-08]
Prune local model 17, pr_ratio = [4.2124916667423047e-08, 4.2124916667423047e-08, 4.2124916667423047e-08, 4.2124916667423047e-08]
Prune local model 11, pr_ratio = [2.1062458333711523e-08, 2.1062458333711523e-08, 2.1062458333711523e-08, 2.1062458333711523e-08]
Prune local model 6, pr_ratio = [2.1062458333711523e-08, 2.1062458333711523e-08, 2.1062458333711523e-08, 2.1062458333711523e-08]
Prune local model 3, pr_ratio = [5.26561458342788e-08, 5.26561458342788e-08, 5.26561458342788e-08, 5.26561458342788e-08]
Prune local model 16, pr_ratio = [2.1062458333711523e-08, 2.1062458333711523e-08, 2.1062458333711523e-08, 2.1062458333711523e-08]
Prune local model 18, pr_ratio = [5.26561458342788e-08, 5.26561458342788e-08, 5.26561458342788e-08, 5.26561458342788e-08]
Prune local model 13, pr_ratio = [5.26561458342788e-08, 5.26561458342788e-08, 5.26561458342788e-08, 5.26561458342788e-08]
Prune local model 0, pr_ratio = [0.0, 0.0, 0.0, 0.0]
Round 72 – LOCAL TPR pre-agg per client: ['0.567', '0.567', '0.726', '0.851', '0.718', '0.718', '0.718', '0.851', '0.567', '0.851', '0.567', '0.851', '0.726', '0.726', '0.567', '0.726', '0.718', '0.851', '0.726', '0.567']
Round 72 – TPR per Domain: 0:0.567, 1:0.567, 2:0.726, 3:0.851, 4:0.718, 5:0.718, 6:0.718, 7:0.851, 8:0.567, 9:0.851, 10:0.567, 11:0.851, 12:0.726, 13:0.726, 14:0.567, 15:0.726, 16:0.718, 17:0.851, 18:0.726, 19:0.567
Round: 72 Method: dapperfl Mean_Acc: 72.72 Best_Acc: 72.72
Domain_Acc: [73.21, 85.26, 72.41, 60.0] Domain_BestAcc: [73.66, 86.84, 72.41, 63.33]
Prune local model 15, pr_ratio = [0.0, 0.0, 0.0, 0.0]
Prune local model 11, pr_ratio = [1.684996666696922e-08, 1.684996666696922e-08, 1.684996666696922e-08, 1.684996666696922e-08]
Prune local model 19, pr_ratio = [5.0549900000907656e-08, 5.0549900000907656e-08, 5.0549900000907656e-08, 5.0549900000907656e-08]
Prune local model 17, pr_ratio = [3.369993333393844e-08, 3.369993333393844e-08, 3.369993333393844e-08, 3.369993333393844e-08]
Prune local model 5, pr_ratio = [0.0, 0.0, 0.0, 0.0]
Prune local model 3, pr_ratio = [4.2124916667423047e-08, 4.2124916667423047e-08, 4.2124916667423047e-08, 4.2124916667423047e-08]
Prune local model 16, pr_ratio = [1.684996666696922e-08, 1.684996666696922e-08, 1.684996666696922e-08, 1.684996666696922e-08]
Prune local model 9, pr_ratio = [5.0549900000907656e-08, 5.0549900000907656e-08, 5.0549900000907656e-08, 5.0549900000907656e-08]
Prune local model 14, pr_ratio = [5.0549900000907656e-08, 5.0549900000907656e-08, 5.0549900000907656e-08, 5.0549900000907656e-08]
Prune local model 12, pr_ratio = [3.369993333393844e-08, 3.369993333393844e-08, 3.369993333393844e-08, 3.369993333393844e-08]
Prune local model 1, pr_ratio = [1.684996666696922e-08, 1.684996666696922e-08, 1.684996666696922e-08, 1.684996666696922e-08]
Prune local model 2, pr_ratio = [3.369993333393844e-08, 3.369993333393844e-08, 3.369993333393844e-08, 3.369993333393844e-08]
Prune local model 18, pr_ratio = [4.2124916667423047e-08, 4.2124916667423047e-08, 4.2124916667423047e-08, 4.2124916667423047e-08]
Prune local model 8, pr_ratio = [4.2124916667423047e-08, 4.2124916667423047e-08, 4.2124916667423047e-08, 4.2124916667423047e-08]
Prune local model 13, pr_ratio = [4.2124916667423047e-08, 4.2124916667423047e-08, 4.2124916667423047e-08, 4.2124916667423047e-08]
Prune local model 4, pr_ratio = [5.0549900000907656e-08, 5.0549900000907656e-08, 5.0549900000907656e-08, 5.0549900000907656e-08]
Prune local model 6, pr_ratio = [1.684996666696922e-08, 1.684996666696922e-08, 1.684996666696922e-08, 1.684996666696922e-08]
Prune local model 7, pr_ratio = [3.369993333393844e-08, 3.369993333393844e-08, 3.369993333393844e-08, 3.369993333393844e-08]
Prune local model 10, pr_ratio = [0.0, 0.0, 0.0, 0.0]
Prune local model 0, pr_ratio = [0.0, 0.0, 0.0, 0.0]
Round 73 – LOCAL TPR pre-agg per client: ['0.567', '0.567', '0.726', '0.841', '0.712', '0.712', '0.712', '0.841', '0.567', '0.841', '0.567', '0.841', '0.726', '0.726', '0.567', '0.726', '0.712', '0.841', '0.726', '0.567']
Round 73 – TPR per Domain: 0:0.567, 1:0.567, 2:0.726, 3:0.841, 4:0.712, 5:0.712, 6:0.712, 7:0.841, 8:0.567, 9:0.841, 10:0.567, 11:0.841, 12:0.726, 13:0.726, 14:0.567, 15:0.726, 16:0.712, 17:0.841, 18:0.726, 19:0.567
Round: 73 Method: dapperfl Mean_Acc: 71.805 Best_Acc: 72.72
Domain_Acc: [72.32, 84.21, 70.69, 60.0] Domain_BestAcc: [73.66, 86.84, 72.41, 63.33]
Prune local model 0, pr_ratio = [0.0, 0.0, 0.0, 0.0]
Prune local model 13, pr_ratio = [3.369993333393844e-08, 3.369993333393844e-08, 3.369993333393844e-08, 3.369993333393844e-08]
Prune local model 7, pr_ratio = [2.695994666715075e-08, 2.695994666715075e-08, 2.695994666715075e-08, 2.695994666715075e-08]
Prune local model 12, pr_ratio = [2.695994666715075e-08, 2.695994666715075e-08, 2.695994666715075e-08, 2.695994666715075e-08]
Prune local model 9, pr_ratio = [4.0439920000726123e-08, 4.0439920000726123e-08, 4.0439920000726123e-08, 4.0439920000726123e-08]
Prune local model 4, pr_ratio = [4.0439920000726123e-08, 4.0439920000726123e-08, 4.0439920000726123e-08, 4.0439920000726123e-08]
Prune local model 11, pr_ratio = [1.3479973333575376e-08, 1.3479973333575376e-08, 1.3479973333575376e-08, 1.3479973333575376e-08]
Prune local model 2, pr_ratio = [2.695994666715075e-08, 2.695994666715075e-08, 2.695994666715075e-08, 2.695994666715075e-08]
Prune local model 16, pr_ratio = [1.3479973333575376e-08, 1.3479973333575376e-08, 1.3479973333575376e-08, 1.3479973333575376e-08]
Prune local model 14, pr_ratio = [4.0439920000726123e-08, 4.0439920000726123e-08, 4.0439920000726123e-08, 4.0439920000726123e-08]
Prune local model 15, pr_ratio = [0.0, 0.0, 0.0, 0.0]
Prune local model 5, pr_ratio = [0.0, 0.0, 0.0, 0.0]
Prune local model 10, pr_ratio = [0.0, 0.0, 0.0, 0.0]
Prune local model 1, pr_ratio = [1.3479973333575376e-08, 1.3479973333575376e-08, 1.3479973333575376e-08, 1.3479973333575376e-08]
Prune local model 19, pr_ratio = [4.0439920000726123e-08, 4.0439920000726123e-08, 4.0439920000726123e-08, 4.0439920000726123e-08]
Prune local model 3, pr_ratio = [3.369993333393844e-08, 3.369993333393844e-08, 3.369993333393844e-08, 3.369993333393844e-08]
Prune local model 18, pr_ratio = [3.369993333393844e-08, 3.369993333393844e-08, 3.369993333393844e-08, 3.369993333393844e-08]
Prune local model 17, pr_ratio = [2.695994666715075e-08, 2.695994666715075e-08, 2.695994666715075e-08, 2.695994666715075e-08]
Prune local model 6, pr_ratio = [1.3479973333575376e-08, 1.3479973333575376e-08, 1.3479973333575376e-08, 1.3479973333575376e-08]
Prune local model 8, pr_ratio = [3.369993333393844e-08, 3.369993333393844e-08, 3.369993333393844e-08, 3.369993333393844e-08]
Round 74 – LOCAL TPR pre-agg per client: ['0.567', '0.567', '0.758', '0.847', '0.695', '0.695', '0.695', '0.847', '0.567', '0.847', '0.567', '0.847', '0.758', '0.758', '0.567', '0.758', '0.695', '0.847', '0.758', '0.567']
Round 74 – TPR per Domain: 0:0.567, 1:0.567, 2:0.758, 3:0.847, 4:0.695, 5:0.695, 6:0.695, 7:0.847, 8:0.567, 9:0.847, 10:0.567, 11:0.847, 12:0.758, 13:0.758, 14:0.567, 15:0.758, 16:0.695, 17:0.847, 18:0.758, 19:0.567
Round: 74 Method: dapperfl Mean_Acc: 72.465 Best_Acc: 72.72
Domain_Acc: [70.98, 84.74, 74.14, 60.0] Domain_BestAcc: [73.66, 86.84, 74.14, 63.33]
Prune local model 11, pr_ratio = [1.0783978666860301e-08, 1.0783978666860301e-08, 1.0783978666860301e-08, 1.0783978666860301e-08]
Prune local model 7, pr_ratio = [2.1567957333720603e-08, 2.1567957333720603e-08, 2.1567957333720603e-08, 2.1567957333720603e-08]
Prune local model 6, pr_ratio = [1.0783978666860301e-08, 1.0783978666860301e-08, 1.0783978666860301e-08, 1.0783978666860301e-08]
Prune local model 18, pr_ratio = [2.695994666715075e-08, 2.695994666715075e-08, 2.695994666715075e-08, 2.695994666715075e-08]
Prune local model 10, pr_ratio = [0.0, 0.0, 0.0, 0.0]
Prune local model 4, pr_ratio = [3.23519360005809e-08, 3.23519360005809e-08, 3.23519360005809e-08, 3.23519360005809e-08]
Prune local model 8, pr_ratio = [2.695994666715075e-08, 2.695994666715075e-08, 2.695994666715075e-08, 2.695994666715075e-08]
Prune local model 12, pr_ratio = [2.1567957333720603e-08, 2.1567957333720603e-08, 2.1567957333720603e-08, 2.1567957333720603e-08]
Prune local model 0, pr_ratio = [0.0, 0.0, 0.0, 0.0]
Prune local model 9, pr_ratio = [3.23519360005809e-08, 3.23519360005809e-08, 3.23519360005809e-08, 3.23519360005809e-08]
Prune local model 19, pr_ratio = [3.23519360005809e-08, 3.23519360005809e-08, 3.23519360005809e-08, 3.23519360005809e-08]
Prune local model 17, pr_ratio = [2.1567957333720603e-08, 2.1567957333720603e-08, 2.1567957333720603e-08, 2.1567957333720603e-08]
Prune local model 1, pr_ratio = [1.0783978666860301e-08, 1.0783978666860301e-08, 1.0783978666860301e-08, 1.0783978666860301e-08]
Prune local model 14, pr_ratio = [3.23519360005809e-08, 3.23519360005809e-08, 3.23519360005809e-08, 3.23519360005809e-08]
Prune local model 16, pr_ratio = [1.0783978666860301e-08, 1.0783978666860301e-08, 1.0783978666860301e-08, 1.0783978666860301e-08]
Prune local model 15, pr_ratio = [0.0, 0.0, 0.0, 0.0]
Prune local model 2, pr_ratio = [2.1567957333720603e-08, 2.1567957333720603e-08, 2.1567957333720603e-08, 2.1567957333720603e-08]
Prune local model 3, pr_ratio = [2.695994666715075e-08, 2.695994666715075e-08, 2.695994666715075e-08, 2.695994666715075e-08]
Prune local model 13, pr_ratio = [2.695994666715075e-08, 2.695994666715075e-08, 2.695994666715075e-08, 2.695994666715075e-08]
Prune local model 5, pr_ratio = [0.0, 0.0, 0.0, 0.0]
Round 75 – LOCAL TPR pre-agg per client: ['0.567', '0.567', '0.680', '0.857', '0.696', '0.696', '0.696', '0.857', '0.567', '0.857', '0.567', '0.857', '0.680', '0.680', '0.567', '0.680', '0.696', '0.857', '0.680', '0.567']
Round 75 – TPR per Domain: 0:0.567, 1:0.567, 2:0.680, 3:0.857, 4:0.696, 5:0.696, 6:0.696, 7:0.857, 8:0.567, 9:0.857, 10:0.567, 11:0.857, 12:0.680, 13:0.680, 14:0.567, 15:0.680, 16:0.696, 17:0.857, 18:0.680, 19:0.567
Round: 75 Method: dapperfl Mean_Acc: 70.892 Best_Acc: 72.72
Domain_Acc: [70.54, 85.79, 67.24, 60.0] Domain_BestAcc: [73.66, 86.84, 74.14, 63.33]
Prune local model 7, pr_ratio = [1.7254365866976484e-08, 1.7254365866976484e-08, 1.7254365866976484e-08, 1.7254365866976484e-08]
Prune local model 15, pr_ratio = [0.0, 0.0, 0.0, 0.0]
Prune local model 17, pr_ratio = [1.7254365866976484e-08, 1.7254365866976484e-08, 1.7254365866976484e-08, 1.7254365866976484e-08]
Prune local model 9, pr_ratio = [2.588154880046472e-08, 2.588154880046472e-08, 2.588154880046472e-08, 2.588154880046472e-08]
Prune local model 6, pr_ratio = [8.627182933488242e-09, 8.627182933488242e-09, 8.627182933488242e-09, 8.627182933488242e-09]
Prune local model 10, pr_ratio = [0.0, 0.0, 0.0, 0.0]
Prune local model 4, pr_ratio = [2.588154880046472e-08, 2.588154880046472e-08, 2.588154880046472e-08, 2.588154880046472e-08]
Prune local model 3, pr_ratio = [2.1567957333720603e-08, 2.1567957333720603e-08, 2.1567957333720603e-08, 2.1567957333720603e-08]
Prune local model 18, pr_ratio = [2.1567957333720603e-08, 2.1567957333720603e-08, 2.1567957333720603e-08, 2.1567957333720603e-08]
Prune local model 8, pr_ratio = [2.1567957333720603e-08, 2.1567957333720603e-08, 2.1567957333720603e-08, 2.1567957333720603e-08]
Prune local model 0, pr_ratio = [0.0, 0.0, 0.0, 0.0]
Prune local model 11, pr_ratio = [8.627182933488242e-09, 8.627182933488242e-09, 8.627182933488242e-09, 8.627182933488242e-09]
Prune local model 14, pr_ratio = [2.588154880046472e-08, 2.588154880046472e-08, 2.588154880046472e-08, 2.588154880046472e-08]
Prune local model 13, pr_ratio = [2.1567957333720603e-08, 2.1567957333720603e-08, 2.1567957333720603e-08, 2.1567957333720603e-08]
Prune local model 16, pr_ratio = [8.627182933488242e-09, 8.627182933488242e-09, 8.627182933488242e-09, 8.627182933488242e-09]
Prune local model 19, pr_ratio = [2.588154880046472e-08, 2.588154880046472e-08, 2.588154880046472e-08, 2.588154880046472e-08]
Prune local model 1, pr_ratio = [8.627182933488242e-09, 8.627182933488242e-09, 8.627182933488242e-09, 8.627182933488242e-09]
Prune local model 2, pr_ratio = [1.7254365866976484e-08, 1.7254365866976484e-08, 1.7254365866976484e-08, 1.7254365866976484e-08]
Prune local model 12, pr_ratio = [1.7254365866976484e-08, 1.7254365866976484e-08, 1.7254365866976484e-08, 1.7254365866976484e-08]
Prune local model 5, pr_ratio = [0.0, 0.0, 0.0, 0.0]
Round 76 – LOCAL TPR pre-agg per client: ['0.567', '0.567', '0.772', '0.846', '0.718', '0.718', '0.718', '0.846', '0.567', '0.846', '0.567', '0.846', '0.772', '0.772', '0.567', '0.772', '0.718', '0.846', '0.772', '0.567']
Round 76 – TPR per Domain: 0:0.567, 1:0.567, 2:0.772, 3:0.846, 4:0.718, 5:0.718, 6:0.718, 7:0.846, 8:0.567, 9:0.846, 10:0.567, 11:0.846, 12:0.772, 13:0.772, 14:0.567, 15:0.772, 16:0.718, 17:0.846, 18:0.772, 19:0.567
Round: 76 Method: dapperfl Mean_Acc: 73.452 Best_Acc: 73.452
Domain_Acc: [73.21, 84.74, 75.86, 60.0] Domain_BestAcc: [73.66, 86.84, 75.86, 63.33]
Prune local model 9, pr_ratio = [2.070523904037178e-08, 2.070523904037178e-08, 2.070523904037178e-08, 2.070523904037178e-08]
Prune local model 6, pr_ratio = [6.901746346790594e-09, 6.901746346790594e-09, 6.901746346790594e-09, 6.901746346790594e-09]
Prune local model 10, pr_ratio = [0.0, 0.0, 0.0, 0.0]
Prune local model 3, pr_ratio = [1.7254365866976484e-08, 1.7254365866976484e-08, 1.7254365866976484e-08, 1.7254365866976484e-08]
Prune local model 17, pr_ratio = [1.3803492693581189e-08, 1.3803492693581189e-08, 1.3803492693581189e-08, 1.3803492693581189e-08]
Prune local model 16, pr_ratio = [6.901746346790594e-09, 6.901746346790594e-09, 6.901746346790594e-09, 6.901746346790594e-09]
Prune local model 2, pr_ratio = [1.3803492693581189e-08, 1.3803492693581189e-08, 1.3803492693581189e-08, 1.3803492693581189e-08]
Prune local model 12, pr_ratio = [1.3803492693581189e-08, 1.3803492693581189e-08, 1.3803492693581189e-08, 1.3803492693581189e-08]
Prune local model 5, pr_ratio = [0.0, 0.0, 0.0, 0.0]
Prune local model 0, pr_ratio = [0.0, 0.0, 0.0, 0.0]
Prune local model 19, pr_ratio = [2.070523904037178e-08, 2.070523904037178e-08, 2.070523904037178e-08, 2.070523904037178e-08]
Prune local model 14, pr_ratio = [2.070523904037178e-08, 2.070523904037178e-08, 2.070523904037178e-08, 2.070523904037178e-08]
Prune local model 8, pr_ratio = [1.7254365866976484e-08, 1.7254365866976484e-08, 1.7254365866976484e-08, 1.7254365866976484e-08]
Prune local model 18, pr_ratio = [1.7254365866976484e-08, 1.7254365866976484e-08, 1.7254365866976484e-08, 1.7254365866976484e-08]
Prune local model 1, pr_ratio = [6.901746346790594e-09, 6.901746346790594e-09, 6.901746346790594e-09, 6.901746346790594e-09]
Prune local model 13, pr_ratio = [1.7254365866976484e-08, 1.7254365866976484e-08, 1.7254365866976484e-08, 1.7254365866976484e-08]
Prune local model 7, pr_ratio = [1.3803492693581189e-08, 1.3803492693581189e-08, 1.3803492693581189e-08, 1.3803492693581189e-08]
Prune local model 11, pr_ratio = [6.901746346790594e-09, 6.901746346790594e-09, 6.901746346790594e-09, 6.901746346790594e-09]
Prune local model 4, pr_ratio = [2.070523904037178e-08, 2.070523904037178e-08, 2.070523904037178e-08, 2.070523904037178e-08]
Prune local model 15, pr_ratio = [0.0, 0.0, 0.0, 0.0]
Round 77 – LOCAL TPR pre-agg per client: ['0.567', '0.567', '0.726', '0.857', '0.694', '0.694', '0.694', '0.857', '0.567', '0.857', '0.567', '0.857', '0.726', '0.726', '0.567', '0.726', '0.694', '0.857', '0.726', '0.567']
Round 77 – TPR per Domain: 0:0.567, 1:0.567, 2:0.726, 3:0.857, 4:0.694, 5:0.694, 6:0.694, 7:0.857, 8:0.567, 9:0.857, 10:0.567, 11:0.857, 12:0.726, 13:0.726, 14:0.567, 15:0.726, 16:0.694, 17:0.857, 18:0.726, 19:0.567
Round: 77 Method: dapperfl Mean_Acc: 72.295 Best_Acc: 73.452
Domain_Acc: [70.98, 85.79, 72.41, 60.0] Domain_BestAcc: [73.66, 86.84, 75.86, 63.33]
Prune local model 6, pr_ratio = [5.521397077432475e-09, 5.521397077432475e-09, 5.521397077432475e-09, 5.521397077432475e-09]
Prune local model 9, pr_ratio = [1.6564191232297423e-08, 1.6564191232297423e-08, 1.6564191232297423e-08, 1.6564191232297423e-08]
Prune local model 8, pr_ratio = [1.3803492693581187e-08, 1.3803492693581187e-08, 1.3803492693581187e-08, 1.3803492693581187e-08]
Prune local model 16, pr_ratio = [5.521397077432475e-09, 5.521397077432475e-09, 5.521397077432475e-09, 5.521397077432475e-09]
Prune local model 18, pr_ratio = [1.3803492693581187e-08, 1.3803492693581187e-08, 1.3803492693581187e-08, 1.3803492693581187e-08]
Prune local model 10, pr_ratio = [0.0, 0.0, 0.0, 0.0]
Prune local model 13, pr_ratio = [1.3803492693581187e-08, 1.3803492693581187e-08, 1.3803492693581187e-08, 1.3803492693581187e-08]
Prune local model 15, pr_ratio = [0.0, 0.0, 0.0, 0.0]
Prune local model 4, pr_ratio = [1.6564191232297423e-08, 1.6564191232297423e-08, 1.6564191232297423e-08, 1.6564191232297423e-08]
Prune local model 3, pr_ratio = [1.3803492693581187e-08, 1.3803492693581187e-08, 1.3803492693581187e-08, 1.3803492693581187e-08]
Prune local model 19, pr_ratio = [1.6564191232297423e-08, 1.6564191232297423e-08, 1.6564191232297423e-08, 1.6564191232297423e-08]
Prune local model 17, pr_ratio = [1.104279415486495e-08, 1.104279415486495e-08, 1.104279415486495e-08, 1.104279415486495e-08]
Prune local model 7, pr_ratio = [1.104279415486495e-08, 1.104279415486495e-08, 1.104279415486495e-08, 1.104279415486495e-08]
Prune local model 0, pr_ratio = [0.0, 0.0, 0.0, 0.0]
Prune local model 12, pr_ratio = [1.104279415486495e-08, 1.104279415486495e-08, 1.104279415486495e-08, 1.104279415486495e-08]
Prune local model 14, pr_ratio = [1.6564191232297423e-08, 1.6564191232297423e-08, 1.6564191232297423e-08, 1.6564191232297423e-08]
Prune local model 1, pr_ratio = [5.521397077432475e-09, 5.521397077432475e-09, 5.521397077432475e-09, 5.521397077432475e-09]
Prune local model 2, pr_ratio = [1.104279415486495e-08, 1.104279415486495e-08, 1.104279415486495e-08, 1.104279415486495e-08]
Prune local model 11, pr_ratio = [5.521397077432475e-09, 5.521397077432475e-09, 5.521397077432475e-09, 5.521397077432475e-09]
Prune local model 5, pr_ratio = [0.0, 0.0, 0.0, 0.0]
Round 78 – LOCAL TPR pre-agg per client: ['0.517', '0.517', '0.742', '0.847', '0.686', '0.686', '0.686', '0.847', '0.517', '0.847', '0.517', '0.847', '0.742', '0.742', '0.517', '0.742', '0.686', '0.847', '0.742', '0.517']
Round 78 – TPR per Domain: 0:0.517, 1:0.517, 2:0.742, 3:0.847, 4:0.686, 5:0.686, 6:0.686, 7:0.847, 8:0.517, 9:0.847, 10:0.517, 11:0.847, 12:0.742, 13:0.742, 14:0.517, 15:0.742, 16:0.686, 17:0.847, 18:0.742, 19:0.517
Round: 78 Method: dapperfl Mean_Acc: 71.09 Best_Acc: 73.452
Domain_Acc: [70.54, 84.74, 72.41, 56.67] Domain_BestAcc: [73.66, 86.84, 75.86, 63.33]
Prune local model 13, pr_ratio = [1.104279415486495e-08, 1.104279415486495e-08, 1.104279415486495e-08, 1.104279415486495e-08]
Prune local model 7, pr_ratio = [8.834235323891961e-09, 8.834235323891961e-09, 8.834235323891961e-09, 8.834235323891961e-09]
Prune local model 10, pr_ratio = [0.0, 0.0, 0.0, 0.0]
Prune local model 9, pr_ratio = [1.3251352985837939e-08, 1.3251352985837939e-08, 1.3251352985837939e-08, 1.3251352985837939e-08]
Prune local model 6, pr_ratio = [4.4171176619459805e-09, 4.4171176619459805e-09, 4.4171176619459805e-09, 4.4171176619459805e-09]
Prune local model 1, pr_ratio = [4.4171176619459805e-09, 4.4171176619459805e-09, 4.4171176619459805e-09, 4.4171176619459805e-09]
Prune local model 2, pr_ratio = [8.834235323891961e-09, 8.834235323891961e-09, 8.834235323891961e-09, 8.834235323891961e-09]
Prune local model 3, pr_ratio = [1.104279415486495e-08, 1.104279415486495e-08, 1.104279415486495e-08, 1.104279415486495e-08]
Prune local model 17, pr_ratio = [8.834235323891961e-09, 8.834235323891961e-09, 8.834235323891961e-09, 8.834235323891961e-09]
Prune local model 5, pr_ratio = [0.0, 0.0, 0.0, 0.0]
Prune local model 4, pr_ratio = [1.3251352985837939e-08, 1.3251352985837939e-08, 1.3251352985837939e-08, 1.3251352985837939e-08]
Prune local model 18, pr_ratio = [1.104279415486495e-08, 1.104279415486495e-08, 1.104279415486495e-08, 1.104279415486495e-08]
Prune local model 15, pr_ratio = [0.0, 0.0, 0.0, 0.0]
Prune local model 8, pr_ratio = [1.104279415486495e-08, 1.104279415486495e-08, 1.104279415486495e-08, 1.104279415486495e-08]
Prune local model 19, pr_ratio = [1.3251352985837939e-08, 1.3251352985837939e-08, 1.3251352985837939e-08, 1.3251352985837939e-08]
Prune local model 0, pr_ratio = [0.0, 0.0, 0.0, 0.0]
Prune local model 14, pr_ratio = [1.3251352985837939e-08, 1.3251352985837939e-08, 1.3251352985837939e-08, 1.3251352985837939e-08]
Prune local model 11, pr_ratio = [4.4171176619459805e-09, 4.4171176619459805e-09, 4.4171176619459805e-09, 4.4171176619459805e-09]
Prune local model 12, pr_ratio = [8.834235323891961e-09, 8.834235323891961e-09, 8.834235323891961e-09, 8.834235323891961e-09]
Prune local model 16, pr_ratio = [4.4171176619459805e-09, 4.4171176619459805e-09, 4.4171176619459805e-09, 4.4171176619459805e-09]
Round 79 – LOCAL TPR pre-agg per client: ['0.567', '0.567', '0.746', '0.847', '0.704', '0.704', '0.704', '0.847', '0.567', '0.847', '0.567', '0.847', '0.746', '0.746', '0.567', '0.746', '0.704', '0.847', '0.746', '0.567']
Round 79 – TPR per Domain: 0:0.567, 1:0.567, 2:0.746, 3:0.847, 4:0.704, 5:0.704, 6:0.704, 7:0.847, 8:0.567, 9:0.847, 10:0.567, 11:0.847, 12:0.746, 13:0.746, 14:0.567, 15:0.746, 16:0.704, 17:0.847, 18:0.746, 19:0.567
Round: 79 Method: dapperfl Mean_Acc: 72.258 Best_Acc: 73.452
Domain_Acc: [71.88, 84.74, 72.41, 60.0] Domain_BestAcc: [73.66, 86.84, 75.86, 63.33]
Prune local model 11, pr_ratio = [3.5336941295567847e-09, 3.5336941295567847e-09, 3.5336941295567847e-09, 3.5336941295567847e-09]
Prune local model 19, pr_ratio = [1.0601082388670354e-08, 1.0601082388670354e-08, 1.0601082388670354e-08, 1.0601082388670354e-08]
Prune local model 9, pr_ratio = [1.0601082388670354e-08, 1.0601082388670354e-08, 1.0601082388670354e-08, 1.0601082388670354e-08]
Prune local model 12, pr_ratio = [7.067388259113569e-09, 7.067388259113569e-09, 7.067388259113569e-09, 7.067388259113569e-09]
Prune local model 8, pr_ratio = [8.834235323891961e-09, 8.834235323891961e-09, 8.834235323891961e-09, 8.834235323891961e-09]
Prune local model 18, pr_ratio = [8.834235323891961e-09, 8.834235323891961e-09, 8.834235323891961e-09, 8.834235323891961e-09]
Prune local model 2, pr_ratio = [7.067388259113569e-09, 7.067388259113569e-09, 7.067388259113569e-09, 7.067388259113569e-09]
Prune local model 13, pr_ratio = [8.834235323891961e-09, 8.834235323891961e-09, 8.834235323891961e-09, 8.834235323891961e-09]
Prune local model 4, pr_ratio = [1.0601082388670354e-08, 1.0601082388670354e-08, 1.0601082388670354e-08, 1.0601082388670354e-08]
Prune local model 16, pr_ratio = [3.5336941295567847e-09, 3.5336941295567847e-09, 3.5336941295567847e-09, 3.5336941295567847e-09]
Prune local model 14, pr_ratio = [1.0601082388670354e-08, 1.0601082388670354e-08, 1.0601082388670354e-08, 1.0601082388670354e-08]
Prune local model 5, pr_ratio = [0.0, 0.0, 0.0, 0.0]
Prune local model 17, pr_ratio = [7.067388259113569e-09, 7.067388259113569e-09, 7.067388259113569e-09, 7.067388259113569e-09]
Prune local model 6, pr_ratio = [3.5336941295567847e-09, 3.5336941295567847e-09, 3.5336941295567847e-09, 3.5336941295567847e-09]
Prune local model 0, pr_ratio = [0.0, 0.0, 0.0, 0.0]
Prune local model 1, pr_ratio = [3.5336941295567847e-09, 3.5336941295567847e-09, 3.5336941295567847e-09, 3.5336941295567847e-09]
Prune local model 7, pr_ratio = [7.067388259113569e-09, 7.067388259113569e-09, 7.067388259113569e-09, 7.067388259113569e-09]
Prune local model 10, pr_ratio = [0.0, 0.0, 0.0, 0.0]
Prune local model 3, pr_ratio = [8.834235323891961e-09, 8.834235323891961e-09, 8.834235323891961e-09, 8.834235323891961e-09]
Prune local model 15, pr_ratio = [0.0, 0.0, 0.0, 0.0]
Round 80 – LOCAL TPR pre-agg per client: ['0.517', '0.517', '0.713', '0.851', '0.695', '0.695', '0.695', '0.851', '0.517', '0.851', '0.517', '0.851', '0.713', '0.713', '0.517', '0.713', '0.695', '0.851', '0.713', '0.517']
Round 80 – TPR per Domain: 0:0.517, 1:0.517, 2:0.713, 3:0.851, 4:0.695, 5:0.695, 6:0.695, 7:0.851, 8:0.517, 9:0.851, 10:0.517, 11:0.851, 12:0.713, 13:0.713, 14:0.517, 15:0.713, 16:0.695, 17:0.851, 18:0.713, 19:0.517
Round: 80 Method: dapperfl Mean_Acc: 70.9 Best_Acc: 73.452
Domain_Acc: [70.98, 85.26, 70.69, 56.67] Domain_BestAcc: [73.66, 86.84, 75.86, 63.33]
Prune local model 3, pr_ratio = [7.067388259113569e-09, 7.067388259113569e-09, 7.067388259113569e-09, 7.067388259113569e-09]
Prune local model 7, pr_ratio = [5.653910607290856e-09, 5.653910607290856e-09, 5.653910607290856e-09, 5.653910607290856e-09]
Prune local model 15, pr_ratio = [0.0, 0.0, 0.0, 0.0]
Prune local model 11, pr_ratio = [2.826955303645428e-09, 2.826955303645428e-09, 2.826955303645428e-09, 2.826955303645428e-09]
Prune local model 12, pr_ratio = [5.653910607290856e-09, 5.653910607290856e-09, 5.653910607290856e-09, 5.653910607290856e-09]
Prune local model 19, pr_ratio = [8.480865910936283e-09, 8.480865910936283e-09, 8.480865910936283e-09, 8.480865910936283e-09]
Prune local model 14, pr_ratio = [8.480865910936283e-09, 8.480865910936283e-09, 8.480865910936283e-09, 8.480865910936283e-09]
Prune local model 6, pr_ratio = [2.826955303645428e-09, 2.826955303645428e-09, 2.826955303645428e-09, 2.826955303645428e-09]
Prune local model 10, pr_ratio = [0.0, 0.0, 0.0, 0.0]
Prune local model 1, pr_ratio = [2.826955303645428e-09, 2.826955303645428e-09, 2.826955303645428e-09, 2.826955303645428e-09]
Prune local model 5, pr_ratio = [0.0, 0.0, 0.0, 0.0]
Prune local model 18, pr_ratio = [7.067388259113569e-09, 7.067388259113569e-09, 7.067388259113569e-09, 7.067388259113569e-09]
Prune local model 17, pr_ratio = [5.653910607290856e-09, 5.653910607290856e-09, 5.653910607290856e-09, 5.653910607290856e-09]
Prune local model 2, pr_ratio = [5.653910607290856e-09, 5.653910607290856e-09, 5.653910607290856e-09, 5.653910607290856e-09]
Prune local model 9, pr_ratio = [8.480865910936283e-09, 8.480865910936283e-09, 8.480865910936283e-09, 8.480865910936283e-09]
Prune local model 0, pr_ratio = [0.0, 0.0, 0.0, 0.0]
Prune local model 13, pr_ratio = [7.067388259113569e-09, 7.067388259113569e-09, 7.067388259113569e-09, 7.067388259113569e-09]
Prune local model 16, pr_ratio = [2.826955303645428e-09, 2.826955303645428e-09, 2.826955303645428e-09, 2.826955303645428e-09]
Prune local model 4, pr_ratio = [8.480865910936283e-09, 8.480865910936283e-09, 8.480865910936283e-09, 8.480865910936283e-09]
Prune local model 8, pr_ratio = [7.067388259113569e-09, 7.067388259113569e-09, 7.067388259113569e-09, 7.067388259113569e-09]
Round 81 – LOCAL TPR pre-agg per client: ['0.517', '0.517', '0.759', '0.851', '0.721', '0.721', '0.721', '0.851', '0.517', '0.851', '0.517', '0.851', '0.759', '0.759', '0.517', '0.759', '0.721', '0.851', '0.759', '0.517']
Round 81 – TPR per Domain: 0:0.517, 1:0.517, 2:0.759, 3:0.851, 4:0.721, 5:0.721, 6:0.721, 7:0.851, 8:0.517, 9:0.851, 10:0.517, 11:0.851, 12:0.759, 13:0.759, 14:0.517, 15:0.759, 16:0.721, 17:0.851, 18:0.759, 19:0.517
Round: 81 Method: dapperfl Mean_Acc: 72.432 Best_Acc: 73.452
Domain_Acc: [73.66, 85.26, 74.14, 56.67] Domain_BestAcc: [73.66, 86.84, 75.86, 63.33]
Prune local model 10, pr_ratio = [0.0, 0.0, 0.0, 0.0]
Prune local model 0, pr_ratio = [0.0, 0.0, 0.0, 0.0]
Prune local model 2, pr_ratio = [4.523128485832685e-09, 4.523128485832685e-09, 4.523128485832685e-09, 4.523128485832685e-09]
Prune local model 12, pr_ratio = [4.523128485832685e-09, 4.523128485832685e-09, 4.523128485832685e-09, 4.523128485832685e-09]
Prune local model 3, pr_ratio = [5.653910607290855e-09, 5.653910607290855e-09, 5.653910607290855e-09, 5.653910607290855e-09]
Prune local model 5, pr_ratio = [0.0, 0.0, 0.0, 0.0]
Prune local model 6, pr_ratio = [2.2615642429163424e-09, 2.2615642429163424e-09, 2.2615642429163424e-09, 2.2615642429163424e-09]
Prune local model 4, pr_ratio = [6.784692728749026e-09, 6.784692728749026e-09, 6.784692728749026e-09, 6.784692728749026e-09]
Prune local model 16, pr_ratio = [2.2615642429163424e-09, 2.2615642429163424e-09, 2.2615642429163424e-09, 2.2615642429163424e-09]
Prune local model 19, pr_ratio = [6.784692728749026e-09, 6.784692728749026e-09, 6.784692728749026e-09, 6.784692728749026e-09]
Prune local model 13, pr_ratio = [5.653910607290855e-09, 5.653910607290855e-09, 5.653910607290855e-09, 5.653910607290855e-09]
Prune local model 15, pr_ratio = [0.0, 0.0, 0.0, 0.0]
Prune local model 1, pr_ratio = [2.2615642429163424e-09, 2.2615642429163424e-09, 2.2615642429163424e-09, 2.2615642429163424e-09]
Prune local model 18, pr_ratio = [5.653910607290855e-09, 5.653910607290855e-09, 5.653910607290855e-09, 5.653910607290855e-09]
Prune local model 17, pr_ratio = [4.523128485832685e-09, 4.523128485832685e-09, 4.523128485832685e-09, 4.523128485832685e-09]
Prune local model 8, pr_ratio = [5.653910607290855e-09, 5.653910607290855e-09, 5.653910607290855e-09, 5.653910607290855e-09]
Prune local model 11, pr_ratio = [2.2615642429163424e-09, 2.2615642429163424e-09, 2.2615642429163424e-09, 2.2615642429163424e-09]
Prune local model 7, pr_ratio = [4.523128485832685e-09, 4.523128485832685e-09, 4.523128485832685e-09, 4.523128485832685e-09]
Prune local model 14, pr_ratio = [6.784692728749026e-09, 6.784692728749026e-09, 6.784692728749026e-09, 6.784692728749026e-09]
Prune local model 9, pr_ratio = [6.784692728749026e-09, 6.784692728749026e-09, 6.784692728749026e-09, 6.784692728749026e-09]
Round 82 – LOCAL TPR pre-agg per client: ['0.567', '0.567', '0.773', '0.856', '0.698', '0.698', '0.698', '0.856', '0.567', '0.856', '0.567', '0.856', '0.773', '0.773', '0.567', '0.773', '0.698', '0.856', '0.773', '0.567']
Round 82 – TPR per Domain: 0:0.567, 1:0.567, 2:0.773, 3:0.856, 4:0.698, 5:0.698, 6:0.698, 7:0.856, 8:0.567, 9:0.856, 10:0.567, 11:0.856, 12:0.773, 13:0.773, 14:0.567, 15:0.773, 16:0.698, 17:0.856, 18:0.773, 19:0.567
Round: 82 Method: dapperfl Mean_Acc: 73.27 Best_Acc: 73.452
Domain_Acc: [71.43, 85.79, 75.86, 60.0] Domain_BestAcc: [73.66, 86.84, 75.86, 63.33]
Prune local model 13, pr_ratio = [4.523128485832685e-09, 4.523128485832685e-09, 4.523128485832685e-09, 4.523128485832685e-09]
Prune local model 8, pr_ratio = [4.523128485832685e-09, 4.523128485832685e-09, 4.523128485832685e-09, 4.523128485832685e-09]
Prune local model 2, pr_ratio = [3.6185027886661478e-09, 3.6185027886661478e-09, 3.6185027886661478e-09, 3.6185027886661478e-09]
Prune local model 11, pr_ratio = [1.8092513943330739e-09, 1.8092513943330739e-09, 1.8092513943330739e-09, 1.8092513943330739e-09]
Prune local model 15, pr_ratio = [0.0, 0.0, 0.0, 0.0]
Prune local model 14, pr_ratio = [5.427754182999222e-09, 5.427754182999222e-09, 5.427754182999222e-09, 5.427754182999222e-09]
Prune local model 12, pr_ratio = [3.6185027886661478e-09, 3.6185027886661478e-09, 3.6185027886661478e-09, 3.6185027886661478e-09]
Prune local model 10, pr_ratio = [0.0, 0.0, 0.0, 0.0]
Prune local model 17, pr_ratio = [3.6185027886661478e-09, 3.6185027886661478e-09, 3.6185027886661478e-09, 3.6185027886661478e-09]
Prune local model 7, pr_ratio = [3.6185027886661478e-09, 3.6185027886661478e-09, 3.6185027886661478e-09, 3.6185027886661478e-09]
Prune local model 5, pr_ratio = [0.0, 0.0, 0.0, 0.0]
Prune local model 0, pr_ratio = [0.0, 0.0, 0.0, 0.0]
Prune local model 1, pr_ratio = [1.8092513943330739e-09, 1.8092513943330739e-09, 1.8092513943330739e-09, 1.8092513943330739e-09]
Prune local model 19, pr_ratio = [5.427754182999222e-09, 5.427754182999222e-09, 5.427754182999222e-09, 5.427754182999222e-09]
Prune local model 18, pr_ratio = [4.523128485832685e-09, 4.523128485832685e-09, 4.523128485832685e-09, 4.523128485832685e-09]
Prune local model 4, pr_ratio = [5.427754182999222e-09, 5.427754182999222e-09, 5.427754182999222e-09, 5.427754182999222e-09]
Prune local model 3, pr_ratio = [4.523128485832685e-09, 4.523128485832685e-09, 4.523128485832685e-09, 4.523128485832685e-09]
Prune local model 6, pr_ratio = [1.8092513943330739e-09, 1.8092513943330739e-09, 1.8092513943330739e-09, 1.8092513943330739e-09]
Prune local model 9, pr_ratio = [5.427754182999222e-09, 5.427754182999222e-09, 5.427754182999222e-09, 5.427754182999222e-09]
Prune local model 16, pr_ratio = [1.8092513943330739e-09, 1.8092513943330739e-09, 1.8092513943330739e-09, 1.8092513943330739e-09]
Round 83 – LOCAL TPR pre-agg per client: ['0.567', '0.567', '0.718', '0.840', '0.704', '0.704', '0.704', '0.840', '0.567', '0.840', '0.567', '0.840', '0.718', '0.718', '0.567', '0.718', '0.704', '0.840', '0.718', '0.567']
Round 83 – TPR per Domain: 0:0.567, 1:0.567, 2:0.718, 3:0.840, 4:0.704, 5:0.704, 6:0.704, 7:0.840, 8:0.567, 9:0.840, 10:0.567, 11:0.840, 12:0.718, 13:0.718, 14:0.567, 15:0.718, 16:0.704, 17:0.840, 18:0.718, 19:0.567
Round: 83 Method: dapperfl Mean_Acc: 71.582 Best_Acc: 73.452
Domain_Acc: [71.43, 84.21, 70.69, 60.0] Domain_BestAcc: [73.66, 86.84, 75.86, 63.33]
Prune local model 13, pr_ratio = [3.6185027886661478e-09, 3.6185027886661478e-09, 3.6185027886661478e-09, 3.6185027886661478e-09]
Prune local model 6, pr_ratio = [1.4474011154664592e-09, 1.4474011154664592e-09, 1.4474011154664592e-09, 1.4474011154664592e-09]
Prune local model 17, pr_ratio = [2.8948022309329185e-09, 2.8948022309329185e-09, 2.8948022309329185e-09, 2.8948022309329185e-09]
Prune local model 18, pr_ratio = [3.6185027886661478e-09, 3.6185027886661478e-09, 3.6185027886661478e-09, 3.6185027886661478e-09]
Prune local model 19, pr_ratio = [4.3422033463993775e-09, 4.3422033463993775e-09, 4.3422033463993775e-09, 4.3422033463993775e-09]
Prune local model 11, pr_ratio = [1.4474011154664592e-09, 1.4474011154664592e-09, 1.4474011154664592e-09, 1.4474011154664592e-09]
Prune local model 0, pr_ratio = [0.0, 0.0, 0.0, 0.0]
Prune local model 8, pr_ratio = [3.6185027886661478e-09, 3.6185027886661478e-09, 3.6185027886661478e-09, 3.6185027886661478e-09]
Prune local model 10, pr_ratio = [0.0, 0.0, 0.0, 0.0]
Prune local model 16, pr_ratio = [1.4474011154664592e-09, 1.4474011154664592e-09, 1.4474011154664592e-09, 1.4474011154664592e-09]
Prune local model 12, pr_ratio = [2.8948022309329185e-09, 2.8948022309329185e-09, 2.8948022309329185e-09, 2.8948022309329185e-09]
Prune local model 7, pr_ratio = [2.8948022309329185e-09, 2.8948022309329185e-09, 2.8948022309329185e-09, 2.8948022309329185e-09]
Prune local model 3, pr_ratio = [3.6185027886661478e-09, 3.6185027886661478e-09, 3.6185027886661478e-09, 3.6185027886661478e-09]
Prune local model 15, pr_ratio = [0.0, 0.0, 0.0, 0.0]
Prune local model 2, pr_ratio = [2.8948022309329185e-09, 2.8948022309329185e-09, 2.8948022309329185e-09, 2.8948022309329185e-09]
Prune local model 14, pr_ratio = [4.3422033463993775e-09, 4.3422033463993775e-09, 4.3422033463993775e-09, 4.3422033463993775e-09]
Prune local model 4, pr_ratio = [4.3422033463993775e-09, 4.3422033463993775e-09, 4.3422033463993775e-09, 4.3422033463993775e-09]
Prune local model 9, pr_ratio = [4.3422033463993775e-09, 4.3422033463993775e-09, 4.3422033463993775e-09, 4.3422033463993775e-09]
Prune local model 5, pr_ratio = [0.0, 0.0, 0.0, 0.0]
Prune local model 1, pr_ratio = [1.4474011154664592e-09, 1.4474011154664592e-09, 1.4474011154664592e-09, 1.4474011154664592e-09]
Round 84 – LOCAL TPR pre-agg per client: ['0.667', '0.667', '0.742', '0.861', '0.713', '0.713', '0.713', '0.861', '0.667', '0.861', '0.667', '0.861', '0.742', '0.742', '0.667', '0.742', '0.713', '0.861', '0.742', '0.667']
Round 84 – TPR per Domain: 0:0.667, 1:0.667, 2:0.742, 3:0.861, 4:0.713, 5:0.713, 6:0.713, 7:0.861, 8:0.667, 9:0.861, 10:0.667, 11:0.861, 12:0.742, 13:0.742, 14:0.667, 15:0.742, 16:0.713, 17:0.861, 18:0.742, 19:0.667
Round: 84 Method: dapperfl Mean_Acc: 74.542 Best_Acc: 74.542
Domain_Acc: [72.77, 86.32, 72.41, 66.67] Domain_BestAcc: [73.66, 86.84, 75.86, 66.67]
Prune local model 0, pr_ratio = [0.0, 0.0, 0.0, 0.0]
Prune local model 9, pr_ratio = [3.473762677119502e-09, 3.473762677119502e-09, 3.473762677119502e-09, 3.473762677119502e-09]
Prune local model 10, pr_ratio = [0.0, 0.0, 0.0, 0.0]
Prune local model 7, pr_ratio = [2.315841784746335e-09, 2.315841784746335e-09, 2.315841784746335e-09, 2.315841784746335e-09]
Prune local model 14, pr_ratio = [3.473762677119502e-09, 3.473762677119502e-09, 3.473762677119502e-09, 3.473762677119502e-09]
Prune local model 19, pr_ratio = [3.473762677119502e-09, 3.473762677119502e-09, 3.473762677119502e-09, 3.473762677119502e-09]
Prune local model 2, pr_ratio = [2.315841784746335e-09, 2.315841784746335e-09, 2.315841784746335e-09, 2.315841784746335e-09]
Prune local model 15, pr_ratio = [0.0, 0.0, 0.0, 0.0]
Prune local model 1, pr_ratio = [1.1579208923731674e-09, 1.1579208923731674e-09, 1.1579208923731674e-09, 1.1579208923731674e-09]
Prune local model 18, pr_ratio = [2.8948022309329185e-09, 2.8948022309329185e-09, 2.8948022309329185e-09, 2.8948022309329185e-09]
Prune local model 5, pr_ratio = [0.0, 0.0, 0.0, 0.0]
Prune local model 4, pr_ratio = [3.473762677119502e-09, 3.473762677119502e-09, 3.473762677119502e-09, 3.473762677119502e-09]
Prune local model 16, pr_ratio = [1.1579208923731674e-09, 1.1579208923731674e-09, 1.1579208923731674e-09, 1.1579208923731674e-09]
Prune local model 12, pr_ratio = [2.315841784746335e-09, 2.315841784746335e-09, 2.315841784746335e-09, 2.315841784746335e-09]
Prune local model 17, pr_ratio = [2.315841784746335e-09, 2.315841784746335e-09, 2.315841784746335e-09, 2.315841784746335e-09]
Prune local model 6, pr_ratio = [1.1579208923731674e-09, 1.1579208923731674e-09, 1.1579208923731674e-09, 1.1579208923731674e-09]
Prune local model 11, pr_ratio = [1.1579208923731674e-09, 1.1579208923731674e-09, 1.1579208923731674e-09, 1.1579208923731674e-09]
Prune local model 13, pr_ratio = [2.8948022309329185e-09, 2.8948022309329185e-09, 2.8948022309329185e-09, 2.8948022309329185e-09]
Prune local model 8, pr_ratio = [2.8948022309329185e-09, 2.8948022309329185e-09, 2.8948022309329185e-09, 2.8948022309329185e-09]
Prune local model 3, pr_ratio = [2.8948022309329185e-09, 2.8948022309329185e-09, 2.8948022309329185e-09, 2.8948022309329185e-09]
Round 85 – LOCAL TPR pre-agg per client: ['0.617', '0.617', '0.747', '0.851', '0.712', '0.712', '0.712', '0.851', '0.617', '0.851', '0.617', '0.851', '0.747', '0.747', '0.617', '0.747', '0.712', '0.851', '0.747', '0.617']
Round 85 – TPR per Domain: 0:0.617, 1:0.617, 2:0.747, 3:0.851, 4:0.712, 5:0.712, 6:0.712, 7:0.851, 8:0.617, 9:0.851, 10:0.617, 11:0.851, 12:0.747, 13:0.747, 14:0.617, 15:0.747, 16:0.712, 17:0.851, 18:0.747, 19:0.617
Round: 85 Method: dapperfl Mean_Acc: 73.875 Best_Acc: 74.542
Domain_Acc: [72.77, 85.26, 74.14, 63.33] Domain_BestAcc: [73.66, 86.84, 75.86, 66.67]
Prune local model 16, pr_ratio = [9.26336713898534e-10, 9.26336713898534e-10, 9.26336713898534e-10, 9.26336713898534e-10]
Prune local model 4, pr_ratio = [2.7790101416956017e-09, 2.7790101416956017e-09, 2.7790101416956017e-09, 2.7790101416956017e-09]
Prune local model 3, pr_ratio = [2.315841784746335e-09, 2.315841784746335e-09, 2.315841784746335e-09, 2.315841784746335e-09]
Prune local model 0, pr_ratio = [0.0, 0.0, 0.0, 0.0]
Prune local model 18, pr_ratio = [2.315841784746335e-09, 2.315841784746335e-09, 2.315841784746335e-09, 2.315841784746335e-09]
Prune local model 13, pr_ratio = [2.315841784746335e-09, 2.315841784746335e-09, 2.315841784746335e-09, 2.315841784746335e-09]
Prune local model 15, pr_ratio = [0.0, 0.0, 0.0, 0.0]
Prune local model 10, pr_ratio = [0.0, 0.0, 0.0, 0.0]
Prune local model 1, pr_ratio = [9.26336713898534e-10, 9.26336713898534e-10, 9.26336713898534e-10, 9.26336713898534e-10]
Prune local model 11, pr_ratio = [9.26336713898534e-10, 9.26336713898534e-10, 9.26336713898534e-10, 9.26336713898534e-10]
Prune local model 14, pr_ratio = [2.7790101416956017e-09, 2.7790101416956017e-09, 2.7790101416956017e-09, 2.7790101416956017e-09]
Prune local model 12, pr_ratio = [1.852673427797068e-09, 1.852673427797068e-09, 1.852673427797068e-09, 1.852673427797068e-09]
Prune local model 8, pr_ratio = [2.315841784746335e-09, 2.315841784746335e-09, 2.315841784746335e-09, 2.315841784746335e-09]
Prune local model 5, pr_ratio = [0.0, 0.0, 0.0, 0.0]
Prune local model 2, pr_ratio = [1.852673427797068e-09, 1.852673427797068e-09, 1.852673427797068e-09, 1.852673427797068e-09]
Prune local model 9, pr_ratio = [2.7790101416956017e-09, 2.7790101416956017e-09, 2.7790101416956017e-09, 2.7790101416956017e-09]
Prune local model 19, pr_ratio = [2.7790101416956017e-09, 2.7790101416956017e-09, 2.7790101416956017e-09, 2.7790101416956017e-09]
Prune local model 17, pr_ratio = [1.852673427797068e-09, 1.852673427797068e-09, 1.852673427797068e-09, 1.852673427797068e-09]
Prune local model 6, pr_ratio = [9.26336713898534e-10, 9.26336713898534e-10, 9.26336713898534e-10, 9.26336713898534e-10]
Prune local model 7, pr_ratio = [1.852673427797068e-09, 1.852673427797068e-09, 1.852673427797068e-09, 1.852673427797068e-09]
Round 86 – LOCAL TPR pre-agg per client: ['0.583', '0.583', '0.713', '0.836', '0.683', '0.683', '0.683', '0.836', '0.583', '0.836', '0.583', '0.836', '0.713', '0.713', '0.583', '0.713', '0.683', '0.836', '0.713', '0.583']
Round 86 – TPR per Domain: 0:0.583, 1:0.583, 2:0.713, 3:0.836, 4:0.683, 5:0.683, 6:0.683, 7:0.836, 8:0.583, 9:0.836, 10:0.583, 11:0.836, 12:0.713, 13:0.713, 14:0.583, 15:0.713, 16:0.683, 17:0.836, 18:0.713, 19:0.583
Round: 86 Method: dapperfl Mean_Acc: 71.63 Best_Acc: 74.542
Domain_Acc: [70.54, 83.68, 68.97, 63.33] Domain_BestAcc: [73.66, 86.84, 75.86, 66.67]
Prune local model 19, pr_ratio = [2.2232081133564817e-09, 2.2232081133564817e-09, 2.2232081133564817e-09, 2.2232081133564817e-09]
Prune local model 1, pr_ratio = [7.410693711188272e-10, 7.410693711188272e-10, 7.410693711188272e-10, 7.410693711188272e-10]
Prune local model 0, pr_ratio = [0.0, 0.0, 0.0, 0.0]
Prune local model 5, pr_ratio = [0.0, 0.0, 0.0, 0.0]
Prune local model 8, pr_ratio = [1.852673427797068e-09, 1.852673427797068e-09, 1.852673427797068e-09, 1.852673427797068e-09]
Prune local model 9, pr_ratio = [2.2232081133564817e-09, 2.2232081133564817e-09, 2.2232081133564817e-09, 2.2232081133564817e-09]
Prune local model 18, pr_ratio = [1.852673427797068e-09, 1.852673427797068e-09, 1.852673427797068e-09, 1.852673427797068e-09]
Prune local model 3, pr_ratio = [1.852673427797068e-09, 1.852673427797068e-09, 1.852673427797068e-09, 1.852673427797068e-09]
Prune local model 14, pr_ratio = [2.2232081133564817e-09, 2.2232081133564817e-09, 2.2232081133564817e-09, 2.2232081133564817e-09]
Prune local model 6, pr_ratio = [7.410693711188272e-10, 7.410693711188272e-10, 7.410693711188272e-10, 7.410693711188272e-10]
Prune local model 10, pr_ratio = [0.0, 0.0, 0.0, 0.0]
Prune local model 15, pr_ratio = [0.0, 0.0, 0.0, 0.0]
Prune local model 16, pr_ratio = [7.410693711188272e-10, 7.410693711188272e-10, 7.410693711188272e-10, 7.410693711188272e-10]
Prune local model 4, pr_ratio = [2.2232081133564817e-09, 2.2232081133564817e-09, 2.2232081133564817e-09, 2.2232081133564817e-09]
Prune local model 2, pr_ratio = [1.4821387422376544e-09, 1.4821387422376544e-09, 1.4821387422376544e-09, 1.4821387422376544e-09]
Prune local model 11, pr_ratio = [7.410693711188272e-10, 7.410693711188272e-10, 7.410693711188272e-10, 7.410693711188272e-10]
Prune local model 12, pr_ratio = [1.4821387422376544e-09, 1.4821387422376544e-09, 1.4821387422376544e-09, 1.4821387422376544e-09]
Prune local model 7, pr_ratio = [1.4821387422376544e-09, 1.4821387422376544e-09, 1.4821387422376544e-09, 1.4821387422376544e-09]
Prune local model 17, pr_ratio = [1.4821387422376544e-09, 1.4821387422376544e-09, 1.4821387422376544e-09, 1.4821387422376544e-09]
Prune local model 13, pr_ratio = [1.852673427797068e-09, 1.852673427797068e-09, 1.852673427797068e-09, 1.852673427797068e-09]
Round 87 – LOCAL TPR pre-agg per client: ['0.567', '0.567', '0.742', '0.853', '0.695', '0.695', '0.695', '0.853', '0.567', '0.853', '0.567', '0.853', '0.742', '0.742', '0.567', '0.742', '0.695', '0.853', '0.742', '0.567']
Round 87 – TPR per Domain: 0:0.567, 1:0.567, 2:0.742, 3:0.853, 4:0.695, 5:0.695, 6:0.695, 7:0.853, 8:0.567, 9:0.853, 10:0.567, 11:0.853, 12:0.742, 13:0.742, 14:0.567, 15:0.742, 16:0.695, 17:0.853, 18:0.742, 19:0.567
Round: 87 Method: dapperfl Mean_Acc: 72.053 Best_Acc: 74.542
Domain_Acc: [70.54, 85.26, 72.41, 60.0] Domain_BestAcc: [73.66, 86.84, 75.86, 66.67]
Prune local model 7, pr_ratio = [1.1857109937901237e-09, 1.1857109937901237e-09, 1.1857109937901237e-09, 1.1857109937901237e-09]
Prune local model 15, pr_ratio = [0.0, 0.0, 0.0, 0.0]
Prune local model 16, pr_ratio = [5.928554968950618e-10, 5.928554968950618e-10, 5.928554968950618e-10, 5.928554968950618e-10]
Prune local model 11, pr_ratio = [5.928554968950618e-10, 5.928554968950618e-10, 5.928554968950618e-10, 5.928554968950618e-10]
Prune local model 6, pr_ratio = [5.928554968950618e-10, 5.928554968950618e-10, 5.928554968950618e-10, 5.928554968950618e-10]
Prune local model 12, pr_ratio = [1.1857109937901237e-09, 1.1857109937901237e-09, 1.1857109937901237e-09, 1.1857109937901237e-09]
Prune local model 8, pr_ratio = [1.4821387422376544e-09, 1.4821387422376544e-09, 1.4821387422376544e-09, 1.4821387422376544e-09]
Prune local model 3, pr_ratio = [1.4821387422376544e-09, 1.4821387422376544e-09, 1.4821387422376544e-09, 1.4821387422376544e-09]
Prune local model 1, pr_ratio = [5.928554968950618e-10, 5.928554968950618e-10, 5.928554968950618e-10, 5.928554968950618e-10]
Prune local model 10, pr_ratio = [0.0, 0.0, 0.0, 0.0]
Prune local model 19, pr_ratio = [1.7785664906851852e-09, 1.7785664906851852e-09, 1.7785664906851852e-09, 1.7785664906851852e-09]
Prune local model 5, pr_ratio = [0.0, 0.0, 0.0, 0.0]
Prune local model 9, pr_ratio = [1.7785664906851852e-09, 1.7785664906851852e-09, 1.7785664906851852e-09, 1.7785664906851852e-09]
Prune local model 13, pr_ratio = [1.4821387422376544e-09, 1.4821387422376544e-09, 1.4821387422376544e-09, 1.4821387422376544e-09]
Prune local model 17, pr_ratio = [1.1857109937901237e-09, 1.1857109937901237e-09, 1.1857109937901237e-09, 1.1857109937901237e-09]
Prune local model 2, pr_ratio = [1.1857109937901237e-09, 1.1857109937901237e-09, 1.1857109937901237e-09, 1.1857109937901237e-09]
Prune local model 4, pr_ratio = [1.7785664906851852e-09, 1.7785664906851852e-09, 1.7785664906851852e-09, 1.7785664906851852e-09]
Prune local model 14, pr_ratio = [1.7785664906851852e-09, 1.7785664906851852e-09, 1.7785664906851852e-09, 1.7785664906851852e-09]
Prune local model 0, pr_ratio = [0.0, 0.0, 0.0, 0.0]
Prune local model 18, pr_ratio = [1.4821387422376544e-09, 1.4821387422376544e-09, 1.4821387422376544e-09, 1.4821387422376544e-09]
Round 88 – LOCAL TPR pre-agg per client: ['0.567', '0.567', '0.685', '0.848', '0.712', '0.712', '0.712', '0.848', '0.567', '0.848', '0.567', '0.848', '0.685', '0.685', '0.567', '0.685', '0.712', '0.848', '0.685', '0.567']
Round 88 – TPR per Domain: 0:0.567, 1:0.567, 2:0.685, 3:0.848, 4:0.712, 5:0.712, 6:0.712, 7:0.848, 8:0.567, 9:0.848, 10:0.567, 11:0.848, 12:0.685, 13:0.685, 14:0.567, 15:0.685, 16:0.712, 17:0.848, 18:0.685, 19:0.567
Round: 88 Method: dapperfl Mean_Acc: 71.188 Best_Acc: 74.542
Domain_Acc: [72.77, 84.74, 67.24, 60.0] Domain_BestAcc: [73.66, 86.84, 75.86, 66.67]
Prune local model 17, pr_ratio = [9.48568795032099e-10, 9.48568795032099e-10, 9.48568795032099e-10, 9.48568795032099e-10]
Prune local model 2, pr_ratio = [9.48568795032099e-10, 9.48568795032099e-10, 9.48568795032099e-10, 9.48568795032099e-10]
Prune local model 10, pr_ratio = [0.0, 0.0, 0.0, 0.0]
Prune local model 3, pr_ratio = [1.1857109937901237e-09, 1.1857109937901237e-09, 1.1857109937901237e-09, 1.1857109937901237e-09]
Prune local model 9, pr_ratio = [1.4228531925481483e-09, 1.4228531925481483e-09, 1.4228531925481483e-09, 1.4228531925481483e-09]
Prune local model 8, pr_ratio = [1.1857109937901237e-09, 1.1857109937901237e-09, 1.1857109937901237e-09, 1.1857109937901237e-09]
Prune local model 1, pr_ratio = [4.742843975160495e-10, 4.742843975160495e-10, 4.742843975160495e-10, 4.742843975160495e-10]
Prune local model 19, pr_ratio = [1.4228531925481483e-09, 1.4228531925481483e-09, 1.4228531925481483e-09, 1.4228531925481483e-09]
Prune local model 5, pr_ratio = [0.0, 0.0, 0.0, 0.0]
Prune local model 15, pr_ratio = [0.0, 0.0, 0.0, 0.0]
Prune local model 18, pr_ratio = [1.1857109937901237e-09, 1.1857109937901237e-09, 1.1857109937901237e-09, 1.1857109937901237e-09]
Prune local model 7, pr_ratio = [9.48568795032099e-10, 9.48568795032099e-10, 9.48568795032099e-10, 9.48568795032099e-10]
Prune local model 0, pr_ratio = [0.0, 0.0, 0.0, 0.0]
Prune local model 16, pr_ratio = [4.742843975160495e-10, 4.742843975160495e-10, 4.742843975160495e-10, 4.742843975160495e-10]
Prune local model 13, pr_ratio = [1.1857109937901237e-09, 1.1857109937901237e-09, 1.1857109937901237e-09, 1.1857109937901237e-09]
Prune local model 6, pr_ratio = [4.742843975160495e-10, 4.742843975160495e-10, 4.742843975160495e-10, 4.742843975160495e-10]
Prune local model 4, pr_ratio = [1.4228531925481483e-09, 1.4228531925481483e-09, 1.4228531925481483e-09, 1.4228531925481483e-09]
Prune local model 12, pr_ratio = [9.48568795032099e-10, 9.48568795032099e-10, 9.48568795032099e-10, 9.48568795032099e-10]
Prune local model 11, pr_ratio = [4.742843975160495e-10, 4.742843975160495e-10, 4.742843975160495e-10, 4.742843975160495e-10]
Prune local model 14, pr_ratio = [1.4228531925481483e-09, 1.4228531925481483e-09, 1.4228531925481483e-09, 1.4228531925481483e-09]
Round 89 – LOCAL TPR pre-agg per client: ['0.667', '0.667', '0.783', '0.857', '0.704', '0.704', '0.704', '0.857', '0.667', '0.857', '0.667', '0.857', '0.783', '0.783', '0.667', '0.783', '0.704', '0.857', '0.783', '0.667']
Round 89 – TPR per Domain: 0:0.667, 1:0.667, 2:0.783, 3:0.857, 4:0.704, 5:0.704, 6:0.704, 7:0.857, 8:0.667, 9:0.857, 10:0.667, 11:0.857, 12:0.783, 13:0.783, 14:0.667, 15:0.783, 16:0.704, 17:0.857, 18:0.783, 19:0.667
Round: 89 Method: dapperfl Mean_Acc: 75.482 Best_Acc: 75.482
Domain_Acc: [71.88, 85.79, 77.59, 66.67] Domain_BestAcc: [73.66, 86.84, 77.59, 66.67]
Prune local model 0, pr_ratio = [0.0, 0.0, 0.0, 0.0]
Prune local model 18, pr_ratio = [9.48568795032099e-10, 9.48568795032099e-10, 9.48568795032099e-10, 9.48568795032099e-10]
Prune local model 3, pr_ratio = [9.48568795032099e-10, 9.48568795032099e-10, 9.48568795032099e-10, 9.48568795032099e-10]
Prune local model 9, pr_ratio = [1.1382825540385188e-09, 1.1382825540385188e-09, 1.1382825540385188e-09, 1.1382825540385188e-09]
Prune local model 13, pr_ratio = [9.48568795032099e-10, 9.48568795032099e-10, 9.48568795032099e-10, 9.48568795032099e-10]
Prune local model 5, pr_ratio = [0.0, 0.0, 0.0, 0.0]
Prune local model 4, pr_ratio = [1.1382825540385188e-09, 1.1382825540385188e-09, 1.1382825540385188e-09, 1.1382825540385188e-09]
Prune local model 12, pr_ratio = [7.588550360256793e-10, 7.588550360256793e-10, 7.588550360256793e-10, 7.588550360256793e-10]
Prune local model 6, pr_ratio = [3.7942751801283963e-10, 3.7942751801283963e-10, 3.7942751801283963e-10, 3.7942751801283963e-10]
Prune local model 17, pr_ratio = [7.588550360256793e-10, 7.588550360256793e-10, 7.588550360256793e-10, 7.588550360256793e-10]
Prune local model 10, pr_ratio = [0.0, 0.0, 0.0, 0.0]
Prune local model 19, pr_ratio = [1.1382825540385188e-09, 1.1382825540385188e-09, 1.1382825540385188e-09, 1.1382825540385188e-09]
Prune local model 14, pr_ratio = [1.1382825540385188e-09, 1.1382825540385188e-09, 1.1382825540385188e-09, 1.1382825540385188e-09]
Prune local model 15, pr_ratio = [0.0, 0.0, 0.0, 0.0]
Prune local model 1, pr_ratio = [3.7942751801283963e-10, 3.7942751801283963e-10, 3.7942751801283963e-10, 3.7942751801283963e-10]
Prune local model 8, pr_ratio = [9.48568795032099e-10, 9.48568795032099e-10, 9.48568795032099e-10, 9.48568795032099e-10]
Prune local model 16, pr_ratio = [3.7942751801283963e-10, 3.7942751801283963e-10, 3.7942751801283963e-10, 3.7942751801283963e-10]
Prune local model 7, pr_ratio = [7.588550360256793e-10, 7.588550360256793e-10, 7.588550360256793e-10, 7.588550360256793e-10]
Prune local model 11, pr_ratio = [3.7942751801283963e-10, 3.7942751801283963e-10, 3.7942751801283963e-10, 3.7942751801283963e-10]
Prune local model 2, pr_ratio = [7.588550360256793e-10, 7.588550360256793e-10, 7.588550360256793e-10, 7.588550360256793e-10]
Round 90 – LOCAL TPR pre-agg per client: ['0.617', '0.617', '0.698', '0.852', '0.702', '0.702', '0.702', '0.852', '0.617', '0.852', '0.617', '0.852', '0.698', '0.698', '0.617', '0.698', '0.702', '0.852', '0.698', '0.617']
Round 90 – TPR per Domain: 0:0.617, 1:0.617, 2:0.698, 3:0.852, 4:0.702, 5:0.702, 6:0.702, 7:0.852, 8:0.617, 9:0.852, 10:0.617, 11:0.852, 12:0.698, 13:0.698, 14:0.617, 15:0.698, 16:0.702, 17:0.852, 18:0.698, 19:0.617
Round: 90 Method: dapperfl Mean_Acc: 72.36 Best_Acc: 75.482
Domain_Acc: [71.88, 85.26, 68.97, 63.33] Domain_BestAcc: [73.66, 86.84, 77.59, 66.67]
Prune local model 1, pr_ratio = [3.035420144102717e-10, 3.035420144102717e-10, 3.035420144102717e-10, 3.035420144102717e-10]
Prune local model 2, pr_ratio = [6.070840288205434e-10, 6.070840288205434e-10, 6.070840288205434e-10, 6.070840288205434e-10]
Prune local model 0, pr_ratio = [0.0, 0.0, 0.0, 0.0]
Prune local model 17, pr_ratio = [6.070840288205434e-10, 6.070840288205434e-10, 6.070840288205434e-10, 6.070840288205434e-10]
Prune local model 5, pr_ratio = [0.0, 0.0, 0.0, 0.0]
Prune local model 8, pr_ratio = [7.588550360256793e-10, 7.588550360256793e-10, 7.588550360256793e-10, 7.588550360256793e-10]
Prune local model 3, pr_ratio = [7.588550360256793e-10, 7.588550360256793e-10, 7.588550360256793e-10, 7.588550360256793e-10]
Prune local model 15, pr_ratio = [0.0, 0.0, 0.0, 0.0]
Prune local model 18, pr_ratio = [7.588550360256793e-10, 7.588550360256793e-10, 7.588550360256793e-10, 7.588550360256793e-10]
Prune local model 11, pr_ratio = [3.035420144102717e-10, 3.035420144102717e-10, 3.035420144102717e-10, 3.035420144102717e-10]
Prune local model 19, pr_ratio = [9.106260432308151e-10, 9.106260432308151e-10, 9.106260432308151e-10, 9.106260432308151e-10]
Prune local model 10, pr_ratio = [0.0, 0.0, 0.0, 0.0]
Prune local model 13, pr_ratio = [7.588550360256793e-10, 7.588550360256793e-10, 7.588550360256793e-10, 7.588550360256793e-10]
Prune local model 14, pr_ratio = [9.106260432308151e-10, 9.106260432308151e-10, 9.106260432308151e-10, 9.106260432308151e-10]
Prune local model 16, pr_ratio = [3.035420144102717e-10, 3.035420144102717e-10, 3.035420144102717e-10, 3.035420144102717e-10]
Prune local model 6, pr_ratio = [3.035420144102717e-10, 3.035420144102717e-10, 3.035420144102717e-10, 3.035420144102717e-10]
Prune local model 12, pr_ratio = [6.070840288205434e-10, 6.070840288205434e-10, 6.070840288205434e-10, 6.070840288205434e-10]
Prune local model 9, pr_ratio = [9.106260432308151e-10, 9.106260432308151e-10, 9.106260432308151e-10, 9.106260432308151e-10]
Prune local model 7, pr_ratio = [6.070840288205434e-10, 6.070840288205434e-10, 6.070840288205434e-10, 6.070840288205434e-10]
Prune local model 4, pr_ratio = [9.106260432308151e-10, 9.106260432308151e-10, 9.106260432308151e-10, 9.106260432308151e-10]
Round 91 – LOCAL TPR pre-agg per client: ['0.617', '0.617', '0.747', '0.856', '0.717', '0.717', '0.717', '0.856', '0.617', '0.856', '0.617', '0.856', '0.747', '0.747', '0.617', '0.747', '0.717', '0.856', '0.747', '0.617']
Round 91 – TPR per Domain: 0:0.617, 1:0.617, 2:0.747, 3:0.856, 4:0.717, 5:0.717, 6:0.717, 7:0.856, 8:0.617, 9:0.856, 10:0.617, 11:0.856, 12:0.747, 13:0.747, 14:0.617, 15:0.747, 16:0.717, 17:0.856, 18:0.747, 19:0.617
Round: 91 Method: dapperfl Mean_Acc: 74.117 Best_Acc: 75.482
Domain_Acc: [73.21, 85.79, 74.14, 63.33] Domain_BestAcc: [73.66, 86.84, 77.59, 66.67]
Prune local model 6, pr_ratio = [2.428336115282174e-10, 2.428336115282174e-10, 2.428336115282174e-10, 2.428336115282174e-10]
Prune local model 7, pr_ratio = [4.856672230564348e-10, 4.856672230564348e-10, 4.856672230564348e-10, 4.856672230564348e-10]
Prune local model 10, pr_ratio = [0.0, 0.0, 0.0, 0.0]
Prune local model 4, pr_ratio = [7.285008345846521e-10, 7.285008345846521e-10, 7.285008345846521e-10, 7.285008345846521e-10]
Prune local model 3, pr_ratio = [6.070840288205434e-10, 6.070840288205434e-10, 6.070840288205434e-10, 6.070840288205434e-10]
Prune local model 2, pr_ratio = [4.856672230564348e-10, 4.856672230564348e-10, 4.856672230564348e-10, 4.856672230564348e-10]
Prune local model 12, pr_ratio = [4.856672230564348e-10, 4.856672230564348e-10, 4.856672230564348e-10, 4.856672230564348e-10]
Prune local model 11, pr_ratio = [2.428336115282174e-10, 2.428336115282174e-10, 2.428336115282174e-10, 2.428336115282174e-10]
Prune local model 14, pr_ratio = [7.285008345846521e-10, 7.285008345846521e-10, 7.285008345846521e-10, 7.285008345846521e-10]
Prune local model 1, pr_ratio = [2.428336115282174e-10, 2.428336115282174e-10, 2.428336115282174e-10, 2.428336115282174e-10]
Prune local model 15, pr_ratio = [0.0, 0.0, 0.0, 0.0]
Prune local model 5, pr_ratio = [0.0, 0.0, 0.0, 0.0]
Prune local model 13, pr_ratio = [6.070840288205434e-10, 6.070840288205434e-10, 6.070840288205434e-10, 6.070840288205434e-10]
Prune local model 19, pr_ratio = [7.285008345846521e-10, 7.285008345846521e-10, 7.285008345846521e-10, 7.285008345846521e-10]
Prune local model 0, pr_ratio = [0.0, 0.0, 0.0, 0.0]
Prune local model 16, pr_ratio = [2.428336115282174e-10, 2.428336115282174e-10, 2.428336115282174e-10, 2.428336115282174e-10]
Prune local model 9, pr_ratio = [7.285008345846521e-10, 7.285008345846521e-10, 7.285008345846521e-10, 7.285008345846521e-10]
Prune local model 8, pr_ratio = [6.070840288205434e-10, 6.070840288205434e-10, 6.070840288205434e-10, 6.070840288205434e-10]
Prune local model 18, pr_ratio = [6.070840288205434e-10, 6.070840288205434e-10, 6.070840288205434e-10, 6.070840288205434e-10]
Prune local model 17, pr_ratio = [4.856672230564348e-10, 4.856672230564348e-10, 4.856672230564348e-10, 4.856672230564348e-10]
Round 92 – LOCAL TPR pre-agg per client: ['0.567', '0.567', '0.709', '0.852', '0.704', '0.704', '0.704', '0.852', '0.567', '0.852', '0.567', '0.852', '0.709', '0.709', '0.567', '0.709', '0.704', '0.852', '0.709', '0.567']
Round 92 – TPR per Domain: 0:0.567, 1:0.567, 2:0.709, 3:0.852, 4:0.704, 5:0.704, 6:0.704, 7:0.852, 8:0.567, 9:0.852, 10:0.567, 11:0.852, 12:0.709, 13:0.709, 14:0.567, 15:0.709, 16:0.704, 17:0.852, 18:0.709, 19:0.567
Round: 92 Method: dapperfl Mean_Acc: 71.958 Best_Acc: 75.482
Domain_Acc: [71.88, 85.26, 70.69, 60.0] Domain_BestAcc: [73.66, 86.84, 77.59, 66.67]
Prune local model 17, pr_ratio = [3.8853377844514787e-10, 3.8853377844514787e-10, 3.8853377844514787e-10, 3.8853377844514787e-10]
Prune local model 6, pr_ratio = [1.9426688922257393e-10, 1.9426688922257393e-10, 1.9426688922257393e-10, 1.9426688922257393e-10]
Prune local model 16, pr_ratio = [1.9426688922257393e-10, 1.9426688922257393e-10, 1.9426688922257393e-10, 1.9426688922257393e-10]
Prune local model 2, pr_ratio = [3.8853377844514787e-10, 3.8853377844514787e-10, 3.8853377844514787e-10, 3.8853377844514787e-10]
Prune local model 3, pr_ratio = [4.856672230564348e-10, 4.856672230564348e-10, 4.856672230564348e-10, 4.856672230564348e-10]
Prune local model 8, pr_ratio = [4.856672230564348e-10, 4.856672230564348e-10, 4.856672230564348e-10, 4.856672230564348e-10]
Prune local model 12, pr_ratio = [3.8853377844514787e-10, 3.8853377844514787e-10, 3.8853377844514787e-10, 3.8853377844514787e-10]
Prune local model 19, pr_ratio = [5.828006676677217e-10, 5.828006676677217e-10, 5.828006676677217e-10, 5.828006676677217e-10]
Prune local model 9, pr_ratio = [5.828006676677217e-10, 5.828006676677217e-10, 5.828006676677217e-10, 5.828006676677217e-10]
Prune local model 11, pr_ratio = [1.9426688922257393e-10, 1.9426688922257393e-10, 1.9426688922257393e-10, 1.9426688922257393e-10]
Prune local model 7, pr_ratio = [3.8853377844514787e-10, 3.8853377844514787e-10, 3.8853377844514787e-10, 3.8853377844514787e-10]
Prune local model 15, pr_ratio = [0.0, 0.0, 0.0, 0.0]
Prune local model 4, pr_ratio = [5.828006676677217e-10, 5.828006676677217e-10, 5.828006676677217e-10, 5.828006676677217e-10]
Prune local model 13, pr_ratio = [4.856672230564348e-10, 4.856672230564348e-10, 4.856672230564348e-10, 4.856672230564348e-10]
Prune local model 5, pr_ratio = [0.0, 0.0, 0.0, 0.0]
Prune local model 18, pr_ratio = [4.856672230564348e-10, 4.856672230564348e-10, 4.856672230564348e-10, 4.856672230564348e-10]
Prune local model 14, pr_ratio = [5.828006676677217e-10, 5.828006676677217e-10, 5.828006676677217e-10, 5.828006676677217e-10]
Prune local model 0, pr_ratio = [0.0, 0.0, 0.0, 0.0]
Prune local model 1, pr_ratio = [1.9426688922257393e-10, 1.9426688922257393e-10, 1.9426688922257393e-10, 1.9426688922257393e-10]
Prune local model 10, pr_ratio = [0.0, 0.0, 0.0, 0.0]
Round 93 – LOCAL TPR pre-agg per client: ['0.617', '0.617', '0.742', '0.864', '0.693', '0.693', '0.693', '0.864', '0.617', '0.864', '0.617', '0.864', '0.742', '0.742', '0.617', '0.742', '0.693', '0.864', '0.742', '0.617']
Round 93 – TPR per Domain: 0:0.617, 1:0.617, 2:0.742, 3:0.864, 4:0.693, 5:0.693, 6:0.693, 7:0.864, 8:0.617, 9:0.864, 10:0.617, 11:0.864, 12:0.742, 13:0.742, 14:0.617, 15:0.742, 16:0.693, 17:0.864, 18:0.742, 19:0.617
Round: 93 Method: dapperfl Mean_Acc: 73.26 Best_Acc: 75.482
Domain_Acc: [70.98, 86.32, 72.41, 63.33] Domain_BestAcc: [73.66, 86.84, 77.59, 66.67]
Prune local model 1, pr_ratio = [1.5541351137805915e-10, 1.5541351137805915e-10, 1.5541351137805915e-10, 1.5541351137805915e-10]
Prune local model 16, pr_ratio = [1.5541351137805915e-10, 1.5541351137805915e-10, 1.5541351137805915e-10, 1.5541351137805915e-10]
Prune local model 10, pr_ratio = [0.0, 0.0, 0.0, 0.0]
Prune local model 14, pr_ratio = [4.662405341341774e-10, 4.662405341341774e-10, 4.662405341341774e-10, 4.662405341341774e-10]
Prune local model 19, pr_ratio = [4.662405341341774e-10, 4.662405341341774e-10, 4.662405341341774e-10, 4.662405341341774e-10]
Prune local model 0, pr_ratio = [0.0, 0.0, 0.0, 0.0]
Prune local model 11, pr_ratio = [1.5541351137805915e-10, 1.5541351137805915e-10, 1.5541351137805915e-10, 1.5541351137805915e-10]
Prune local model 13, pr_ratio = [3.8853377844514787e-10, 3.8853377844514787e-10, 3.8853377844514787e-10, 3.8853377844514787e-10]
Prune local model 18, pr_ratio = [3.8853377844514787e-10, 3.8853377844514787e-10, 3.8853377844514787e-10, 3.8853377844514787e-10]
Prune local model 6, pr_ratio = [1.5541351137805915e-10, 1.5541351137805915e-10, 1.5541351137805915e-10, 1.5541351137805915e-10]
Prune local model 5, pr_ratio = [0.0, 0.0, 0.0, 0.0]
Prune local model 7, pr_ratio = [3.108270227561183e-10, 3.108270227561183e-10, 3.108270227561183e-10, 3.108270227561183e-10]
Prune local model 2, pr_ratio = [3.108270227561183e-10, 3.108270227561183e-10, 3.108270227561183e-10, 3.108270227561183e-10]
Prune local model 3, pr_ratio = [3.8853377844514787e-10, 3.8853377844514787e-10, 3.8853377844514787e-10, 3.8853377844514787e-10]
Prune local model 15, pr_ratio = [0.0, 0.0, 0.0, 0.0]
Prune local model 4, pr_ratio = [4.662405341341774e-10, 4.662405341341774e-10, 4.662405341341774e-10, 4.662405341341774e-10]
Prune local model 8, pr_ratio = [3.8853377844514787e-10, 3.8853377844514787e-10, 3.8853377844514787e-10, 3.8853377844514787e-10]
Prune local model 12, pr_ratio = [3.108270227561183e-10, 3.108270227561183e-10, 3.108270227561183e-10, 3.108270227561183e-10]
Prune local model 9, pr_ratio = [4.662405341341774e-10, 4.662405341341774e-10, 4.662405341341774e-10, 4.662405341341774e-10]
Prune local model 17, pr_ratio = [3.108270227561183e-10, 3.108270227561183e-10, 3.108270227561183e-10, 3.108270227561183e-10]
Round 94 – LOCAL TPR pre-agg per client: ['0.667', '0.667', '0.747', '0.851', '0.709', '0.709', '0.709', '0.851', '0.667', '0.851', '0.667', '0.851', '0.747', '0.747', '0.667', '0.747', '0.709', '0.851', '0.747', '0.667']
Round 94 – TPR per Domain: 0:0.667, 1:0.667, 2:0.747, 3:0.851, 4:0.709, 5:0.709, 6:0.709, 7:0.851, 8:0.667, 9:0.851, 10:0.667, 11:0.851, 12:0.747, 13:0.747, 14:0.667, 15:0.747, 16:0.709, 17:0.851, 18:0.747, 19:0.667
Round: 94 Method: dapperfl Mean_Acc: 74.488 Best_Acc: 75.482
Domain_Acc: [71.88, 85.26, 74.14, 66.67] Domain_BestAcc: [73.66, 86.84, 77.59, 66.67]
Prune local model 7, pr_ratio = [2.4866161820489464e-10, 2.4866161820489464e-10, 2.4866161820489464e-10, 2.4866161820489464e-10]
Prune local model 15, pr_ratio = [0.0, 0.0, 0.0, 0.0]
Prune local model 19, pr_ratio = [3.7299242730734196e-10, 3.7299242730734196e-10, 3.7299242730734196e-10, 3.7299242730734196e-10]
Prune local model 0, pr_ratio = [0.0, 0.0, 0.0, 0.0]
Prune local model 3, pr_ratio = [3.108270227561183e-10, 3.108270227561183e-10, 3.108270227561183e-10, 3.108270227561183e-10]
Prune local model 13, pr_ratio = [3.108270227561183e-10, 3.108270227561183e-10, 3.108270227561183e-10, 3.108270227561183e-10]
Prune local model 1, pr_ratio = [1.2433080910244732e-10, 1.2433080910244732e-10, 1.2433080910244732e-10, 1.2433080910244732e-10]
Prune local model 17, pr_ratio = [2.4866161820489464e-10, 2.4866161820489464e-10, 2.4866161820489464e-10, 2.4866161820489464e-10]
Prune local model 5, pr_ratio = [0.0, 0.0, 0.0, 0.0]
Prune local model 10, pr_ratio = [0.0, 0.0, 0.0, 0.0]
Prune local model 4, pr_ratio = [3.7299242730734196e-10, 3.7299242730734196e-10, 3.7299242730734196e-10, 3.7299242730734196e-10]
Prune local model 11, pr_ratio = [1.2433080910244732e-10, 1.2433080910244732e-10, 1.2433080910244732e-10, 1.2433080910244732e-10]
Prune local model 18, pr_ratio = [3.108270227561183e-10, 3.108270227561183e-10, 3.108270227561183e-10, 3.108270227561183e-10]
Prune local model 6, pr_ratio = [1.2433080910244732e-10, 1.2433080910244732e-10, 1.2433080910244732e-10, 1.2433080910244732e-10]
Prune local model 2, pr_ratio = [2.4866161820489464e-10, 2.4866161820489464e-10, 2.4866161820489464e-10, 2.4866161820489464e-10]
Prune local model 14, pr_ratio = [3.7299242730734196e-10, 3.7299242730734196e-10, 3.7299242730734196e-10, 3.7299242730734196e-10]
Prune local model 9, pr_ratio = [3.7299242730734196e-10, 3.7299242730734196e-10, 3.7299242730734196e-10, 3.7299242730734196e-10]
Prune local model 12, pr_ratio = [2.4866161820489464e-10, 2.4866161820489464e-10, 2.4866161820489464e-10, 2.4866161820489464e-10]
Prune local model 16, pr_ratio = [1.2433080910244732e-10, 1.2433080910244732e-10, 1.2433080910244732e-10, 1.2433080910244732e-10]
Prune local model 8, pr_ratio = [3.108270227561183e-10, 3.108270227561183e-10, 3.108270227561183e-10, 3.108270227561183e-10]
Round 95 – LOCAL TPR pre-agg per client: ['0.717', '0.717', '0.729', '0.867', '0.670', '0.670', '0.670', '0.867', '0.717', '0.867', '0.717', '0.867', '0.729', '0.729', '0.717', '0.729', '0.670', '0.867', '0.729', '0.717']
Round 95 – TPR per Domain: 0:0.717, 1:0.717, 2:0.729, 3:0.867, 4:0.670, 5:0.670, 6:0.670, 7:0.867, 8:0.717, 9:0.867, 10:0.717, 11:0.867, 12:0.729, 13:0.729, 14:0.717, 15:0.729, 16:0.670, 17:0.867, 18:0.729, 19:0.717
Round: 95 Method: dapperfl Mean_Acc: 74.5 Best_Acc: 75.482
Domain_Acc: [68.75, 86.84, 72.41, 70.0] Domain_BestAcc: [73.66, 86.84, 77.59, 70.0]
Prune local model 2, pr_ratio = [1.9892929456391572e-10, 1.9892929456391572e-10, 1.9892929456391572e-10, 1.9892929456391572e-10]
Prune local model 10, pr_ratio = [0.0, 0.0, 0.0, 0.0]
Prune local model 9, pr_ratio = [2.9839394184587356e-10, 2.9839394184587356e-10, 2.9839394184587356e-10, 2.9839394184587356e-10]
Prune local model 8, pr_ratio = [2.4866161820489464e-10, 2.4866161820489464e-10, 2.4866161820489464e-10, 2.4866161820489464e-10]
Prune local model 1, pr_ratio = [9.946464728195786e-11, 9.946464728195786e-11, 9.946464728195786e-11, 9.946464728195786e-11]
Prune local model 19, pr_ratio = [2.9839394184587356e-10, 2.9839394184587356e-10, 2.9839394184587356e-10, 2.9839394184587356e-10]
Prune local model 0, pr_ratio = [0.0, 0.0, 0.0, 0.0]
Prune local model 7, pr_ratio = [1.9892929456391572e-10, 1.9892929456391572e-10, 1.9892929456391572e-10, 1.9892929456391572e-10]
Prune local model 12, pr_ratio = [1.9892929456391572e-10, 1.9892929456391572e-10, 1.9892929456391572e-10, 1.9892929456391572e-10]
Prune local model 5, pr_ratio = [0.0, 0.0, 0.0, 0.0]
Prune local model 3, pr_ratio = [2.4866161820489464e-10, 2.4866161820489464e-10, 2.4866161820489464e-10, 2.4866161820489464e-10]
Prune local model 13, pr_ratio = [2.4866161820489464e-10, 2.4866161820489464e-10, 2.4866161820489464e-10, 2.4866161820489464e-10]
Prune local model 6, pr_ratio = [9.946464728195786e-11, 9.946464728195786e-11, 9.946464728195786e-11, 9.946464728195786e-11]
Prune local model 16, pr_ratio = [9.946464728195786e-11, 9.946464728195786e-11, 9.946464728195786e-11, 9.946464728195786e-11]
Prune local model 15, pr_ratio = [0.0, 0.0, 0.0, 0.0]
Prune local model 14, pr_ratio = [2.9839394184587356e-10, 2.9839394184587356e-10, 2.9839394184587356e-10, 2.9839394184587356e-10]
Prune local model 4, pr_ratio = [2.9839394184587356e-10, 2.9839394184587356e-10, 2.9839394184587356e-10, 2.9839394184587356e-10]
Prune local model 11, pr_ratio = [9.946464728195786e-11, 9.946464728195786e-11, 9.946464728195786e-11, 9.946464728195786e-11]
Prune local model 17, pr_ratio = [1.9892929456391572e-10, 1.9892929456391572e-10, 1.9892929456391572e-10, 1.9892929456391572e-10]
Prune local model 18, pr_ratio = [2.4866161820489464e-10, 2.4866161820489464e-10, 2.4866161820489464e-10, 2.4866161820489464e-10]
Round 96 – LOCAL TPR pre-agg per client: ['0.567', '0.567', '0.763', '0.841', '0.688', '0.688', '0.688', '0.841', '0.567', '0.841', '0.567', '0.841', '0.763', '0.763', '0.567', '0.763', '0.688', '0.841', '0.763', '0.567']
Round 96 – TPR per Domain: 0:0.567, 1:0.567, 2:0.763, 3:0.841, 4:0.688, 5:0.688, 6:0.688, 7:0.841, 8:0.567, 9:0.841, 10:0.567, 11:0.841, 12:0.763, 13:0.763, 14:0.567, 15:0.763, 16:0.688, 17:0.841, 18:0.763, 19:0.567
Round: 96 Method: dapperfl Mean_Acc: 72.652 Best_Acc: 75.482
Domain_Acc: [70.54, 84.21, 75.86, 60.0] Domain_BestAcc: [73.66, 86.84, 77.59, 70.0]
Prune local model 7, pr_ratio = [1.591434356511326e-10, 1.591434356511326e-10, 1.591434356511326e-10, 1.591434356511326e-10]
Prune local model 0, pr_ratio = [0.0, 0.0, 0.0, 0.0]
Prune local model 2, pr_ratio = [1.591434356511326e-10, 1.591434356511326e-10, 1.591434356511326e-10, 1.591434356511326e-10]
Prune local model 12, pr_ratio = [1.591434356511326e-10, 1.591434356511326e-10, 1.591434356511326e-10, 1.591434356511326e-10]
Prune local model 4, pr_ratio = [2.387151534766989e-10, 2.387151534766989e-10, 2.387151534766989e-10, 2.387151534766989e-10]
Prune local model 11, pr_ratio = [7.95717178255663e-11, 7.95717178255663e-11, 7.95717178255663e-11, 7.95717178255663e-11]
Prune local model 19, pr_ratio = [2.387151534766989e-10, 2.387151534766989e-10, 2.387151534766989e-10, 2.387151534766989e-10]
Prune local model 3, pr_ratio = [1.9892929456391572e-10, 1.9892929456391572e-10, 1.9892929456391572e-10, 1.9892929456391572e-10]
Prune local model 5, pr_ratio = [0.0, 0.0, 0.0, 0.0]
Prune local model 17, pr_ratio = [1.591434356511326e-10, 1.591434356511326e-10, 1.591434356511326e-10, 1.591434356511326e-10]
Prune local model 10, pr_ratio = [0.0, 0.0, 0.0, 0.0]
Prune local model 8, pr_ratio = [1.9892929456391572e-10, 1.9892929456391572e-10, 1.9892929456391572e-10, 1.9892929456391572e-10]
Prune local model 14, pr_ratio = [2.387151534766989e-10, 2.387151534766989e-10, 2.387151534766989e-10, 2.387151534766989e-10]
Prune local model 13, pr_ratio = [1.9892929456391572e-10, 1.9892929456391572e-10, 1.9892929456391572e-10, 1.9892929456391572e-10]
Prune local model 15, pr_ratio = [0.0, 0.0, 0.0, 0.0]
Prune local model 16, pr_ratio = [7.95717178255663e-11, 7.95717178255663e-11, 7.95717178255663e-11, 7.95717178255663e-11]
Prune local model 1, pr_ratio = [7.95717178255663e-11, 7.95717178255663e-11, 7.95717178255663e-11, 7.95717178255663e-11]
Prune local model 9, pr_ratio = [2.387151534766989e-10, 2.387151534766989e-10, 2.387151534766989e-10, 2.387151534766989e-10]
Prune local model 18, pr_ratio = [1.9892929456391572e-10, 1.9892929456391572e-10, 1.9892929456391572e-10, 1.9892929456391572e-10]
Prune local model 6, pr_ratio = [7.95717178255663e-11, 7.95717178255663e-11, 7.95717178255663e-11, 7.95717178255663e-11]
Round 97 – LOCAL TPR pre-agg per client: ['0.617', '0.617', '0.693', '0.851', '0.713', '0.713', '0.713', '0.851', '0.617', '0.851', '0.617', '0.851', '0.693', '0.693', '0.617', '0.693', '0.713', '0.851', '0.693', '0.617']
Round 97 – TPR per Domain: 0:0.617, 1:0.617, 2:0.693, 3:0.851, 4:0.713, 5:0.713, 6:0.713, 7:0.851, 8:0.617, 9:0.851, 10:0.617, 11:0.851, 12:0.693, 13:0.693, 14:0.617, 15:0.693, 16:0.713, 17:0.851, 18:0.693, 19:0.617
Round: 97 Method: dapperfl Mean_Acc: 72.15 Best_Acc: 75.482
Domain_Acc: [72.77, 85.26, 67.24, 63.33] Domain_BestAcc: [73.66, 86.84, 77.59, 70.0]
Prune local model 11, pr_ratio = [6.365737426045304e-11, 6.365737426045304e-11, 6.365737426045304e-11, 6.365737426045304e-11]
Prune local model 12, pr_ratio = [1.2731474852090608e-10, 1.2731474852090608e-10, 1.2731474852090608e-10, 1.2731474852090608e-10]
Prune local model 8, pr_ratio = [1.591434356511326e-10, 1.591434356511326e-10, 1.591434356511326e-10, 1.591434356511326e-10]
Prune local model 13, pr_ratio = [1.591434356511326e-10, 1.591434356511326e-10, 1.591434356511326e-10, 1.591434356511326e-10]
Prune local model 0, pr_ratio = [0.0, 0.0, 0.0, 0.0]
Prune local model 19, pr_ratio = [1.909721227813591e-10, 1.909721227813591e-10, 1.909721227813591e-10, 1.909721227813591e-10]
Prune local model 5, pr_ratio = [0.0, 0.0, 0.0, 0.0]
Prune local model 4, pr_ratio = [1.909721227813591e-10, 1.909721227813591e-10, 1.909721227813591e-10, 1.909721227813591e-10]
Prune local model 1, pr_ratio = [6.365737426045304e-11, 6.365737426045304e-11, 6.365737426045304e-11, 6.365737426045304e-11]
Prune local model 17, pr_ratio = [1.2731474852090608e-10, 1.2731474852090608e-10, 1.2731474852090608e-10, 1.2731474852090608e-10]
Prune local model 2, pr_ratio = [1.2731474852090608e-10, 1.2731474852090608e-10, 1.2731474852090608e-10, 1.2731474852090608e-10]
Prune local model 14, pr_ratio = [1.909721227813591e-10, 1.909721227813591e-10, 1.909721227813591e-10, 1.909721227813591e-10]
Prune local model 16, pr_ratio = [6.365737426045304e-11, 6.365737426045304e-11, 6.365737426045304e-11, 6.365737426045304e-11]
Prune local model 18, pr_ratio = [1.591434356511326e-10, 1.591434356511326e-10, 1.591434356511326e-10, 1.591434356511326e-10]
Prune local model 9, pr_ratio = [1.909721227813591e-10, 1.909721227813591e-10, 1.909721227813591e-10, 1.909721227813591e-10]
Prune local model 6, pr_ratio = [6.365737426045304e-11, 6.365737426045304e-11, 6.365737426045304e-11, 6.365737426045304e-11]
Prune local model 10, pr_ratio = [0.0, 0.0, 0.0, 0.0]
Prune local model 7, pr_ratio = [1.2731474852090608e-10, 1.2731474852090608e-10, 1.2731474852090608e-10, 1.2731474852090608e-10]
Prune local model 15, pr_ratio = [0.0, 0.0, 0.0, 0.0]
Prune local model 3, pr_ratio = [1.591434356511326e-10, 1.591434356511326e-10, 1.591434356511326e-10, 1.591434356511326e-10]
Round 98 – LOCAL TPR pre-agg per client: ['0.617', '0.617', '0.709', '0.856', '0.701', '0.701', '0.701', '0.856', '0.617', '0.856', '0.617', '0.856', '0.709', '0.709', '0.617', '0.709', '0.701', '0.856', '0.709', '0.617']
Round 98 – TPR per Domain: 0:0.617, 1:0.617, 2:0.709, 3:0.856, 4:0.701, 5:0.701, 6:0.701, 7:0.856, 8:0.617, 9:0.856, 10:0.617, 11:0.856, 12:0.709, 13:0.709, 14:0.617, 15:0.709, 16:0.701, 17:0.856, 18:0.709, 19:0.617
Round: 98 Method: dapperfl Mean_Acc: 72.81 Best_Acc: 75.482
Domain_Acc: [71.43, 85.79, 70.69, 63.33] Domain_BestAcc: [73.66, 86.84, 77.59, 70.0]
Prune local model 7, pr_ratio = [1.0185179881672488e-10, 1.0185179881672488e-10, 1.0185179881672488e-10, 1.0185179881672488e-10]
Prune local model 10, pr_ratio = [0.0, 0.0, 0.0, 0.0]
Prune local model 8, pr_ratio = [1.2731474852090608e-10, 1.2731474852090608e-10, 1.2731474852090608e-10, 1.2731474852090608e-10]
Prune local model 17, pr_ratio = [1.0185179881672488e-10, 1.0185179881672488e-10, 1.0185179881672488e-10, 1.0185179881672488e-10]
Prune local model 14, pr_ratio = [1.5277769822508729e-10, 1.5277769822508729e-10, 1.5277769822508729e-10, 1.5277769822508729e-10]
Prune local model 18, pr_ratio = [1.2731474852090608e-10, 1.2731474852090608e-10, 1.2731474852090608e-10, 1.2731474852090608e-10]
Prune local model 15, pr_ratio = [0.0, 0.0, 0.0, 0.0]
Prune local model 0, pr_ratio = [0.0, 0.0, 0.0, 0.0]
Prune local model 12, pr_ratio = [1.0185179881672488e-10, 1.0185179881672488e-10, 1.0185179881672488e-10, 1.0185179881672488e-10]
Prune local model 1, pr_ratio = [5.092589940836244e-11, 5.092589940836244e-11, 5.092589940836244e-11, 5.092589940836244e-11]
Prune local model 11, pr_ratio = [5.092589940836244e-11, 5.092589940836244e-11, 5.092589940836244e-11, 5.092589940836244e-11]
Prune local model 13, pr_ratio = [1.2731474852090608e-10, 1.2731474852090608e-10, 1.2731474852090608e-10, 1.2731474852090608e-10]
Prune local model 3, pr_ratio = [1.2731474852090608e-10, 1.2731474852090608e-10, 1.2731474852090608e-10, 1.2731474852090608e-10]
Prune local model 19, pr_ratio = [1.5277769822508729e-10, 1.5277769822508729e-10, 1.5277769822508729e-10, 1.5277769822508729e-10]
Prune local model 16, pr_ratio = [5.092589940836244e-11, 5.092589940836244e-11, 5.092589940836244e-11, 5.092589940836244e-11]
Prune local model 5, pr_ratio = [0.0, 0.0, 0.0, 0.0]
Prune local model 2, pr_ratio = [1.0185179881672488e-10, 1.0185179881672488e-10, 1.0185179881672488e-10, 1.0185179881672488e-10]
Prune local model 6, pr_ratio = [5.092589940836244e-11, 5.092589940836244e-11, 5.092589940836244e-11, 5.092589940836244e-11]
Prune local model 4, pr_ratio = [1.5277769822508729e-10, 1.5277769822508729e-10, 1.5277769822508729e-10, 1.5277769822508729e-10]
Prune local model 9, pr_ratio = [1.5277769822508729e-10, 1.5277769822508729e-10, 1.5277769822508729e-10, 1.5277769822508729e-10]
Round 99 – LOCAL TPR pre-agg per client: ['0.567', '0.567', '0.792', '0.851', '0.717', '0.717', '0.717', '0.851', '0.567', '0.851', '0.567', '0.851', '0.792', '0.792', '0.567', '0.792', '0.717', '0.851', '0.792', '0.567']
Round 99 – TPR per Domain: 0:0.567, 1:0.567, 2:0.792, 3:0.851, 4:0.717, 5:0.717, 6:0.717, 7:0.851, 8:0.567, 9:0.851, 10:0.567, 11:0.851, 12:0.792, 13:0.792, 14:0.567, 15:0.792, 16:0.717, 17:0.851, 18:0.792, 19:0.567
Round: 99 Method: dapperfl Mean_Acc: 74.015 Best_Acc: 75.482
Domain_Acc: [73.21, 85.26, 77.59, 60.0] Domain_BestAcc: [73.66, 86.84, 77.59, 70.0]
2025-05-25 22:26:40
