Saving experiment statistics to: experiment_stats/dapperfl_fl_officecaltech_shift5_20250504_222820.txt
Running experiment with continuous domain shift
Prune local model 7, pr_ratio = [0.4, 0.4, 0.4, 0.4]
Prune local model 8, pr_ratio = [0.5, 0.5, 0.5, 0.5]
Prune local model 5, pr_ratio = [0, 0, 0, 0]
Prune local model 2, pr_ratio = [0.4, 0.4, 0.4, 0.4]
Prune local model 3, pr_ratio = [0.5, 0.5, 0.5, 0.5]
Prune local model 6, pr_ratio = [0.2, 0.2, 0.2, 0.2]
Prune local model 0, pr_ratio = [0, 0, 0, 0]
Prune local model 1, pr_ratio = [0.2, 0.2, 0.2, 0.2]
Prune local model 4, pr_ratio = [0.6, 0.6, 0.6, 0.6]
Prune local model 9, pr_ratio = [0.6, 0.6, 0.6, 0.6]
Round: 0, Method: dapperfl, Mean_Acc: 10.048, Best_Acc: 10.048
Domain_Acc: [9.82, 8.42, 8.62, 13.33, 9.82, 8.42, 8.62, 13.33, 9.82, 8.42, 8.62, 13.33, 9.82, 8.42, 8.62, 13.33, 9.82, 8.42, 8.62, 13.33, 9.82, 8.42, 8.62, 13.33, 9.82, 8.42, 8.62, 13.33, 9.82, 8.42, 8.62, 13.33, 9.82, 8.42, 8.62, 13.33, 9.82, 8.42, 8.62, 13.33, 9.82, 8.42, 8.62, 13.33, 9.82, 8.42, 8.62, 13.33, 9.82, 8.42, 8.62, 13.33, 9.82, 8.42, 8.62, 13.33, 9.82, 8.42, 8.62, 13.33, 9.82, 8.42, 8.62, 13.33], Domain_BestAcc: [9.82, 8.42, 8.62, 13.33, 9.82, 8.42, 8.62, 13.33, 9.82, 8.42, 8.62, 13.33, 9.82, 8.42, 8.62, 13.33, 9.82, 8.42, 8.62, 13.33, 9.82, 8.42, 8.62, 13.33, 9.82, 8.42, 8.62, 13.33, 9.82, 8.42, 8.62, 13.33, 9.82, 8.42, 8.62, 13.33, 9.82, 8.42, 8.62, 13.33, 9.82, 8.42, 8.62, 13.33, 9.82, 8.42, 8.62, 13.33, 9.82, 8.42, 8.62, 13.33, 9.82, 8.42, 8.62, 13.33, 9.82, 8.42, 8.62, 13.33, 9.82, 8.42, 8.62, 13.33]
Prune local model 8, pr_ratio = [0.5, 0.5, 0.5, 0.5]
Prune local model 3, pr_ratio = [0.5, 0.5, 0.5, 0.5]
Prune local model 6, pr_ratio = [0.2, 0.2, 0.2, 0.2]
Prune local model 5, pr_ratio = [0, 0, 0, 0]
Prune local model 1, pr_ratio = [0.2, 0.2, 0.2, 0.2]
Prune local model 4, pr_ratio = [0.6, 0.6, 0.6, 0.6]
Prune local model 0, pr_ratio = [0, 0, 0, 0]
Prune local model 9, pr_ratio = [0.6, 0.6, 0.6, 0.6]
Prune local model 7, pr_ratio = [0.4, 0.4, 0.4, 0.4]
Prune local model 2, pr_ratio = [0.4, 0.4, 0.4, 0.4]
Round: 1, Method: dapperfl, Mean_Acc: 10.048, Best_Acc: 10.048
Domain_Acc: [9.82, 8.42, 8.62, 13.33, 9.82, 8.42, 8.62, 13.33, 9.82, 8.42, 8.62, 13.33, 9.82, 8.42, 8.62, 13.33, 9.82, 8.42, 8.62, 13.33, 9.82, 8.42, 8.62, 13.33, 9.82, 8.42, 8.62, 13.33, 9.82, 8.42, 8.62, 13.33, 9.82, 8.42, 8.62, 13.33, 9.82, 8.42, 8.62, 13.33, 9.82, 8.42, 8.62, 13.33, 9.82, 8.42, 8.62, 13.33, 9.82, 8.42, 8.62, 13.33, 9.82, 8.42, 8.62, 13.33, 9.82, 8.42, 8.62, 13.33, 9.82, 8.42, 8.62, 13.33], Domain_BestAcc: [9.82, 8.42, 8.62, 13.33, 9.82, 8.42, 8.62, 13.33, 9.82, 8.42, 8.62, 13.33, 9.82, 8.42, 8.62, 13.33, 9.82, 8.42, 8.62, 13.33, 9.82, 8.42, 8.62, 13.33, 9.82, 8.42, 8.62, 13.33, 9.82, 8.42, 8.62, 13.33, 9.82, 8.42, 8.62, 13.33, 9.82, 8.42, 8.62, 13.33, 9.82, 8.42, 8.62, 13.33, 9.82, 8.42, 8.62, 13.33, 9.82, 8.42, 8.62, 13.33, 9.82, 8.42, 8.62, 13.33, 9.82, 8.42, 8.62, 13.33, 9.82, 8.42, 8.62, 13.33]
Prune local model 8, pr_ratio = [0.5, 0.5, 0.5, 0.5]
Prune local model 0, pr_ratio = [0, 0, 0, 0]
Prune local model 5, pr_ratio = [0, 0, 0, 0]
Prune local model 2, pr_ratio = [0.4, 0.4, 0.4, 0.4]
Prune local model 6, pr_ratio = [0.2, 0.2, 0.2, 0.2]
Prune local model 9, pr_ratio = [0.6, 0.6, 0.6, 0.6]
Prune local model 1, pr_ratio = [0.2, 0.2, 0.2, 0.2]
Prune local model 3, pr_ratio = [0.5, 0.5, 0.5, 0.5]
Prune local model 7, pr_ratio = [0.4, 0.4, 0.4, 0.4]
Prune local model 4, pr_ratio = [0.6, 0.6, 0.6, 0.6]
Round: 2, Method: dapperfl, Mean_Acc: 10.048, Best_Acc: 10.048
Domain_Acc: [9.82, 8.42, 8.62, 13.33, 9.82, 8.42, 8.62, 13.33, 9.82, 8.42, 8.62, 13.33, 9.82, 8.42, 8.62, 13.33, 9.82, 8.42, 8.62, 13.33, 9.82, 8.42, 8.62, 13.33, 9.82, 8.42, 8.62, 13.33, 9.82, 8.42, 8.62, 13.33, 9.82, 8.42, 8.62, 13.33, 9.82, 8.42, 8.62, 13.33, 9.82, 8.42, 8.62, 13.33, 9.82, 8.42, 8.62, 13.33, 9.82, 8.42, 8.62, 13.33, 9.82, 8.42, 8.62, 13.33, 9.82, 8.42, 8.62, 13.33, 9.82, 8.42, 8.62, 13.33], Domain_BestAcc: [9.82, 8.42, 8.62, 13.33, 9.82, 8.42, 8.62, 13.33, 9.82, 8.42, 8.62, 13.33, 9.82, 8.42, 8.62, 13.33, 9.82, 8.42, 8.62, 13.33, 9.82, 8.42, 8.62, 13.33, 9.82, 8.42, 8.62, 13.33, 9.82, 8.42, 8.62, 13.33, 9.82, 8.42, 8.62, 13.33, 9.82, 8.42, 8.62, 13.33, 9.82, 8.42, 8.62, 13.33, 9.82, 8.42, 8.62, 13.33, 9.82, 8.42, 8.62, 13.33, 9.82, 8.42, 8.62, 13.33, 9.82, 8.42, 8.62, 13.33, 9.82, 8.42, 8.62, 13.33]
Prune local model 1, pr_ratio = [0.2, 0.2, 0.2, 0.2]
Prune local model 0, pr_ratio = [0, 0, 0, 0]
Prune local model 9, pr_ratio = [0.6, 0.6, 0.6, 0.6]
Prune local model 2, pr_ratio = [0.4, 0.4, 0.4, 0.4]
Prune local model 7, pr_ratio = [0.4, 0.4, 0.4, 0.4]
Prune local model 5, pr_ratio = [0, 0, 0, 0]
Prune local model 6, pr_ratio = [0.2, 0.2, 0.2, 0.2]
Prune local model 4, pr_ratio = [0.6, 0.6, 0.6, 0.6]
Prune local model 8, pr_ratio = [0.5, 0.5, 0.5, 0.5]
Prune local model 3, pr_ratio = [0.5, 0.5, 0.5, 0.5]
Round: 3, Method: dapperfl, Mean_Acc: 10.837, Best_Acc: 10.837
Domain_Acc: [9.82, 11.58, 8.62, 13.33, 9.82, 11.58, 8.62, 13.33, 9.82, 11.58, 8.62, 13.33, 9.82, 11.58, 8.62, 13.33, 9.82, 11.58, 8.62, 13.33, 9.82, 11.58, 8.62, 13.33, 9.82, 11.58, 8.62, 13.33, 9.82, 11.58, 8.62, 13.33, 9.82, 11.58, 8.62, 13.33, 9.82, 11.58, 8.62, 13.33, 9.82, 11.58, 8.62, 13.33, 9.82, 11.58, 8.62, 13.33, 9.82, 11.58, 8.62, 13.33, 9.82, 11.58, 8.62, 13.33, 9.82, 11.58, 8.62, 13.33, 9.82, 11.58, 8.62, 13.33], Domain_BestAcc: [9.82, 11.58, 8.62, 13.33, 9.82, 11.58, 8.62, 13.33, 9.82, 11.58, 8.62, 13.33, 9.82, 11.58, 8.62, 13.33, 9.82, 11.58, 8.62, 13.33, 9.82, 11.58, 8.62, 13.33, 9.82, 11.58, 8.62, 13.33, 9.82, 11.58, 8.62, 13.33, 9.82, 11.58, 8.62, 13.33, 9.82, 11.58, 8.62, 13.33, 9.82, 11.58, 8.62, 13.33, 9.82, 11.58, 8.62, 13.33, 9.82, 11.58, 8.62, 13.33, 9.82, 11.58, 8.62, 13.33, 9.82, 11.58, 8.62, 13.33, 9.82, 11.58, 8.62, 13.33]
Prune local model 8, pr_ratio = [0.5, 0.5, 0.5, 0.5]
Prune local model 5, pr_ratio = [0, 0, 0, 0]
Prune local model 4, pr_ratio = [0.6, 0.6, 0.6, 0.6]
Prune local model 9, pr_ratio = [0.6, 0.6, 0.6, 0.6]
Prune local model 1, pr_ratio = [0.2, 0.2, 0.2, 0.2]
Prune local model 6, pr_ratio = [0.2, 0.2, 0.2, 0.2]
Prune local model 0, pr_ratio = [0, 0, 0, 0]
Prune local model 7, pr_ratio = [0.4, 0.4, 0.4, 0.4]
Prune local model 3, pr_ratio = [0.5, 0.5, 0.5, 0.5]
Prune local model 2, pr_ratio = [0.4, 0.4, 0.4, 0.4]
Round: 4, Method: dapperfl, Mean_Acc: 23.982, Best_Acc: 23.982
Domain_Acc: [30.8, 27.89, 17.24, 20.0, 30.8, 27.89, 17.24, 20.0, 30.8, 27.89, 17.24, 20.0, 30.8, 27.89, 17.24, 20.0, 30.8, 27.89, 17.24, 20.0, 30.8, 27.89, 17.24, 20.0, 30.8, 27.89, 17.24, 20.0, 30.8, 27.89, 17.24, 20.0, 30.8, 27.89, 17.24, 20.0, 30.8, 27.89, 17.24, 20.0, 30.8, 27.89, 17.24, 20.0, 30.8, 27.89, 17.24, 20.0, 30.8, 27.89, 17.24, 20.0, 30.8, 27.89, 17.24, 20.0, 30.8, 27.89, 17.24, 20.0, 30.8, 27.89, 17.24, 20.0], Domain_BestAcc: [30.8, 27.89, 17.24, 20.0, 30.8, 27.89, 17.24, 20.0, 30.8, 27.89, 17.24, 20.0, 30.8, 27.89, 17.24, 20.0, 30.8, 27.89, 17.24, 20.0, 30.8, 27.89, 17.24, 20.0, 30.8, 27.89, 17.24, 20.0, 30.8, 27.89, 17.24, 20.0, 30.8, 27.89, 17.24, 20.0, 30.8, 27.89, 17.24, 20.0, 30.8, 27.89, 17.24, 20.0, 30.8, 27.89, 17.24, 20.0, 30.8, 27.89, 17.24, 20.0, 30.8, 27.89, 17.24, 20.0, 30.8, 27.89, 17.24, 20.0, 30.8, 27.89, 17.24, 20.0]

Domain shift at round 5:
  caltech: 1 clients
  amazon: 4 clients
  webcam: 3 clients
  dslr: 2 clients
Prune local model 0, pr_ratio = [0, 0, 0, 0]
Prune local model 9, pr_ratio = [0.6, 0.6, 0.6, 0.6]
Prune local model 2, pr_ratio = [0.4, 0.4, 0.4, 0.4]
Prune local model 3, pr_ratio = [0.5, 0.5, 0.5, 0.5]
Prune local model 7, pr_ratio = [0.4, 0.4, 0.4, 0.4]
Prune local model 1, pr_ratio = [0.2, 0.2, 0.2, 0.2]
Prune local model 8, pr_ratio = [0.5, 0.5, 0.5, 0.5]
Prune local model 6, pr_ratio = [0.2, 0.2, 0.2, 0.2]
Prune local model 5, pr_ratio = [0, 0, 0, 0]
Prune local model 4, pr_ratio = [0.6, 0.6, 0.6, 0.6]
Round: 5, Method: dapperfl, Mean_Acc: 24.447, Best_Acc: 24.447
Domain_Acc: [34.38, 27.89, 15.52, 20.0, 34.38, 27.89, 15.52, 20.0, 34.38, 27.89, 15.52, 20.0, 34.38, 27.89, 15.52, 20.0, 34.38, 27.89, 15.52, 20.0, 34.38, 27.89, 15.52, 20.0, 34.38, 27.89, 15.52, 20.0, 34.38, 27.89, 15.52, 20.0, 34.38, 27.89, 15.52, 20.0, 34.38, 27.89, 15.52, 20.0, 34.38, 27.89, 15.52, 20.0, 34.38, 27.89, 15.52, 20.0, 34.38, 27.89, 15.52, 20.0, 34.38, 27.89, 15.52, 20.0, 34.38, 27.89, 15.52, 20.0, 34.38, 27.89, 15.52, 20.0], Domain_BestAcc: [34.38, 27.89, 17.24, 20.0, 34.38, 27.89, 17.24, 20.0, 34.38, 27.89, 17.24, 20.0, 34.38, 27.89, 17.24, 20.0, 34.38, 27.89, 17.24, 20.0, 34.38, 27.89, 17.24, 20.0, 34.38, 27.89, 17.24, 20.0, 34.38, 27.89, 17.24, 20.0, 34.38, 27.89, 17.24, 20.0, 34.38, 27.89, 17.24, 20.0, 34.38, 27.89, 17.24, 20.0, 34.38, 27.89, 17.24, 20.0, 34.38, 27.89, 17.24, 20.0, 34.38, 27.89, 17.24, 20.0, 34.38, 27.89, 17.24, 20.0, 34.38, 27.89, 17.24, 20.0]
Prune local model 5, pr_ratio = [0, 0, 0, 0]
Prune local model 0, pr_ratio = [0, 0, 0, 0]
Prune local model 9, pr_ratio = [0.6, 0.6, 0.6, 0.6]
Prune local model 6, pr_ratio = [0.2, 0.2, 0.2, 0.2]
Prune local model 8, pr_ratio = [0.5, 0.5, 0.5, 0.5]
Prune local model 7, pr_ratio = [0.4, 0.4, 0.4, 0.4]
Prune local model 2, pr_ratio = [0.4, 0.4, 0.4, 0.4]
Prune local model 1, pr_ratio = [0.2, 0.2, 0.2, 0.2]
Prune local model 3, pr_ratio = [0.5, 0.5, 0.5, 0.5]
Prune local model 4, pr_ratio = [0.6, 0.6, 0.6, 0.6]
Round: 6, Method: dapperfl, Mean_Acc: 23.22, Best_Acc: 24.447
Domain_Acc: [34.82, 31.05, 10.34, 16.67, 34.82, 31.05, 10.34, 16.67, 34.82, 31.05, 10.34, 16.67, 34.82, 31.05, 10.34, 16.67, 34.82, 31.05, 10.34, 16.67, 34.82, 31.05, 10.34, 16.67, 34.82, 31.05, 10.34, 16.67, 34.82, 31.05, 10.34, 16.67, 34.82, 31.05, 10.34, 16.67, 34.82, 31.05, 10.34, 16.67, 34.82, 31.05, 10.34, 16.67, 34.82, 31.05, 10.34, 16.67, 34.82, 31.05, 10.34, 16.67, 34.82, 31.05, 10.34, 16.67, 34.82, 31.05, 10.34, 16.67, 34.82, 31.05, 10.34, 16.67], Domain_BestAcc: [34.82, 31.05, 17.24, 20.0, 34.82, 31.05, 17.24, 20.0, 34.82, 31.05, 17.24, 20.0, 34.82, 31.05, 17.24, 20.0, 34.82, 31.05, 17.24, 20.0, 34.82, 31.05, 17.24, 20.0, 34.82, 31.05, 17.24, 20.0, 34.82, 31.05, 17.24, 20.0, 34.82, 31.05, 17.24, 20.0, 34.82, 31.05, 17.24, 20.0, 34.82, 31.05, 17.24, 20.0, 34.82, 31.05, 17.24, 20.0, 34.82, 31.05, 17.24, 20.0, 34.82, 31.05, 17.24, 20.0, 34.82, 31.05, 17.24, 20.0, 34.82, 31.05, 17.24, 20.0]
Prune local model 3, pr_ratio = [0.5, 0.5, 0.5, 0.5]
Prune local model 8, pr_ratio = [0.5, 0.5, 0.5, 0.5]
Prune local model 1, pr_ratio = [0.2, 0.2, 0.2, 0.2]
Prune local model 9, pr_ratio = [0.6, 0.6, 0.6, 0.6]
Prune local model 7, pr_ratio = [0.4, 0.4, 0.4, 0.4]
Prune local model 6, pr_ratio = [0.2, 0.2, 0.2, 0.2]
Prune local model 5, pr_ratio = [0, 0, 0, 0]
Prune local model 4, pr_ratio = [0.6, 0.6, 0.6, 0.6]
Prune local model 0, pr_ratio = [0, 0, 0, 0]
Prune local model 2, pr_ratio = [0.4, 0.4, 0.4, 0.4]
Round: 7, Method: dapperfl, Mean_Acc: 27.615, Best_Acc: 27.615
Domain_Acc: [34.82, 30.0, 18.97, 26.67, 34.82, 30.0, 18.97, 26.67, 34.82, 30.0, 18.97, 26.67, 34.82, 30.0, 18.97, 26.67, 34.82, 30.0, 18.97, 26.67, 34.82, 30.0, 18.97, 26.67, 34.82, 30.0, 18.97, 26.67, 34.82, 30.0, 18.97, 26.67, 34.82, 30.0, 18.97, 26.67, 34.82, 30.0, 18.97, 26.67, 34.82, 30.0, 18.97, 26.67, 34.82, 30.0, 18.97, 26.67, 34.82, 30.0, 18.97, 26.67, 34.82, 30.0, 18.97, 26.67, 34.82, 30.0, 18.97, 26.67, 34.82, 30.0, 18.97, 26.67], Domain_BestAcc: [34.82, 31.05, 18.97, 26.67, 34.82, 31.05, 18.97, 26.67, 34.82, 31.05, 18.97, 26.67, 34.82, 31.05, 18.97, 26.67, 34.82, 31.05, 18.97, 26.67, 34.82, 31.05, 18.97, 26.67, 34.82, 31.05, 18.97, 26.67, 34.82, 31.05, 18.97, 26.67, 34.82, 31.05, 18.97, 26.67, 34.82, 31.05, 18.97, 26.67, 34.82, 31.05, 18.97, 26.67, 34.82, 31.05, 18.97, 26.67, 34.82, 31.05, 18.97, 26.67, 34.82, 31.05, 18.97, 26.67, 34.82, 31.05, 18.97, 26.67, 34.82, 31.05, 18.97, 26.67]
Prune local model 4, pr_ratio = [0.6, 0.6, 0.6, 0.6]
Prune local model 2, pr_ratio = [0.4, 0.4, 0.4, 0.4]
Prune local model 6, pr_ratio = [0.2, 0.2, 0.2, 0.2]
Prune local model 8, pr_ratio = [0.5, 0.5, 0.5, 0.5]
Prune local model 3, pr_ratio = [0.5, 0.5, 0.5, 0.5]
Prune local model 5, pr_ratio = [0, 0, 0, 0]
Prune local model 0, pr_ratio = [0, 0, 0, 0]
Prune local model 9, pr_ratio = [0.6, 0.6, 0.6, 0.6]
Prune local model 1, pr_ratio = [0.2, 0.2, 0.2, 0.2]
Prune local model 7, pr_ratio = [0.4, 0.4, 0.4, 0.4]
Round: 8, Method: dapperfl, Mean_Acc: 21.785, Best_Acc: 27.615
Domain_Acc: [29.02, 27.89, 6.9, 23.33, 29.02, 27.89, 6.9, 23.33, 29.02, 27.89, 6.9, 23.33, 29.02, 27.89, 6.9, 23.33, 29.02, 27.89, 6.9, 23.33, 29.02, 27.89, 6.9, 23.33, 29.02, 27.89, 6.9, 23.33, 29.02, 27.89, 6.9, 23.33, 29.02, 27.89, 6.9, 23.33, 29.02, 27.89, 6.9, 23.33, 29.02, 27.89, 6.9, 23.33, 29.02, 27.89, 6.9, 23.33, 29.02, 27.89, 6.9, 23.33, 29.02, 27.89, 6.9, 23.33, 29.02, 27.89, 6.9, 23.33, 29.02, 27.89, 6.9, 23.33], Domain_BestAcc: [34.82, 31.05, 18.97, 26.67, 34.82, 31.05, 18.97, 26.67, 34.82, 31.05, 18.97, 26.67, 34.82, 31.05, 18.97, 26.67, 34.82, 31.05, 18.97, 26.67, 34.82, 31.05, 18.97, 26.67, 34.82, 31.05, 18.97, 26.67, 34.82, 31.05, 18.97, 26.67, 34.82, 31.05, 18.97, 26.67, 34.82, 31.05, 18.97, 26.67, 34.82, 31.05, 18.97, 26.67, 34.82, 31.05, 18.97, 26.67, 34.82, 31.05, 18.97, 26.67, 34.82, 31.05, 18.97, 26.67, 34.82, 31.05, 18.97, 26.67, 34.82, 31.05, 18.97, 26.67]
Prune local model 3, pr_ratio = [0.5, 0.5, 0.5, 0.5]
Prune local model 1, pr_ratio = [0.2, 0.2, 0.2, 0.2]
Prune local model 9, pr_ratio = [0.6, 0.6, 0.6, 0.6]
Prune local model 4, pr_ratio = [0.6, 0.6, 0.6, 0.6]
Prune local model 7, pr_ratio = [0.4, 0.4, 0.4, 0.4]
Prune local model 2, pr_ratio = [0.4, 0.4, 0.4, 0.4]
Prune local model 8, pr_ratio = [0.5, 0.5, 0.5, 0.5]
Prune local model 5, pr_ratio = [0, 0, 0, 0]
Prune local model 0, pr_ratio = [0, 0, 0, 0]
Prune local model 6, pr_ratio = [0.2, 0.2, 0.2, 0.2]
Round: 9, Method: dapperfl, Mean_Acc: 28.085, Best_Acc: 28.085
Domain_Acc: [33.93, 31.05, 20.69, 26.67, 33.93, 31.05, 20.69, 26.67, 33.93, 31.05, 20.69, 26.67, 33.93, 31.05, 20.69, 26.67, 33.93, 31.05, 20.69, 26.67, 33.93, 31.05, 20.69, 26.67, 33.93, 31.05, 20.69, 26.67, 33.93, 31.05, 20.69, 26.67, 33.93, 31.05, 20.69, 26.67, 33.93, 31.05, 20.69, 26.67, 33.93, 31.05, 20.69, 26.67, 33.93, 31.05, 20.69, 26.67, 33.93, 31.05, 20.69, 26.67, 33.93, 31.05, 20.69, 26.67, 33.93, 31.05, 20.69, 26.67, 33.93, 31.05, 20.69, 26.67], Domain_BestAcc: [34.82, 31.05, 20.69, 26.67, 34.82, 31.05, 20.69, 26.67, 34.82, 31.05, 20.69, 26.67, 34.82, 31.05, 20.69, 26.67, 34.82, 31.05, 20.69, 26.67, 34.82, 31.05, 20.69, 26.67, 34.82, 31.05, 20.69, 26.67, 34.82, 31.05, 20.69, 26.67, 34.82, 31.05, 20.69, 26.67, 34.82, 31.05, 20.69, 26.67, 34.82, 31.05, 20.69, 26.67, 34.82, 31.05, 20.69, 26.67, 34.82, 31.05, 20.69, 26.67, 34.82, 31.05, 20.69, 26.67, 34.82, 31.05, 20.69, 26.67, 34.82, 31.05, 20.69, 26.67]

Domain shift at round 10:
  caltech: 3 clients
  amazon: 3 clients
  webcam: 3 clients
  dslr: 1 clients
Prune local model 7, pr_ratio = [0.4, 0.4, 0.4, 0.4]
Prune local model 0, pr_ratio = [0, 0, 0, 0]
Prune local model 5, pr_ratio = [0, 0, 0, 0]
Prune local model 6, pr_ratio = [0.2, 0.2, 0.2, 0.2]
Prune local model 4, pr_ratio = [0.6, 0.6, 0.6, 0.6]
Prune local model 8, pr_ratio = [0.5, 0.5, 0.5, 0.5]
Prune local model 2, pr_ratio = [0.4, 0.4, 0.4, 0.4]
Prune local model 9, pr_ratio = [0.6, 0.6, 0.6, 0.6]
Prune local model 1, pr_ratio = [0.2, 0.2, 0.2, 0.2]
Prune local model 3, pr_ratio = [0.5, 0.5, 0.5, 0.5]
Round: 10, Method: dapperfl, Mean_Acc: 19.212, Best_Acc: 28.085
Domain_Acc: [24.11, 18.95, 13.79, 20.0, 24.11, 18.95, 13.79, 20.0, 24.11, 18.95, 13.79, 20.0, 24.11, 18.95, 13.79, 20.0, 24.11, 18.95, 13.79, 20.0, 24.11, 18.95, 13.79, 20.0, 24.11, 18.95, 13.79, 20.0, 24.11, 18.95, 13.79, 20.0, 24.11, 18.95, 13.79, 20.0, 24.11, 18.95, 13.79, 20.0, 24.11, 18.95, 13.79, 20.0, 24.11, 18.95, 13.79, 20.0, 24.11, 18.95, 13.79, 20.0, 24.11, 18.95, 13.79, 20.0, 24.11, 18.95, 13.79, 20.0, 24.11, 18.95, 13.79, 20.0], Domain_BestAcc: [34.82, 31.05, 20.69, 26.67, 34.82, 31.05, 20.69, 26.67, 34.82, 31.05, 20.69, 26.67, 34.82, 31.05, 20.69, 26.67, 34.82, 31.05, 20.69, 26.67, 34.82, 31.05, 20.69, 26.67, 34.82, 31.05, 20.69, 26.67, 34.82, 31.05, 20.69, 26.67, 34.82, 31.05, 20.69, 26.67, 34.82, 31.05, 20.69, 26.67, 34.82, 31.05, 20.69, 26.67, 34.82, 31.05, 20.69, 26.67, 34.82, 31.05, 20.69, 26.67, 34.82, 31.05, 20.69, 26.67, 34.82, 31.05, 20.69, 26.67, 34.82, 31.05, 20.69, 26.67]
Prune local model 1, pr_ratio = [0.2, 0.2, 0.2, 0.2]
Prune local model 8, pr_ratio = [0.5, 0.5, 0.5, 0.5]
Prune local model 7, pr_ratio = [0.4, 0.4, 0.4, 0.4]
Prune local model 2, pr_ratio = [0.4, 0.4, 0.4, 0.4]
Prune local model 6, pr_ratio = [0.2, 0.2, 0.2, 0.2]
Prune local model 4, pr_ratio = [0.6, 0.6, 0.6, 0.6]
Prune local model 0, pr_ratio = [0, 0, 0, 0]
Prune local model 5, pr_ratio = [0, 0, 0, 0]
Prune local model 3, pr_ratio = [0.5, 0.5, 0.5, 0.5]
Prune local model 9, pr_ratio = [0.6, 0.6, 0.6, 0.6]
Round: 11, Method: dapperfl, Mean_Acc: 28.508, Best_Acc: 28.508
Domain_Acc: [35.71, 29.47, 15.52, 33.33, 35.71, 29.47, 15.52, 33.33, 35.71, 29.47, 15.52, 33.33, 35.71, 29.47, 15.52, 33.33, 35.71, 29.47, 15.52, 33.33, 35.71, 29.47, 15.52, 33.33, 35.71, 29.47, 15.52, 33.33, 35.71, 29.47, 15.52, 33.33, 35.71, 29.47, 15.52, 33.33, 35.71, 29.47, 15.52, 33.33, 35.71, 29.47, 15.52, 33.33, 35.71, 29.47, 15.52, 33.33, 35.71, 29.47, 15.52, 33.33, 35.71, 29.47, 15.52, 33.33, 35.71, 29.47, 15.52, 33.33, 35.71, 29.47, 15.52, 33.33], Domain_BestAcc: [35.71, 31.05, 20.69, 33.33, 35.71, 31.05, 20.69, 33.33, 35.71, 31.05, 20.69, 33.33, 35.71, 31.05, 20.69, 33.33, 35.71, 31.05, 20.69, 33.33, 35.71, 31.05, 20.69, 33.33, 35.71, 31.05, 20.69, 33.33, 35.71, 31.05, 20.69, 33.33, 35.71, 31.05, 20.69, 33.33, 35.71, 31.05, 20.69, 33.33, 35.71, 31.05, 20.69, 33.33, 35.71, 31.05, 20.69, 33.33, 35.71, 31.05, 20.69, 33.33, 35.71, 31.05, 20.69, 33.33, 35.71, 31.05, 20.69, 33.33, 35.71, 31.05, 20.69, 33.33]
Prune local model 3, pr_ratio = [0.5, 0.5, 0.5, 0.5]
Prune local model 6, pr_ratio = [0.2, 0.2, 0.2, 0.2]
Prune local model 5, pr_ratio = [0, 0, 0, 0]
Prune local model 1, pr_ratio = [0.2, 0.2, 0.2, 0.2]
Prune local model 7, pr_ratio = [0.4, 0.4, 0.4, 0.4]
Prune local model 0, pr_ratio = [0, 0, 0, 0]
Prune local model 4, pr_ratio = [0.6, 0.6, 0.6, 0.6]
Prune local model 8, pr_ratio = [0.5, 0.5, 0.5, 0.5]
Prune local model 2, pr_ratio = [0.4, 0.4, 0.4, 0.4]
Prune local model 9, pr_ratio = [0.6, 0.6, 0.6, 0.6]
Round: 12, Method: dapperfl, Mean_Acc: 27.368, Best_Acc: 28.508
Domain_Acc: [31.7, 30.53, 17.24, 30.0, 31.7, 30.53, 17.24, 30.0, 31.7, 30.53, 17.24, 30.0, 31.7, 30.53, 17.24, 30.0, 31.7, 30.53, 17.24, 30.0, 31.7, 30.53, 17.24, 30.0, 31.7, 30.53, 17.24, 30.0, 31.7, 30.53, 17.24, 30.0, 31.7, 30.53, 17.24, 30.0, 31.7, 30.53, 17.24, 30.0, 31.7, 30.53, 17.24, 30.0, 31.7, 30.53, 17.24, 30.0, 31.7, 30.53, 17.24, 30.0, 31.7, 30.53, 17.24, 30.0, 31.7, 30.53, 17.24, 30.0, 31.7, 30.53, 17.24, 30.0], Domain_BestAcc: [35.71, 31.05, 20.69, 33.33, 35.71, 31.05, 20.69, 33.33, 35.71, 31.05, 20.69, 33.33, 35.71, 31.05, 20.69, 33.33, 35.71, 31.05, 20.69, 33.33, 35.71, 31.05, 20.69, 33.33, 35.71, 31.05, 20.69, 33.33, 35.71, 31.05, 20.69, 33.33, 35.71, 31.05, 20.69, 33.33, 35.71, 31.05, 20.69, 33.33, 35.71, 31.05, 20.69, 33.33, 35.71, 31.05, 20.69, 33.33, 35.71, 31.05, 20.69, 33.33, 35.71, 31.05, 20.69, 33.33, 35.71, 31.05, 20.69, 33.33, 35.71, 31.05, 20.69, 33.33]
Prune local model 3, pr_ratio = [0.5, 0.5, 0.5, 0.5]
Prune local model 6, pr_ratio = [0.2, 0.2, 0.2, 0.2]
Prune local model 2, pr_ratio = [0.4, 0.4, 0.4, 0.4]
Prune local model 7, pr_ratio = [0.4, 0.4, 0.4, 0.4]
Prune local model 4, pr_ratio = [0.6, 0.6, 0.6, 0.6]
Prune local model 1, pr_ratio = [0.2, 0.2, 0.2, 0.2]
Prune local model 0, pr_ratio = [0, 0, 0, 0]
Prune local model 9, pr_ratio = [0.6, 0.6, 0.6, 0.6]
Prune local model 5, pr_ratio = [0, 0, 0, 0]
Prune local model 8, pr_ratio = [0.5, 0.5, 0.5, 0.5]
Round: 13, Method: dapperfl, Mean_Acc: 30.31, Best_Acc: 30.31
Domain_Acc: [37.95, 34.21, 22.41, 26.67, 37.95, 34.21, 22.41, 26.67, 37.95, 34.21, 22.41, 26.67, 37.95, 34.21, 22.41, 26.67, 37.95, 34.21, 22.41, 26.67, 37.95, 34.21, 22.41, 26.67, 37.95, 34.21, 22.41, 26.67, 37.95, 34.21, 22.41, 26.67, 37.95, 34.21, 22.41, 26.67, 37.95, 34.21, 22.41, 26.67, 37.95, 34.21, 22.41, 26.67, 37.95, 34.21, 22.41, 26.67, 37.95, 34.21, 22.41, 26.67, 37.95, 34.21, 22.41, 26.67, 37.95, 34.21, 22.41, 26.67, 37.95, 34.21, 22.41, 26.67], Domain_BestAcc: [37.95, 34.21, 22.41, 33.33, 37.95, 34.21, 22.41, 33.33, 37.95, 34.21, 22.41, 33.33, 37.95, 34.21, 22.41, 33.33, 37.95, 34.21, 22.41, 33.33, 37.95, 34.21, 22.41, 33.33, 37.95, 34.21, 22.41, 33.33, 37.95, 34.21, 22.41, 33.33, 37.95, 34.21, 22.41, 33.33, 37.95, 34.21, 22.41, 33.33, 37.95, 34.21, 22.41, 33.33, 37.95, 34.21, 22.41, 33.33, 37.95, 34.21, 22.41, 33.33, 37.95, 34.21, 22.41, 33.33, 37.95, 34.21, 22.41, 33.33, 37.95, 34.21, 22.41, 33.33]
Prune local model 1, pr_ratio = [0.2, 0.2, 0.2, 0.2]
Prune local model 0, pr_ratio = [0, 0, 0, 0]
Prune local model 3, pr_ratio = [0.5, 0.5, 0.5, 0.5]
Prune local model 6, pr_ratio = [0.2, 0.2, 0.2, 0.2]
Prune local model 7, pr_ratio = [0.4, 0.4, 0.4, 0.4]
Prune local model 5, pr_ratio = [0, 0, 0, 0]
Prune local model 2, pr_ratio = [0.4, 0.4, 0.4, 0.4]
Prune local model 8, pr_ratio = [0.5, 0.5, 0.5, 0.5]
Prune local model 4, pr_ratio = [0.6, 0.6, 0.6, 0.6]
Prune local model 9, pr_ratio = [0.6, 0.6, 0.6, 0.6]
Round: 14, Method: dapperfl, Mean_Acc: 28.368, Best_Acc: 30.31
Domain_Acc: [34.82, 34.74, 17.24, 26.67, 34.82, 34.74, 17.24, 26.67, 34.82, 34.74, 17.24, 26.67, 34.82, 34.74, 17.24, 26.67, 34.82, 34.74, 17.24, 26.67, 34.82, 34.74, 17.24, 26.67, 34.82, 34.74, 17.24, 26.67, 34.82, 34.74, 17.24, 26.67, 34.82, 34.74, 17.24, 26.67, 34.82, 34.74, 17.24, 26.67, 34.82, 34.74, 17.24, 26.67, 34.82, 34.74, 17.24, 26.67, 34.82, 34.74, 17.24, 26.67, 34.82, 34.74, 17.24, 26.67, 34.82, 34.74, 17.24, 26.67, 34.82, 34.74, 17.24, 26.67], Domain_BestAcc: [37.95, 34.74, 22.41, 33.33, 37.95, 34.74, 22.41, 33.33, 37.95, 34.74, 22.41, 33.33, 37.95, 34.74, 22.41, 33.33, 37.95, 34.74, 22.41, 33.33, 37.95, 34.74, 22.41, 33.33, 37.95, 34.74, 22.41, 33.33, 37.95, 34.74, 22.41, 33.33, 37.95, 34.74, 22.41, 33.33, 37.95, 34.74, 22.41, 33.33, 37.95, 34.74, 22.41, 33.33, 37.95, 34.74, 22.41, 33.33, 37.95, 34.74, 22.41, 33.33, 37.95, 34.74, 22.41, 33.33, 37.95, 34.74, 22.41, 33.33, 37.95, 34.74, 22.41, 33.33]

Domain shift at round 15:
  caltech: 2 clients
  amazon: 5 clients
  webcam: 1 clients
  dslr: 2 clients
Prune local model 7, pr_ratio = [0.4, 0.4, 0.4, 0.4]
Prune local model 0, pr_ratio = [0, 0, 0, 0]
Prune local model 3, pr_ratio = [0.5, 0.5, 0.5, 0.5]
Prune local model 6, pr_ratio = [0.2, 0.2, 0.2, 0.2]
Prune local model 2, pr_ratio = [0.4, 0.4, 0.4, 0.4]
Prune local model 8, pr_ratio = [0.5, 0.5, 0.5, 0.5]
Prune local model 4, pr_ratio = [0.6, 0.6, 0.6, 0.6]
Prune local model 1, pr_ratio = [0.2, 0.2, 0.2, 0.2]
Prune local model 5, pr_ratio = [0, 0, 0, 0]
Prune local model 9, pr_ratio = [0.6, 0.6, 0.6, 0.6]
Round: 15, Method: dapperfl, Mean_Acc: 29.903, Best_Acc: 30.31
Domain_Acc: [38.39, 34.21, 10.34, 36.67, 38.39, 34.21, 10.34, 36.67, 38.39, 34.21, 10.34, 36.67, 38.39, 34.21, 10.34, 36.67, 38.39, 34.21, 10.34, 36.67, 38.39, 34.21, 10.34, 36.67, 38.39, 34.21, 10.34, 36.67, 38.39, 34.21, 10.34, 36.67, 38.39, 34.21, 10.34, 36.67, 38.39, 34.21, 10.34, 36.67, 38.39, 34.21, 10.34, 36.67, 38.39, 34.21, 10.34, 36.67, 38.39, 34.21, 10.34, 36.67, 38.39, 34.21, 10.34, 36.67, 38.39, 34.21, 10.34, 36.67, 38.39, 34.21, 10.34, 36.67], Domain_BestAcc: [38.39, 34.74, 22.41, 36.67, 38.39, 34.74, 22.41, 36.67, 38.39, 34.74, 22.41, 36.67, 38.39, 34.74, 22.41, 36.67, 38.39, 34.74, 22.41, 36.67, 38.39, 34.74, 22.41, 36.67, 38.39, 34.74, 22.41, 36.67, 38.39, 34.74, 22.41, 36.67, 38.39, 34.74, 22.41, 36.67, 38.39, 34.74, 22.41, 36.67, 38.39, 34.74, 22.41, 36.67, 38.39, 34.74, 22.41, 36.67, 38.39, 34.74, 22.41, 36.67, 38.39, 34.74, 22.41, 36.67, 38.39, 34.74, 22.41, 36.67, 38.39, 34.74, 22.41, 36.67]
Prune local model 2, pr_ratio = [0.4, 0.4, 0.4, 0.4]
Prune local model 4, pr_ratio = [0.6, 0.6, 0.6, 0.6]
Prune local model 9, pr_ratio = [0.6, 0.6, 0.6, 0.6]
Prune local model 3, pr_ratio = [0.5, 0.5, 0.5, 0.5]
Prune local model 7, pr_ratio = [0.4, 0.4, 0.4, 0.4]
Prune local model 8, pr_ratio = [0.5, 0.5, 0.5, 0.5]
Prune local model 1, pr_ratio = [0.2, 0.2, 0.2, 0.2]
Prune local model 6, pr_ratio = [0.2, 0.2, 0.2, 0.2]
Prune local model 5, pr_ratio = [0, 0, 0, 0]
Prune local model 0, pr_ratio = [0, 0, 0, 0]
Round: 16, Method: dapperfl, Mean_Acc: 31.253, Best_Acc: 31.253
Domain_Acc: [38.84, 30.53, 18.97, 36.67, 38.84, 30.53, 18.97, 36.67, 38.84, 30.53, 18.97, 36.67, 38.84, 30.53, 18.97, 36.67, 38.84, 30.53, 18.97, 36.67, 38.84, 30.53, 18.97, 36.67, 38.84, 30.53, 18.97, 36.67, 38.84, 30.53, 18.97, 36.67, 38.84, 30.53, 18.97, 36.67, 38.84, 30.53, 18.97, 36.67, 38.84, 30.53, 18.97, 36.67, 38.84, 30.53, 18.97, 36.67, 38.84, 30.53, 18.97, 36.67, 38.84, 30.53, 18.97, 36.67, 38.84, 30.53, 18.97, 36.67, 38.84, 30.53, 18.97, 36.67], Domain_BestAcc: [38.84, 34.74, 22.41, 36.67, 38.84, 34.74, 22.41, 36.67, 38.84, 34.74, 22.41, 36.67, 38.84, 34.74, 22.41, 36.67, 38.84, 34.74, 22.41, 36.67, 38.84, 34.74, 22.41, 36.67, 38.84, 34.74, 22.41, 36.67, 38.84, 34.74, 22.41, 36.67, 38.84, 34.74, 22.41, 36.67, 38.84, 34.74, 22.41, 36.67, 38.84, 34.74, 22.41, 36.67, 38.84, 34.74, 22.41, 36.67, 38.84, 34.74, 22.41, 36.67, 38.84, 34.74, 22.41, 36.67, 38.84, 34.74, 22.41, 36.67, 38.84, 34.74, 22.41, 36.67]
Prune local model 0, pr_ratio = [0, 0, 0, 0]
Prune local model 9, pr_ratio = [0.6, 0.6, 0.6, 0.6]
Prune local model 3, pr_ratio = [0.5, 0.5, 0.5, 0.5]
Prune local model 6, pr_ratio = [0.2, 0.2, 0.2, 0.2]
Prune local model 4, pr_ratio = [0.6, 0.6, 0.6, 0.6]
Prune local model 2, pr_ratio = [0.4, 0.4, 0.4, 0.4]
Prune local model 8, pr_ratio = [0.5, 0.5, 0.5, 0.5]
Prune local model 5, pr_ratio = [0, 0, 0, 0]
Prune local model 7, pr_ratio = [0.4, 0.4, 0.4, 0.4]
Prune local model 1, pr_ratio = [0.2, 0.2, 0.2, 0.2]
Round: 17, Method: dapperfl, Mean_Acc: 33.892, Best_Acc: 33.892
Domain_Acc: [46.43, 36.84, 18.97, 33.33, 46.43, 36.84, 18.97, 33.33, 46.43, 36.84, 18.97, 33.33, 46.43, 36.84, 18.97, 33.33, 46.43, 36.84, 18.97, 33.33, 46.43, 36.84, 18.97, 33.33, 46.43, 36.84, 18.97, 33.33, 46.43, 36.84, 18.97, 33.33, 46.43, 36.84, 18.97, 33.33, 46.43, 36.84, 18.97, 33.33, 46.43, 36.84, 18.97, 33.33, 46.43, 36.84, 18.97, 33.33, 46.43, 36.84, 18.97, 33.33, 46.43, 36.84, 18.97, 33.33, 46.43, 36.84, 18.97, 33.33, 46.43, 36.84, 18.97, 33.33], Domain_BestAcc: [46.43, 36.84, 22.41, 36.67, 46.43, 36.84, 22.41, 36.67, 46.43, 36.84, 22.41, 36.67, 46.43, 36.84, 22.41, 36.67, 46.43, 36.84, 22.41, 36.67, 46.43, 36.84, 22.41, 36.67, 46.43, 36.84, 22.41, 36.67, 46.43, 36.84, 22.41, 36.67, 46.43, 36.84, 22.41, 36.67, 46.43, 36.84, 22.41, 36.67, 46.43, 36.84, 22.41, 36.67, 46.43, 36.84, 22.41, 36.67, 46.43, 36.84, 22.41, 36.67, 46.43, 36.84, 22.41, 36.67, 46.43, 36.84, 22.41, 36.67, 46.43, 36.84, 22.41, 36.67]
Prune local model 4, pr_ratio = [0.6, 0.6, 0.6, 0.6]
Prune local model 8, pr_ratio = [0.5, 0.5, 0.5, 0.5]
Prune local model 7, pr_ratio = [0.4, 0.4, 0.4, 0.4]
Prune local model 9, pr_ratio = [0.6, 0.6, 0.6, 0.6]
Prune local model 6, pr_ratio = [0.2, 0.2, 0.2, 0.2]
Prune local model 0, pr_ratio = [0, 0, 0, 0]
Prune local model 3, pr_ratio = [0.5, 0.5, 0.5, 0.5]
Prune local model 2, pr_ratio = [0.4, 0.4, 0.4, 0.4]
Prune local model 5, pr_ratio = [0, 0, 0, 0]
Prune local model 1, pr_ratio = [0.2, 0.2, 0.2, 0.2]
Round: 18, Method: dapperfl, Mean_Acc: 32.892, Best_Acc: 33.892
Domain_Acc: [37.05, 32.11, 22.41, 40.0, 37.05, 32.11, 22.41, 40.0, 37.05, 32.11, 22.41, 40.0, 37.05, 32.11, 22.41, 40.0, 37.05, 32.11, 22.41, 40.0, 37.05, 32.11, 22.41, 40.0, 37.05, 32.11, 22.41, 40.0, 37.05, 32.11, 22.41, 40.0, 37.05, 32.11, 22.41, 40.0, 37.05, 32.11, 22.41, 40.0, 37.05, 32.11, 22.41, 40.0, 37.05, 32.11, 22.41, 40.0, 37.05, 32.11, 22.41, 40.0, 37.05, 32.11, 22.41, 40.0, 37.05, 32.11, 22.41, 40.0, 37.05, 32.11, 22.41, 40.0], Domain_BestAcc: [46.43, 36.84, 22.41, 40.0, 46.43, 36.84, 22.41, 40.0, 46.43, 36.84, 22.41, 40.0, 46.43, 36.84, 22.41, 40.0, 46.43, 36.84, 22.41, 40.0, 46.43, 36.84, 22.41, 40.0, 46.43, 36.84, 22.41, 40.0, 46.43, 36.84, 22.41, 40.0, 46.43, 36.84, 22.41, 40.0, 46.43, 36.84, 22.41, 40.0, 46.43, 36.84, 22.41, 40.0, 46.43, 36.84, 22.41, 40.0, 46.43, 36.84, 22.41, 40.0, 46.43, 36.84, 22.41, 40.0, 46.43, 36.84, 22.41, 40.0, 46.43, 36.84, 22.41, 40.0]
Prune local model 6, pr_ratio = [0.2, 0.2, 0.2, 0.2]
Prune local model 7, pr_ratio = [0.4, 0.4, 0.4, 0.4]
Prune local model 9, pr_ratio = [0.6, 0.6, 0.6, 0.6]
Prune local model 3, pr_ratio = [0.5, 0.5, 0.5, 0.5]
Prune local model 1, pr_ratio = [0.2, 0.2, 0.2, 0.2]
Prune local model 5, pr_ratio = [0, 0, 0, 0]
Prune local model 2, pr_ratio = [0.4, 0.4, 0.4, 0.4]
Prune local model 8, pr_ratio = [0.5, 0.5, 0.5, 0.5]
Prune local model 0, pr_ratio = [0, 0, 0, 0]
Prune local model 4, pr_ratio = [0.6, 0.6, 0.6, 0.6]
Round: 19, Method: dapperfl, Mean_Acc: 26.038, Best_Acc: 33.892
Domain_Acc: [35.27, 28.42, 13.79, 26.67, 35.27, 28.42, 13.79, 26.67, 35.27, 28.42, 13.79, 26.67, 35.27, 28.42, 13.79, 26.67, 35.27, 28.42, 13.79, 26.67, 35.27, 28.42, 13.79, 26.67, 35.27, 28.42, 13.79, 26.67, 35.27, 28.42, 13.79, 26.67, 35.27, 28.42, 13.79, 26.67, 35.27, 28.42, 13.79, 26.67, 35.27, 28.42, 13.79, 26.67, 35.27, 28.42, 13.79, 26.67, 35.27, 28.42, 13.79, 26.67, 35.27, 28.42, 13.79, 26.67, 35.27, 28.42, 13.79, 26.67, 35.27, 28.42, 13.79, 26.67], Domain_BestAcc: [46.43, 36.84, 22.41, 40.0, 46.43, 36.84, 22.41, 40.0, 46.43, 36.84, 22.41, 40.0, 46.43, 36.84, 22.41, 40.0, 46.43, 36.84, 22.41, 40.0, 46.43, 36.84, 22.41, 40.0, 46.43, 36.84, 22.41, 40.0, 46.43, 36.84, 22.41, 40.0, 46.43, 36.84, 22.41, 40.0, 46.43, 36.84, 22.41, 40.0, 46.43, 36.84, 22.41, 40.0, 46.43, 36.84, 22.41, 40.0, 46.43, 36.84, 22.41, 40.0, 46.43, 36.84, 22.41, 40.0, 46.43, 36.84, 22.41, 40.0, 46.43, 36.84, 22.41, 40.0]

Domain shift at round 20:
  caltech: 3 clients
  amazon: 2 clients
  webcam: 3 clients
  dslr: 2 clients
Prune local model 8, pr_ratio = [0.5, 0.5, 0.5, 0.5]
Prune local model 1, pr_ratio = [0.2, 0.2, 0.2, 0.2]
Prune local model 2, pr_ratio = [0.4, 0.4, 0.4, 0.4]
Prune local model 3, pr_ratio = [0.5, 0.5, 0.5, 0.5]
Prune local model 0, pr_ratio = [0, 0, 0, 0]
Prune local model 6, pr_ratio = [0.2, 0.2, 0.2, 0.2]
Prune local model 9, pr_ratio = [0.6, 0.6, 0.6, 0.6]
Prune local model 5, pr_ratio = [0, 0, 0, 0]
Prune local model 7, pr_ratio = [0.4, 0.4, 0.4, 0.4]
Prune local model 4, pr_ratio = [0.6, 0.6, 0.6, 0.6]
Round: 20, Method: dapperfl, Mean_Acc: 39.508, Best_Acc: 39.508
Domain_Acc: [46.88, 43.68, 24.14, 43.33, 46.88, 43.68, 24.14, 43.33, 46.88, 43.68, 24.14, 43.33, 46.88, 43.68, 24.14, 43.33, 46.88, 43.68, 24.14, 43.33, 46.88, 43.68, 24.14, 43.33, 46.88, 43.68, 24.14, 43.33, 46.88, 43.68, 24.14, 43.33, 46.88, 43.68, 24.14, 43.33, 46.88, 43.68, 24.14, 43.33, 46.88, 43.68, 24.14, 43.33, 46.88, 43.68, 24.14, 43.33, 46.88, 43.68, 24.14, 43.33, 46.88, 43.68, 24.14, 43.33, 46.88, 43.68, 24.14, 43.33, 46.88, 43.68, 24.14, 43.33], Domain_BestAcc: [46.88, 43.68, 24.14, 43.33, 46.88, 43.68, 24.14, 43.33, 46.88, 43.68, 24.14, 43.33, 46.88, 43.68, 24.14, 43.33, 46.88, 43.68, 24.14, 43.33, 46.88, 43.68, 24.14, 43.33, 46.88, 43.68, 24.14, 43.33, 46.88, 43.68, 24.14, 43.33, 46.88, 43.68, 24.14, 43.33, 46.88, 43.68, 24.14, 43.33, 46.88, 43.68, 24.14, 43.33, 46.88, 43.68, 24.14, 43.33, 46.88, 43.68, 24.14, 43.33, 46.88, 43.68, 24.14, 43.33, 46.88, 43.68, 24.14, 43.33, 46.88, 43.68, 24.14, 43.33]
Prune local model 1, pr_ratio = [0.2, 0.2, 0.2, 0.2]
Prune local model 2, pr_ratio = [0.4, 0.4, 0.4, 0.4]
Prune local model 8, pr_ratio = [0.5, 0.5, 0.5, 0.5]
Prune local model 3, pr_ratio = [0.5, 0.5, 0.5, 0.5]
Prune local model 9, pr_ratio = [0.6, 0.6, 0.6, 0.6]
Prune local model 4, pr_ratio = [0.6, 0.6, 0.6, 0.6]
Prune local model 5, pr_ratio = [0, 0, 0, 0]
Prune local model 7, pr_ratio = [0.4, 0.4, 0.4, 0.4]
Prune local model 0, pr_ratio = [0, 0, 0, 0]
Prune local model 6, pr_ratio = [0.2, 0.2, 0.2, 0.2]
Round: 21, Method: dapperfl, Mean_Acc: 34.117, Best_Acc: 39.508
Domain_Acc: [44.2, 41.58, 20.69, 30.0, 44.2, 41.58, 20.69, 30.0, 44.2, 41.58, 20.69, 30.0, 44.2, 41.58, 20.69, 30.0, 44.2, 41.58, 20.69, 30.0, 44.2, 41.58, 20.69, 30.0, 44.2, 41.58, 20.69, 30.0, 44.2, 41.58, 20.69, 30.0, 44.2, 41.58, 20.69, 30.0, 44.2, 41.58, 20.69, 30.0, 44.2, 41.58, 20.69, 30.0, 44.2, 41.58, 20.69, 30.0, 44.2, 41.58, 20.69, 30.0, 44.2, 41.58, 20.69, 30.0, 44.2, 41.58, 20.69, 30.0, 44.2, 41.58, 20.69, 30.0], Domain_BestAcc: [46.88, 43.68, 24.14, 43.33, 46.88, 43.68, 24.14, 43.33, 46.88, 43.68, 24.14, 43.33, 46.88, 43.68, 24.14, 43.33, 46.88, 43.68, 24.14, 43.33, 46.88, 43.68, 24.14, 43.33, 46.88, 43.68, 24.14, 43.33, 46.88, 43.68, 24.14, 43.33, 46.88, 43.68, 24.14, 43.33, 46.88, 43.68, 24.14, 43.33, 46.88, 43.68, 24.14, 43.33, 46.88, 43.68, 24.14, 43.33, 46.88, 43.68, 24.14, 43.33, 46.88, 43.68, 24.14, 43.33, 46.88, 43.68, 24.14, 43.33, 46.88, 43.68, 24.14, 43.33]
Prune local model 6, pr_ratio = [0.2, 0.2, 0.2, 0.2]
Prune local model 8, pr_ratio = [0.5, 0.5, 0.5, 0.5]
Prune local model 5, pr_ratio = [0, 0, 0, 0]
Prune local model 1, pr_ratio = [0.2, 0.2, 0.2, 0.2]
Prune local model 4, pr_ratio = [0.6, 0.6, 0.6, 0.6]
Prune local model 0, pr_ratio = [0, 0, 0, 0]
Prune local model 3, pr_ratio = [0.5, 0.5, 0.5, 0.5]
Prune local model 2, pr_ratio = [0.4, 0.4, 0.4, 0.4]
Prune local model 7, pr_ratio = [0.4, 0.4, 0.4, 0.4]
Prune local model 9, pr_ratio = [0.6, 0.6, 0.6, 0.6]
Round: 22, Method: dapperfl, Mean_Acc: 33.012, Best_Acc: 39.508
Domain_Acc: [34.38, 35.26, 22.41, 40.0, 34.38, 35.26, 22.41, 40.0, 34.38, 35.26, 22.41, 40.0, 34.38, 35.26, 22.41, 40.0, 34.38, 35.26, 22.41, 40.0, 34.38, 35.26, 22.41, 40.0, 34.38, 35.26, 22.41, 40.0, 34.38, 35.26, 22.41, 40.0, 34.38, 35.26, 22.41, 40.0, 34.38, 35.26, 22.41, 40.0, 34.38, 35.26, 22.41, 40.0, 34.38, 35.26, 22.41, 40.0, 34.38, 35.26, 22.41, 40.0, 34.38, 35.26, 22.41, 40.0, 34.38, 35.26, 22.41, 40.0, 34.38, 35.26, 22.41, 40.0], Domain_BestAcc: [46.88, 43.68, 24.14, 43.33, 46.88, 43.68, 24.14, 43.33, 46.88, 43.68, 24.14, 43.33, 46.88, 43.68, 24.14, 43.33, 46.88, 43.68, 24.14, 43.33, 46.88, 43.68, 24.14, 43.33, 46.88, 43.68, 24.14, 43.33, 46.88, 43.68, 24.14, 43.33, 46.88, 43.68, 24.14, 43.33, 46.88, 43.68, 24.14, 43.33, 46.88, 43.68, 24.14, 43.33, 46.88, 43.68, 24.14, 43.33, 46.88, 43.68, 24.14, 43.33, 46.88, 43.68, 24.14, 43.33, 46.88, 43.68, 24.14, 43.33, 46.88, 43.68, 24.14, 43.33]
Prune local model 1, pr_ratio = [0.2, 0.2, 0.2, 0.2]
Prune local model 5, pr_ratio = [0, 0, 0, 0]
Prune local model 9, pr_ratio = [0.6, 0.6, 0.6, 0.6]
Prune local model 0, pr_ratio = [0, 0, 0, 0]
Prune local model 7, pr_ratio = [0.4, 0.4, 0.4, 0.4]
Prune local model 6, pr_ratio = [0.2, 0.2, 0.2, 0.2]
Prune local model 3, pr_ratio = [0.5, 0.5, 0.5, 0.5]
Prune local model 8, pr_ratio = [0.5, 0.5, 0.5, 0.5]
Prune local model 4, pr_ratio = [0.6, 0.6, 0.6, 0.6]
Prune local model 2, pr_ratio = [0.4, 0.4, 0.4, 0.4]
Round: 23, Method: dapperfl, Mean_Acc: 17.36, Best_Acc: 39.508
Domain_Acc: [25.0, 24.21, 6.9, 13.33, 25.0, 24.21, 6.9, 13.33, 25.0, 24.21, 6.9, 13.33, 25.0, 24.21, 6.9, 13.33, 25.0, 24.21, 6.9, 13.33, 25.0, 24.21, 6.9, 13.33, 25.0, 24.21, 6.9, 13.33, 25.0, 24.21, 6.9, 13.33, 25.0, 24.21, 6.9, 13.33, 25.0, 24.21, 6.9, 13.33, 25.0, 24.21, 6.9, 13.33, 25.0, 24.21, 6.9, 13.33, 25.0, 24.21, 6.9, 13.33, 25.0, 24.21, 6.9, 13.33, 25.0, 24.21, 6.9, 13.33, 25.0, 24.21, 6.9, 13.33], Domain_BestAcc: [46.88, 43.68, 24.14, 43.33, 46.88, 43.68, 24.14, 43.33, 46.88, 43.68, 24.14, 43.33, 46.88, 43.68, 24.14, 43.33, 46.88, 43.68, 24.14, 43.33, 46.88, 43.68, 24.14, 43.33, 46.88, 43.68, 24.14, 43.33, 46.88, 43.68, 24.14, 43.33, 46.88, 43.68, 24.14, 43.33, 46.88, 43.68, 24.14, 43.33, 46.88, 43.68, 24.14, 43.33, 46.88, 43.68, 24.14, 43.33, 46.88, 43.68, 24.14, 43.33, 46.88, 43.68, 24.14, 43.33, 46.88, 43.68, 24.14, 43.33, 46.88, 43.68, 24.14, 43.33]
Prune local model 9, pr_ratio = [0.6, 0.6, 0.6, 0.6]
Prune local model 2, pr_ratio = [0.4, 0.4, 0.4, 0.4]
Prune local model 1, pr_ratio = [0.2, 0.2, 0.2, 0.2]
Prune local model 8, pr_ratio = [0.5, 0.5, 0.5, 0.5]
Prune local model 6, pr_ratio = [0.2, 0.2, 0.2, 0.2]
Prune local model 5, pr_ratio = [0, 0, 0, 0]
Prune local model 4, pr_ratio = [0.6, 0.6, 0.6, 0.6]
Prune local model 3, pr_ratio = [0.5, 0.5, 0.5, 0.5]
Prune local model 0, pr_ratio = [0, 0, 0, 0]
Prune local model 7, pr_ratio = [0.4, 0.4, 0.4, 0.4]
Round: 24, Method: dapperfl, Mean_Acc: 29.868, Best_Acc: 39.508
Domain_Acc: [40.18, 38.95, 10.34, 30.0, 40.18, 38.95, 10.34, 30.0, 40.18, 38.95, 10.34, 30.0, 40.18, 38.95, 10.34, 30.0, 40.18, 38.95, 10.34, 30.0, 40.18, 38.95, 10.34, 30.0, 40.18, 38.95, 10.34, 30.0, 40.18, 38.95, 10.34, 30.0, 40.18, 38.95, 10.34, 30.0, 40.18, 38.95, 10.34, 30.0, 40.18, 38.95, 10.34, 30.0, 40.18, 38.95, 10.34, 30.0, 40.18, 38.95, 10.34, 30.0, 40.18, 38.95, 10.34, 30.0, 40.18, 38.95, 10.34, 30.0, 40.18, 38.95, 10.34, 30.0], Domain_BestAcc: [46.88, 43.68, 24.14, 43.33, 46.88, 43.68, 24.14, 43.33, 46.88, 43.68, 24.14, 43.33, 46.88, 43.68, 24.14, 43.33, 46.88, 43.68, 24.14, 43.33, 46.88, 43.68, 24.14, 43.33, 46.88, 43.68, 24.14, 43.33, 46.88, 43.68, 24.14, 43.33, 46.88, 43.68, 24.14, 43.33, 46.88, 43.68, 24.14, 43.33, 46.88, 43.68, 24.14, 43.33, 46.88, 43.68, 24.14, 43.33, 46.88, 43.68, 24.14, 43.33, 46.88, 43.68, 24.14, 43.33, 46.88, 43.68, 24.14, 43.33, 46.88, 43.68, 24.14, 43.33]

Domain shift at round 25:
  caltech: 4 clients
  amazon: 3 clients
  webcam: 2 clients
  dslr: 1 clients
Prune local model 9, pr_ratio = [0.6, 0.6, 0.6, 0.6]
Prune local model 2, pr_ratio = [0.4, 0.4, 0.4, 0.4]
Prune local model 1, pr_ratio = [0.2, 0.2, 0.2, 0.2]
Prune local model 6, pr_ratio = [0.2, 0.2, 0.2, 0.2]
Prune local model 0, pr_ratio = [0, 0, 0, 0]
Prune local model 8, pr_ratio = [0.5, 0.5, 0.5, 0.5]
Prune local model 5, pr_ratio = [0, 0, 0, 0]
Prune local model 3, pr_ratio = [0.5, 0.5, 0.5, 0.5]
Prune local model 7, pr_ratio = [0.4, 0.4, 0.4, 0.4]
Prune local model 4, pr_ratio = [0.6, 0.6, 0.6, 0.6]
Round: 25, Method: dapperfl, Mean_Acc: 37.81, Best_Acc: 39.508
Domain_Acc: [43.3, 37.37, 17.24, 53.33, 43.3, 37.37, 17.24, 53.33, 43.3, 37.37, 17.24, 53.33, 43.3, 37.37, 17.24, 53.33, 43.3, 37.37, 17.24, 53.33, 43.3, 37.37, 17.24, 53.33, 43.3, 37.37, 17.24, 53.33, 43.3, 37.37, 17.24, 53.33, 43.3, 37.37, 17.24, 53.33, 43.3, 37.37, 17.24, 53.33, 43.3, 37.37, 17.24, 53.33, 43.3, 37.37, 17.24, 53.33, 43.3, 37.37, 17.24, 53.33, 43.3, 37.37, 17.24, 53.33, 43.3, 37.37, 17.24, 53.33, 43.3, 37.37, 17.24, 53.33], Domain_BestAcc: [46.88, 43.68, 24.14, 53.33, 46.88, 43.68, 24.14, 53.33, 46.88, 43.68, 24.14, 53.33, 46.88, 43.68, 24.14, 53.33, 46.88, 43.68, 24.14, 53.33, 46.88, 43.68, 24.14, 53.33, 46.88, 43.68, 24.14, 53.33, 46.88, 43.68, 24.14, 53.33, 46.88, 43.68, 24.14, 53.33, 46.88, 43.68, 24.14, 53.33, 46.88, 43.68, 24.14, 53.33, 46.88, 43.68, 24.14, 53.33, 46.88, 43.68, 24.14, 53.33, 46.88, 43.68, 24.14, 53.33, 46.88, 43.68, 24.14, 53.33, 46.88, 43.68, 24.14, 53.33]
Prune local model 7, pr_ratio = [0.4, 0.4, 0.4, 0.4]
Prune local model 4, pr_ratio = [0.6, 0.6, 0.6, 0.6]
Prune local model 6, pr_ratio = [0.2, 0.2, 0.2, 0.2]
Prune local model 5, pr_ratio = [0, 0, 0, 0]
Prune local model 3, pr_ratio = [0.5, 0.5, 0.5, 0.5]
Prune local model 2, pr_ratio = [0.4, 0.4, 0.4, 0.4]
Prune local model 9, pr_ratio = [0.6, 0.6, 0.6, 0.6]
Prune local model 8, pr_ratio = [0.5, 0.5, 0.5, 0.5]
Prune local model 1, pr_ratio = [0.2, 0.2, 0.2, 0.2]
Prune local model 0, pr_ratio = [0, 0, 0, 0]
Round: 26, Method: dapperfl, Mean_Acc: 43.065, Best_Acc: 43.065
Domain_Acc: [48.21, 44.74, 29.31, 50.0, 48.21, 44.74, 29.31, 50.0, 48.21, 44.74, 29.31, 50.0, 48.21, 44.74, 29.31, 50.0, 48.21, 44.74, 29.31, 50.0, 48.21, 44.74, 29.31, 50.0, 48.21, 44.74, 29.31, 50.0, 48.21, 44.74, 29.31, 50.0, 48.21, 44.74, 29.31, 50.0, 48.21, 44.74, 29.31, 50.0, 48.21, 44.74, 29.31, 50.0, 48.21, 44.74, 29.31, 50.0, 48.21, 44.74, 29.31, 50.0, 48.21, 44.74, 29.31, 50.0, 48.21, 44.74, 29.31, 50.0, 48.21, 44.74, 29.31, 50.0], Domain_BestAcc: [48.21, 44.74, 29.31, 53.33, 48.21, 44.74, 29.31, 53.33, 48.21, 44.74, 29.31, 53.33, 48.21, 44.74, 29.31, 53.33, 48.21, 44.74, 29.31, 53.33, 48.21, 44.74, 29.31, 53.33, 48.21, 44.74, 29.31, 53.33, 48.21, 44.74, 29.31, 53.33, 48.21, 44.74, 29.31, 53.33, 48.21, 44.74, 29.31, 53.33, 48.21, 44.74, 29.31, 53.33, 48.21, 44.74, 29.31, 53.33, 48.21, 44.74, 29.31, 53.33, 48.21, 44.74, 29.31, 53.33, 48.21, 44.74, 29.31, 53.33, 48.21, 44.74, 29.31, 53.33]
Prune local model 6, pr_ratio = [0.2, 0.2, 0.2, 0.2]
Prune local model 3, pr_ratio = [0.5, 0.5, 0.5, 0.5]
Prune local model 4, pr_ratio = [0.6, 0.6, 0.6, 0.6]
Prune local model 1, pr_ratio = [0.2, 0.2, 0.2, 0.2]
Prune local model 9, pr_ratio = [0.6, 0.6, 0.6, 0.6]
Prune local model 5, pr_ratio = [0, 0, 0, 0]
Prune local model 2, pr_ratio = [0.4, 0.4, 0.4, 0.4]
Prune local model 0, pr_ratio = [0, 0, 0, 0]
Prune local model 7, pr_ratio = [0.4, 0.4, 0.4, 0.4]
Prune local model 8, pr_ratio = [0.5, 0.5, 0.5, 0.5]
Round: 27, Method: dapperfl, Mean_Acc: 36.672, Best_Acc: 43.065
Domain_Acc: [46.43, 44.74, 15.52, 40.0, 46.43, 44.74, 15.52, 40.0, 46.43, 44.74, 15.52, 40.0, 46.43, 44.74, 15.52, 40.0, 46.43, 44.74, 15.52, 40.0, 46.43, 44.74, 15.52, 40.0, 46.43, 44.74, 15.52, 40.0, 46.43, 44.74, 15.52, 40.0, 46.43, 44.74, 15.52, 40.0, 46.43, 44.74, 15.52, 40.0, 46.43, 44.74, 15.52, 40.0, 46.43, 44.74, 15.52, 40.0, 46.43, 44.74, 15.52, 40.0, 46.43, 44.74, 15.52, 40.0, 46.43, 44.74, 15.52, 40.0, 46.43, 44.74, 15.52, 40.0], Domain_BestAcc: [48.21, 44.74, 29.31, 53.33, 48.21, 44.74, 29.31, 53.33, 48.21, 44.74, 29.31, 53.33, 48.21, 44.74, 29.31, 53.33, 48.21, 44.74, 29.31, 53.33, 48.21, 44.74, 29.31, 53.33, 48.21, 44.74, 29.31, 53.33, 48.21, 44.74, 29.31, 53.33, 48.21, 44.74, 29.31, 53.33, 48.21, 44.74, 29.31, 53.33, 48.21, 44.74, 29.31, 53.33, 48.21, 44.74, 29.31, 53.33, 48.21, 44.74, 29.31, 53.33, 48.21, 44.74, 29.31, 53.33, 48.21, 44.74, 29.31, 53.33, 48.21, 44.74, 29.31, 53.33]
Prune local model 5, pr_ratio = [0, 0, 0, 0]
Prune local model 1, pr_ratio = [0.2, 0.2, 0.2, 0.2]
Prune local model 8, pr_ratio = [0.5, 0.5, 0.5, 0.5]
Prune local model 9, pr_ratio = [0.6, 0.6, 0.6, 0.6]
Prune local model 7, pr_ratio = [0.4, 0.4, 0.4, 0.4]
Prune local model 0, pr_ratio = [0, 0, 0, 0]
Prune local model 4, pr_ratio = [0.6, 0.6, 0.6, 0.6]
Prune local model 6, pr_ratio = [0.2, 0.2, 0.2, 0.2]
Prune local model 3, pr_ratio = [0.5, 0.5, 0.5, 0.5]
Prune local model 2, pr_ratio = [0.4, 0.4, 0.4, 0.4]
Round: 28, Method: dapperfl, Mean_Acc: 18.348, Best_Acc: 43.065
Domain_Acc: [27.23, 24.21, 8.62, 13.33, 27.23, 24.21, 8.62, 13.33, 27.23, 24.21, 8.62, 13.33, 27.23, 24.21, 8.62, 13.33, 27.23, 24.21, 8.62, 13.33, 27.23, 24.21, 8.62, 13.33, 27.23, 24.21, 8.62, 13.33, 27.23, 24.21, 8.62, 13.33, 27.23, 24.21, 8.62, 13.33, 27.23, 24.21, 8.62, 13.33, 27.23, 24.21, 8.62, 13.33, 27.23, 24.21, 8.62, 13.33, 27.23, 24.21, 8.62, 13.33, 27.23, 24.21, 8.62, 13.33, 27.23, 24.21, 8.62, 13.33, 27.23, 24.21, 8.62, 13.33], Domain_BestAcc: [48.21, 44.74, 29.31, 53.33, 48.21, 44.74, 29.31, 53.33, 48.21, 44.74, 29.31, 53.33, 48.21, 44.74, 29.31, 53.33, 48.21, 44.74, 29.31, 53.33, 48.21, 44.74, 29.31, 53.33, 48.21, 44.74, 29.31, 53.33, 48.21, 44.74, 29.31, 53.33, 48.21, 44.74, 29.31, 53.33, 48.21, 44.74, 29.31, 53.33, 48.21, 44.74, 29.31, 53.33, 48.21, 44.74, 29.31, 53.33, 48.21, 44.74, 29.31, 53.33, 48.21, 44.74, 29.31, 53.33, 48.21, 44.74, 29.31, 53.33, 48.21, 44.74, 29.31, 53.33]
Prune local model 7, pr_ratio = [0.4, 0.4, 0.4, 0.4]
Prune local model 6, pr_ratio = [0.2, 0.2, 0.2, 0.2]
Prune local model 1, pr_ratio = [0.2, 0.2, 0.2, 0.2]
Prune local model 4, pr_ratio = [0.6, 0.6, 0.6, 0.6]
Prune local model 5, pr_ratio = [0, 0, 0, 0]
Prune local model 2, pr_ratio = [0.4, 0.4, 0.4, 0.4]
Prune local model 0, pr_ratio = [0, 0, 0, 0]
Prune local model 8, pr_ratio = [0.5, 0.5, 0.5, 0.5]
Prune local model 9, pr_ratio = [0.6, 0.6, 0.6, 0.6]
Prune local model 3, pr_ratio = [0.5, 0.5, 0.5, 0.5]
Round: 29, Method: dapperfl, Mean_Acc: 20.815, Best_Acc: 43.065
Domain_Acc: [24.11, 30.53, 8.62, 20.0, 24.11, 30.53, 8.62, 20.0, 24.11, 30.53, 8.62, 20.0, 24.11, 30.53, 8.62, 20.0, 24.11, 30.53, 8.62, 20.0, 24.11, 30.53, 8.62, 20.0, 24.11, 30.53, 8.62, 20.0, 24.11, 30.53, 8.62, 20.0, 24.11, 30.53, 8.62, 20.0, 24.11, 30.53, 8.62, 20.0, 24.11, 30.53, 8.62, 20.0, 24.11, 30.53, 8.62, 20.0, 24.11, 30.53, 8.62, 20.0, 24.11, 30.53, 8.62, 20.0, 24.11, 30.53, 8.62, 20.0, 24.11, 30.53, 8.62, 20.0], Domain_BestAcc: [48.21, 44.74, 29.31, 53.33, 48.21, 44.74, 29.31, 53.33, 48.21, 44.74, 29.31, 53.33, 48.21, 44.74, 29.31, 53.33, 48.21, 44.74, 29.31, 53.33, 48.21, 44.74, 29.31, 53.33, 48.21, 44.74, 29.31, 53.33, 48.21, 44.74, 29.31, 53.33, 48.21, 44.74, 29.31, 53.33, 48.21, 44.74, 29.31, 53.33, 48.21, 44.74, 29.31, 53.33, 48.21, 44.74, 29.31, 53.33, 48.21, 44.74, 29.31, 53.33, 48.21, 44.74, 29.31, 53.33, 48.21, 44.74, 29.31, 53.33, 48.21, 44.74, 29.31, 53.33]

Domain shift at round 30:
  caltech: 3 clients
  amazon: 2 clients
  webcam: 2 clients
  dslr: 3 clients
Prune local model 9, pr_ratio = [0.6, 0.6, 0.6, 0.6]
Prune local model 4, pr_ratio = [0.6, 0.6, 0.6, 0.6]
Prune local model 6, pr_ratio = [0.2, 0.2, 0.2, 0.2]
Prune local model 1, pr_ratio = [0.2, 0.2, 0.2, 0.2]
Prune local model 7, pr_ratio = [0.4, 0.4, 0.4, 0.4]
Prune local model 3, pr_ratio = [0.5, 0.5, 0.5, 0.5]
Prune local model 0, pr_ratio = [0, 0, 0, 0]
Prune local model 5, pr_ratio = [0, 0, 0, 0]
Prune local model 8, pr_ratio = [0.5, 0.5, 0.5, 0.5]
Prune local model 2, pr_ratio = [0.4, 0.4, 0.4, 0.4]
Round: 30, Method: dapperfl, Mean_Acc: 44.408, Best_Acc: 44.408
Domain_Acc: [46.43, 46.84, 31.03, 53.33, 46.43, 46.84, 31.03, 53.33, 46.43, 46.84, 31.03, 53.33, 46.43, 46.84, 31.03, 53.33, 46.43, 46.84, 31.03, 53.33, 46.43, 46.84, 31.03, 53.33, 46.43, 46.84, 31.03, 53.33, 46.43, 46.84, 31.03, 53.33, 46.43, 46.84, 31.03, 53.33, 46.43, 46.84, 31.03, 53.33, 46.43, 46.84, 31.03, 53.33, 46.43, 46.84, 31.03, 53.33, 46.43, 46.84, 31.03, 53.33, 46.43, 46.84, 31.03, 53.33, 46.43, 46.84, 31.03, 53.33, 46.43, 46.84, 31.03, 53.33], Domain_BestAcc: [48.21, 46.84, 31.03, 53.33, 48.21, 46.84, 31.03, 53.33, 48.21, 46.84, 31.03, 53.33, 48.21, 46.84, 31.03, 53.33, 48.21, 46.84, 31.03, 53.33, 48.21, 46.84, 31.03, 53.33, 48.21, 46.84, 31.03, 53.33, 48.21, 46.84, 31.03, 53.33, 48.21, 46.84, 31.03, 53.33, 48.21, 46.84, 31.03, 53.33, 48.21, 46.84, 31.03, 53.33, 48.21, 46.84, 31.03, 53.33, 48.21, 46.84, 31.03, 53.33, 48.21, 46.84, 31.03, 53.33, 48.21, 46.84, 31.03, 53.33, 48.21, 46.84, 31.03, 53.33]
Prune local model 7, pr_ratio = [0.4, 0.4, 0.4, 0.4]
Prune local model 0, pr_ratio = [0, 0, 0, 0]
Prune local model 3, pr_ratio = [0.5, 0.5, 0.5, 0.5]
Prune local model 4, pr_ratio = [0.6, 0.6, 0.6, 0.6]
Prune local model 1, pr_ratio = [0.2, 0.2, 0.2, 0.2]
Prune local model 6, pr_ratio = [0.2, 0.2, 0.2, 0.2]
Prune local model 9, pr_ratio = [0.6, 0.6, 0.6, 0.6]
Prune local model 8, pr_ratio = [0.5, 0.5, 0.5, 0.5]
Prune local model 2, pr_ratio = [0.4, 0.4, 0.4, 0.4]
Prune local model 5, pr_ratio = [0, 0, 0, 0]
Round: 31, Method: dapperfl, Mean_Acc: 39.457, Best_Acc: 44.408
Domain_Acc: [44.2, 47.89, 22.41, 43.33, 44.2, 47.89, 22.41, 43.33, 44.2, 47.89, 22.41, 43.33, 44.2, 47.89, 22.41, 43.33, 44.2, 47.89, 22.41, 43.33, 44.2, 47.89, 22.41, 43.33, 44.2, 47.89, 22.41, 43.33, 44.2, 47.89, 22.41, 43.33, 44.2, 47.89, 22.41, 43.33, 44.2, 47.89, 22.41, 43.33, 44.2, 47.89, 22.41, 43.33, 44.2, 47.89, 22.41, 43.33, 44.2, 47.89, 22.41, 43.33, 44.2, 47.89, 22.41, 43.33, 44.2, 47.89, 22.41, 43.33, 44.2, 47.89, 22.41, 43.33], Domain_BestAcc: [48.21, 47.89, 31.03, 53.33, 48.21, 47.89, 31.03, 53.33, 48.21, 47.89, 31.03, 53.33, 48.21, 47.89, 31.03, 53.33, 48.21, 47.89, 31.03, 53.33, 48.21, 47.89, 31.03, 53.33, 48.21, 47.89, 31.03, 53.33, 48.21, 47.89, 31.03, 53.33, 48.21, 47.89, 31.03, 53.33, 48.21, 47.89, 31.03, 53.33, 48.21, 47.89, 31.03, 53.33, 48.21, 47.89, 31.03, 53.33, 48.21, 47.89, 31.03, 53.33, 48.21, 47.89, 31.03, 53.33, 48.21, 47.89, 31.03, 53.33, 48.21, 47.89, 31.03, 53.33]
Prune local model 8, pr_ratio = [0.5, 0.5, 0.5, 0.5]
Prune local model 6, pr_ratio = [0.2, 0.2, 0.2, 0.2]
Prune local model 5, pr_ratio = [0, 0, 0, 0]
Prune local model 9, pr_ratio = [0.6, 0.6, 0.6, 0.6]
Prune local model 1, pr_ratio = [0.2, 0.2, 0.2, 0.2]
Prune local model 7, pr_ratio = [0.4, 0.4, 0.4, 0.4]
Prune local model 0, pr_ratio = [0, 0, 0, 0]
Prune local model 2, pr_ratio = [0.4, 0.4, 0.4, 0.4]
Prune local model 3, pr_ratio = [0.5, 0.5, 0.5, 0.5]
Prune local model 4, pr_ratio = [0.6, 0.6, 0.6, 0.6]
Round: 32, Method: dapperfl, Mean_Acc: 42.423, Best_Acc: 44.408
Domain_Acc: [43.3, 50.53, 25.86, 50.0, 43.3, 50.53, 25.86, 50.0, 43.3, 50.53, 25.86, 50.0, 43.3, 50.53, 25.86, 50.0, 43.3, 50.53, 25.86, 50.0, 43.3, 50.53, 25.86, 50.0, 43.3, 50.53, 25.86, 50.0, 43.3, 50.53, 25.86, 50.0, 43.3, 50.53, 25.86, 50.0, 43.3, 50.53, 25.86, 50.0, 43.3, 50.53, 25.86, 50.0, 43.3, 50.53, 25.86, 50.0, 43.3, 50.53, 25.86, 50.0, 43.3, 50.53, 25.86, 50.0, 43.3, 50.53, 25.86, 50.0, 43.3, 50.53, 25.86, 50.0], Domain_BestAcc: [48.21, 50.53, 31.03, 53.33, 48.21, 50.53, 31.03, 53.33, 48.21, 50.53, 31.03, 53.33, 48.21, 50.53, 31.03, 53.33, 48.21, 50.53, 31.03, 53.33, 48.21, 50.53, 31.03, 53.33, 48.21, 50.53, 31.03, 53.33, 48.21, 50.53, 31.03, 53.33, 48.21, 50.53, 31.03, 53.33, 48.21, 50.53, 31.03, 53.33, 48.21, 50.53, 31.03, 53.33, 48.21, 50.53, 31.03, 53.33, 48.21, 50.53, 31.03, 53.33, 48.21, 50.53, 31.03, 53.33, 48.21, 50.53, 31.03, 53.33, 48.21, 50.53, 31.03, 53.33]
Prune local model 0, pr_ratio = [0, 0, 0, 0]
Prune local model 7, pr_ratio = [0.4, 0.4, 0.4, 0.4]
Prune local model 6, pr_ratio = [0.2, 0.2, 0.2, 0.2]
Prune local model 9, pr_ratio = [0.6, 0.6, 0.6, 0.6]
Prune local model 2, pr_ratio = [0.4, 0.4, 0.4, 0.4]
Prune local model 8, pr_ratio = [0.5, 0.5, 0.5, 0.5]
Prune local model 1, pr_ratio = [0.2, 0.2, 0.2, 0.2]
Prune local model 3, pr_ratio = [0.5, 0.5, 0.5, 0.5]
Prune local model 4, pr_ratio = [0.6, 0.6, 0.6, 0.6]
Prune local model 5, pr_ratio = [0, 0, 0, 0]
Round: 33, Method: dapperfl, Mean_Acc: 39.225, Best_Acc: 44.408
Domain_Acc: [45.54, 38.95, 22.41, 50.0, 45.54, 38.95, 22.41, 50.0, 45.54, 38.95, 22.41, 50.0, 45.54, 38.95, 22.41, 50.0, 45.54, 38.95, 22.41, 50.0, 45.54, 38.95, 22.41, 50.0, 45.54, 38.95, 22.41, 50.0, 45.54, 38.95, 22.41, 50.0, 45.54, 38.95, 22.41, 50.0, 45.54, 38.95, 22.41, 50.0, 45.54, 38.95, 22.41, 50.0, 45.54, 38.95, 22.41, 50.0, 45.54, 38.95, 22.41, 50.0, 45.54, 38.95, 22.41, 50.0, 45.54, 38.95, 22.41, 50.0, 45.54, 38.95, 22.41, 50.0], Domain_BestAcc: [48.21, 50.53, 31.03, 53.33, 48.21, 50.53, 31.03, 53.33, 48.21, 50.53, 31.03, 53.33, 48.21, 50.53, 31.03, 53.33, 48.21, 50.53, 31.03, 53.33, 48.21, 50.53, 31.03, 53.33, 48.21, 50.53, 31.03, 53.33, 48.21, 50.53, 31.03, 53.33, 48.21, 50.53, 31.03, 53.33, 48.21, 50.53, 31.03, 53.33, 48.21, 50.53, 31.03, 53.33, 48.21, 50.53, 31.03, 53.33, 48.21, 50.53, 31.03, 53.33, 48.21, 50.53, 31.03, 53.33, 48.21, 50.53, 31.03, 53.33, 48.21, 50.53, 31.03, 53.33]
Prune local model 8, pr_ratio = [0.5, 0.5, 0.5, 0.5]
Prune local model 0, pr_ratio = [0, 0, 0, 0]
Prune local model 2, pr_ratio = [0.4, 0.4, 0.4, 0.4]
Prune local model 4, pr_ratio = [0.6, 0.6, 0.6, 0.6]
Prune local model 1, pr_ratio = [0.2, 0.2, 0.2, 0.2]
Prune local model 9, pr_ratio = [0.6, 0.6, 0.6, 0.6]
Prune local model 5, pr_ratio = [0, 0, 0, 0]
Prune local model 3, pr_ratio = [0.5, 0.5, 0.5, 0.5]
Prune local model 6, pr_ratio = [0.2, 0.2, 0.2, 0.2]
Prune local model 7, pr_ratio = [0.4, 0.4, 0.4, 0.4]
Round: 34, Method: dapperfl, Mean_Acc: 21.685, Best_Acc: 44.408
Domain_Acc: [24.55, 30.0, 15.52, 16.67, 24.55, 30.0, 15.52, 16.67, 24.55, 30.0, 15.52, 16.67, 24.55, 30.0, 15.52, 16.67, 24.55, 30.0, 15.52, 16.67, 24.55, 30.0, 15.52, 16.67, 24.55, 30.0, 15.52, 16.67, 24.55, 30.0, 15.52, 16.67, 24.55, 30.0, 15.52, 16.67, 24.55, 30.0, 15.52, 16.67, 24.55, 30.0, 15.52, 16.67, 24.55, 30.0, 15.52, 16.67, 24.55, 30.0, 15.52, 16.67, 24.55, 30.0, 15.52, 16.67, 24.55, 30.0, 15.52, 16.67, 24.55, 30.0, 15.52, 16.67], Domain_BestAcc: [48.21, 50.53, 31.03, 53.33, 48.21, 50.53, 31.03, 53.33, 48.21, 50.53, 31.03, 53.33, 48.21, 50.53, 31.03, 53.33, 48.21, 50.53, 31.03, 53.33, 48.21, 50.53, 31.03, 53.33, 48.21, 50.53, 31.03, 53.33, 48.21, 50.53, 31.03, 53.33, 48.21, 50.53, 31.03, 53.33, 48.21, 50.53, 31.03, 53.33, 48.21, 50.53, 31.03, 53.33, 48.21, 50.53, 31.03, 53.33, 48.21, 50.53, 31.03, 53.33, 48.21, 50.53, 31.03, 53.33, 48.21, 50.53, 31.03, 53.33, 48.21, 50.53, 31.03, 53.33]

Domain shift at round 35:
  caltech: 3 clients
  amazon: 1 clients
  webcam: 3 clients
  dslr: 3 clients
Prune local model 0, pr_ratio = [0, 0, 0, 0]
Prune local model 2, pr_ratio = [0.4, 0.4, 0.4, 0.4]
Prune local model 5, pr_ratio = [0, 0, 0, 0]
Prune local model 3, pr_ratio = [0.5, 0.5, 0.5, 0.5]
Prune local model 7, pr_ratio = [0.4, 0.4, 0.4, 0.4]
Prune local model 4, pr_ratio = [0.6, 0.6, 0.6, 0.6]
Prune local model 1, pr_ratio = [0.2, 0.2, 0.2, 0.2]
Prune local model 6, pr_ratio = [0.2, 0.2, 0.2, 0.2]
Prune local model 9, pr_ratio = [0.6, 0.6, 0.6, 0.6]
Prune local model 8, pr_ratio = [0.5, 0.5, 0.5, 0.5]
Round: 35, Method: dapperfl, Mean_Acc: 35.802, Best_Acc: 44.408
Domain_Acc: [41.96, 38.95, 18.97, 43.33, 41.96, 38.95, 18.97, 43.33, 41.96, 38.95, 18.97, 43.33, 41.96, 38.95, 18.97, 43.33, 41.96, 38.95, 18.97, 43.33, 41.96, 38.95, 18.97, 43.33, 41.96, 38.95, 18.97, 43.33, 41.96, 38.95, 18.97, 43.33, 41.96, 38.95, 18.97, 43.33, 41.96, 38.95, 18.97, 43.33, 41.96, 38.95, 18.97, 43.33, 41.96, 38.95, 18.97, 43.33, 41.96, 38.95, 18.97, 43.33, 41.96, 38.95, 18.97, 43.33, 41.96, 38.95, 18.97, 43.33, 41.96, 38.95, 18.97, 43.33], Domain_BestAcc: [48.21, 50.53, 31.03, 53.33, 48.21, 50.53, 31.03, 53.33, 48.21, 50.53, 31.03, 53.33, 48.21, 50.53, 31.03, 53.33, 48.21, 50.53, 31.03, 53.33, 48.21, 50.53, 31.03, 53.33, 48.21, 50.53, 31.03, 53.33, 48.21, 50.53, 31.03, 53.33, 48.21, 50.53, 31.03, 53.33, 48.21, 50.53, 31.03, 53.33, 48.21, 50.53, 31.03, 53.33, 48.21, 50.53, 31.03, 53.33, 48.21, 50.53, 31.03, 53.33, 48.21, 50.53, 31.03, 53.33, 48.21, 50.53, 31.03, 53.33, 48.21, 50.53, 31.03, 53.33]
Prune local model 8, pr_ratio = [0.5, 0.5, 0.5, 0.5]
Prune local model 9, pr_ratio = [0.6, 0.6, 0.6, 0.6]
Prune local model 5, pr_ratio = [0, 0, 0, 0]
Prune local model 6, pr_ratio = [0.2, 0.2, 0.2, 0.2]
Prune local model 4, pr_ratio = [0.6, 0.6, 0.6, 0.6]
Prune local model 7, pr_ratio = [0.4, 0.4, 0.4, 0.4]
Prune local model 0, pr_ratio = [0, 0, 0, 0]
Prune local model 3, pr_ratio = [0.5, 0.5, 0.5, 0.5]
Prune local model 1, pr_ratio = [0.2, 0.2, 0.2, 0.2]
Prune local model 2, pr_ratio = [0.4, 0.4, 0.4, 0.4]
Round: 36, Method: dapperfl, Mean_Acc: 44.13, Best_Acc: 44.408
Domain_Acc: [49.55, 47.89, 22.41, 56.67, 49.55, 47.89, 22.41, 56.67, 49.55, 47.89, 22.41, 56.67, 49.55, 47.89, 22.41, 56.67, 49.55, 47.89, 22.41, 56.67, 49.55, 47.89, 22.41, 56.67, 49.55, 47.89, 22.41, 56.67, 49.55, 47.89, 22.41, 56.67, 49.55, 47.89, 22.41, 56.67, 49.55, 47.89, 22.41, 56.67, 49.55, 47.89, 22.41, 56.67, 49.55, 47.89, 22.41, 56.67, 49.55, 47.89, 22.41, 56.67, 49.55, 47.89, 22.41, 56.67, 49.55, 47.89, 22.41, 56.67, 49.55, 47.89, 22.41, 56.67], Domain_BestAcc: [49.55, 50.53, 31.03, 56.67, 49.55, 50.53, 31.03, 56.67, 49.55, 50.53, 31.03, 56.67, 49.55, 50.53, 31.03, 56.67, 49.55, 50.53, 31.03, 56.67, 49.55, 50.53, 31.03, 56.67, 49.55, 50.53, 31.03, 56.67, 49.55, 50.53, 31.03, 56.67, 49.55, 50.53, 31.03, 56.67, 49.55, 50.53, 31.03, 56.67, 49.55, 50.53, 31.03, 56.67, 49.55, 50.53, 31.03, 56.67, 49.55, 50.53, 31.03, 56.67, 49.55, 50.53, 31.03, 56.67, 49.55, 50.53, 31.03, 56.67, 49.55, 50.53, 31.03, 56.67]
Prune local model 2, pr_ratio = [0.4, 0.4, 0.4, 0.4]
Prune local model 7, pr_ratio = [0.4, 0.4, 0.4, 0.4]
Prune local model 5, pr_ratio = [0, 0, 0, 0]
Prune local model 0, pr_ratio = [0, 0, 0, 0]
Prune local model 1, pr_ratio = [0.2, 0.2, 0.2, 0.2]
Prune local model 6, pr_ratio = [0.2, 0.2, 0.2, 0.2]
Prune local model 4, pr_ratio = [0.6, 0.6, 0.6, 0.6]
Prune local model 8, pr_ratio = [0.5, 0.5, 0.5, 0.5]
Prune local model 9, pr_ratio = [0.6, 0.6, 0.6, 0.6]
Prune local model 3, pr_ratio = [0.5, 0.5, 0.5, 0.5]
Round: 37, Method: dapperfl, Mean_Acc: 44.518, Best_Acc: 44.518
Domain_Acc: [47.32, 53.16, 27.59, 50.0, 47.32, 53.16, 27.59, 50.0, 47.32, 53.16, 27.59, 50.0, 47.32, 53.16, 27.59, 50.0, 47.32, 53.16, 27.59, 50.0, 47.32, 53.16, 27.59, 50.0, 47.32, 53.16, 27.59, 50.0, 47.32, 53.16, 27.59, 50.0, 47.32, 53.16, 27.59, 50.0, 47.32, 53.16, 27.59, 50.0, 47.32, 53.16, 27.59, 50.0, 47.32, 53.16, 27.59, 50.0, 47.32, 53.16, 27.59, 50.0, 47.32, 53.16, 27.59, 50.0, 47.32, 53.16, 27.59, 50.0, 47.32, 53.16, 27.59, 50.0], Domain_BestAcc: [49.55, 53.16, 31.03, 56.67, 49.55, 53.16, 31.03, 56.67, 49.55, 53.16, 31.03, 56.67, 49.55, 53.16, 31.03, 56.67, 49.55, 53.16, 31.03, 56.67, 49.55, 53.16, 31.03, 56.67, 49.55, 53.16, 31.03, 56.67, 49.55, 53.16, 31.03, 56.67, 49.55, 53.16, 31.03, 56.67, 49.55, 53.16, 31.03, 56.67, 49.55, 53.16, 31.03, 56.67, 49.55, 53.16, 31.03, 56.67, 49.55, 53.16, 31.03, 56.67, 49.55, 53.16, 31.03, 56.67, 49.55, 53.16, 31.03, 56.67, 49.55, 53.16, 31.03, 56.67]
Prune local model 3, pr_ratio = [0.5, 0.5, 0.5, 0.5]
Prune local model 5, pr_ratio = [0, 0, 0, 0]
Prune local model 1, pr_ratio = [0.2, 0.2, 0.2, 0.2]
Prune local model 4, pr_ratio = [0.6, 0.6, 0.6, 0.6]
Prune local model 6, pr_ratio = [0.2, 0.2, 0.2, 0.2]
Prune local model 8, pr_ratio = [0.5, 0.5, 0.5, 0.5]
Prune local model 2, pr_ratio = [0.4, 0.4, 0.4, 0.4]
Prune local model 7, pr_ratio = [0.4, 0.4, 0.4, 0.4]
Prune local model 9, pr_ratio = [0.6, 0.6, 0.6, 0.6]
Prune local model 0, pr_ratio = [0, 0, 0, 0]
Round: 38, Method: dapperfl, Mean_Acc: 42.003, Best_Acc: 44.518
Domain_Acc: [45.09, 52.11, 24.14, 46.67, 45.09, 52.11, 24.14, 46.67, 45.09, 52.11, 24.14, 46.67, 45.09, 52.11, 24.14, 46.67, 45.09, 52.11, 24.14, 46.67, 45.09, 52.11, 24.14, 46.67, 45.09, 52.11, 24.14, 46.67, 45.09, 52.11, 24.14, 46.67, 45.09, 52.11, 24.14, 46.67, 45.09, 52.11, 24.14, 46.67, 45.09, 52.11, 24.14, 46.67, 45.09, 52.11, 24.14, 46.67, 45.09, 52.11, 24.14, 46.67, 45.09, 52.11, 24.14, 46.67, 45.09, 52.11, 24.14, 46.67, 45.09, 52.11, 24.14, 46.67], Domain_BestAcc: [49.55, 53.16, 31.03, 56.67, 49.55, 53.16, 31.03, 56.67, 49.55, 53.16, 31.03, 56.67, 49.55, 53.16, 31.03, 56.67, 49.55, 53.16, 31.03, 56.67, 49.55, 53.16, 31.03, 56.67, 49.55, 53.16, 31.03, 56.67, 49.55, 53.16, 31.03, 56.67, 49.55, 53.16, 31.03, 56.67, 49.55, 53.16, 31.03, 56.67, 49.55, 53.16, 31.03, 56.67, 49.55, 53.16, 31.03, 56.67, 49.55, 53.16, 31.03, 56.67, 49.55, 53.16, 31.03, 56.67, 49.55, 53.16, 31.03, 56.67, 49.55, 53.16, 31.03, 56.67]
Prune local model 3, pr_ratio = [0.5, 0.5, 0.5, 0.5]
Prune local model 6, pr_ratio = [0.2, 0.2, 0.2, 0.2]
Prune local model 4, pr_ratio = [0.6, 0.6, 0.6, 0.6]
Prune local model 0, pr_ratio = [0, 0, 0, 0]
Prune local model 7, pr_ratio = [0.4, 0.4, 0.4, 0.4]
Prune local model 9, pr_ratio = [0.6, 0.6, 0.6, 0.6]
Prune local model 1, pr_ratio = [0.2, 0.2, 0.2, 0.2]
Prune local model 5, pr_ratio = [0, 0, 0, 0]
Prune local model 2, pr_ratio = [0.4, 0.4, 0.4, 0.4]
Prune local model 8, pr_ratio = [0.5, 0.5, 0.5, 0.5]
Round: 39, Method: dapperfl, Mean_Acc: 30.382, Best_Acc: 44.518
Domain_Acc: [39.29, 36.84, 12.07, 33.33, 39.29, 36.84, 12.07, 33.33, 39.29, 36.84, 12.07, 33.33, 39.29, 36.84, 12.07, 33.33, 39.29, 36.84, 12.07, 33.33, 39.29, 36.84, 12.07, 33.33, 39.29, 36.84, 12.07, 33.33, 39.29, 36.84, 12.07, 33.33, 39.29, 36.84, 12.07, 33.33, 39.29, 36.84, 12.07, 33.33, 39.29, 36.84, 12.07, 33.33, 39.29, 36.84, 12.07, 33.33, 39.29, 36.84, 12.07, 33.33, 39.29, 36.84, 12.07, 33.33, 39.29, 36.84, 12.07, 33.33, 39.29, 36.84, 12.07, 33.33], Domain_BestAcc: [49.55, 53.16, 31.03, 56.67, 49.55, 53.16, 31.03, 56.67, 49.55, 53.16, 31.03, 56.67, 49.55, 53.16, 31.03, 56.67, 49.55, 53.16, 31.03, 56.67, 49.55, 53.16, 31.03, 56.67, 49.55, 53.16, 31.03, 56.67, 49.55, 53.16, 31.03, 56.67, 49.55, 53.16, 31.03, 56.67, 49.55, 53.16, 31.03, 56.67, 49.55, 53.16, 31.03, 56.67, 49.55, 53.16, 31.03, 56.67, 49.55, 53.16, 31.03, 56.67, 49.55, 53.16, 31.03, 56.67, 49.55, 53.16, 31.03, 56.67, 49.55, 53.16, 31.03, 56.67]

Domain shift at round 40:
  caltech: 3 clients
  amazon: 0 clients
  webcam: 5 clients
  dslr: 2 clients
Prune local model 3, pr_ratio = [0.5, 0.5, 0.5, 0.5]
Prune local model 6, pr_ratio = [0.2, 0.2, 0.2, 0.2]
Prune local model 2, pr_ratio = [0.4, 0.4, 0.4, 0.4]
Prune local model 1, pr_ratio = [0.2, 0.2, 0.2, 0.2]
Prune local model 5, pr_ratio = [0, 0, 0, 0]
Prune local model 7, pr_ratio = [0.4, 0.4, 0.4, 0.4]
Prune local model 9, pr_ratio = [0.6, 0.6, 0.6, 0.6]
Prune local model 4, pr_ratio = [0.6, 0.6, 0.6, 0.6]
Prune local model 0, pr_ratio = [0, 0, 0, 0]
Prune local model 8, pr_ratio = [0.5, 0.5, 0.5, 0.5]
Round: 40, Method: dapperfl, Mean_Acc: 20.95, Best_Acc: 44.518
Domain_Acc: [26.79, 30.0, 10.34, 16.67, 26.79, 30.0, 10.34, 16.67, 26.79, 30.0, 10.34, 16.67, 26.79, 30.0, 10.34, 16.67, 26.79, 30.0, 10.34, 16.67, 26.79, 30.0, 10.34, 16.67, 26.79, 30.0, 10.34, 16.67, 26.79, 30.0, 10.34, 16.67, 26.79, 30.0, 10.34, 16.67, 26.79, 30.0, 10.34, 16.67, 26.79, 30.0, 10.34, 16.67, 26.79, 30.0, 10.34, 16.67, 26.79, 30.0, 10.34, 16.67, 26.79, 30.0, 10.34, 16.67, 26.79, 30.0, 10.34, 16.67, 26.79, 30.0, 10.34, 16.67], Domain_BestAcc: [49.55, 53.16, 31.03, 56.67, 49.55, 53.16, 31.03, 56.67, 49.55, 53.16, 31.03, 56.67, 49.55, 53.16, 31.03, 56.67, 49.55, 53.16, 31.03, 56.67, 49.55, 53.16, 31.03, 56.67, 49.55, 53.16, 31.03, 56.67, 49.55, 53.16, 31.03, 56.67, 49.55, 53.16, 31.03, 56.67, 49.55, 53.16, 31.03, 56.67, 49.55, 53.16, 31.03, 56.67, 49.55, 53.16, 31.03, 56.67, 49.55, 53.16, 31.03, 56.67, 49.55, 53.16, 31.03, 56.67, 49.55, 53.16, 31.03, 56.67, 49.55, 53.16, 31.03, 56.67]
Prune local model 2, pr_ratio = [0.4, 0.4, 0.4, 0.4]
Prune local model 5, pr_ratio = [0, 0, 0, 0]
Prune local model 6, pr_ratio = [0.2, 0.2, 0.2, 0.2]
Prune local model 7, pr_ratio = [0.4, 0.4, 0.4, 0.4]
Prune local model 4, pr_ratio = [0.6, 0.6, 0.6, 0.6]
Prune local model 1, pr_ratio = [0.2, 0.2, 0.2, 0.2]
Prune local model 8, pr_ratio = [0.5, 0.5, 0.5, 0.5]
Prune local model 9, pr_ratio = [0.6, 0.6, 0.6, 0.6]
Prune local model 3, pr_ratio = [0.5, 0.5, 0.5, 0.5]
Prune local model 0, pr_ratio = [0, 0, 0, 0]
Round: 41, Method: dapperfl, Mean_Acc: 42.918, Best_Acc: 44.518
Domain_Acc: [44.2, 50.0, 24.14, 53.33, 44.2, 50.0, 24.14, 53.33, 44.2, 50.0, 24.14, 53.33, 44.2, 50.0, 24.14, 53.33, 44.2, 50.0, 24.14, 53.33, 44.2, 50.0, 24.14, 53.33, 44.2, 50.0, 24.14, 53.33, 44.2, 50.0, 24.14, 53.33, 44.2, 50.0, 24.14, 53.33, 44.2, 50.0, 24.14, 53.33, 44.2, 50.0, 24.14, 53.33, 44.2, 50.0, 24.14, 53.33, 44.2, 50.0, 24.14, 53.33, 44.2, 50.0, 24.14, 53.33, 44.2, 50.0, 24.14, 53.33, 44.2, 50.0, 24.14, 53.33], Domain_BestAcc: [49.55, 53.16, 31.03, 56.67, 49.55, 53.16, 31.03, 56.67, 49.55, 53.16, 31.03, 56.67, 49.55, 53.16, 31.03, 56.67, 49.55, 53.16, 31.03, 56.67, 49.55, 53.16, 31.03, 56.67, 49.55, 53.16, 31.03, 56.67, 49.55, 53.16, 31.03, 56.67, 49.55, 53.16, 31.03, 56.67, 49.55, 53.16, 31.03, 56.67, 49.55, 53.16, 31.03, 56.67, 49.55, 53.16, 31.03, 56.67, 49.55, 53.16, 31.03, 56.67, 49.55, 53.16, 31.03, 56.67, 49.55, 53.16, 31.03, 56.67, 49.55, 53.16, 31.03, 56.67]
Prune local model 4, pr_ratio = [0.6, 0.6, 0.6, 0.6]
Prune local model 7, pr_ratio = [0.4, 0.4, 0.4, 0.4]
Prune local model 8, pr_ratio = [0.5, 0.5, 0.5, 0.5]
Prune local model 5, pr_ratio = [0, 0, 0, 0]
Prune local model 1, pr_ratio = [0.2, 0.2, 0.2, 0.2]
Prune local model 3, pr_ratio = [0.5, 0.5, 0.5, 0.5]
Prune local model 0, pr_ratio = [0, 0, 0, 0]
Prune local model 6, pr_ratio = [0.2, 0.2, 0.2, 0.2]
Prune local model 9, pr_ratio = [0.6, 0.6, 0.6, 0.6]
Prune local model 2, pr_ratio = [0.4, 0.4, 0.4, 0.4]
Round: 42, Method: dapperfl, Mean_Acc: 45.05, Best_Acc: 45.05
Domain_Acc: [48.66, 52.11, 32.76, 46.67, 48.66, 52.11, 32.76, 46.67, 48.66, 52.11, 32.76, 46.67, 48.66, 52.11, 32.76, 46.67, 48.66, 52.11, 32.76, 46.67, 48.66, 52.11, 32.76, 46.67, 48.66, 52.11, 32.76, 46.67, 48.66, 52.11, 32.76, 46.67, 48.66, 52.11, 32.76, 46.67, 48.66, 52.11, 32.76, 46.67, 48.66, 52.11, 32.76, 46.67, 48.66, 52.11, 32.76, 46.67, 48.66, 52.11, 32.76, 46.67, 48.66, 52.11, 32.76, 46.67, 48.66, 52.11, 32.76, 46.67, 48.66, 52.11, 32.76, 46.67], Domain_BestAcc: [49.55, 53.16, 32.76, 56.67, 49.55, 53.16, 32.76, 56.67, 49.55, 53.16, 32.76, 56.67, 49.55, 53.16, 32.76, 56.67, 49.55, 53.16, 32.76, 56.67, 49.55, 53.16, 32.76, 56.67, 49.55, 53.16, 32.76, 56.67, 49.55, 53.16, 32.76, 56.67, 49.55, 53.16, 32.76, 56.67, 49.55, 53.16, 32.76, 56.67, 49.55, 53.16, 32.76, 56.67, 49.55, 53.16, 32.76, 56.67, 49.55, 53.16, 32.76, 56.67, 49.55, 53.16, 32.76, 56.67, 49.55, 53.16, 32.76, 56.67, 49.55, 53.16, 32.76, 56.67]
Prune local model 7, pr_ratio = [0.4, 0.4, 0.4, 0.4]
Prune local model 5, pr_ratio = [0, 0, 0, 0]
Prune local model 0, pr_ratio = [0, 0, 0, 0]
Prune local model 8, pr_ratio = [0.5, 0.5, 0.5, 0.5]
Prune local model 3, pr_ratio = [0.5, 0.5, 0.5, 0.5]
Prune local model 2, pr_ratio = [0.4, 0.4, 0.4, 0.4]
Prune local model 9, pr_ratio = [0.6, 0.6, 0.6, 0.6]
Prune local model 1, pr_ratio = [0.2, 0.2, 0.2, 0.2]
Prune local model 4, pr_ratio = [0.6, 0.6, 0.6, 0.6]
Prune local model 6, pr_ratio = [0.2, 0.2, 0.2, 0.2]
Round: 43, Method: dapperfl, Mean_Acc: 42.918, Best_Acc: 45.05
Domain_Acc: [44.64, 51.05, 29.31, 46.67, 44.64, 51.05, 29.31, 46.67, 44.64, 51.05, 29.31, 46.67, 44.64, 51.05, 29.31, 46.67, 44.64, 51.05, 29.31, 46.67, 44.64, 51.05, 29.31, 46.67, 44.64, 51.05, 29.31, 46.67, 44.64, 51.05, 29.31, 46.67, 44.64, 51.05, 29.31, 46.67, 44.64, 51.05, 29.31, 46.67, 44.64, 51.05, 29.31, 46.67, 44.64, 51.05, 29.31, 46.67, 44.64, 51.05, 29.31, 46.67, 44.64, 51.05, 29.31, 46.67, 44.64, 51.05, 29.31, 46.67, 44.64, 51.05, 29.31, 46.67], Domain_BestAcc: [49.55, 53.16, 32.76, 56.67, 49.55, 53.16, 32.76, 56.67, 49.55, 53.16, 32.76, 56.67, 49.55, 53.16, 32.76, 56.67, 49.55, 53.16, 32.76, 56.67, 49.55, 53.16, 32.76, 56.67, 49.55, 53.16, 32.76, 56.67, 49.55, 53.16, 32.76, 56.67, 49.55, 53.16, 32.76, 56.67, 49.55, 53.16, 32.76, 56.67, 49.55, 53.16, 32.76, 56.67, 49.55, 53.16, 32.76, 56.67, 49.55, 53.16, 32.76, 56.67, 49.55, 53.16, 32.76, 56.67, 49.55, 53.16, 32.76, 56.67, 49.55, 53.16, 32.76, 56.67]
Prune local model 8, pr_ratio = [0.5, 0.5, 0.5, 0.5]
Prune local model 6, pr_ratio = [0.2, 0.2, 0.2, 0.2]
Prune local model 3, pr_ratio = [0.5, 0.5, 0.5, 0.5]
Prune local model 2, pr_ratio = [0.4, 0.4, 0.4, 0.4]
Prune local model 9, pr_ratio = [0.6, 0.6, 0.6, 0.6]
Prune local model 0, pr_ratio = [0, 0, 0, 0]
Prune local model 4, pr_ratio = [0.6, 0.6, 0.6, 0.6]
Prune local model 7, pr_ratio = [0.4, 0.4, 0.4, 0.4]
Prune local model 1, pr_ratio = [0.2, 0.2, 0.2, 0.2]
Prune local model 5, pr_ratio = [0, 0, 0, 0]
Round: 44, Method: dapperfl, Mean_Acc: 43.968, Best_Acc: 45.05
Domain_Acc: [47.32, 49.47, 22.41, 56.67, 47.32, 49.47, 22.41, 56.67, 47.32, 49.47, 22.41, 56.67, 47.32, 49.47, 22.41, 56.67, 47.32, 49.47, 22.41, 56.67, 47.32, 49.47, 22.41, 56.67, 47.32, 49.47, 22.41, 56.67, 47.32, 49.47, 22.41, 56.67, 47.32, 49.47, 22.41, 56.67, 47.32, 49.47, 22.41, 56.67, 47.32, 49.47, 22.41, 56.67, 47.32, 49.47, 22.41, 56.67, 47.32, 49.47, 22.41, 56.67, 47.32, 49.47, 22.41, 56.67, 47.32, 49.47, 22.41, 56.67, 47.32, 49.47, 22.41, 56.67], Domain_BestAcc: [49.55, 53.16, 32.76, 56.67, 49.55, 53.16, 32.76, 56.67, 49.55, 53.16, 32.76, 56.67, 49.55, 53.16, 32.76, 56.67, 49.55, 53.16, 32.76, 56.67, 49.55, 53.16, 32.76, 56.67, 49.55, 53.16, 32.76, 56.67, 49.55, 53.16, 32.76, 56.67, 49.55, 53.16, 32.76, 56.67, 49.55, 53.16, 32.76, 56.67, 49.55, 53.16, 32.76, 56.67, 49.55, 53.16, 32.76, 56.67, 49.55, 53.16, 32.76, 56.67, 49.55, 53.16, 32.76, 56.67, 49.55, 53.16, 32.76, 56.67, 49.55, 53.16, 32.76, 56.67]

Domain shift at round 45:
  caltech: 2 clients
  amazon: 2 clients
  webcam: 3 clients
  dslr: 3 clients
Prune local model 9, pr_ratio = [0.6, 0.6, 0.6, 0.6]
Prune local model 1, pr_ratio = [0.2, 0.2, 0.2, 0.2]
Prune local model 2, pr_ratio = [0.4, 0.4, 0.4, 0.4]
Prune local model 7, pr_ratio = [0.4, 0.4, 0.4, 0.4]
Prune local model 3, pr_ratio = [0.5, 0.5, 0.5, 0.5]
Prune local model 8, pr_ratio = [0.5, 0.5, 0.5, 0.5]
Prune local model 5, pr_ratio = [0, 0, 0, 0]
Prune local model 4, pr_ratio = [0.6, 0.6, 0.6, 0.6]
Prune local model 0, pr_ratio = [0, 0, 0, 0]
Prune local model 6, pr_ratio = [0.2, 0.2, 0.2, 0.2]
Round: 45, Method: dapperfl, Mean_Acc: 25.512, Best_Acc: 45.05
Domain_Acc: [31.25, 33.68, 13.79, 23.33, 31.25, 33.68, 13.79, 23.33, 31.25, 33.68, 13.79, 23.33, 31.25, 33.68, 13.79, 23.33, 31.25, 33.68, 13.79, 23.33, 31.25, 33.68, 13.79, 23.33, 31.25, 33.68, 13.79, 23.33, 31.25, 33.68, 13.79, 23.33, 31.25, 33.68, 13.79, 23.33, 31.25, 33.68, 13.79, 23.33, 31.25, 33.68, 13.79, 23.33, 31.25, 33.68, 13.79, 23.33, 31.25, 33.68, 13.79, 23.33, 31.25, 33.68, 13.79, 23.33, 31.25, 33.68, 13.79, 23.33, 31.25, 33.68, 13.79, 23.33], Domain_BestAcc: [49.55, 53.16, 32.76, 56.67, 49.55, 53.16, 32.76, 56.67, 49.55, 53.16, 32.76, 56.67, 49.55, 53.16, 32.76, 56.67, 49.55, 53.16, 32.76, 56.67, 49.55, 53.16, 32.76, 56.67, 49.55, 53.16, 32.76, 56.67, 49.55, 53.16, 32.76, 56.67, 49.55, 53.16, 32.76, 56.67, 49.55, 53.16, 32.76, 56.67, 49.55, 53.16, 32.76, 56.67, 49.55, 53.16, 32.76, 56.67, 49.55, 53.16, 32.76, 56.67, 49.55, 53.16, 32.76, 56.67, 49.55, 53.16, 32.76, 56.67, 49.55, 53.16, 32.76, 56.67]
Prune local model 9, pr_ratio = [0.6, 0.6, 0.6, 0.6]
Prune local model 5, pr_ratio = [0, 0, 0, 0]
Prune local model 8, pr_ratio = [0.5, 0.5, 0.5, 0.5]
Prune local model 4, pr_ratio = [0.6, 0.6, 0.6, 0.6]
Prune local model 0, pr_ratio = [0, 0, 0, 0]
Prune local model 3, pr_ratio = [0.5, 0.5, 0.5, 0.5]
Prune local model 1, pr_ratio = [0.2, 0.2, 0.2, 0.2]
Prune local model 7, pr_ratio = [0.4, 0.4, 0.4, 0.4]
Prune local model 6, pr_ratio = [0.2, 0.2, 0.2, 0.2]
Prune local model 2, pr_ratio = [0.4, 0.4, 0.4, 0.4]
Round: 46, Method: dapperfl, Mean_Acc: 30.7, Best_Acc: 45.05
Domain_Acc: [35.27, 36.84, 20.69, 30.0, 35.27, 36.84, 20.69, 30.0, 35.27, 36.84, 20.69, 30.0, 35.27, 36.84, 20.69, 30.0, 35.27, 36.84, 20.69, 30.0, 35.27, 36.84, 20.69, 30.0, 35.27, 36.84, 20.69, 30.0, 35.27, 36.84, 20.69, 30.0, 35.27, 36.84, 20.69, 30.0, 35.27, 36.84, 20.69, 30.0, 35.27, 36.84, 20.69, 30.0, 35.27, 36.84, 20.69, 30.0, 35.27, 36.84, 20.69, 30.0, 35.27, 36.84, 20.69, 30.0, 35.27, 36.84, 20.69, 30.0, 35.27, 36.84, 20.69, 30.0], Domain_BestAcc: [49.55, 53.16, 32.76, 56.67, 49.55, 53.16, 32.76, 56.67, 49.55, 53.16, 32.76, 56.67, 49.55, 53.16, 32.76, 56.67, 49.55, 53.16, 32.76, 56.67, 49.55, 53.16, 32.76, 56.67, 49.55, 53.16, 32.76, 56.67, 49.55, 53.16, 32.76, 56.67, 49.55, 53.16, 32.76, 56.67, 49.55, 53.16, 32.76, 56.67, 49.55, 53.16, 32.76, 56.67, 49.55, 53.16, 32.76, 56.67, 49.55, 53.16, 32.76, 56.67, 49.55, 53.16, 32.76, 56.67, 49.55, 53.16, 32.76, 56.67, 49.55, 53.16, 32.76, 56.67]
Prune local model 7, pr_ratio = [0.4, 0.4, 0.4, 0.4]
Prune local model 2, pr_ratio = [0.4, 0.4, 0.4, 0.4]
Prune local model 6, pr_ratio = [0.2, 0.2, 0.2, 0.2]
Prune local model 5, pr_ratio = [0, 0, 0, 0]
Prune local model 9, pr_ratio = [0.6, 0.6, 0.6, 0.6]
Prune local model 1, pr_ratio = [0.2, 0.2, 0.2, 0.2]
Prune local model 3, pr_ratio = [0.5, 0.5, 0.5, 0.5]
Prune local model 0, pr_ratio = [0, 0, 0, 0]
Prune local model 4, pr_ratio = [0.6, 0.6, 0.6, 0.6]
Prune local model 8, pr_ratio = [0.5, 0.5, 0.5, 0.5]
Round: 47, Method: dapperfl, Mean_Acc: 40.988, Best_Acc: 45.05
Domain_Acc: [48.66, 46.32, 18.97, 50.0, 48.66, 46.32, 18.97, 50.0, 48.66, 46.32, 18.97, 50.0, 48.66, 46.32, 18.97, 50.0, 48.66, 46.32, 18.97, 50.0, 48.66, 46.32, 18.97, 50.0, 48.66, 46.32, 18.97, 50.0, 48.66, 46.32, 18.97, 50.0, 48.66, 46.32, 18.97, 50.0, 48.66, 46.32, 18.97, 50.0, 48.66, 46.32, 18.97, 50.0, 48.66, 46.32, 18.97, 50.0, 48.66, 46.32, 18.97, 50.0, 48.66, 46.32, 18.97, 50.0, 48.66, 46.32, 18.97, 50.0, 48.66, 46.32, 18.97, 50.0], Domain_BestAcc: [49.55, 53.16, 32.76, 56.67, 49.55, 53.16, 32.76, 56.67, 49.55, 53.16, 32.76, 56.67, 49.55, 53.16, 32.76, 56.67, 49.55, 53.16, 32.76, 56.67, 49.55, 53.16, 32.76, 56.67, 49.55, 53.16, 32.76, 56.67, 49.55, 53.16, 32.76, 56.67, 49.55, 53.16, 32.76, 56.67, 49.55, 53.16, 32.76, 56.67, 49.55, 53.16, 32.76, 56.67, 49.55, 53.16, 32.76, 56.67, 49.55, 53.16, 32.76, 56.67, 49.55, 53.16, 32.76, 56.67, 49.55, 53.16, 32.76, 56.67, 49.55, 53.16, 32.76, 56.67]
Prune local model 2, pr_ratio = [0.4, 0.4, 0.4, 0.4]
Prune local model 5, pr_ratio = [0, 0, 0, 0]
Prune local model 9, pr_ratio = [0.6, 0.6, 0.6, 0.6]
Prune local model 4, pr_ratio = [0.6, 0.6, 0.6, 0.6]
Prune local model 0, pr_ratio = [0, 0, 0, 0]
Prune local model 6, pr_ratio = [0.2, 0.2, 0.2, 0.2]
Prune local model 3, pr_ratio = [0.5, 0.5, 0.5, 0.5]
Prune local model 7, pr_ratio = [0.4, 0.4, 0.4, 0.4]
Prune local model 1, pr_ratio = [0.2, 0.2, 0.2, 0.2]
Prune local model 8, pr_ratio = [0.5, 0.5, 0.5, 0.5]
Round: 48, Method: dapperfl, Mean_Acc: 42.485, Best_Acc: 45.05
Domain_Acc: [46.88, 50.53, 25.86, 46.67, 46.88, 50.53, 25.86, 46.67, 46.88, 50.53, 25.86, 46.67, 46.88, 50.53, 25.86, 46.67, 46.88, 50.53, 25.86, 46.67, 46.88, 50.53, 25.86, 46.67, 46.88, 50.53, 25.86, 46.67, 46.88, 50.53, 25.86, 46.67, 46.88, 50.53, 25.86, 46.67, 46.88, 50.53, 25.86, 46.67, 46.88, 50.53, 25.86, 46.67, 46.88, 50.53, 25.86, 46.67, 46.88, 50.53, 25.86, 46.67, 46.88, 50.53, 25.86, 46.67, 46.88, 50.53, 25.86, 46.67, 46.88, 50.53, 25.86, 46.67], Domain_BestAcc: [49.55, 53.16, 32.76, 56.67, 49.55, 53.16, 32.76, 56.67, 49.55, 53.16, 32.76, 56.67, 49.55, 53.16, 32.76, 56.67, 49.55, 53.16, 32.76, 56.67, 49.55, 53.16, 32.76, 56.67, 49.55, 53.16, 32.76, 56.67, 49.55, 53.16, 32.76, 56.67, 49.55, 53.16, 32.76, 56.67, 49.55, 53.16, 32.76, 56.67, 49.55, 53.16, 32.76, 56.67, 49.55, 53.16, 32.76, 56.67, 49.55, 53.16, 32.76, 56.67, 49.55, 53.16, 32.76, 56.67, 49.55, 53.16, 32.76, 56.67, 49.55, 53.16, 32.76, 56.67]
Prune local model 4, pr_ratio = [0.6, 0.6, 0.6, 0.6]
Prune local model 2, pr_ratio = [0.4, 0.4, 0.4, 0.4]
Prune local model 3, pr_ratio = [0.5, 0.5, 0.5, 0.5]
Prune local model 6, pr_ratio = [0.2, 0.2, 0.2, 0.2]
Prune local model 0, pr_ratio = [0, 0, 0, 0]
Prune local model 7, pr_ratio = [0.4, 0.4, 0.4, 0.4]
Prune local model 5, pr_ratio = [0, 0, 0, 0]
Prune local model 9, pr_ratio = [0.6, 0.6, 0.6, 0.6]
Prune local model 1, pr_ratio = [0.2, 0.2, 0.2, 0.2]
Prune local model 8, pr_ratio = [0.5, 0.5, 0.5, 0.5]
Round: 49, Method: dapperfl, Mean_Acc: 41.74, Best_Acc: 45.05
Domain_Acc: [46.43, 47.89, 29.31, 43.33, 46.43, 47.89, 29.31, 43.33, 46.43, 47.89, 29.31, 43.33, 46.43, 47.89, 29.31, 43.33, 46.43, 47.89, 29.31, 43.33, 46.43, 47.89, 29.31, 43.33, 46.43, 47.89, 29.31, 43.33, 46.43, 47.89, 29.31, 43.33, 46.43, 47.89, 29.31, 43.33, 46.43, 47.89, 29.31, 43.33, 46.43, 47.89, 29.31, 43.33, 46.43, 47.89, 29.31, 43.33, 46.43, 47.89, 29.31, 43.33, 46.43, 47.89, 29.31, 43.33, 46.43, 47.89, 29.31, 43.33, 46.43, 47.89, 29.31, 43.33], Domain_BestAcc: [49.55, 53.16, 32.76, 56.67, 49.55, 53.16, 32.76, 56.67, 49.55, 53.16, 32.76, 56.67, 49.55, 53.16, 32.76, 56.67, 49.55, 53.16, 32.76, 56.67, 49.55, 53.16, 32.76, 56.67, 49.55, 53.16, 32.76, 56.67, 49.55, 53.16, 32.76, 56.67, 49.55, 53.16, 32.76, 56.67, 49.55, 53.16, 32.76, 56.67, 49.55, 53.16, 32.76, 56.67, 49.55, 53.16, 32.76, 56.67, 49.55, 53.16, 32.76, 56.67, 49.55, 53.16, 32.76, 56.67, 49.55, 53.16, 32.76, 56.67, 49.55, 53.16, 32.76, 56.67]

Domain shift at round 50:
  caltech: 5 clients
  amazon: 2 clients
  webcam: 2 clients
  dslr: 1 clients
Prune local model 6, pr_ratio = [0.2, 0.2, 0.2, 0.2]
Prune local model 3, pr_ratio = [0.5, 0.5, 0.5, 0.5]
Prune local model 4, pr_ratio = [0.6, 0.6, 0.6, 0.6]
Prune local model 1, pr_ratio = [0.2, 0.2, 0.2, 0.2]
Prune local model 2, pr_ratio = [0.4, 0.4, 0.4, 0.4]
Prune local model 5, pr_ratio = [0, 0, 0, 0]
Prune local model 8, pr_ratio = [0.5, 0.5, 0.5, 0.5]
Prune local model 7, pr_ratio = [0.4, 0.4, 0.4, 0.4]
Prune local model 9, pr_ratio = [0.6, 0.6, 0.6, 0.6]
Prune local model 0, pr_ratio = [0, 0, 0, 0]
Round: 50, Method: dapperfl, Mean_Acc: 29.438, Best_Acc: 45.05
Domain_Acc: [38.84, 36.84, 12.07, 30.0, 38.84, 36.84, 12.07, 30.0, 38.84, 36.84, 12.07, 30.0, 38.84, 36.84, 12.07, 30.0, 38.84, 36.84, 12.07, 30.0, 38.84, 36.84, 12.07, 30.0, 38.84, 36.84, 12.07, 30.0, 38.84, 36.84, 12.07, 30.0, 38.84, 36.84, 12.07, 30.0, 38.84, 36.84, 12.07, 30.0, 38.84, 36.84, 12.07, 30.0, 38.84, 36.84, 12.07, 30.0, 38.84, 36.84, 12.07, 30.0, 38.84, 36.84, 12.07, 30.0, 38.84, 36.84, 12.07, 30.0, 38.84, 36.84, 12.07, 30.0], Domain_BestAcc: [49.55, 53.16, 32.76, 56.67, 49.55, 53.16, 32.76, 56.67, 49.55, 53.16, 32.76, 56.67, 49.55, 53.16, 32.76, 56.67, 49.55, 53.16, 32.76, 56.67, 49.55, 53.16, 32.76, 56.67, 49.55, 53.16, 32.76, 56.67, 49.55, 53.16, 32.76, 56.67, 49.55, 53.16, 32.76, 56.67, 49.55, 53.16, 32.76, 56.67, 49.55, 53.16, 32.76, 56.67, 49.55, 53.16, 32.76, 56.67, 49.55, 53.16, 32.76, 56.67, 49.55, 53.16, 32.76, 56.67, 49.55, 53.16, 32.76, 56.67, 49.55, 53.16, 32.76, 56.67]
Prune local model 6, pr_ratio = [0.2, 0.2, 0.2, 0.2]
Prune local model 9, pr_ratio = [0.6, 0.6, 0.6, 0.6]
Prune local model 0, pr_ratio = [0, 0, 0, 0]
Prune local model 3, pr_ratio = [0.5, 0.5, 0.5, 0.5]
Prune local model 2, pr_ratio = [0.4, 0.4, 0.4, 0.4]
Prune local model 4, pr_ratio = [0.6, 0.6, 0.6, 0.6]
Prune local model 7, pr_ratio = [0.4, 0.4, 0.4, 0.4]
Prune local model 1, pr_ratio = [0.2, 0.2, 0.2, 0.2]
Prune local model 8, pr_ratio = [0.5, 0.5, 0.5, 0.5]
Prune local model 5, pr_ratio = [0, 0, 0, 0]
Round: 51, Method: dapperfl, Mean_Acc: 17.242, Best_Acc: 45.05
Domain_Acc: [22.77, 22.63, 6.9, 16.67, 22.77, 22.63, 6.9, 16.67, 22.77, 22.63, 6.9, 16.67, 22.77, 22.63, 6.9, 16.67, 22.77, 22.63, 6.9, 16.67, 22.77, 22.63, 6.9, 16.67, 22.77, 22.63, 6.9, 16.67, 22.77, 22.63, 6.9, 16.67, 22.77, 22.63, 6.9, 16.67, 22.77, 22.63, 6.9, 16.67, 22.77, 22.63, 6.9, 16.67, 22.77, 22.63, 6.9, 16.67, 22.77, 22.63, 6.9, 16.67, 22.77, 22.63, 6.9, 16.67, 22.77, 22.63, 6.9, 16.67, 22.77, 22.63, 6.9, 16.67], Domain_BestAcc: [49.55, 53.16, 32.76, 56.67, 49.55, 53.16, 32.76, 56.67, 49.55, 53.16, 32.76, 56.67, 49.55, 53.16, 32.76, 56.67, 49.55, 53.16, 32.76, 56.67, 49.55, 53.16, 32.76, 56.67, 49.55, 53.16, 32.76, 56.67, 49.55, 53.16, 32.76, 56.67, 49.55, 53.16, 32.76, 56.67, 49.55, 53.16, 32.76, 56.67, 49.55, 53.16, 32.76, 56.67, 49.55, 53.16, 32.76, 56.67, 49.55, 53.16, 32.76, 56.67, 49.55, 53.16, 32.76, 56.67, 49.55, 53.16, 32.76, 56.67, 49.55, 53.16, 32.76, 56.67]
Prune local model 2, pr_ratio = [0.4, 0.4, 0.4, 0.4]
Prune local model 3, pr_ratio = [0.5, 0.5, 0.5, 0.5]
Prune local model 7, pr_ratio = [0.4, 0.4, 0.4, 0.4]
Prune local model 1, pr_ratio = [0.2, 0.2, 0.2, 0.2]
Prune local model 9, pr_ratio = [0.6, 0.6, 0.6, 0.6]
Prune local model 8, pr_ratio = [0.5, 0.5, 0.5, 0.5]
Prune local model 6, pr_ratio = [0.2, 0.2, 0.2, 0.2]
Prune local model 4, pr_ratio = [0.6, 0.6, 0.6, 0.6]
Prune local model 0, pr_ratio = [0, 0, 0, 0]
Prune local model 5, pr_ratio = [0, 0, 0, 0]
Round: 52, Method: dapperfl, Mean_Acc: 39.078, Best_Acc: 45.05
Domain_Acc: [47.32, 48.42, 17.24, 43.33, 47.32, 48.42, 17.24, 43.33, 47.32, 48.42, 17.24, 43.33, 47.32, 48.42, 17.24, 43.33, 47.32, 48.42, 17.24, 43.33, 47.32, 48.42, 17.24, 43.33, 47.32, 48.42, 17.24, 43.33, 47.32, 48.42, 17.24, 43.33, 47.32, 48.42, 17.24, 43.33, 47.32, 48.42, 17.24, 43.33, 47.32, 48.42, 17.24, 43.33, 47.32, 48.42, 17.24, 43.33, 47.32, 48.42, 17.24, 43.33, 47.32, 48.42, 17.24, 43.33, 47.32, 48.42, 17.24, 43.33, 47.32, 48.42, 17.24, 43.33], Domain_BestAcc: [49.55, 53.16, 32.76, 56.67, 49.55, 53.16, 32.76, 56.67, 49.55, 53.16, 32.76, 56.67, 49.55, 53.16, 32.76, 56.67, 49.55, 53.16, 32.76, 56.67, 49.55, 53.16, 32.76, 56.67, 49.55, 53.16, 32.76, 56.67, 49.55, 53.16, 32.76, 56.67, 49.55, 53.16, 32.76, 56.67, 49.55, 53.16, 32.76, 56.67, 49.55, 53.16, 32.76, 56.67, 49.55, 53.16, 32.76, 56.67, 49.55, 53.16, 32.76, 56.67, 49.55, 53.16, 32.76, 56.67, 49.55, 53.16, 32.76, 56.67, 49.55, 53.16, 32.76, 56.67]
Prune local model 8, pr_ratio = [0.5, 0.5, 0.5, 0.5]
Prune local model 5, pr_ratio = [0, 0, 0, 0]
Prune local model 2, pr_ratio = [0.4, 0.4, 0.4, 0.4]
Prune local model 3, pr_ratio = [0.5, 0.5, 0.5, 0.5]
Prune local model 6, pr_ratio = [0.2, 0.2, 0.2, 0.2]
Prune local model 7, pr_ratio = [0.4, 0.4, 0.4, 0.4]
Prune local model 0, pr_ratio = [0, 0, 0, 0]
Prune local model 9, pr_ratio = [0.6, 0.6, 0.6, 0.6]
Prune local model 4, pr_ratio = [0.6, 0.6, 0.6, 0.6]
Prune local model 1, pr_ratio = [0.2, 0.2, 0.2, 0.2]
Round: 53, Method: dapperfl, Mean_Acc: 39.817, Best_Acc: 45.05
Domain_Acc: [44.2, 51.05, 20.69, 43.33, 44.2, 51.05, 20.69, 43.33, 44.2, 51.05, 20.69, 43.33, 44.2, 51.05, 20.69, 43.33, 44.2, 51.05, 20.69, 43.33, 44.2, 51.05, 20.69, 43.33, 44.2, 51.05, 20.69, 43.33, 44.2, 51.05, 20.69, 43.33, 44.2, 51.05, 20.69, 43.33, 44.2, 51.05, 20.69, 43.33, 44.2, 51.05, 20.69, 43.33, 44.2, 51.05, 20.69, 43.33, 44.2, 51.05, 20.69, 43.33, 44.2, 51.05, 20.69, 43.33, 44.2, 51.05, 20.69, 43.33, 44.2, 51.05, 20.69, 43.33], Domain_BestAcc: [49.55, 53.16, 32.76, 56.67, 49.55, 53.16, 32.76, 56.67, 49.55, 53.16, 32.76, 56.67, 49.55, 53.16, 32.76, 56.67, 49.55, 53.16, 32.76, 56.67, 49.55, 53.16, 32.76, 56.67, 49.55, 53.16, 32.76, 56.67, 49.55, 53.16, 32.76, 56.67, 49.55, 53.16, 32.76, 56.67, 49.55, 53.16, 32.76, 56.67, 49.55, 53.16, 32.76, 56.67, 49.55, 53.16, 32.76, 56.67, 49.55, 53.16, 32.76, 56.67, 49.55, 53.16, 32.76, 56.67, 49.55, 53.16, 32.76, 56.67, 49.55, 53.16, 32.76, 56.67]
Prune local model 1, pr_ratio = [0.2, 0.2, 0.2, 0.2]
Prune local model 4, pr_ratio = [0.6, 0.6, 0.6, 0.6]
Prune local model 6, pr_ratio = [0.2, 0.2, 0.2, 0.2]
Prune local model 3, pr_ratio = [0.5, 0.5, 0.5, 0.5]
Prune local model 7, pr_ratio = [0.4, 0.4, 0.4, 0.4]
Prune local model 9, pr_ratio = [0.6, 0.6, 0.6, 0.6]
Prune local model 5, pr_ratio = [0, 0, 0, 0]
Prune local model 2, pr_ratio = [0.4, 0.4, 0.4, 0.4]
Prune local model 8, pr_ratio = [0.5, 0.5, 0.5, 0.5]
Prune local model 0, pr_ratio = [0, 0, 0, 0]
Round: 54, Method: dapperfl, Mean_Acc: 41.175, Best_Acc: 45.05
Domain_Acc: [45.09, 50.53, 22.41, 46.67, 45.09, 50.53, 22.41, 46.67, 45.09, 50.53, 22.41, 46.67, 45.09, 50.53, 22.41, 46.67, 45.09, 50.53, 22.41, 46.67, 45.09, 50.53, 22.41, 46.67, 45.09, 50.53, 22.41, 46.67, 45.09, 50.53, 22.41, 46.67, 45.09, 50.53, 22.41, 46.67, 45.09, 50.53, 22.41, 46.67, 45.09, 50.53, 22.41, 46.67, 45.09, 50.53, 22.41, 46.67, 45.09, 50.53, 22.41, 46.67, 45.09, 50.53, 22.41, 46.67, 45.09, 50.53, 22.41, 46.67, 45.09, 50.53, 22.41, 46.67], Domain_BestAcc: [49.55, 53.16, 32.76, 56.67, 49.55, 53.16, 32.76, 56.67, 49.55, 53.16, 32.76, 56.67, 49.55, 53.16, 32.76, 56.67, 49.55, 53.16, 32.76, 56.67, 49.55, 53.16, 32.76, 56.67, 49.55, 53.16, 32.76, 56.67, 49.55, 53.16, 32.76, 56.67, 49.55, 53.16, 32.76, 56.67, 49.55, 53.16, 32.76, 56.67, 49.55, 53.16, 32.76, 56.67, 49.55, 53.16, 32.76, 56.67, 49.55, 53.16, 32.76, 56.67, 49.55, 53.16, 32.76, 56.67, 49.55, 53.16, 32.76, 56.67, 49.55, 53.16, 32.76, 56.67]

Domain shift at round 55:
  caltech: 4 clients
  amazon: 2 clients
  webcam: 1 clients
  dslr: 3 clients
Prune local model 5, pr_ratio = [0, 0, 0, 0]
Prune local model 0, pr_ratio = [0, 0, 0, 0]
Prune local model 4, pr_ratio = [0.6, 0.6, 0.6, 0.6]
Prune local model 7, pr_ratio = [0.4, 0.4, 0.4, 0.4]
Prune local model 8, pr_ratio = [0.5, 0.5, 0.5, 0.5]
Prune local model 6, pr_ratio = [0.2, 0.2, 0.2, 0.2]
Prune local model 3, pr_ratio = [0.5, 0.5, 0.5, 0.5]
Prune local model 2, pr_ratio = [0.4, 0.4, 0.4, 0.4]
Prune local model 1, pr_ratio = [0.2, 0.2, 0.2, 0.2]
Prune local model 9, pr_ratio = [0.6, 0.6, 0.6, 0.6]
Round: 55, Method: dapperfl, Mean_Acc: 42.398, Best_Acc: 45.05
Domain_Acc: [47.77, 52.63, 25.86, 43.33, 47.77, 52.63, 25.86, 43.33, 47.77, 52.63, 25.86, 43.33, 47.77, 52.63, 25.86, 43.33, 47.77, 52.63, 25.86, 43.33, 47.77, 52.63, 25.86, 43.33, 47.77, 52.63, 25.86, 43.33, 47.77, 52.63, 25.86, 43.33, 47.77, 52.63, 25.86, 43.33, 47.77, 52.63, 25.86, 43.33, 47.77, 52.63, 25.86, 43.33, 47.77, 52.63, 25.86, 43.33, 47.77, 52.63, 25.86, 43.33, 47.77, 52.63, 25.86, 43.33, 47.77, 52.63, 25.86, 43.33, 47.77, 52.63, 25.86, 43.33], Domain_BestAcc: [49.55, 53.16, 32.76, 56.67, 49.55, 53.16, 32.76, 56.67, 49.55, 53.16, 32.76, 56.67, 49.55, 53.16, 32.76, 56.67, 49.55, 53.16, 32.76, 56.67, 49.55, 53.16, 32.76, 56.67, 49.55, 53.16, 32.76, 56.67, 49.55, 53.16, 32.76, 56.67, 49.55, 53.16, 32.76, 56.67, 49.55, 53.16, 32.76, 56.67, 49.55, 53.16, 32.76, 56.67, 49.55, 53.16, 32.76, 56.67, 49.55, 53.16, 32.76, 56.67, 49.55, 53.16, 32.76, 56.67, 49.55, 53.16, 32.76, 56.67, 49.55, 53.16, 32.76, 56.67]
Prune local model 9, pr_ratio = [0.6, 0.6, 0.6, 0.6]
Prune local model 1, pr_ratio = [0.2, 0.2, 0.2, 0.2]
Prune local model 4, pr_ratio = [0.6, 0.6, 0.6, 0.6]
Prune local model 2, pr_ratio = [0.4, 0.4, 0.4, 0.4]
Prune local model 3, pr_ratio = [0.5, 0.5, 0.5, 0.5]
Prune local model 5, pr_ratio = [0, 0, 0, 0]
Prune local model 8, pr_ratio = [0.5, 0.5, 0.5, 0.5]
Prune local model 7, pr_ratio = [0.4, 0.4, 0.4, 0.4]
Prune local model 6, pr_ratio = [0.2, 0.2, 0.2, 0.2]
Prune local model 0, pr_ratio = [0, 0, 0, 0]
Round: 56, Method: dapperfl, Mean_Acc: 37.835, Best_Acc: 45.05
Domain_Acc: [45.98, 47.89, 24.14, 33.33, 45.98, 47.89, 24.14, 33.33, 45.98, 47.89, 24.14, 33.33, 45.98, 47.89, 24.14, 33.33, 45.98, 47.89, 24.14, 33.33, 45.98, 47.89, 24.14, 33.33, 45.98, 47.89, 24.14, 33.33, 45.98, 47.89, 24.14, 33.33, 45.98, 47.89, 24.14, 33.33, 45.98, 47.89, 24.14, 33.33, 45.98, 47.89, 24.14, 33.33, 45.98, 47.89, 24.14, 33.33, 45.98, 47.89, 24.14, 33.33, 45.98, 47.89, 24.14, 33.33, 45.98, 47.89, 24.14, 33.33, 45.98, 47.89, 24.14, 33.33], Domain_BestAcc: [49.55, 53.16, 32.76, 56.67, 49.55, 53.16, 32.76, 56.67, 49.55, 53.16, 32.76, 56.67, 49.55, 53.16, 32.76, 56.67, 49.55, 53.16, 32.76, 56.67, 49.55, 53.16, 32.76, 56.67, 49.55, 53.16, 32.76, 56.67, 49.55, 53.16, 32.76, 56.67, 49.55, 53.16, 32.76, 56.67, 49.55, 53.16, 32.76, 56.67, 49.55, 53.16, 32.76, 56.67, 49.55, 53.16, 32.76, 56.67, 49.55, 53.16, 32.76, 56.67, 49.55, 53.16, 32.76, 56.67, 49.55, 53.16, 32.76, 56.67, 49.55, 53.16, 32.76, 56.67]
Prune local model 3, pr_ratio = [0.5, 0.5, 0.5, 0.5]
Prune local model 6, pr_ratio = [0.2, 0.2, 0.2, 0.2]
Prune local model 1, pr_ratio = [0.2, 0.2, 0.2, 0.2]
Prune local model 4, pr_ratio = [0.6, 0.6, 0.6, 0.6]
Prune local model 7, pr_ratio = [0.4, 0.4, 0.4, 0.4]
Prune local model 8, pr_ratio = [0.5, 0.5, 0.5, 0.5]
Prune local model 0, pr_ratio = [0, 0, 0, 0]
Prune local model 2, pr_ratio = [0.4, 0.4, 0.4, 0.4]
Prune local model 5, pr_ratio = [0, 0, 0, 0]
Prune local model 9, pr_ratio = [0.6, 0.6, 0.6, 0.6]
Round: 57, Method: dapperfl, Mean_Acc: 22.435, Best_Acc: 45.05
Domain_Acc: [24.11, 33.68, 8.62, 23.33, 24.11, 33.68, 8.62, 23.33, 24.11, 33.68, 8.62, 23.33, 24.11, 33.68, 8.62, 23.33, 24.11, 33.68, 8.62, 23.33, 24.11, 33.68, 8.62, 23.33, 24.11, 33.68, 8.62, 23.33, 24.11, 33.68, 8.62, 23.33, 24.11, 33.68, 8.62, 23.33, 24.11, 33.68, 8.62, 23.33, 24.11, 33.68, 8.62, 23.33, 24.11, 33.68, 8.62, 23.33, 24.11, 33.68, 8.62, 23.33, 24.11, 33.68, 8.62, 23.33, 24.11, 33.68, 8.62, 23.33, 24.11, 33.68, 8.62, 23.33], Domain_BestAcc: [49.55, 53.16, 32.76, 56.67, 49.55, 53.16, 32.76, 56.67, 49.55, 53.16, 32.76, 56.67, 49.55, 53.16, 32.76, 56.67, 49.55, 53.16, 32.76, 56.67, 49.55, 53.16, 32.76, 56.67, 49.55, 53.16, 32.76, 56.67, 49.55, 53.16, 32.76, 56.67, 49.55, 53.16, 32.76, 56.67, 49.55, 53.16, 32.76, 56.67, 49.55, 53.16, 32.76, 56.67, 49.55, 53.16, 32.76, 56.67, 49.55, 53.16, 32.76, 56.67, 49.55, 53.16, 32.76, 56.67, 49.55, 53.16, 32.76, 56.67, 49.55, 53.16, 32.76, 56.67]
Prune local model 3, pr_ratio = [0.5, 0.5, 0.5, 0.5]
Prune local model 0, pr_ratio = [0, 0, 0, 0]
Prune local model 8, pr_ratio = [0.5, 0.5, 0.5, 0.5]
Prune local model 7, pr_ratio = [0.4, 0.4, 0.4, 0.4]
Prune local model 9, pr_ratio = [0.6, 0.6, 0.6, 0.6]
Prune local model 4, pr_ratio = [0.6, 0.6, 0.6, 0.6]
Prune local model 1, pr_ratio = [0.2, 0.2, 0.2, 0.2]
Prune local model 5, pr_ratio = [0, 0, 0, 0]
Prune local model 2, pr_ratio = [0.4, 0.4, 0.4, 0.4]
Prune local model 6, pr_ratio = [0.2, 0.2, 0.2, 0.2]
Round: 58, Method: dapperfl, Mean_Acc: 37.56, Best_Acc: 45.05
Domain_Acc: [41.07, 41.58, 27.59, 40.0, 41.07, 41.58, 27.59, 40.0, 41.07, 41.58, 27.59, 40.0, 41.07, 41.58, 27.59, 40.0, 41.07, 41.58, 27.59, 40.0, 41.07, 41.58, 27.59, 40.0, 41.07, 41.58, 27.59, 40.0, 41.07, 41.58, 27.59, 40.0, 41.07, 41.58, 27.59, 40.0, 41.07, 41.58, 27.59, 40.0, 41.07, 41.58, 27.59, 40.0, 41.07, 41.58, 27.59, 40.0, 41.07, 41.58, 27.59, 40.0, 41.07, 41.58, 27.59, 40.0, 41.07, 41.58, 27.59, 40.0, 41.07, 41.58, 27.59, 40.0], Domain_BestAcc: [49.55, 53.16, 32.76, 56.67, 49.55, 53.16, 32.76, 56.67, 49.55, 53.16, 32.76, 56.67, 49.55, 53.16, 32.76, 56.67, 49.55, 53.16, 32.76, 56.67, 49.55, 53.16, 32.76, 56.67, 49.55, 53.16, 32.76, 56.67, 49.55, 53.16, 32.76, 56.67, 49.55, 53.16, 32.76, 56.67, 49.55, 53.16, 32.76, 56.67, 49.55, 53.16, 32.76, 56.67, 49.55, 53.16, 32.76, 56.67, 49.55, 53.16, 32.76, 56.67, 49.55, 53.16, 32.76, 56.67, 49.55, 53.16, 32.76, 56.67, 49.55, 53.16, 32.76, 56.67]
Prune local model 1, pr_ratio = [0.2, 0.2, 0.2, 0.2]
Prune local model 2, pr_ratio = [0.4, 0.4, 0.4, 0.4]
Prune local model 4, pr_ratio = [0.6, 0.6, 0.6, 0.6]
Prune local model 5, pr_ratio = [0, 0, 0, 0]
Prune local model 7, pr_ratio = [0.4, 0.4, 0.4, 0.4]
Prune local model 8, pr_ratio = [0.5, 0.5, 0.5, 0.5]
Prune local model 0, pr_ratio = [0, 0, 0, 0]
Prune local model 9, pr_ratio = [0.6, 0.6, 0.6, 0.6]
Prune local model 3, pr_ratio = [0.5, 0.5, 0.5, 0.5]
Prune local model 6, pr_ratio = [0.2, 0.2, 0.2, 0.2]
Round: 59, Method: dapperfl, Mean_Acc: 40.045, Best_Acc: 45.05
Domain_Acc: [44.2, 50.0, 29.31, 36.67, 44.2, 50.0, 29.31, 36.67, 44.2, 50.0, 29.31, 36.67, 44.2, 50.0, 29.31, 36.67, 44.2, 50.0, 29.31, 36.67, 44.2, 50.0, 29.31, 36.67, 44.2, 50.0, 29.31, 36.67, 44.2, 50.0, 29.31, 36.67, 44.2, 50.0, 29.31, 36.67, 44.2, 50.0, 29.31, 36.67, 44.2, 50.0, 29.31, 36.67, 44.2, 50.0, 29.31, 36.67, 44.2, 50.0, 29.31, 36.67, 44.2, 50.0, 29.31, 36.67, 44.2, 50.0, 29.31, 36.67, 44.2, 50.0, 29.31, 36.67], Domain_BestAcc: [49.55, 53.16, 32.76, 56.67, 49.55, 53.16, 32.76, 56.67, 49.55, 53.16, 32.76, 56.67, 49.55, 53.16, 32.76, 56.67, 49.55, 53.16, 32.76, 56.67, 49.55, 53.16, 32.76, 56.67, 49.55, 53.16, 32.76, 56.67, 49.55, 53.16, 32.76, 56.67, 49.55, 53.16, 32.76, 56.67, 49.55, 53.16, 32.76, 56.67, 49.55, 53.16, 32.76, 56.67, 49.55, 53.16, 32.76, 56.67, 49.55, 53.16, 32.76, 56.67, 49.55, 53.16, 32.76, 56.67, 49.55, 53.16, 32.76, 56.67, 49.55, 53.16, 32.76, 56.67]

Domain shift at round 60:
  caltech: 4 clients
  amazon: 2 clients
  webcam: 2 clients
  dslr: 2 clients
Prune local model 2, pr_ratio = [0.4, 0.4, 0.4, 0.4]
Prune local model 6, pr_ratio = [0.2, 0.2, 0.2, 0.2]
Prune local model 1, pr_ratio = [0.2, 0.2, 0.2, 0.2]
Prune local model 9, pr_ratio = [0.6, 0.6, 0.6, 0.6]
Prune local model 7, pr_ratio = [0.4, 0.4, 0.4, 0.4]
Prune local model 8, pr_ratio = [0.5, 0.5, 0.5, 0.5]
Prune local model 0, pr_ratio = [0, 0, 0, 0]
Prune local model 3, pr_ratio = [0.5, 0.5, 0.5, 0.5]
Prune local model 5, pr_ratio = [0, 0, 0, 0]
Prune local model 4, pr_ratio = [0.6, 0.6, 0.6, 0.6]
Round: 60, Method: dapperfl, Mean_Acc: 43.355, Best_Acc: 45.05
Domain_Acc: [46.43, 52.63, 31.03, 43.33, 46.43, 52.63, 31.03, 43.33, 46.43, 52.63, 31.03, 43.33, 46.43, 52.63, 31.03, 43.33, 46.43, 52.63, 31.03, 43.33, 46.43, 52.63, 31.03, 43.33, 46.43, 52.63, 31.03, 43.33, 46.43, 52.63, 31.03, 43.33, 46.43, 52.63, 31.03, 43.33, 46.43, 52.63, 31.03, 43.33, 46.43, 52.63, 31.03, 43.33, 46.43, 52.63, 31.03, 43.33, 46.43, 52.63, 31.03, 43.33, 46.43, 52.63, 31.03, 43.33, 46.43, 52.63, 31.03, 43.33, 46.43, 52.63, 31.03, 43.33], Domain_BestAcc: [49.55, 53.16, 32.76, 56.67, 49.55, 53.16, 32.76, 56.67, 49.55, 53.16, 32.76, 56.67, 49.55, 53.16, 32.76, 56.67, 49.55, 53.16, 32.76, 56.67, 49.55, 53.16, 32.76, 56.67, 49.55, 53.16, 32.76, 56.67, 49.55, 53.16, 32.76, 56.67, 49.55, 53.16, 32.76, 56.67, 49.55, 53.16, 32.76, 56.67, 49.55, 53.16, 32.76, 56.67, 49.55, 53.16, 32.76, 56.67, 49.55, 53.16, 32.76, 56.67, 49.55, 53.16, 32.76, 56.67, 49.55, 53.16, 32.76, 56.67, 49.55, 53.16, 32.76, 56.67]
Prune local model 8, pr_ratio = [0.5, 0.5, 0.5, 0.5]
Prune local model 2, pr_ratio = [0.4, 0.4, 0.4, 0.4]
Prune local model 0, pr_ratio = [0, 0, 0, 0]
Prune local model 1, pr_ratio = [0.2, 0.2, 0.2, 0.2]
Prune local model 9, pr_ratio = [0.6, 0.6, 0.6, 0.6]
Prune local model 6, pr_ratio = [0.2, 0.2, 0.2, 0.2]
Prune local model 3, pr_ratio = [0.5, 0.5, 0.5, 0.5]
Prune local model 7, pr_ratio = [0.4, 0.4, 0.4, 0.4]
Prune local model 5, pr_ratio = [0, 0, 0, 0]
Prune local model 4, pr_ratio = [0.6, 0.6, 0.6, 0.6]
Round: 61, Method: dapperfl, Mean_Acc: 44.642, Best_Acc: 45.05
Domain_Acc: [48.21, 51.05, 29.31, 50.0, 48.21, 51.05, 29.31, 50.0, 48.21, 51.05, 29.31, 50.0, 48.21, 51.05, 29.31, 50.0, 48.21, 51.05, 29.31, 50.0, 48.21, 51.05, 29.31, 50.0, 48.21, 51.05, 29.31, 50.0, 48.21, 51.05, 29.31, 50.0, 48.21, 51.05, 29.31, 50.0, 48.21, 51.05, 29.31, 50.0, 48.21, 51.05, 29.31, 50.0, 48.21, 51.05, 29.31, 50.0, 48.21, 51.05, 29.31, 50.0, 48.21, 51.05, 29.31, 50.0, 48.21, 51.05, 29.31, 50.0, 48.21, 51.05, 29.31, 50.0], Domain_BestAcc: [49.55, 53.16, 32.76, 56.67, 49.55, 53.16, 32.76, 56.67, 49.55, 53.16, 32.76, 56.67, 49.55, 53.16, 32.76, 56.67, 49.55, 53.16, 32.76, 56.67, 49.55, 53.16, 32.76, 56.67, 49.55, 53.16, 32.76, 56.67, 49.55, 53.16, 32.76, 56.67, 49.55, 53.16, 32.76, 56.67, 49.55, 53.16, 32.76, 56.67, 49.55, 53.16, 32.76, 56.67, 49.55, 53.16, 32.76, 56.67, 49.55, 53.16, 32.76, 56.67, 49.55, 53.16, 32.76, 56.67, 49.55, 53.16, 32.76, 56.67, 49.55, 53.16, 32.76, 56.67]
Prune local model 0, pr_ratio = [0, 0, 0, 0]
Prune local model 2, pr_ratio = [0.4, 0.4, 0.4, 0.4]
Prune local model 8, pr_ratio = [0.5, 0.5, 0.5, 0.5]
Prune local model 9, pr_ratio = [0.6, 0.6, 0.6, 0.6]
Prune local model 6, pr_ratio = [0.2, 0.2, 0.2, 0.2]
Prune local model 1, pr_ratio = [0.2, 0.2, 0.2, 0.2]
Prune local model 3, pr_ratio = [0.5, 0.5, 0.5, 0.5]
Prune local model 7, pr_ratio = [0.4, 0.4, 0.4, 0.4]
Prune local model 5, pr_ratio = [0, 0, 0, 0]
Prune local model 4, pr_ratio = [0.6, 0.6, 0.6, 0.6]
Round: 62, Method: dapperfl, Mean_Acc: 35.352, Best_Acc: 45.05
Domain_Acc: [45.98, 44.74, 20.69, 30.0, 45.98, 44.74, 20.69, 30.0, 45.98, 44.74, 20.69, 30.0, 45.98, 44.74, 20.69, 30.0, 45.98, 44.74, 20.69, 30.0, 45.98, 44.74, 20.69, 30.0, 45.98, 44.74, 20.69, 30.0, 45.98, 44.74, 20.69, 30.0, 45.98, 44.74, 20.69, 30.0, 45.98, 44.74, 20.69, 30.0, 45.98, 44.74, 20.69, 30.0, 45.98, 44.74, 20.69, 30.0, 45.98, 44.74, 20.69, 30.0, 45.98, 44.74, 20.69, 30.0, 45.98, 44.74, 20.69, 30.0, 45.98, 44.74, 20.69, 30.0], Domain_BestAcc: [49.55, 53.16, 32.76, 56.67, 49.55, 53.16, 32.76, 56.67, 49.55, 53.16, 32.76, 56.67, 49.55, 53.16, 32.76, 56.67, 49.55, 53.16, 32.76, 56.67, 49.55, 53.16, 32.76, 56.67, 49.55, 53.16, 32.76, 56.67, 49.55, 53.16, 32.76, 56.67, 49.55, 53.16, 32.76, 56.67, 49.55, 53.16, 32.76, 56.67, 49.55, 53.16, 32.76, 56.67, 49.55, 53.16, 32.76, 56.67, 49.55, 53.16, 32.76, 56.67, 49.55, 53.16, 32.76, 56.67, 49.55, 53.16, 32.76, 56.67, 49.55, 53.16, 32.76, 56.67]
Prune local model 5, pr_ratio = [0, 0, 0, 0]
Prune local model 7, pr_ratio = [0.4, 0.4, 0.4, 0.4]
Prune local model 6, pr_ratio = [0.2, 0.2, 0.2, 0.2]
Prune local model 8, pr_ratio = [0.5, 0.5, 0.5, 0.5]
Prune local model 3, pr_ratio = [0.5, 0.5, 0.5, 0.5]
Prune local model 1, pr_ratio = [0.2, 0.2, 0.2, 0.2]
Prune local model 2, pr_ratio = [0.4, 0.4, 0.4, 0.4]
Prune local model 4, pr_ratio = [0.6, 0.6, 0.6, 0.6]
Prune local model 0, pr_ratio = [0, 0, 0, 0]
Prune local model 9, pr_ratio = [0.6, 0.6, 0.6, 0.6]
Round: 63, Method: dapperfl, Mean_Acc: 25.68, Best_Acc: 45.05
Domain_Acc: [29.46, 29.47, 13.79, 30.0, 29.46, 29.47, 13.79, 30.0, 29.46, 29.47, 13.79, 30.0, 29.46, 29.47, 13.79, 30.0, 29.46, 29.47, 13.79, 30.0, 29.46, 29.47, 13.79, 30.0, 29.46, 29.47, 13.79, 30.0, 29.46, 29.47, 13.79, 30.0, 29.46, 29.47, 13.79, 30.0, 29.46, 29.47, 13.79, 30.0, 29.46, 29.47, 13.79, 30.0, 29.46, 29.47, 13.79, 30.0, 29.46, 29.47, 13.79, 30.0, 29.46, 29.47, 13.79, 30.0, 29.46, 29.47, 13.79, 30.0, 29.46, 29.47, 13.79, 30.0], Domain_BestAcc: [49.55, 53.16, 32.76, 56.67, 49.55, 53.16, 32.76, 56.67, 49.55, 53.16, 32.76, 56.67, 49.55, 53.16, 32.76, 56.67, 49.55, 53.16, 32.76, 56.67, 49.55, 53.16, 32.76, 56.67, 49.55, 53.16, 32.76, 56.67, 49.55, 53.16, 32.76, 56.67, 49.55, 53.16, 32.76, 56.67, 49.55, 53.16, 32.76, 56.67, 49.55, 53.16, 32.76, 56.67, 49.55, 53.16, 32.76, 56.67, 49.55, 53.16, 32.76, 56.67, 49.55, 53.16, 32.76, 56.67, 49.55, 53.16, 32.76, 56.67, 49.55, 53.16, 32.76, 56.67]
Prune local model 8, pr_ratio = [0.5, 0.5, 0.5, 0.5]
Prune local model 0, pr_ratio = [0, 0, 0, 0]
Prune local model 4, pr_ratio = [0.6, 0.6, 0.6, 0.6]
Prune local model 6, pr_ratio = [0.2, 0.2, 0.2, 0.2]
Prune local model 5, pr_ratio = [0, 0, 0, 0]
Prune local model 3, pr_ratio = [0.5, 0.5, 0.5, 0.5]
Prune local model 7, pr_ratio = [0.4, 0.4, 0.4, 0.4]
Prune local model 1, pr_ratio = [0.2, 0.2, 0.2, 0.2]
Prune local model 2, pr_ratio = [0.4, 0.4, 0.4, 0.4]
Prune local model 9, pr_ratio = [0.6, 0.6, 0.6, 0.6]
Round: 64, Method: dapperfl, Mean_Acc: 36.025, Best_Acc: 45.05
Domain_Acc: [46.88, 41.58, 18.97, 36.67, 46.88, 41.58, 18.97, 36.67, 46.88, 41.58, 18.97, 36.67, 46.88, 41.58, 18.97, 36.67, 46.88, 41.58, 18.97, 36.67, 46.88, 41.58, 18.97, 36.67, 46.88, 41.58, 18.97, 36.67, 46.88, 41.58, 18.97, 36.67, 46.88, 41.58, 18.97, 36.67, 46.88, 41.58, 18.97, 36.67, 46.88, 41.58, 18.97, 36.67, 46.88, 41.58, 18.97, 36.67, 46.88, 41.58, 18.97, 36.67, 46.88, 41.58, 18.97, 36.67, 46.88, 41.58, 18.97, 36.67, 46.88, 41.58, 18.97, 36.67], Domain_BestAcc: [49.55, 53.16, 32.76, 56.67, 49.55, 53.16, 32.76, 56.67, 49.55, 53.16, 32.76, 56.67, 49.55, 53.16, 32.76, 56.67, 49.55, 53.16, 32.76, 56.67, 49.55, 53.16, 32.76, 56.67, 49.55, 53.16, 32.76, 56.67, 49.55, 53.16, 32.76, 56.67, 49.55, 53.16, 32.76, 56.67, 49.55, 53.16, 32.76, 56.67, 49.55, 53.16, 32.76, 56.67, 49.55, 53.16, 32.76, 56.67, 49.55, 53.16, 32.76, 56.67, 49.55, 53.16, 32.76, 56.67, 49.55, 53.16, 32.76, 56.67, 49.55, 53.16, 32.76, 56.67]

Domain shift at round 65:
  caltech: 4 clients
  amazon: 2 clients
  webcam: 3 clients
  dslr: 1 clients
Prune local model 8, pr_ratio = [0.5, 0.5, 0.5, 0.5]
Prune local model 1, pr_ratio = [0.2, 0.2, 0.2, 0.2]
Prune local model 3, pr_ratio = [0.5, 0.5, 0.5, 0.5]
Prune local model 4, pr_ratio = [0.6, 0.6, 0.6, 0.6]
Prune local model 0, pr_ratio = [0, 0, 0, 0]
Prune local model 6, pr_ratio = [0.2, 0.2, 0.2, 0.2]
Prune local model 9, pr_ratio = [0.6, 0.6, 0.6, 0.6]
Prune local model 5, pr_ratio = [0, 0, 0, 0]
Prune local model 7, pr_ratio = [0.4, 0.4, 0.4, 0.4]
Prune local model 2, pr_ratio = [0.4, 0.4, 0.4, 0.4]
Round: 65, Method: dapperfl, Mean_Acc: 42.525, Best_Acc: 45.05
Domain_Acc: [47.32, 48.42, 31.03, 43.33, 47.32, 48.42, 31.03, 43.33, 47.32, 48.42, 31.03, 43.33, 47.32, 48.42, 31.03, 43.33, 47.32, 48.42, 31.03, 43.33, 47.32, 48.42, 31.03, 43.33, 47.32, 48.42, 31.03, 43.33, 47.32, 48.42, 31.03, 43.33, 47.32, 48.42, 31.03, 43.33, 47.32, 48.42, 31.03, 43.33, 47.32, 48.42, 31.03, 43.33, 47.32, 48.42, 31.03, 43.33, 47.32, 48.42, 31.03, 43.33, 47.32, 48.42, 31.03, 43.33, 47.32, 48.42, 31.03, 43.33, 47.32, 48.42, 31.03, 43.33], Domain_BestAcc: [49.55, 53.16, 32.76, 56.67, 49.55, 53.16, 32.76, 56.67, 49.55, 53.16, 32.76, 56.67, 49.55, 53.16, 32.76, 56.67, 49.55, 53.16, 32.76, 56.67, 49.55, 53.16, 32.76, 56.67, 49.55, 53.16, 32.76, 56.67, 49.55, 53.16, 32.76, 56.67, 49.55, 53.16, 32.76, 56.67, 49.55, 53.16, 32.76, 56.67, 49.55, 53.16, 32.76, 56.67, 49.55, 53.16, 32.76, 56.67, 49.55, 53.16, 32.76, 56.67, 49.55, 53.16, 32.76, 56.67, 49.55, 53.16, 32.76, 56.67, 49.55, 53.16, 32.76, 56.67]
Prune local model 0, pr_ratio = [0, 0, 0, 0]
Prune local model 3, pr_ratio = [0.5, 0.5, 0.5, 0.5]
Prune local model 6, pr_ratio = [0.2, 0.2, 0.2, 0.2]
Prune local model 5, pr_ratio = [0, 0, 0, 0]
Prune local model 2, pr_ratio = [0.4, 0.4, 0.4, 0.4]
Prune local model 7, pr_ratio = [0.4, 0.4, 0.4, 0.4]
Prune local model 1, pr_ratio = [0.2, 0.2, 0.2, 0.2]
Prune local model 4, pr_ratio = [0.6, 0.6, 0.6, 0.6]
Prune local model 9, pr_ratio = [0.6, 0.6, 0.6, 0.6]
Prune local model 8, pr_ratio = [0.5, 0.5, 0.5, 0.5]
Round: 66, Method: dapperfl, Mean_Acc: 42.565, Best_Acc: 45.05
Domain_Acc: [45.98, 48.42, 25.86, 50.0, 45.98, 48.42, 25.86, 50.0, 45.98, 48.42, 25.86, 50.0, 45.98, 48.42, 25.86, 50.0, 45.98, 48.42, 25.86, 50.0, 45.98, 48.42, 25.86, 50.0, 45.98, 48.42, 25.86, 50.0, 45.98, 48.42, 25.86, 50.0, 45.98, 48.42, 25.86, 50.0, 45.98, 48.42, 25.86, 50.0, 45.98, 48.42, 25.86, 50.0, 45.98, 48.42, 25.86, 50.0, 45.98, 48.42, 25.86, 50.0, 45.98, 48.42, 25.86, 50.0, 45.98, 48.42, 25.86, 50.0, 45.98, 48.42, 25.86, 50.0], Domain_BestAcc: [49.55, 53.16, 32.76, 56.67, 49.55, 53.16, 32.76, 56.67, 49.55, 53.16, 32.76, 56.67, 49.55, 53.16, 32.76, 56.67, 49.55, 53.16, 32.76, 56.67, 49.55, 53.16, 32.76, 56.67, 49.55, 53.16, 32.76, 56.67, 49.55, 53.16, 32.76, 56.67, 49.55, 53.16, 32.76, 56.67, 49.55, 53.16, 32.76, 56.67, 49.55, 53.16, 32.76, 56.67, 49.55, 53.16, 32.76, 56.67, 49.55, 53.16, 32.76, 56.67, 49.55, 53.16, 32.76, 56.67, 49.55, 53.16, 32.76, 56.67, 49.55, 53.16, 32.76, 56.67]
Prune local model 6, pr_ratio = [0.2, 0.2, 0.2, 0.2]
Prune local model 9, pr_ratio = [0.6, 0.6, 0.6, 0.6]
Prune local model 7, pr_ratio = [0.4, 0.4, 0.4, 0.4]
Prune local model 8, pr_ratio = [0.5, 0.5, 0.5, 0.5]
Prune local model 0, pr_ratio = [0, 0, 0, 0]
Prune local model 3, pr_ratio = [0.5, 0.5, 0.5, 0.5]
Prune local model 4, pr_ratio = [0.6, 0.6, 0.6, 0.6]
Prune local model 5, pr_ratio = [0, 0, 0, 0]
Prune local model 1, pr_ratio = [0.2, 0.2, 0.2, 0.2]
Prune local model 2, pr_ratio = [0.4, 0.4, 0.4, 0.4]
Round: 67, Method: dapperfl, Mean_Acc: 43.57, Best_Acc: 45.05
Domain_Acc: [46.43, 48.42, 32.76, 46.67, 46.43, 48.42, 32.76, 46.67, 46.43, 48.42, 32.76, 46.67, 46.43, 48.42, 32.76, 46.67, 46.43, 48.42, 32.76, 46.67, 46.43, 48.42, 32.76, 46.67, 46.43, 48.42, 32.76, 46.67, 46.43, 48.42, 32.76, 46.67, 46.43, 48.42, 32.76, 46.67, 46.43, 48.42, 32.76, 46.67, 46.43, 48.42, 32.76, 46.67, 46.43, 48.42, 32.76, 46.67, 46.43, 48.42, 32.76, 46.67, 46.43, 48.42, 32.76, 46.67, 46.43, 48.42, 32.76, 46.67, 46.43, 48.42, 32.76, 46.67], Domain_BestAcc: [49.55, 53.16, 32.76, 56.67, 49.55, 53.16, 32.76, 56.67, 49.55, 53.16, 32.76, 56.67, 49.55, 53.16, 32.76, 56.67, 49.55, 53.16, 32.76, 56.67, 49.55, 53.16, 32.76, 56.67, 49.55, 53.16, 32.76, 56.67, 49.55, 53.16, 32.76, 56.67, 49.55, 53.16, 32.76, 56.67, 49.55, 53.16, 32.76, 56.67, 49.55, 53.16, 32.76, 56.67, 49.55, 53.16, 32.76, 56.67, 49.55, 53.16, 32.76, 56.67, 49.55, 53.16, 32.76, 56.67, 49.55, 53.16, 32.76, 56.67, 49.55, 53.16, 32.76, 56.67]
Prune local model 7, pr_ratio = [0.4, 0.4, 0.4, 0.4]
Prune local model 1, pr_ratio = [0.2, 0.2, 0.2, 0.2]
Prune local model 9, pr_ratio = [0.6, 0.6, 0.6, 0.6]
Prune local model 5, pr_ratio = [0, 0, 0, 0]
Prune local model 0, pr_ratio = [0, 0, 0, 0]
Prune local model 8, pr_ratio = [0.5, 0.5, 0.5, 0.5]
Prune local model 3, pr_ratio = [0.5, 0.5, 0.5, 0.5]
Prune local model 4, pr_ratio = [0.6, 0.6, 0.6, 0.6]
Prune local model 2, pr_ratio = [0.4, 0.4, 0.4, 0.4]
Prune local model 6, pr_ratio = [0.2, 0.2, 0.2, 0.2]
Round: 68, Method: dapperfl, Mean_Acc: 38.415, Best_Acc: 45.05
Domain_Acc: [44.64, 43.16, 25.86, 40.0, 44.64, 43.16, 25.86, 40.0, 44.64, 43.16, 25.86, 40.0, 44.64, 43.16, 25.86, 40.0, 44.64, 43.16, 25.86, 40.0, 44.64, 43.16, 25.86, 40.0, 44.64, 43.16, 25.86, 40.0, 44.64, 43.16, 25.86, 40.0, 44.64, 43.16, 25.86, 40.0, 44.64, 43.16, 25.86, 40.0, 44.64, 43.16, 25.86, 40.0, 44.64, 43.16, 25.86, 40.0, 44.64, 43.16, 25.86, 40.0, 44.64, 43.16, 25.86, 40.0, 44.64, 43.16, 25.86, 40.0, 44.64, 43.16, 25.86, 40.0], Domain_BestAcc: [49.55, 53.16, 32.76, 56.67, 49.55, 53.16, 32.76, 56.67, 49.55, 53.16, 32.76, 56.67, 49.55, 53.16, 32.76, 56.67, 49.55, 53.16, 32.76, 56.67, 49.55, 53.16, 32.76, 56.67, 49.55, 53.16, 32.76, 56.67, 49.55, 53.16, 32.76, 56.67, 49.55, 53.16, 32.76, 56.67, 49.55, 53.16, 32.76, 56.67, 49.55, 53.16, 32.76, 56.67, 49.55, 53.16, 32.76, 56.67, 49.55, 53.16, 32.76, 56.67, 49.55, 53.16, 32.76, 56.67, 49.55, 53.16, 32.76, 56.67, 49.55, 53.16, 32.76, 56.67]
Prune local model 4, pr_ratio = [0.6, 0.6, 0.6, 0.6]
Prune local model 8, pr_ratio = [0.5, 0.5, 0.5, 0.5]
Prune local model 3, pr_ratio = [0.5, 0.5, 0.5, 0.5]
Prune local model 6, pr_ratio = [0.2, 0.2, 0.2, 0.2]
Prune local model 1, pr_ratio = [0.2, 0.2, 0.2, 0.2]
Prune local model 9, pr_ratio = [0.6, 0.6, 0.6, 0.6]
Prune local model 5, pr_ratio = [0, 0, 0, 0]
Prune local model 0, pr_ratio = [0, 0, 0, 0]
Prune local model 2, pr_ratio = [0.4, 0.4, 0.4, 0.4]
Prune local model 7, pr_ratio = [0.4, 0.4, 0.4, 0.4]
Round: 69, Method: dapperfl, Mean_Acc: 36.62, Best_Acc: 45.05
Domain_Acc: [45.09, 37.37, 20.69, 43.33, 45.09, 37.37, 20.69, 43.33, 45.09, 37.37, 20.69, 43.33, 45.09, 37.37, 20.69, 43.33, 45.09, 37.37, 20.69, 43.33, 45.09, 37.37, 20.69, 43.33, 45.09, 37.37, 20.69, 43.33, 45.09, 37.37, 20.69, 43.33, 45.09, 37.37, 20.69, 43.33, 45.09, 37.37, 20.69, 43.33, 45.09, 37.37, 20.69, 43.33, 45.09, 37.37, 20.69, 43.33, 45.09, 37.37, 20.69, 43.33, 45.09, 37.37, 20.69, 43.33, 45.09, 37.37, 20.69, 43.33, 45.09, 37.37, 20.69, 43.33], Domain_BestAcc: [49.55, 53.16, 32.76, 56.67, 49.55, 53.16, 32.76, 56.67, 49.55, 53.16, 32.76, 56.67, 49.55, 53.16, 32.76, 56.67, 49.55, 53.16, 32.76, 56.67, 49.55, 53.16, 32.76, 56.67, 49.55, 53.16, 32.76, 56.67, 49.55, 53.16, 32.76, 56.67, 49.55, 53.16, 32.76, 56.67, 49.55, 53.16, 32.76, 56.67, 49.55, 53.16, 32.76, 56.67, 49.55, 53.16, 32.76, 56.67, 49.55, 53.16, 32.76, 56.67, 49.55, 53.16, 32.76, 56.67, 49.55, 53.16, 32.76, 56.67, 49.55, 53.16, 32.76, 56.67]

Domain shift at round 70:
  caltech: 4 clients
  amazon: 4 clients
  webcam: 1 clients
  dslr: 1 clients
Prune local model 9, pr_ratio = [0.6, 0.6, 0.6, 0.6]
Prune local model 8, pr_ratio = [0.5, 0.5, 0.5, 0.5]
Prune local model 1, pr_ratio = [0.2, 0.2, 0.2, 0.2]
Prune local model 5, pr_ratio = [0, 0, 0, 0]
Prune local model 7, pr_ratio = [0.4, 0.4, 0.4, 0.4]
Prune local model 4, pr_ratio = [0.6, 0.6, 0.6, 0.6]
Prune local model 6, pr_ratio = [0.2, 0.2, 0.2, 0.2]
Prune local model 0, pr_ratio = [0, 0, 0, 0]
Prune local model 2, pr_ratio = [0.4, 0.4, 0.4, 0.4]
Prune local model 3, pr_ratio = [0.5, 0.5, 0.5, 0.5]
Round: 70, Method: dapperfl, Mean_Acc: 39.73, Best_Acc: 45.05
Domain_Acc: [47.77, 43.68, 24.14, 43.33, 47.77, 43.68, 24.14, 43.33, 47.77, 43.68, 24.14, 43.33, 47.77, 43.68, 24.14, 43.33, 47.77, 43.68, 24.14, 43.33, 47.77, 43.68, 24.14, 43.33, 47.77, 43.68, 24.14, 43.33, 47.77, 43.68, 24.14, 43.33, 47.77, 43.68, 24.14, 43.33, 47.77, 43.68, 24.14, 43.33, 47.77, 43.68, 24.14, 43.33, 47.77, 43.68, 24.14, 43.33, 47.77, 43.68, 24.14, 43.33, 47.77, 43.68, 24.14, 43.33, 47.77, 43.68, 24.14, 43.33, 47.77, 43.68, 24.14, 43.33], Domain_BestAcc: [49.55, 53.16, 32.76, 56.67, 49.55, 53.16, 32.76, 56.67, 49.55, 53.16, 32.76, 56.67, 49.55, 53.16, 32.76, 56.67, 49.55, 53.16, 32.76, 56.67, 49.55, 53.16, 32.76, 56.67, 49.55, 53.16, 32.76, 56.67, 49.55, 53.16, 32.76, 56.67, 49.55, 53.16, 32.76, 56.67, 49.55, 53.16, 32.76, 56.67, 49.55, 53.16, 32.76, 56.67, 49.55, 53.16, 32.76, 56.67, 49.55, 53.16, 32.76, 56.67, 49.55, 53.16, 32.76, 56.67, 49.55, 53.16, 32.76, 56.67, 49.55, 53.16, 32.76, 56.67]
Prune local model 9, pr_ratio = [0.6, 0.6, 0.6, 0.6]
Prune local model 1, pr_ratio = [0.2, 0.2, 0.2, 0.2]
Prune local model 8, pr_ratio = [0.5, 0.5, 0.5, 0.5]
Prune local model 6, pr_ratio = [0.2, 0.2, 0.2, 0.2]
Prune local model 3, pr_ratio = [0.5, 0.5, 0.5, 0.5]
Prune local model 0, pr_ratio = [0, 0, 0, 0]
Prune local model 5, pr_ratio = [0, 0, 0, 0]
Prune local model 2, pr_ratio = [0.4, 0.4, 0.4, 0.4]
Prune local model 7, pr_ratio = [0.4, 0.4, 0.4, 0.4]
Prune local model 4, pr_ratio = [0.6, 0.6, 0.6, 0.6]
Round: 71, Method: dapperfl, Mean_Acc: 41.722, Best_Acc: 45.05
Domain_Acc: [46.43, 46.32, 24.14, 50.0, 46.43, 46.32, 24.14, 50.0, 46.43, 46.32, 24.14, 50.0, 46.43, 46.32, 24.14, 50.0, 46.43, 46.32, 24.14, 50.0, 46.43, 46.32, 24.14, 50.0, 46.43, 46.32, 24.14, 50.0, 46.43, 46.32, 24.14, 50.0, 46.43, 46.32, 24.14, 50.0, 46.43, 46.32, 24.14, 50.0, 46.43, 46.32, 24.14, 50.0, 46.43, 46.32, 24.14, 50.0, 46.43, 46.32, 24.14, 50.0, 46.43, 46.32, 24.14, 50.0, 46.43, 46.32, 24.14, 50.0, 46.43, 46.32, 24.14, 50.0], Domain_BestAcc: [49.55, 53.16, 32.76, 56.67, 49.55, 53.16, 32.76, 56.67, 49.55, 53.16, 32.76, 56.67, 49.55, 53.16, 32.76, 56.67, 49.55, 53.16, 32.76, 56.67, 49.55, 53.16, 32.76, 56.67, 49.55, 53.16, 32.76, 56.67, 49.55, 53.16, 32.76, 56.67, 49.55, 53.16, 32.76, 56.67, 49.55, 53.16, 32.76, 56.67, 49.55, 53.16, 32.76, 56.67, 49.55, 53.16, 32.76, 56.67, 49.55, 53.16, 32.76, 56.67, 49.55, 53.16, 32.76, 56.67, 49.55, 53.16, 32.76, 56.67, 49.55, 53.16, 32.76, 56.67]
Prune local model 2, pr_ratio = [0.4, 0.4, 0.4, 0.4]
Prune local model 9, pr_ratio = [0.6, 0.6, 0.6, 0.6]
Prune local model 5, pr_ratio = [0, 0, 0, 0]
Prune local model 0, pr_ratio = [0, 0, 0, 0]
Prune local model 4, pr_ratio = [0.6, 0.6, 0.6, 0.6]
Prune local model 8, pr_ratio = [0.5, 0.5, 0.5, 0.5]
Prune local model 3, pr_ratio = [0.5, 0.5, 0.5, 0.5]
Prune local model 1, pr_ratio = [0.2, 0.2, 0.2, 0.2]
Prune local model 7, pr_ratio = [0.4, 0.4, 0.4, 0.4]
Prune local model 6, pr_ratio = [0.2, 0.2, 0.2, 0.2]
Round: 72, Method: dapperfl, Mean_Acc: 41.538, Best_Acc: 45.05
Domain_Acc: [45.09, 48.42, 29.31, 43.33, 45.09, 48.42, 29.31, 43.33, 45.09, 48.42, 29.31, 43.33, 45.09, 48.42, 29.31, 43.33, 45.09, 48.42, 29.31, 43.33, 45.09, 48.42, 29.31, 43.33, 45.09, 48.42, 29.31, 43.33, 45.09, 48.42, 29.31, 43.33, 45.09, 48.42, 29.31, 43.33, 45.09, 48.42, 29.31, 43.33, 45.09, 48.42, 29.31, 43.33, 45.09, 48.42, 29.31, 43.33, 45.09, 48.42, 29.31, 43.33, 45.09, 48.42, 29.31, 43.33, 45.09, 48.42, 29.31, 43.33, 45.09, 48.42, 29.31, 43.33], Domain_BestAcc: [49.55, 53.16, 32.76, 56.67, 49.55, 53.16, 32.76, 56.67, 49.55, 53.16, 32.76, 56.67, 49.55, 53.16, 32.76, 56.67, 49.55, 53.16, 32.76, 56.67, 49.55, 53.16, 32.76, 56.67, 49.55, 53.16, 32.76, 56.67, 49.55, 53.16, 32.76, 56.67, 49.55, 53.16, 32.76, 56.67, 49.55, 53.16, 32.76, 56.67, 49.55, 53.16, 32.76, 56.67, 49.55, 53.16, 32.76, 56.67, 49.55, 53.16, 32.76, 56.67, 49.55, 53.16, 32.76, 56.67, 49.55, 53.16, 32.76, 56.67, 49.55, 53.16, 32.76, 56.67]
Prune local model 6, pr_ratio = [0.2, 0.2, 0.2, 0.2]
Prune local model 8, pr_ratio = [0.5, 0.5, 0.5, 0.5]
Prune local model 9, pr_ratio = [0.6, 0.6, 0.6, 0.6]
Prune local model 3, pr_ratio = [0.5, 0.5, 0.5, 0.5]
Prune local model 2, pr_ratio = [0.4, 0.4, 0.4, 0.4]
Prune local model 7, pr_ratio = [0.4, 0.4, 0.4, 0.4]
Prune local model 1, pr_ratio = [0.2, 0.2, 0.2, 0.2]
Prune local model 4, pr_ratio = [0.6, 0.6, 0.6, 0.6]
Prune local model 5, pr_ratio = [0, 0, 0, 0]
Prune local model 0, pr_ratio = [0, 0, 0, 0]
Round: 73, Method: dapperfl, Mean_Acc: 40.915, Best_Acc: 45.05
Domain_Acc: [47.77, 48.42, 24.14, 43.33, 47.77, 48.42, 24.14, 43.33, 47.77, 48.42, 24.14, 43.33, 47.77, 48.42, 24.14, 43.33, 47.77, 48.42, 24.14, 43.33, 47.77, 48.42, 24.14, 43.33, 47.77, 48.42, 24.14, 43.33, 47.77, 48.42, 24.14, 43.33, 47.77, 48.42, 24.14, 43.33, 47.77, 48.42, 24.14, 43.33, 47.77, 48.42, 24.14, 43.33, 47.77, 48.42, 24.14, 43.33, 47.77, 48.42, 24.14, 43.33, 47.77, 48.42, 24.14, 43.33, 47.77, 48.42, 24.14, 43.33, 47.77, 48.42, 24.14, 43.33], Domain_BestAcc: [49.55, 53.16, 32.76, 56.67, 49.55, 53.16, 32.76, 56.67, 49.55, 53.16, 32.76, 56.67, 49.55, 53.16, 32.76, 56.67, 49.55, 53.16, 32.76, 56.67, 49.55, 53.16, 32.76, 56.67, 49.55, 53.16, 32.76, 56.67, 49.55, 53.16, 32.76, 56.67, 49.55, 53.16, 32.76, 56.67, 49.55, 53.16, 32.76, 56.67, 49.55, 53.16, 32.76, 56.67, 49.55, 53.16, 32.76, 56.67, 49.55, 53.16, 32.76, 56.67, 49.55, 53.16, 32.76, 56.67, 49.55, 53.16, 32.76, 56.67, 49.55, 53.16, 32.76, 56.67]
Prune local model 1, pr_ratio = [0.2, 0.2, 0.2, 0.2]
Prune local model 3, pr_ratio = [0.5, 0.5, 0.5, 0.5]
Prune local model 7, pr_ratio = [0.4, 0.4, 0.4, 0.4]
Prune local model 9, pr_ratio = [0.6, 0.6, 0.6, 0.6]
Prune local model 6, pr_ratio = [0.2, 0.2, 0.2, 0.2]
Prune local model 5, pr_ratio = [0, 0, 0, 0]
Prune local model 2, pr_ratio = [0.4, 0.4, 0.4, 0.4]
Prune local model 0, pr_ratio = [0, 0, 0, 0]
Prune local model 8, pr_ratio = [0.5, 0.5, 0.5, 0.5]
Prune local model 4, pr_ratio = [0.6, 0.6, 0.6, 0.6]
Round: 74, Method: dapperfl, Mean_Acc: 41.228, Best_Acc: 45.05
Domain_Acc: [45.54, 46.84, 25.86, 46.67, 45.54, 46.84, 25.86, 46.67, 45.54, 46.84, 25.86, 46.67, 45.54, 46.84, 25.86, 46.67, 45.54, 46.84, 25.86, 46.67, 45.54, 46.84, 25.86, 46.67, 45.54, 46.84, 25.86, 46.67, 45.54, 46.84, 25.86, 46.67, 45.54, 46.84, 25.86, 46.67, 45.54, 46.84, 25.86, 46.67, 45.54, 46.84, 25.86, 46.67, 45.54, 46.84, 25.86, 46.67, 45.54, 46.84, 25.86, 46.67, 45.54, 46.84, 25.86, 46.67, 45.54, 46.84, 25.86, 46.67, 45.54, 46.84, 25.86, 46.67], Domain_BestAcc: [49.55, 53.16, 32.76, 56.67, 49.55, 53.16, 32.76, 56.67, 49.55, 53.16, 32.76, 56.67, 49.55, 53.16, 32.76, 56.67, 49.55, 53.16, 32.76, 56.67, 49.55, 53.16, 32.76, 56.67, 49.55, 53.16, 32.76, 56.67, 49.55, 53.16, 32.76, 56.67, 49.55, 53.16, 32.76, 56.67, 49.55, 53.16, 32.76, 56.67, 49.55, 53.16, 32.76, 56.67, 49.55, 53.16, 32.76, 56.67, 49.55, 53.16, 32.76, 56.67, 49.55, 53.16, 32.76, 56.67, 49.55, 53.16, 32.76, 56.67, 49.55, 53.16, 32.76, 56.67]

Domain shift at round 75:
  caltech: 7 clients
  amazon: 2 clients
  webcam: 0 clients
  dslr: 1 clients
Prune local model 9, pr_ratio = [0.6, 0.6, 0.6, 0.6]
Prune local model 2, pr_ratio = [0.4, 0.4, 0.4, 0.4]
Prune local model 4, pr_ratio = [0.6, 0.6, 0.6, 0.6]
Prune local model 0, pr_ratio = [0, 0, 0, 0]
Prune local model 5, pr_ratio = [0, 0, 0, 0]
Prune local model 8, pr_ratio = [0.5, 0.5, 0.5, 0.5]
Prune local model 7, pr_ratio = [0.4, 0.4, 0.4, 0.4]
Prune local model 1, pr_ratio = [0.2, 0.2, 0.2, 0.2]
Prune local model 3, pr_ratio = [0.5, 0.5, 0.5, 0.5]
Prune local model 6, pr_ratio = [0.2, 0.2, 0.2, 0.2]
Round: 75, Method: dapperfl, Mean_Acc: 19.06, Best_Acc: 45.05
Domain_Acc: [24.11, 26.84, 8.62, 16.67, 24.11, 26.84, 8.62, 16.67, 24.11, 26.84, 8.62, 16.67, 24.11, 26.84, 8.62, 16.67, 24.11, 26.84, 8.62, 16.67, 24.11, 26.84, 8.62, 16.67, 24.11, 26.84, 8.62, 16.67, 24.11, 26.84, 8.62, 16.67, 24.11, 26.84, 8.62, 16.67, 24.11, 26.84, 8.62, 16.67, 24.11, 26.84, 8.62, 16.67, 24.11, 26.84, 8.62, 16.67, 24.11, 26.84, 8.62, 16.67, 24.11, 26.84, 8.62, 16.67, 24.11, 26.84, 8.62, 16.67, 24.11, 26.84, 8.62, 16.67], Domain_BestAcc: [49.55, 53.16, 32.76, 56.67, 49.55, 53.16, 32.76, 56.67, 49.55, 53.16, 32.76, 56.67, 49.55, 53.16, 32.76, 56.67, 49.55, 53.16, 32.76, 56.67, 49.55, 53.16, 32.76, 56.67, 49.55, 53.16, 32.76, 56.67, 49.55, 53.16, 32.76, 56.67, 49.55, 53.16, 32.76, 56.67, 49.55, 53.16, 32.76, 56.67, 49.55, 53.16, 32.76, 56.67, 49.55, 53.16, 32.76, 56.67, 49.55, 53.16, 32.76, 56.67, 49.55, 53.16, 32.76, 56.67, 49.55, 53.16, 32.76, 56.67, 49.55, 53.16, 32.76, 56.67]
Prune local model 5, pr_ratio = [0, 0, 0, 0]
Prune local model 8, pr_ratio = [0.5, 0.5, 0.5, 0.5]
Prune local model 7, pr_ratio = [0.4, 0.4, 0.4, 0.4]
Prune local model 9, pr_ratio = [0.6, 0.6, 0.6, 0.6]
Prune local model 4, pr_ratio = [0.6, 0.6, 0.6, 0.6]
Prune local model 0, pr_ratio = [0, 0, 0, 0]
Prune local model 3, pr_ratio = [0.5, 0.5, 0.5, 0.5]
Prune local model 1, pr_ratio = [0.2, 0.2, 0.2, 0.2]
Prune local model 6, pr_ratio = [0.2, 0.2, 0.2, 0.2]
Prune local model 2, pr_ratio = [0.4, 0.4, 0.4, 0.4]
Round: 76, Method: dapperfl, Mean_Acc: 41.025, Best_Acc: 45.05
Domain_Acc: [46.88, 41.58, 18.97, 56.67, 46.88, 41.58, 18.97, 56.67, 46.88, 41.58, 18.97, 56.67, 46.88, 41.58, 18.97, 56.67, 46.88, 41.58, 18.97, 56.67, 46.88, 41.58, 18.97, 56.67, 46.88, 41.58, 18.97, 56.67, 46.88, 41.58, 18.97, 56.67, 46.88, 41.58, 18.97, 56.67, 46.88, 41.58, 18.97, 56.67, 46.88, 41.58, 18.97, 56.67, 46.88, 41.58, 18.97, 56.67, 46.88, 41.58, 18.97, 56.67, 46.88, 41.58, 18.97, 56.67, 46.88, 41.58, 18.97, 56.67, 46.88, 41.58, 18.97, 56.67], Domain_BestAcc: [49.55, 53.16, 32.76, 56.67, 49.55, 53.16, 32.76, 56.67, 49.55, 53.16, 32.76, 56.67, 49.55, 53.16, 32.76, 56.67, 49.55, 53.16, 32.76, 56.67, 49.55, 53.16, 32.76, 56.67, 49.55, 53.16, 32.76, 56.67, 49.55, 53.16, 32.76, 56.67, 49.55, 53.16, 32.76, 56.67, 49.55, 53.16, 32.76, 56.67, 49.55, 53.16, 32.76, 56.67, 49.55, 53.16, 32.76, 56.67, 49.55, 53.16, 32.76, 56.67, 49.55, 53.16, 32.76, 56.67, 49.55, 53.16, 32.76, 56.67, 49.55, 53.16, 32.76, 56.67]
Prune local model 1, pr_ratio = [0.2, 0.2, 0.2, 0.2]
Prune local model 9, pr_ratio = [0.6, 0.6, 0.6, 0.6]
Prune local model 0, pr_ratio = [0, 0, 0, 0]
Prune local model 2, pr_ratio = [0.4, 0.4, 0.4, 0.4]
Prune local model 4, pr_ratio = [0.6, 0.6, 0.6, 0.6]
Prune local model 3, pr_ratio = [0.5, 0.5, 0.5, 0.5]
Prune local model 6, pr_ratio = [0.2, 0.2, 0.2, 0.2]
Prune local model 5, pr_ratio = [0, 0, 0, 0]
Prune local model 8, pr_ratio = [0.5, 0.5, 0.5, 0.5]
Prune local model 7, pr_ratio = [0.4, 0.4, 0.4, 0.4]
Round: 77, Method: dapperfl, Mean_Acc: 43.8, Best_Acc: 45.05
Domain_Acc: [48.66, 48.95, 27.59, 50.0, 48.66, 48.95, 27.59, 50.0, 48.66, 48.95, 27.59, 50.0, 48.66, 48.95, 27.59, 50.0, 48.66, 48.95, 27.59, 50.0, 48.66, 48.95, 27.59, 50.0, 48.66, 48.95, 27.59, 50.0, 48.66, 48.95, 27.59, 50.0, 48.66, 48.95, 27.59, 50.0, 48.66, 48.95, 27.59, 50.0, 48.66, 48.95, 27.59, 50.0, 48.66, 48.95, 27.59, 50.0, 48.66, 48.95, 27.59, 50.0, 48.66, 48.95, 27.59, 50.0, 48.66, 48.95, 27.59, 50.0, 48.66, 48.95, 27.59, 50.0], Domain_BestAcc: [49.55, 53.16, 32.76, 56.67, 49.55, 53.16, 32.76, 56.67, 49.55, 53.16, 32.76, 56.67, 49.55, 53.16, 32.76, 56.67, 49.55, 53.16, 32.76, 56.67, 49.55, 53.16, 32.76, 56.67, 49.55, 53.16, 32.76, 56.67, 49.55, 53.16, 32.76, 56.67, 49.55, 53.16, 32.76, 56.67, 49.55, 53.16, 32.76, 56.67, 49.55, 53.16, 32.76, 56.67, 49.55, 53.16, 32.76, 56.67, 49.55, 53.16, 32.76, 56.67, 49.55, 53.16, 32.76, 56.67, 49.55, 53.16, 32.76, 56.67, 49.55, 53.16, 32.76, 56.67]
Prune local model 4, pr_ratio = [0.6, 0.6, 0.6, 0.6]
Prune local model 7, pr_ratio = [0.4, 0.4, 0.4, 0.4]
Prune local model 3, pr_ratio = [0.5, 0.5, 0.5, 0.5]
Prune local model 6, pr_ratio = [0.2, 0.2, 0.2, 0.2]
Prune local model 2, pr_ratio = [0.4, 0.4, 0.4, 0.4]
Prune local model 0, pr_ratio = [0, 0, 0, 0]
Prune local model 9, pr_ratio = [0.6, 0.6, 0.6, 0.6]
Prune local model 1, pr_ratio = [0.2, 0.2, 0.2, 0.2]
Prune local model 8, pr_ratio = [0.5, 0.5, 0.5, 0.5]
Prune local model 5, pr_ratio = [0, 0, 0, 0]
Round: 78, Method: dapperfl, Mean_Acc: 44.172, Best_Acc: 45.05
Domain_Acc: [45.54, 50.0, 34.48, 46.67, 45.54, 50.0, 34.48, 46.67, 45.54, 50.0, 34.48, 46.67, 45.54, 50.0, 34.48, 46.67, 45.54, 50.0, 34.48, 46.67, 45.54, 50.0, 34.48, 46.67, 45.54, 50.0, 34.48, 46.67, 45.54, 50.0, 34.48, 46.67, 45.54, 50.0, 34.48, 46.67, 45.54, 50.0, 34.48, 46.67, 45.54, 50.0, 34.48, 46.67, 45.54, 50.0, 34.48, 46.67, 45.54, 50.0, 34.48, 46.67, 45.54, 50.0, 34.48, 46.67, 45.54, 50.0, 34.48, 46.67, 45.54, 50.0, 34.48, 46.67], Domain_BestAcc: [49.55, 53.16, 34.48, 56.67, 49.55, 53.16, 34.48, 56.67, 49.55, 53.16, 34.48, 56.67, 49.55, 53.16, 34.48, 56.67, 49.55, 53.16, 34.48, 56.67, 49.55, 53.16, 34.48, 56.67, 49.55, 53.16, 34.48, 56.67, 49.55, 53.16, 34.48, 56.67, 49.55, 53.16, 34.48, 56.67, 49.55, 53.16, 34.48, 56.67, 49.55, 53.16, 34.48, 56.67, 49.55, 53.16, 34.48, 56.67, 49.55, 53.16, 34.48, 56.67, 49.55, 53.16, 34.48, 56.67, 49.55, 53.16, 34.48, 56.67, 49.55, 53.16, 34.48, 56.67]
Prune local model 2, pr_ratio = [0.4, 0.4, 0.4, 0.4]
Prune local model 1, pr_ratio = [0.2, 0.2, 0.2, 0.2]
Prune local model 9, pr_ratio = [0.6, 0.6, 0.6, 0.6]
Prune local model 6, pr_ratio = [0.2, 0.2, 0.2, 0.2]
Prune local model 0, pr_ratio = [0, 0, 0, 0]
Prune local model 4, pr_ratio = [0.6, 0.6, 0.6, 0.6]
Prune local model 7, pr_ratio = [0.4, 0.4, 0.4, 0.4]
Prune local model 5, pr_ratio = [0, 0, 0, 0]
Prune local model 3, pr_ratio = [0.5, 0.5, 0.5, 0.5]
Prune local model 8, pr_ratio = [0.5, 0.5, 0.5, 0.5]
Round: 79, Method: dapperfl, Mean_Acc: 40.215, Best_Acc: 45.05
Domain_Acc: [47.77, 48.95, 24.14, 40.0, 47.77, 48.95, 24.14, 40.0, 47.77, 48.95, 24.14, 40.0, 47.77, 48.95, 24.14, 40.0, 47.77, 48.95, 24.14, 40.0, 47.77, 48.95, 24.14, 40.0, 47.77, 48.95, 24.14, 40.0, 47.77, 48.95, 24.14, 40.0, 47.77, 48.95, 24.14, 40.0, 47.77, 48.95, 24.14, 40.0, 47.77, 48.95, 24.14, 40.0, 47.77, 48.95, 24.14, 40.0, 47.77, 48.95, 24.14, 40.0, 47.77, 48.95, 24.14, 40.0, 47.77, 48.95, 24.14, 40.0, 47.77, 48.95, 24.14, 40.0], Domain_BestAcc: [49.55, 53.16, 34.48, 56.67, 49.55, 53.16, 34.48, 56.67, 49.55, 53.16, 34.48, 56.67, 49.55, 53.16, 34.48, 56.67, 49.55, 53.16, 34.48, 56.67, 49.55, 53.16, 34.48, 56.67, 49.55, 53.16, 34.48, 56.67, 49.55, 53.16, 34.48, 56.67, 49.55, 53.16, 34.48, 56.67, 49.55, 53.16, 34.48, 56.67, 49.55, 53.16, 34.48, 56.67, 49.55, 53.16, 34.48, 56.67, 49.55, 53.16, 34.48, 56.67, 49.55, 53.16, 34.48, 56.67, 49.55, 53.16, 34.48, 56.67, 49.55, 53.16, 34.48, 56.67]

Domain shift at round 80:
  caltech: 4 clients
  amazon: 2 clients
  webcam: 2 clients
  dslr: 2 clients
Prune local model 8, pr_ratio = [0.5, 0.5, 0.5, 0.5]
Prune local model 4, pr_ratio = [0.6, 0.6, 0.6, 0.6]
Prune local model 7, pr_ratio = [0.4, 0.4, 0.4, 0.4]
Prune local model 1, pr_ratio = [0.2, 0.2, 0.2, 0.2]
Prune local model 9, pr_ratio = [0.6, 0.6, 0.6, 0.6]
Prune local model 0, pr_ratio = [0, 0, 0, 0]
Prune local model 2, pr_ratio = [0.4, 0.4, 0.4, 0.4]
Prune local model 3, pr_ratio = [0.5, 0.5, 0.5, 0.5]
Prune local model 5, pr_ratio = [0, 0, 0, 0]
Prune local model 6, pr_ratio = [0.2, 0.2, 0.2, 0.2]
Round: 80, Method: dapperfl, Mean_Acc: 41.798, Best_Acc: 45.05
Domain_Acc: [47.32, 48.95, 27.59, 43.33, 47.32, 48.95, 27.59, 43.33, 47.32, 48.95, 27.59, 43.33, 47.32, 48.95, 27.59, 43.33, 47.32, 48.95, 27.59, 43.33, 47.32, 48.95, 27.59, 43.33, 47.32, 48.95, 27.59, 43.33, 47.32, 48.95, 27.59, 43.33, 47.32, 48.95, 27.59, 43.33, 47.32, 48.95, 27.59, 43.33, 47.32, 48.95, 27.59, 43.33, 47.32, 48.95, 27.59, 43.33, 47.32, 48.95, 27.59, 43.33, 47.32, 48.95, 27.59, 43.33, 47.32, 48.95, 27.59, 43.33, 47.32, 48.95, 27.59, 43.33], Domain_BestAcc: [49.55, 53.16, 34.48, 56.67, 49.55, 53.16, 34.48, 56.67, 49.55, 53.16, 34.48, 56.67, 49.55, 53.16, 34.48, 56.67, 49.55, 53.16, 34.48, 56.67, 49.55, 53.16, 34.48, 56.67, 49.55, 53.16, 34.48, 56.67, 49.55, 53.16, 34.48, 56.67, 49.55, 53.16, 34.48, 56.67, 49.55, 53.16, 34.48, 56.67, 49.55, 53.16, 34.48, 56.67, 49.55, 53.16, 34.48, 56.67, 49.55, 53.16, 34.48, 56.67, 49.55, 53.16, 34.48, 56.67, 49.55, 53.16, 34.48, 56.67, 49.55, 53.16, 34.48, 56.67]
Prune local model 8, pr_ratio = [0.5, 0.5, 0.5, 0.5]
Prune local model 1, pr_ratio = [0.2, 0.2, 0.2, 0.2]
Prune local model 6, pr_ratio = [0.2, 0.2, 0.2, 0.2]
Prune local model 4, pr_ratio = [0.6, 0.6, 0.6, 0.6]
Prune local model 2, pr_ratio = [0.4, 0.4, 0.4, 0.4]
Prune local model 9, pr_ratio = [0.6, 0.6, 0.6, 0.6]
Prune local model 5, pr_ratio = [0, 0, 0, 0]
Prune local model 3, pr_ratio = [0.5, 0.5, 0.5, 0.5]
Prune local model 7, pr_ratio = [0.4, 0.4, 0.4, 0.4]
Prune local model 0, pr_ratio = [0, 0, 0, 0]
Round: 81, Method: dapperfl, Mean_Acc: 39.13, Best_Acc: 45.05
Domain_Acc: [44.64, 49.47, 22.41, 40.0, 44.64, 49.47, 22.41, 40.0, 44.64, 49.47, 22.41, 40.0, 44.64, 49.47, 22.41, 40.0, 44.64, 49.47, 22.41, 40.0, 44.64, 49.47, 22.41, 40.0, 44.64, 49.47, 22.41, 40.0, 44.64, 49.47, 22.41, 40.0, 44.64, 49.47, 22.41, 40.0, 44.64, 49.47, 22.41, 40.0, 44.64, 49.47, 22.41, 40.0, 44.64, 49.47, 22.41, 40.0, 44.64, 49.47, 22.41, 40.0, 44.64, 49.47, 22.41, 40.0, 44.64, 49.47, 22.41, 40.0, 44.64, 49.47, 22.41, 40.0], Domain_BestAcc: [49.55, 53.16, 34.48, 56.67, 49.55, 53.16, 34.48, 56.67, 49.55, 53.16, 34.48, 56.67, 49.55, 53.16, 34.48, 56.67, 49.55, 53.16, 34.48, 56.67, 49.55, 53.16, 34.48, 56.67, 49.55, 53.16, 34.48, 56.67, 49.55, 53.16, 34.48, 56.67, 49.55, 53.16, 34.48, 56.67, 49.55, 53.16, 34.48, 56.67, 49.55, 53.16, 34.48, 56.67, 49.55, 53.16, 34.48, 56.67, 49.55, 53.16, 34.48, 56.67, 49.55, 53.16, 34.48, 56.67, 49.55, 53.16, 34.48, 56.67, 49.55, 53.16, 34.48, 56.67]
Prune local model 8, pr_ratio = [0.5, 0.5, 0.5, 0.5]
Prune local model 5, pr_ratio = [0, 0, 0, 0]
Prune local model 2, pr_ratio = [0.4, 0.4, 0.4, 0.4]
Prune local model 1, pr_ratio = [0.2, 0.2, 0.2, 0.2]
Prune local model 3, pr_ratio = [0.5, 0.5, 0.5, 0.5]
Prune local model 7, pr_ratio = [0.4, 0.4, 0.4, 0.4]
Prune local model 9, pr_ratio = [0.6, 0.6, 0.6, 0.6]
Prune local model 6, pr_ratio = [0.2, 0.2, 0.2, 0.2]
Prune local model 4, pr_ratio = [0.6, 0.6, 0.6, 0.6]
Prune local model 0, pr_ratio = [0, 0, 0, 0]
Round: 82, Method: dapperfl, Mean_Acc: 35.64, Best_Acc: 45.05
Domain_Acc: [35.71, 34.21, 29.31, 43.33, 35.71, 34.21, 29.31, 43.33, 35.71, 34.21, 29.31, 43.33, 35.71, 34.21, 29.31, 43.33, 35.71, 34.21, 29.31, 43.33, 35.71, 34.21, 29.31, 43.33, 35.71, 34.21, 29.31, 43.33, 35.71, 34.21, 29.31, 43.33, 35.71, 34.21, 29.31, 43.33, 35.71, 34.21, 29.31, 43.33, 35.71, 34.21, 29.31, 43.33, 35.71, 34.21, 29.31, 43.33, 35.71, 34.21, 29.31, 43.33, 35.71, 34.21, 29.31, 43.33, 35.71, 34.21, 29.31, 43.33, 35.71, 34.21, 29.31, 43.33], Domain_BestAcc: [49.55, 53.16, 34.48, 56.67, 49.55, 53.16, 34.48, 56.67, 49.55, 53.16, 34.48, 56.67, 49.55, 53.16, 34.48, 56.67, 49.55, 53.16, 34.48, 56.67, 49.55, 53.16, 34.48, 56.67, 49.55, 53.16, 34.48, 56.67, 49.55, 53.16, 34.48, 56.67, 49.55, 53.16, 34.48, 56.67, 49.55, 53.16, 34.48, 56.67, 49.55, 53.16, 34.48, 56.67, 49.55, 53.16, 34.48, 56.67, 49.55, 53.16, 34.48, 56.67, 49.55, 53.16, 34.48, 56.67, 49.55, 53.16, 34.48, 56.67, 49.55, 53.16, 34.48, 56.67]
Prune local model 2, pr_ratio = [0.4, 0.4, 0.4, 0.4]
Prune local model 0, pr_ratio = [0, 0, 0, 0]
Prune local model 6, pr_ratio = [0.2, 0.2, 0.2, 0.2]
Prune local model 1, pr_ratio = [0.2, 0.2, 0.2, 0.2]
Prune local model 8, pr_ratio = [0.5, 0.5, 0.5, 0.5]
Prune local model 3, pr_ratio = [0.5, 0.5, 0.5, 0.5]
Prune local model 7, pr_ratio = [0.4, 0.4, 0.4, 0.4]
Prune local model 9, pr_ratio = [0.6, 0.6, 0.6, 0.6]
Prune local model 4, pr_ratio = [0.6, 0.6, 0.6, 0.6]
Prune local model 5, pr_ratio = [0, 0, 0, 0]
Round: 83, Method: dapperfl, Mean_Acc: 29.065, Best_Acc: 45.05
Domain_Acc: [37.5, 38.42, 10.34, 30.0, 37.5, 38.42, 10.34, 30.0, 37.5, 38.42, 10.34, 30.0, 37.5, 38.42, 10.34, 30.0, 37.5, 38.42, 10.34, 30.0, 37.5, 38.42, 10.34, 30.0, 37.5, 38.42, 10.34, 30.0, 37.5, 38.42, 10.34, 30.0, 37.5, 38.42, 10.34, 30.0, 37.5, 38.42, 10.34, 30.0, 37.5, 38.42, 10.34, 30.0, 37.5, 38.42, 10.34, 30.0, 37.5, 38.42, 10.34, 30.0, 37.5, 38.42, 10.34, 30.0, 37.5, 38.42, 10.34, 30.0, 37.5, 38.42, 10.34, 30.0], Domain_BestAcc: [49.55, 53.16, 34.48, 56.67, 49.55, 53.16, 34.48, 56.67, 49.55, 53.16, 34.48, 56.67, 49.55, 53.16, 34.48, 56.67, 49.55, 53.16, 34.48, 56.67, 49.55, 53.16, 34.48, 56.67, 49.55, 53.16, 34.48, 56.67, 49.55, 53.16, 34.48, 56.67, 49.55, 53.16, 34.48, 56.67, 49.55, 53.16, 34.48, 56.67, 49.55, 53.16, 34.48, 56.67, 49.55, 53.16, 34.48, 56.67, 49.55, 53.16, 34.48, 56.67, 49.55, 53.16, 34.48, 56.67, 49.55, 53.16, 34.48, 56.67, 49.55, 53.16, 34.48, 56.67]
Prune local model 3, pr_ratio = [0.5, 0.5, 0.5, 0.5]
Prune local model 9, pr_ratio = [0.6, 0.6, 0.6, 0.6]
Prune local model 4, pr_ratio = [0.6, 0.6, 0.6, 0.6]
Prune local model 1, pr_ratio = [0.2, 0.2, 0.2, 0.2]
Prune local model 5, pr_ratio = [0, 0, 0, 0]
Prune local model 6, pr_ratio = [0.2, 0.2, 0.2, 0.2]
Prune local model 8, pr_ratio = [0.5, 0.5, 0.5, 0.5]
Prune local model 0, pr_ratio = [0, 0, 0, 0]
Prune local model 7, pr_ratio = [0.4, 0.4, 0.4, 0.4]
Prune local model 2, pr_ratio = [0.4, 0.4, 0.4, 0.4]
Round: 84, Method: dapperfl, Mean_Acc: 40.222, Best_Acc: 45.05
Domain_Acc: [44.64, 42.11, 24.14, 50.0, 44.64, 42.11, 24.14, 50.0, 44.64, 42.11, 24.14, 50.0, 44.64, 42.11, 24.14, 50.0, 44.64, 42.11, 24.14, 50.0, 44.64, 42.11, 24.14, 50.0, 44.64, 42.11, 24.14, 50.0, 44.64, 42.11, 24.14, 50.0, 44.64, 42.11, 24.14, 50.0, 44.64, 42.11, 24.14, 50.0, 44.64, 42.11, 24.14, 50.0, 44.64, 42.11, 24.14, 50.0, 44.64, 42.11, 24.14, 50.0, 44.64, 42.11, 24.14, 50.0, 44.64, 42.11, 24.14, 50.0, 44.64, 42.11, 24.14, 50.0], Domain_BestAcc: [49.55, 53.16, 34.48, 56.67, 49.55, 53.16, 34.48, 56.67, 49.55, 53.16, 34.48, 56.67, 49.55, 53.16, 34.48, 56.67, 49.55, 53.16, 34.48, 56.67, 49.55, 53.16, 34.48, 56.67, 49.55, 53.16, 34.48, 56.67, 49.55, 53.16, 34.48, 56.67, 49.55, 53.16, 34.48, 56.67, 49.55, 53.16, 34.48, 56.67, 49.55, 53.16, 34.48, 56.67, 49.55, 53.16, 34.48, 56.67, 49.55, 53.16, 34.48, 56.67, 49.55, 53.16, 34.48, 56.67, 49.55, 53.16, 34.48, 56.67, 49.55, 53.16, 34.48, 56.67]

Domain shift at round 85:
  caltech: 1 clients
  amazon: 3 clients
  webcam: 2 clients
  dslr: 4 clients
Prune local model 6, pr_ratio = [0.2, 0.2, 0.2, 0.2]
Prune local model 1, pr_ratio = [0.2, 0.2, 0.2, 0.2]
Prune local model 3, pr_ratio = [0.5, 0.5, 0.5, 0.5]
Prune local model 8, pr_ratio = [0.5, 0.5, 0.5, 0.5]
Prune local model 5, pr_ratio = [0, 0, 0, 0]
Prune local model 0, pr_ratio = [0, 0, 0, 0]
Prune local model 4, pr_ratio = [0.6, 0.6, 0.6, 0.6]
Prune local model 9, pr_ratio = [0.6, 0.6, 0.6, 0.6]
Prune local model 7, pr_ratio = [0.4, 0.4, 0.4, 0.4]
Prune local model 2, pr_ratio = [0.4, 0.4, 0.4, 0.4]
Round: 85, Method: dapperfl, Mean_Acc: 43.815, Best_Acc: 45.05
Domain_Acc: [46.88, 48.95, 32.76, 46.67, 46.88, 48.95, 32.76, 46.67, 46.88, 48.95, 32.76, 46.67, 46.88, 48.95, 32.76, 46.67, 46.88, 48.95, 32.76, 46.67, 46.88, 48.95, 32.76, 46.67, 46.88, 48.95, 32.76, 46.67, 46.88, 48.95, 32.76, 46.67, 46.88, 48.95, 32.76, 46.67, 46.88, 48.95, 32.76, 46.67, 46.88, 48.95, 32.76, 46.67, 46.88, 48.95, 32.76, 46.67, 46.88, 48.95, 32.76, 46.67, 46.88, 48.95, 32.76, 46.67, 46.88, 48.95, 32.76, 46.67, 46.88, 48.95, 32.76, 46.67], Domain_BestAcc: [49.55, 53.16, 34.48, 56.67, 49.55, 53.16, 34.48, 56.67, 49.55, 53.16, 34.48, 56.67, 49.55, 53.16, 34.48, 56.67, 49.55, 53.16, 34.48, 56.67, 49.55, 53.16, 34.48, 56.67, 49.55, 53.16, 34.48, 56.67, 49.55, 53.16, 34.48, 56.67, 49.55, 53.16, 34.48, 56.67, 49.55, 53.16, 34.48, 56.67, 49.55, 53.16, 34.48, 56.67, 49.55, 53.16, 34.48, 56.67, 49.55, 53.16, 34.48, 56.67, 49.55, 53.16, 34.48, 56.67, 49.55, 53.16, 34.48, 56.67, 49.55, 53.16, 34.48, 56.67]
Prune local model 6, pr_ratio = [0.2, 0.2, 0.2, 0.2]
Prune local model 3, pr_ratio = [0.5, 0.5, 0.5, 0.5]
Prune local model 8, pr_ratio = [0.5, 0.5, 0.5, 0.5]
Prune local model 0, pr_ratio = [0, 0, 0, 0]
Prune local model 1, pr_ratio = [0.2, 0.2, 0.2, 0.2]
Prune local model 4, pr_ratio = [0.6, 0.6, 0.6, 0.6]
Prune local model 2, pr_ratio = [0.4, 0.4, 0.4, 0.4]
Prune local model 7, pr_ratio = [0.4, 0.4, 0.4, 0.4]
Prune local model 9, pr_ratio = [0.6, 0.6, 0.6, 0.6]
Prune local model 5, pr_ratio = [0, 0, 0, 0]
Round: 86, Method: dapperfl, Mean_Acc: 44.613, Best_Acc: 45.05
Domain_Acc: [49.55, 49.47, 32.76, 46.67, 49.55, 49.47, 32.76, 46.67, 49.55, 49.47, 32.76, 46.67, 49.55, 49.47, 32.76, 46.67, 49.55, 49.47, 32.76, 46.67, 49.55, 49.47, 32.76, 46.67, 49.55, 49.47, 32.76, 46.67, 49.55, 49.47, 32.76, 46.67, 49.55, 49.47, 32.76, 46.67, 49.55, 49.47, 32.76, 46.67, 49.55, 49.47, 32.76, 46.67, 49.55, 49.47, 32.76, 46.67, 49.55, 49.47, 32.76, 46.67, 49.55, 49.47, 32.76, 46.67, 49.55, 49.47, 32.76, 46.67, 49.55, 49.47, 32.76, 46.67], Domain_BestAcc: [49.55, 53.16, 34.48, 56.67, 49.55, 53.16, 34.48, 56.67, 49.55, 53.16, 34.48, 56.67, 49.55, 53.16, 34.48, 56.67, 49.55, 53.16, 34.48, 56.67, 49.55, 53.16, 34.48, 56.67, 49.55, 53.16, 34.48, 56.67, 49.55, 53.16, 34.48, 56.67, 49.55, 53.16, 34.48, 56.67, 49.55, 53.16, 34.48, 56.67, 49.55, 53.16, 34.48, 56.67, 49.55, 53.16, 34.48, 56.67, 49.55, 53.16, 34.48, 56.67, 49.55, 53.16, 34.48, 56.67, 49.55, 53.16, 34.48, 56.67, 49.55, 53.16, 34.48, 56.67]
Prune local model 1, pr_ratio = [0.2, 0.2, 0.2, 0.2]
Prune local model 5, pr_ratio = [0, 0, 0, 0]
Prune local model 6, pr_ratio = [0.2, 0.2, 0.2, 0.2]
Prune local model 3, pr_ratio = [0.5, 0.5, 0.5, 0.5]
Prune local model 4, pr_ratio = [0.6, 0.6, 0.6, 0.6]
Prune local model 9, pr_ratio = [0.6, 0.6, 0.6, 0.6]
Prune local model 7, pr_ratio = [0.4, 0.4, 0.4, 0.4]
Prune local model 2, pr_ratio = [0.4, 0.4, 0.4, 0.4]
Prune local model 0, pr_ratio = [0, 0, 0, 0]
Prune local model 8, pr_ratio = [0.5, 0.5, 0.5, 0.5]
Round: 87, Method: dapperfl, Mean_Acc: 44.372, Best_Acc: 45.05
Domain_Acc: [47.77, 50.53, 25.86, 53.33, 47.77, 50.53, 25.86, 53.33, 47.77, 50.53, 25.86, 53.33, 47.77, 50.53, 25.86, 53.33, 47.77, 50.53, 25.86, 53.33, 47.77, 50.53, 25.86, 53.33, 47.77, 50.53, 25.86, 53.33, 47.77, 50.53, 25.86, 53.33, 47.77, 50.53, 25.86, 53.33, 47.77, 50.53, 25.86, 53.33, 47.77, 50.53, 25.86, 53.33, 47.77, 50.53, 25.86, 53.33, 47.77, 50.53, 25.86, 53.33, 47.77, 50.53, 25.86, 53.33, 47.77, 50.53, 25.86, 53.33, 47.77, 50.53, 25.86, 53.33], Domain_BestAcc: [49.55, 53.16, 34.48, 56.67, 49.55, 53.16, 34.48, 56.67, 49.55, 53.16, 34.48, 56.67, 49.55, 53.16, 34.48, 56.67, 49.55, 53.16, 34.48, 56.67, 49.55, 53.16, 34.48, 56.67, 49.55, 53.16, 34.48, 56.67, 49.55, 53.16, 34.48, 56.67, 49.55, 53.16, 34.48, 56.67, 49.55, 53.16, 34.48, 56.67, 49.55, 53.16, 34.48, 56.67, 49.55, 53.16, 34.48, 56.67, 49.55, 53.16, 34.48, 56.67, 49.55, 53.16, 34.48, 56.67, 49.55, 53.16, 34.48, 56.67, 49.55, 53.16, 34.48, 56.67]
Prune local model 8, pr_ratio = [0.5, 0.5, 0.5, 0.5]
Prune local model 5, pr_ratio = [0, 0, 0, 0]
Prune local model 6, pr_ratio = [0.2, 0.2, 0.2, 0.2]
Prune local model 9, pr_ratio = [0.6, 0.6, 0.6, 0.6]
Prune local model 7, pr_ratio = [0.4, 0.4, 0.4, 0.4]
Prune local model 3, pr_ratio = [0.5, 0.5, 0.5, 0.5]
Prune local model 4, pr_ratio = [0.6, 0.6, 0.6, 0.6]
Prune local model 1, pr_ratio = [0.2, 0.2, 0.2, 0.2]
Prune local model 2, pr_ratio = [0.4, 0.4, 0.4, 0.4]
Prune local model 0, pr_ratio = [0, 0, 0, 0]
Round: 88, Method: dapperfl, Mean_Acc: 33.87, Best_Acc: 45.05
Domain_Acc: [37.95, 36.84, 20.69, 40.0, 37.95, 36.84, 20.69, 40.0, 37.95, 36.84, 20.69, 40.0, 37.95, 36.84, 20.69, 40.0, 37.95, 36.84, 20.69, 40.0, 37.95, 36.84, 20.69, 40.0, 37.95, 36.84, 20.69, 40.0, 37.95, 36.84, 20.69, 40.0, 37.95, 36.84, 20.69, 40.0, 37.95, 36.84, 20.69, 40.0, 37.95, 36.84, 20.69, 40.0, 37.95, 36.84, 20.69, 40.0, 37.95, 36.84, 20.69, 40.0, 37.95, 36.84, 20.69, 40.0, 37.95, 36.84, 20.69, 40.0, 37.95, 36.84, 20.69, 40.0], Domain_BestAcc: [49.55, 53.16, 34.48, 56.67, 49.55, 53.16, 34.48, 56.67, 49.55, 53.16, 34.48, 56.67, 49.55, 53.16, 34.48, 56.67, 49.55, 53.16, 34.48, 56.67, 49.55, 53.16, 34.48, 56.67, 49.55, 53.16, 34.48, 56.67, 49.55, 53.16, 34.48, 56.67, 49.55, 53.16, 34.48, 56.67, 49.55, 53.16, 34.48, 56.67, 49.55, 53.16, 34.48, 56.67, 49.55, 53.16, 34.48, 56.67, 49.55, 53.16, 34.48, 56.67, 49.55, 53.16, 34.48, 56.67, 49.55, 53.16, 34.48, 56.67, 49.55, 53.16, 34.48, 56.67]
Prune local model 6, pr_ratio = [0.2, 0.2, 0.2, 0.2]
Prune local model 5, pr_ratio = [0, 0, 0, 0]
Prune local model 8, pr_ratio = [0.5, 0.5, 0.5, 0.5]
Prune local model 2, pr_ratio = [0.4, 0.4, 0.4, 0.4]
Prune local model 4, pr_ratio = [0.6, 0.6, 0.6, 0.6]
Prune local model 0, pr_ratio = [0, 0, 0, 0]
Prune local model 1, pr_ratio = [0.2, 0.2, 0.2, 0.2]
Prune local model 3, pr_ratio = [0.5, 0.5, 0.5, 0.5]
Prune local model 7, pr_ratio = [0.4, 0.4, 0.4, 0.4]
Prune local model 9, pr_ratio = [0.6, 0.6, 0.6, 0.6]
Round: 89, Method: dapperfl, Mean_Acc: 23.472, Best_Acc: 45.05
Domain_Acc: [29.02, 29.47, 12.07, 23.33, 29.02, 29.47, 12.07, 23.33, 29.02, 29.47, 12.07, 23.33, 29.02, 29.47, 12.07, 23.33, 29.02, 29.47, 12.07, 23.33, 29.02, 29.47, 12.07, 23.33, 29.02, 29.47, 12.07, 23.33, 29.02, 29.47, 12.07, 23.33, 29.02, 29.47, 12.07, 23.33, 29.02, 29.47, 12.07, 23.33, 29.02, 29.47, 12.07, 23.33, 29.02, 29.47, 12.07, 23.33, 29.02, 29.47, 12.07, 23.33, 29.02, 29.47, 12.07, 23.33, 29.02, 29.47, 12.07, 23.33, 29.02, 29.47, 12.07, 23.33], Domain_BestAcc: [49.55, 53.16, 34.48, 56.67, 49.55, 53.16, 34.48, 56.67, 49.55, 53.16, 34.48, 56.67, 49.55, 53.16, 34.48, 56.67, 49.55, 53.16, 34.48, 56.67, 49.55, 53.16, 34.48, 56.67, 49.55, 53.16, 34.48, 56.67, 49.55, 53.16, 34.48, 56.67, 49.55, 53.16, 34.48, 56.67, 49.55, 53.16, 34.48, 56.67, 49.55, 53.16, 34.48, 56.67, 49.55, 53.16, 34.48, 56.67, 49.55, 53.16, 34.48, 56.67, 49.55, 53.16, 34.48, 56.67, 49.55, 53.16, 34.48, 56.67, 49.55, 53.16, 34.48, 56.67]

Domain shift at round 90:
  caltech: 2 clients
  amazon: 3 clients
  webcam: 2 clients
  dslr: 3 clients
Prune local model 2, pr_ratio = [0.4, 0.4, 0.4, 0.4]
Prune local model 6, pr_ratio = [0.2, 0.2, 0.2, 0.2]
Prune local model 0, pr_ratio = [0, 0, 0, 0]
Prune local model 8, pr_ratio = [0.5, 0.5, 0.5, 0.5]
Prune local model 3, pr_ratio = [0.5, 0.5, 0.5, 0.5]
Prune local model 1, pr_ratio = [0.2, 0.2, 0.2, 0.2]
Prune local model 9, pr_ratio = [0.6, 0.6, 0.6, 0.6]
Prune local model 4, pr_ratio = [0.6, 0.6, 0.6, 0.6]
Prune local model 5, pr_ratio = [0, 0, 0, 0]
Prune local model 7, pr_ratio = [0.4, 0.4, 0.4, 0.4]
Round: 90, Method: dapperfl, Mean_Acc: 41.22, Best_Acc: 45.05
Domain_Acc: [45.54, 48.42, 27.59, 43.33, 45.54, 48.42, 27.59, 43.33, 45.54, 48.42, 27.59, 43.33, 45.54, 48.42, 27.59, 43.33, 45.54, 48.42, 27.59, 43.33, 45.54, 48.42, 27.59, 43.33, 45.54, 48.42, 27.59, 43.33, 45.54, 48.42, 27.59, 43.33, 45.54, 48.42, 27.59, 43.33, 45.54, 48.42, 27.59, 43.33, 45.54, 48.42, 27.59, 43.33, 45.54, 48.42, 27.59, 43.33, 45.54, 48.42, 27.59, 43.33, 45.54, 48.42, 27.59, 43.33, 45.54, 48.42, 27.59, 43.33, 45.54, 48.42, 27.59, 43.33], Domain_BestAcc: [49.55, 53.16, 34.48, 56.67, 49.55, 53.16, 34.48, 56.67, 49.55, 53.16, 34.48, 56.67, 49.55, 53.16, 34.48, 56.67, 49.55, 53.16, 34.48, 56.67, 49.55, 53.16, 34.48, 56.67, 49.55, 53.16, 34.48, 56.67, 49.55, 53.16, 34.48, 56.67, 49.55, 53.16, 34.48, 56.67, 49.55, 53.16, 34.48, 56.67, 49.55, 53.16, 34.48, 56.67, 49.55, 53.16, 34.48, 56.67, 49.55, 53.16, 34.48, 56.67, 49.55, 53.16, 34.48, 56.67, 49.55, 53.16, 34.48, 56.67, 49.55, 53.16, 34.48, 56.67]
Prune local model 5, pr_ratio = [0, 0, 0, 0]
Prune local model 2, pr_ratio = [0.4, 0.4, 0.4, 0.4]
Prune local model 3, pr_ratio = [0.5, 0.5, 0.5, 0.5]
Prune local model 8, pr_ratio = [0.5, 0.5, 0.5, 0.5]
Prune local model 0, pr_ratio = [0, 0, 0, 0]
Prune local model 9, pr_ratio = [0.6, 0.6, 0.6, 0.6]
Prune local model 1, pr_ratio = [0.2, 0.2, 0.2, 0.2]
Prune local model 7, pr_ratio = [0.4, 0.4, 0.4, 0.4]
Prune local model 4, pr_ratio = [0.6, 0.6, 0.6, 0.6]
Prune local model 6, pr_ratio = [0.2, 0.2, 0.2, 0.2]
Round: 91, Method: dapperfl, Mean_Acc: 42.302, Best_Acc: 45.05
Domain_Acc: [46.43, 48.42, 31.03, 43.33, 46.43, 48.42, 31.03, 43.33, 46.43, 48.42, 31.03, 43.33, 46.43, 48.42, 31.03, 43.33, 46.43, 48.42, 31.03, 43.33, 46.43, 48.42, 31.03, 43.33, 46.43, 48.42, 31.03, 43.33, 46.43, 48.42, 31.03, 43.33, 46.43, 48.42, 31.03, 43.33, 46.43, 48.42, 31.03, 43.33, 46.43, 48.42, 31.03, 43.33, 46.43, 48.42, 31.03, 43.33, 46.43, 48.42, 31.03, 43.33, 46.43, 48.42, 31.03, 43.33, 46.43, 48.42, 31.03, 43.33, 46.43, 48.42, 31.03, 43.33], Domain_BestAcc: [49.55, 53.16, 34.48, 56.67, 49.55, 53.16, 34.48, 56.67, 49.55, 53.16, 34.48, 56.67, 49.55, 53.16, 34.48, 56.67, 49.55, 53.16, 34.48, 56.67, 49.55, 53.16, 34.48, 56.67, 49.55, 53.16, 34.48, 56.67, 49.55, 53.16, 34.48, 56.67, 49.55, 53.16, 34.48, 56.67, 49.55, 53.16, 34.48, 56.67, 49.55, 53.16, 34.48, 56.67, 49.55, 53.16, 34.48, 56.67, 49.55, 53.16, 34.48, 56.67, 49.55, 53.16, 34.48, 56.67, 49.55, 53.16, 34.48, 56.67, 49.55, 53.16, 34.48, 56.67]
Prune local model 2, pr_ratio = [0.4, 0.4, 0.4, 0.4]
Prune local model 1, pr_ratio = [0.2, 0.2, 0.2, 0.2]
Prune local model 4, pr_ratio = [0.6, 0.6, 0.6, 0.6]
Prune local model 7, pr_ratio = [0.4, 0.4, 0.4, 0.4]
Prune local model 5, pr_ratio = [0, 0, 0, 0]
Prune local model 3, pr_ratio = [0.5, 0.5, 0.5, 0.5]
Prune local model 9, pr_ratio = [0.6, 0.6, 0.6, 0.6]
Prune local model 8, pr_ratio = [0.5, 0.5, 0.5, 0.5]
Prune local model 0, pr_ratio = [0, 0, 0, 0]
Prune local model 6, pr_ratio = [0.2, 0.2, 0.2, 0.2]
Round: 92, Method: dapperfl, Mean_Acc: 41.45, Best_Acc: 45.05
Domain_Acc: [46.43, 46.84, 25.86, 46.67, 46.43, 46.84, 25.86, 46.67, 46.43, 46.84, 25.86, 46.67, 46.43, 46.84, 25.86, 46.67, 46.43, 46.84, 25.86, 46.67, 46.43, 46.84, 25.86, 46.67, 46.43, 46.84, 25.86, 46.67, 46.43, 46.84, 25.86, 46.67, 46.43, 46.84, 25.86, 46.67, 46.43, 46.84, 25.86, 46.67, 46.43, 46.84, 25.86, 46.67, 46.43, 46.84, 25.86, 46.67, 46.43, 46.84, 25.86, 46.67, 46.43, 46.84, 25.86, 46.67, 46.43, 46.84, 25.86, 46.67, 46.43, 46.84, 25.86, 46.67], Domain_BestAcc: [49.55, 53.16, 34.48, 56.67, 49.55, 53.16, 34.48, 56.67, 49.55, 53.16, 34.48, 56.67, 49.55, 53.16, 34.48, 56.67, 49.55, 53.16, 34.48, 56.67, 49.55, 53.16, 34.48, 56.67, 49.55, 53.16, 34.48, 56.67, 49.55, 53.16, 34.48, 56.67, 49.55, 53.16, 34.48, 56.67, 49.55, 53.16, 34.48, 56.67, 49.55, 53.16, 34.48, 56.67, 49.55, 53.16, 34.48, 56.67, 49.55, 53.16, 34.48, 56.67, 49.55, 53.16, 34.48, 56.67, 49.55, 53.16, 34.48, 56.67, 49.55, 53.16, 34.48, 56.67]
Prune local model 4, pr_ratio = [0.6, 0.6, 0.6, 0.6]
Prune local model 7, pr_ratio = [0.4, 0.4, 0.4, 0.4]
Prune local model 2, pr_ratio = [0.4, 0.4, 0.4, 0.4]
Prune local model 5, pr_ratio = [0, 0, 0, 0]
Prune local model 8, pr_ratio = [0.5, 0.5, 0.5, 0.5]
Prune local model 6, pr_ratio = [0.2, 0.2, 0.2, 0.2]
Prune local model 0, pr_ratio = [0, 0, 0, 0]
Prune local model 1, pr_ratio = [0.2, 0.2, 0.2, 0.2]
Prune local model 9, pr_ratio = [0.6, 0.6, 0.6, 0.6]
Prune local model 3, pr_ratio = [0.5, 0.5, 0.5, 0.5]
Round: 93, Method: dapperfl, Mean_Acc: 43.38, Best_Acc: 45.05
Domain_Acc: [45.09, 45.79, 29.31, 53.33, 45.09, 45.79, 29.31, 53.33, 45.09, 45.79, 29.31, 53.33, 45.09, 45.79, 29.31, 53.33, 45.09, 45.79, 29.31, 53.33, 45.09, 45.79, 29.31, 53.33, 45.09, 45.79, 29.31, 53.33, 45.09, 45.79, 29.31, 53.33, 45.09, 45.79, 29.31, 53.33, 45.09, 45.79, 29.31, 53.33, 45.09, 45.79, 29.31, 53.33, 45.09, 45.79, 29.31, 53.33, 45.09, 45.79, 29.31, 53.33, 45.09, 45.79, 29.31, 53.33, 45.09, 45.79, 29.31, 53.33, 45.09, 45.79, 29.31, 53.33], Domain_BestAcc: [49.55, 53.16, 34.48, 56.67, 49.55, 53.16, 34.48, 56.67, 49.55, 53.16, 34.48, 56.67, 49.55, 53.16, 34.48, 56.67, 49.55, 53.16, 34.48, 56.67, 49.55, 53.16, 34.48, 56.67, 49.55, 53.16, 34.48, 56.67, 49.55, 53.16, 34.48, 56.67, 49.55, 53.16, 34.48, 56.67, 49.55, 53.16, 34.48, 56.67, 49.55, 53.16, 34.48, 56.67, 49.55, 53.16, 34.48, 56.67, 49.55, 53.16, 34.48, 56.67, 49.55, 53.16, 34.48, 56.67, 49.55, 53.16, 34.48, 56.67, 49.55, 53.16, 34.48, 56.67]
Prune local model 0, pr_ratio = [0, 0, 0, 0]
Prune local model 2, pr_ratio = [0.4, 0.4, 0.4, 0.4]
Prune local model 4, pr_ratio = [0.6, 0.6, 0.6, 0.6]
Prune local model 3, pr_ratio = [0.5, 0.5, 0.5, 0.5]
Prune local model 8, pr_ratio = [0.5, 0.5, 0.5, 0.5]
Prune local model 6, pr_ratio = [0.2, 0.2, 0.2, 0.2]
Prune local model 1, pr_ratio = [0.2, 0.2, 0.2, 0.2]
Prune local model 7, pr_ratio = [0.4, 0.4, 0.4, 0.4]
Prune local model 5, pr_ratio = [0, 0, 0, 0]
Prune local model 9, pr_ratio = [0.6, 0.6, 0.6, 0.6]
Round: 94, Method: dapperfl, Mean_Acc: 44.328, Best_Acc: 45.05
Domain_Acc: [49.11, 52.11, 32.76, 43.33, 49.11, 52.11, 32.76, 43.33, 49.11, 52.11, 32.76, 43.33, 49.11, 52.11, 32.76, 43.33, 49.11, 52.11, 32.76, 43.33, 49.11, 52.11, 32.76, 43.33, 49.11, 52.11, 32.76, 43.33, 49.11, 52.11, 32.76, 43.33, 49.11, 52.11, 32.76, 43.33, 49.11, 52.11, 32.76, 43.33, 49.11, 52.11, 32.76, 43.33, 49.11, 52.11, 32.76, 43.33, 49.11, 52.11, 32.76, 43.33, 49.11, 52.11, 32.76, 43.33, 49.11, 52.11, 32.76, 43.33, 49.11, 52.11, 32.76, 43.33], Domain_BestAcc: [49.55, 53.16, 34.48, 56.67, 49.55, 53.16, 34.48, 56.67, 49.55, 53.16, 34.48, 56.67, 49.55, 53.16, 34.48, 56.67, 49.55, 53.16, 34.48, 56.67, 49.55, 53.16, 34.48, 56.67, 49.55, 53.16, 34.48, 56.67, 49.55, 53.16, 34.48, 56.67, 49.55, 53.16, 34.48, 56.67, 49.55, 53.16, 34.48, 56.67, 49.55, 53.16, 34.48, 56.67, 49.55, 53.16, 34.48, 56.67, 49.55, 53.16, 34.48, 56.67, 49.55, 53.16, 34.48, 56.67, 49.55, 53.16, 34.48, 56.67, 49.55, 53.16, 34.48, 56.67]

Domain shift at round 95:
  caltech: 1 clients
  amazon: 2 clients
  webcam: 4 clients
  dslr: 3 clients
Prune local model 4, pr_ratio = [0.6, 0.6, 0.6, 0.6]
Prune local model 5, pr_ratio = [0, 0, 0, 0]
Prune local model 0, pr_ratio = [0, 0, 0, 0]
Prune local model 7, pr_ratio = [0.4, 0.4, 0.4, 0.4]
Prune local model 3, pr_ratio = [0.5, 0.5, 0.5, 0.5]
Prune local model 1, pr_ratio = [0.2, 0.2, 0.2, 0.2]
Prune local model 2, pr_ratio = [0.4, 0.4, 0.4, 0.4]
Prune local model 9, pr_ratio = [0.6, 0.6, 0.6, 0.6]
Prune local model 8, pr_ratio = [0.5, 0.5, 0.5, 0.5]
Prune local model 6, pr_ratio = [0.2, 0.2, 0.2, 0.2]
Round: 95, Method: dapperfl, Mean_Acc: 42.902, Best_Acc: 45.05
Domain_Acc: [45.98, 46.32, 29.31, 50.0, 45.98, 46.32, 29.31, 50.0, 45.98, 46.32, 29.31, 50.0, 45.98, 46.32, 29.31, 50.0, 45.98, 46.32, 29.31, 50.0, 45.98, 46.32, 29.31, 50.0, 45.98, 46.32, 29.31, 50.0, 45.98, 46.32, 29.31, 50.0, 45.98, 46.32, 29.31, 50.0, 45.98, 46.32, 29.31, 50.0, 45.98, 46.32, 29.31, 50.0, 45.98, 46.32, 29.31, 50.0, 45.98, 46.32, 29.31, 50.0, 45.98, 46.32, 29.31, 50.0, 45.98, 46.32, 29.31, 50.0, 45.98, 46.32, 29.31, 50.0], Domain_BestAcc: [49.55, 53.16, 34.48, 56.67, 49.55, 53.16, 34.48, 56.67, 49.55, 53.16, 34.48, 56.67, 49.55, 53.16, 34.48, 56.67, 49.55, 53.16, 34.48, 56.67, 49.55, 53.16, 34.48, 56.67, 49.55, 53.16, 34.48, 56.67, 49.55, 53.16, 34.48, 56.67, 49.55, 53.16, 34.48, 56.67, 49.55, 53.16, 34.48, 56.67, 49.55, 53.16, 34.48, 56.67, 49.55, 53.16, 34.48, 56.67, 49.55, 53.16, 34.48, 56.67, 49.55, 53.16, 34.48, 56.67, 49.55, 53.16, 34.48, 56.67, 49.55, 53.16, 34.48, 56.67]
Prune local model 7, pr_ratio = [0.4, 0.4, 0.4, 0.4]
Prune local model 4, pr_ratio = [0.6, 0.6, 0.6, 0.6]
Prune local model 1, pr_ratio = [0.2, 0.2, 0.2, 0.2]
Prune local model 9, pr_ratio = [0.6, 0.6, 0.6, 0.6]
Prune local model 8, pr_ratio = [0.5, 0.5, 0.5, 0.5]
Prune local model 6, pr_ratio = [0.2, 0.2, 0.2, 0.2]
Prune local model 2, pr_ratio = [0.4, 0.4, 0.4, 0.4]
Prune local model 5, pr_ratio = [0, 0, 0, 0]
Prune local model 3, pr_ratio = [0.5, 0.5, 0.5, 0.5]
Prune local model 0, pr_ratio = [0, 0, 0, 0]
Round: 96, Method: dapperfl, Mean_Acc: 42.758, Best_Acc: 45.05
Domain_Acc: [50.0, 40.0, 31.03, 50.0, 50.0, 40.0, 31.03, 50.0, 50.0, 40.0, 31.03, 50.0, 50.0, 40.0, 31.03, 50.0, 50.0, 40.0, 31.03, 50.0, 50.0, 40.0, 31.03, 50.0, 50.0, 40.0, 31.03, 50.0, 50.0, 40.0, 31.03, 50.0, 50.0, 40.0, 31.03, 50.0, 50.0, 40.0, 31.03, 50.0, 50.0, 40.0, 31.03, 50.0, 50.0, 40.0, 31.03, 50.0, 50.0, 40.0, 31.03, 50.0, 50.0, 40.0, 31.03, 50.0, 50.0, 40.0, 31.03, 50.0, 50.0, 40.0, 31.03, 50.0], Domain_BestAcc: [50.0, 53.16, 34.48, 56.67, 50.0, 53.16, 34.48, 56.67, 50.0, 53.16, 34.48, 56.67, 50.0, 53.16, 34.48, 56.67, 50.0, 53.16, 34.48, 56.67, 50.0, 53.16, 34.48, 56.67, 50.0, 53.16, 34.48, 56.67, 50.0, 53.16, 34.48, 56.67, 50.0, 53.16, 34.48, 56.67, 50.0, 53.16, 34.48, 56.67, 50.0, 53.16, 34.48, 56.67, 50.0, 53.16, 34.48, 56.67, 50.0, 53.16, 34.48, 56.67, 50.0, 53.16, 34.48, 56.67, 50.0, 53.16, 34.48, 56.67, 50.0, 53.16, 34.48, 56.67]
Prune local model 0, pr_ratio = [0, 0, 0, 0]
Prune local model 2, pr_ratio = [0.4, 0.4, 0.4, 0.4]
Prune local model 3, pr_ratio = [0.5, 0.5, 0.5, 0.5]
Prune local model 7, pr_ratio = [0.4, 0.4, 0.4, 0.4]
Prune local model 6, pr_ratio = [0.2, 0.2, 0.2, 0.2]
Prune local model 8, pr_ratio = [0.5, 0.5, 0.5, 0.5]
Prune local model 5, pr_ratio = [0, 0, 0, 0]
Prune local model 1, pr_ratio = [0.2, 0.2, 0.2, 0.2]
Prune local model 4, pr_ratio = [0.6, 0.6, 0.6, 0.6]
Prune local model 9, pr_ratio = [0.6, 0.6, 0.6, 0.6]
Round: 97, Method: dapperfl, Mean_Acc: 40.402, Best_Acc: 45.05
Domain_Acc: [45.54, 45.26, 24.14, 46.67, 45.54, 45.26, 24.14, 46.67, 45.54, 45.26, 24.14, 46.67, 45.54, 45.26, 24.14, 46.67, 45.54, 45.26, 24.14, 46.67, 45.54, 45.26, 24.14, 46.67, 45.54, 45.26, 24.14, 46.67, 45.54, 45.26, 24.14, 46.67, 45.54, 45.26, 24.14, 46.67, 45.54, 45.26, 24.14, 46.67, 45.54, 45.26, 24.14, 46.67, 45.54, 45.26, 24.14, 46.67, 45.54, 45.26, 24.14, 46.67, 45.54, 45.26, 24.14, 46.67, 45.54, 45.26, 24.14, 46.67, 45.54, 45.26, 24.14, 46.67], Domain_BestAcc: [50.0, 53.16, 34.48, 56.67, 50.0, 53.16, 34.48, 56.67, 50.0, 53.16, 34.48, 56.67, 50.0, 53.16, 34.48, 56.67, 50.0, 53.16, 34.48, 56.67, 50.0, 53.16, 34.48, 56.67, 50.0, 53.16, 34.48, 56.67, 50.0, 53.16, 34.48, 56.67, 50.0, 53.16, 34.48, 56.67, 50.0, 53.16, 34.48, 56.67, 50.0, 53.16, 34.48, 56.67, 50.0, 53.16, 34.48, 56.67, 50.0, 53.16, 34.48, 56.67, 50.0, 53.16, 34.48, 56.67, 50.0, 53.16, 34.48, 56.67, 50.0, 53.16, 34.48, 56.67]
Prune local model 0, pr_ratio = [0, 0, 0, 0]
Prune local model 7, pr_ratio = [0.4, 0.4, 0.4, 0.4]
Prune local model 3, pr_ratio = [0.5, 0.5, 0.5, 0.5]
Prune local model 4, pr_ratio = [0.6, 0.6, 0.6, 0.6]
Prune local model 6, pr_ratio = [0.2, 0.2, 0.2, 0.2]
Prune local model 2, pr_ratio = [0.4, 0.4, 0.4, 0.4]
Prune local model 1, pr_ratio = [0.2, 0.2, 0.2, 0.2]
Prune local model 8, pr_ratio = [0.5, 0.5, 0.5, 0.5]
Prune local model 9, pr_ratio = [0.6, 0.6, 0.6, 0.6]
Prune local model 5, pr_ratio = [0, 0, 0, 0]
Round: 98, Method: dapperfl, Mean_Acc: 43.51, Best_Acc: 45.05
Domain_Acc: [47.77, 46.84, 32.76, 46.67, 47.77, 46.84, 32.76, 46.67, 47.77, 46.84, 32.76, 46.67, 47.77, 46.84, 32.76, 46.67, 47.77, 46.84, 32.76, 46.67, 47.77, 46.84, 32.76, 46.67, 47.77, 46.84, 32.76, 46.67, 47.77, 46.84, 32.76, 46.67, 47.77, 46.84, 32.76, 46.67, 47.77, 46.84, 32.76, 46.67, 47.77, 46.84, 32.76, 46.67, 47.77, 46.84, 32.76, 46.67, 47.77, 46.84, 32.76, 46.67, 47.77, 46.84, 32.76, 46.67, 47.77, 46.84, 32.76, 46.67, 47.77, 46.84, 32.76, 46.67], Domain_BestAcc: [50.0, 53.16, 34.48, 56.67, 50.0, 53.16, 34.48, 56.67, 50.0, 53.16, 34.48, 56.67, 50.0, 53.16, 34.48, 56.67, 50.0, 53.16, 34.48, 56.67, 50.0, 53.16, 34.48, 56.67, 50.0, 53.16, 34.48, 56.67, 50.0, 53.16, 34.48, 56.67, 50.0, 53.16, 34.48, 56.67, 50.0, 53.16, 34.48, 56.67, 50.0, 53.16, 34.48, 56.67, 50.0, 53.16, 34.48, 56.67, 50.0, 53.16, 34.48, 56.67, 50.0, 53.16, 34.48, 56.67, 50.0, 53.16, 34.48, 56.67, 50.0, 53.16, 34.48, 56.67]
Prune local model 6, pr_ratio = [0.2, 0.2, 0.2, 0.2]
Prune local model 4, pr_ratio = [0.6, 0.6, 0.6, 0.6]
Prune local model 5, pr_ratio = [0, 0, 0, 0]
Prune local model 2, pr_ratio = [0.4, 0.4, 0.4, 0.4]
Prune local model 8, pr_ratio = [0.5, 0.5, 0.5, 0.5]
Prune local model 3, pr_ratio = [0.5, 0.5, 0.5, 0.5]
Prune local model 1, pr_ratio = [0.2, 0.2, 0.2, 0.2]
Prune local model 9, pr_ratio = [0.6, 0.6, 0.6, 0.6]
Prune local model 7, pr_ratio = [0.4, 0.4, 0.4, 0.4]
Prune local model 0, pr_ratio = [0, 0, 0, 0]
Round: 99, Method: dapperfl, Mean_Acc: 41.755, Best_Acc: 45.05
Domain_Acc: [48.21, 47.89, 27.59, 43.33, 48.21, 47.89, 27.59, 43.33, 48.21, 47.89, 27.59, 43.33, 48.21, 47.89, 27.59, 43.33, 48.21, 47.89, 27.59, 43.33, 48.21, 47.89, 27.59, 43.33, 48.21, 47.89, 27.59, 43.33, 48.21, 47.89, 27.59, 43.33, 48.21, 47.89, 27.59, 43.33, 48.21, 47.89, 27.59, 43.33, 48.21, 47.89, 27.59, 43.33, 48.21, 47.89, 27.59, 43.33, 48.21, 47.89, 27.59, 43.33, 48.21, 47.89, 27.59, 43.33, 48.21, 47.89, 27.59, 43.33, 48.21, 47.89, 27.59, 43.33], Domain_BestAcc: [50.0, 53.16, 34.48, 56.67, 50.0, 53.16, 34.48, 56.67, 50.0, 53.16, 34.48, 56.67, 50.0, 53.16, 34.48, 56.67, 50.0, 53.16, 34.48, 56.67, 50.0, 53.16, 34.48, 56.67, 50.0, 53.16, 34.48, 56.67, 50.0, 53.16, 34.48, 56.67, 50.0, 53.16, 34.48, 56.67, 50.0, 53.16, 34.48, 56.67, 50.0, 53.16, 34.48, 56.67, 50.0, 53.16, 34.48, 56.67, 50.0, 53.16, 34.48, 56.67, 50.0, 53.16, 34.48, 56.67, 50.0, 53.16, 34.48, 56.67, 50.0, 53.16, 34.48, 56.67]
