Namespace(prefix='', communication_epoch=100, local_epoch=5, parti_num=20, model='dapperfl', dataset='fl_officecaltech', pr_strategy='AD', backbone='resnet18', alpha=0.9, alpha_min=0.1, epsilon=0.2, reg_coeff=0.01, wandb=0, device_id=0, seed=1234, rand_dataset=1, learning_decay=False, averaing='weight', online_ratio=1, mu=0.1, input_dim=28, noise_var=0.0, group_fairness=False, fairness_lr=0.01, num_groups=2, noise_clients=[], analyze_gradients=False, csv_log=False, local_lr=0.01, local_batch_size=64, pr_ratios=['0', '0.2', '0.4', '0.6', '0.8'], arch='res18')
2025-05-25 15:44:56
{'dslr': 6, 'webcam': 5, 'amazon': 5, 'caltech': 4}
['dslr', 'dslr', 'webcam', 'amazon', 'caltech', 'caltech', 'caltech', 'amazon', 'dslr', 'amazon', 'dslr', 'amazon', 'webcam', 'webcam', 'dslr', 'webcam', 'caltech', 'amazon', 'webcam', 'dslr']
Prune local model 3, pr_ratio = [0.5, 0.5, 0.5, 0.5]
Prune local model 2, pr_ratio = [0.4, 0.4, 0.4, 0.4]
Prune local model 0, pr_ratio = [0, 0, 0, 0]
Prune local model 8, pr_ratio = [0.5, 0.5, 0.5, 0.5]
Prune local model 11, pr_ratio = [0.2, 0.2, 0.2, 0.2]
Prune local model 1, pr_ratio = [0.2, 0.2, 0.2, 0.2]
Prune local model 18, pr_ratio = [0.5, 0.5, 0.5, 0.5]
Prune local model 7, pr_ratio = [0.4, 0.4, 0.4, 0.4]
Prune local model 9, pr_ratio = [0.6, 0.6, 0.6, 0.6]
Prune local model 17, pr_ratio = [0.4, 0.4, 0.4, 0.4]
Prune local model 15, pr_ratio = [0, 0, 0, 0]
Prune local model 5, pr_ratio = [0, 0, 0, 0]
Prune local model 13, pr_ratio = [0.5, 0.5, 0.5, 0.5]
Prune local model 4, pr_ratio = [0.6, 0.6, 0.6, 0.6]
Prune local model 16, pr_ratio = [0.2, 0.2, 0.2, 0.2]
Prune local model 14, pr_ratio = [0.6, 0.6, 0.6, 0.6]
Prune local model 10, pr_ratio = [0, 0, 0, 0]
Prune local model 12, pr_ratio = [0.4, 0.4, 0.4, 0.4]
Prune local model 19, pr_ratio = [0.6, 0.6, 0.6, 0.6]
Prune local model 6, pr_ratio = [0.2, 0.2, 0.2, 0.2]
Round 0 – LOCAL TPR pre-agg per client: ['0.100', '0.100', '0.100', '0.100', '0.100', '0.100', '0.100', '0.100', '0.100', '0.100', '0.100', '0.100', '0.100', '0.100', '0.100', '0.100', '0.100', '0.100', '0.100', '0.100']
Round 0 – TPR per Domain: 0:0.100, 1:0.100, 2:0.100, 3:0.100, 4:0.100, 5:0.100, 6:0.100, 7:0.100, 8:0.100, 9:0.100, 10:0.100, 11:0.100, 12:0.100, 13:0.100, 14:0.100, 15:0.100, 16:0.100, 17:0.100, 18:0.100, 19:0.100
Round: 0 Method: dapperfl Mean_Acc: 8.782 Best_Acc: 8.782
Domain_Acc: [7.59, 10.53, 10.34, 6.67] Domain_BestAcc: [7.59, 10.53, 10.34, 6.67]
Prune local model 16, pr_ratio = [0.2, 0.2, 0.2, 0.2]
Prune local model 3, pr_ratio = [0.5, 0.5, 0.5, 0.5]
Prune local model 7, pr_ratio = [0.4, 0.4, 0.4, 0.4]
Prune local model 4, pr_ratio = [0.6, 0.6, 0.6, 0.6]
Prune local model 15, pr_ratio = [0, 0, 0, 0]
Prune local model 2, pr_ratio = [0.4, 0.4, 0.4, 0.4]
Prune local model 9, pr_ratio = [0.6, 0.6, 0.6, 0.6]
Prune local model 19, pr_ratio = [0.6, 0.6, 0.6, 0.6]
Prune local model 13, pr_ratio = [0.5, 0.5, 0.5, 0.5]
Prune local model 10, pr_ratio = [0, 0, 0, 0]
Prune local model 11, pr_ratio = [0.2, 0.2, 0.2, 0.2]
Prune local model 12, pr_ratio = [0.4, 0.4, 0.4, 0.4]
Prune local model 0, pr_ratio = [0, 0, 0, 0]
Prune local model 6, pr_ratio = [0.2, 0.2, 0.2, 0.2]
Prune local model 5, pr_ratio = [0, 0, 0, 0]
Prune local model 8, pr_ratio = [0.5, 0.5, 0.5, 0.5]
Prune local model 18, pr_ratio = [0.5, 0.5, 0.5, 0.5]
Prune local model 1, pr_ratio = [0.2, 0.2, 0.2, 0.2]
Prune local model 17, pr_ratio = [0.4, 0.4, 0.4, 0.4]
Prune local model 14, pr_ratio = [0.6, 0.6, 0.6, 0.6]
Round 1 – LOCAL TPR pre-agg per client: ['0.100', '0.100', '0.100', '0.100', '0.100', '0.100', '0.100', '0.100', '0.100', '0.100', '0.100', '0.100', '0.100', '0.100', '0.100', '0.100', '0.100', '0.100', '0.100', '0.100']
Round 1 – TPR per Domain: 0:0.100, 1:0.100, 2:0.100, 3:0.100, 4:0.100, 5:0.100, 6:0.100, 7:0.100, 8:0.100, 9:0.100, 10:0.100, 11:0.100, 12:0.100, 13:0.100, 14:0.100, 15:0.100, 16:0.100, 17:0.100, 18:0.100, 19:0.100
Round: 1 Method: dapperfl Mean_Acc: 10.048 Best_Acc: 10.048
Domain_Acc: [9.82, 8.42, 8.62, 13.33] Domain_BestAcc: [9.82, 10.53, 10.34, 13.33]
Prune local model 19, pr_ratio = [0.6, 0.6, 0.6, 0.6]
Prune local model 15, pr_ratio = [0, 0, 0, 0]
Prune local model 1, pr_ratio = [0.2, 0.2, 0.2, 0.2]
Prune local model 3, pr_ratio = [0.5, 0.5, 0.5, 0.5]
Prune local model 16, pr_ratio = [0.2, 0.2, 0.2, 0.2]
Prune local model 17, pr_ratio = [0.4, 0.4, 0.4, 0.4]
Prune local model 9, pr_ratio = [0.6, 0.6, 0.6, 0.6]
Prune local model 14, pr_ratio = [0.6, 0.6, 0.6, 0.6]
Prune local model 2, pr_ratio = [0.4, 0.4, 0.4, 0.4]
Prune local model 10, pr_ratio = [0, 0, 0, 0]
Prune local model 11, pr_ratio = [0.2, 0.2, 0.2, 0.2]
Prune local model 12, pr_ratio = [0.4, 0.4, 0.4, 0.4]
Prune local model 4, pr_ratio = [0.6, 0.6, 0.6, 0.6]
Prune local model 0, pr_ratio = [0, 0, 0, 0]
Prune local model 18, pr_ratio = [0.5, 0.5, 0.5, 0.5]
Prune local model 13, pr_ratio = [0.5, 0.5, 0.5, 0.5]
Prune local model 5, pr_ratio = [0, 0, 0, 0]
Prune local model 8, pr_ratio = [0.5, 0.5, 0.5, 0.5]
Prune local model 7, pr_ratio = [0.4, 0.4, 0.4, 0.4]
Prune local model 6, pr_ratio = [0.2, 0.2, 0.2, 0.2]
Round 2 – LOCAL TPR pre-agg per client: ['0.100', '0.100', '0.100', '0.100', '0.100', '0.100', '0.100', '0.100', '0.100', '0.100', '0.100', '0.100', '0.100', '0.100', '0.100', '0.100', '0.100', '0.100', '0.100', '0.100']
Round 2 – TPR per Domain: 0:0.100, 1:0.100, 2:0.100, 3:0.100, 4:0.100, 5:0.100, 6:0.100, 7:0.100, 8:0.100, 9:0.100, 10:0.100, 11:0.100, 12:0.100, 13:0.100, 14:0.100, 15:0.100, 16:0.100, 17:0.100, 18:0.100, 19:0.100
Round: 2 Method: dapperfl Mean_Acc: 10.048 Best_Acc: 10.048
Domain_Acc: [9.82, 8.42, 8.62, 13.33] Domain_BestAcc: [9.82, 10.53, 10.34, 13.33]
Prune local model 16, pr_ratio = [0.2, 0.2, 0.2, 0.2]
Prune local model 12, pr_ratio = [0.4, 0.4, 0.4, 0.4]
Prune local model 0, pr_ratio = [0, 0, 0, 0]
Prune local model 13, pr_ratio = [0.5, 0.5, 0.5, 0.5]
Prune local model 17, pr_ratio = [0.4, 0.4, 0.4, 0.4]
Prune local model 14, pr_ratio = [0.6, 0.6, 0.6, 0.6]
Prune local model 3, pr_ratio = [0.5, 0.5, 0.5, 0.5]
Prune local model 15, pr_ratio = [0, 0, 0, 0]
Prune local model 5, pr_ratio = [0, 0, 0, 0]
Prune local model 1, pr_ratio = [0.2, 0.2, 0.2, 0.2]
Prune local model 11, pr_ratio = [0.2, 0.2, 0.2, 0.2]
Prune local model 18, pr_ratio = [0.5, 0.5, 0.5, 0.5]
Prune local model 10, pr_ratio = [0, 0, 0, 0]
Prune local model 8, pr_ratio = [0.5, 0.5, 0.5, 0.5]
Prune local model 19, pr_ratio = [0.6, 0.6, 0.6, 0.6]
Prune local model 7, pr_ratio = [0.4, 0.4, 0.4, 0.4]
Prune local model 6, pr_ratio = [0.2, 0.2, 0.2, 0.2]
Prune local model 2, pr_ratio = [0.4, 0.4, 0.4, 0.4]
Prune local model 4, pr_ratio = [0.6, 0.6, 0.6, 0.6]
Prune local model 9, pr_ratio = [0.6, 0.6, 0.6, 0.6]
Round 3 – LOCAL TPR pre-agg per client: ['0.100', '0.100', '0.100', '0.100', '0.100', '0.100', '0.100', '0.100', '0.100', '0.100', '0.100', '0.100', '0.100', '0.100', '0.100', '0.100', '0.100', '0.100', '0.100', '0.100']
Round 3 – TPR per Domain: 0:0.100, 1:0.100, 2:0.100, 3:0.100, 4:0.100, 5:0.100, 6:0.100, 7:0.100, 8:0.100, 9:0.100, 10:0.100, 11:0.100, 12:0.100, 13:0.100, 14:0.100, 15:0.100, 16:0.100, 17:0.100, 18:0.100, 19:0.100
Round: 3 Method: dapperfl Mean_Acc: 10.048 Best_Acc: 10.048
Domain_Acc: [9.82, 8.42, 8.62, 13.33] Domain_BestAcc: [9.82, 10.53, 10.34, 13.33]
Prune local model 10, pr_ratio = [0, 0, 0, 0]
Prune local model 17, pr_ratio = [0.4, 0.4, 0.4, 0.4]
Prune local model 1, pr_ratio = [0.2, 0.2, 0.2, 0.2]
Prune local model 11, pr_ratio = [0.2, 0.2, 0.2, 0.2]
Prune local model 6, pr_ratio = [0.2, 0.2, 0.2, 0.2]
Prune local model 19, pr_ratio = [0.6, 0.6, 0.6, 0.6]
Prune local model 7, pr_ratio = [0.4, 0.4, 0.4, 0.4]
Prune local model 13, pr_ratio = [0.5, 0.5, 0.5, 0.5]
Prune local model 5, pr_ratio = [0, 0, 0, 0]
Prune local model 0, pr_ratio = [0, 0, 0, 0]
Prune local model 2, pr_ratio = [0.4, 0.4, 0.4, 0.4]
Prune local model 9, pr_ratio = [0.6, 0.6, 0.6, 0.6]
Prune local model 16, pr_ratio = [0.2, 0.2, 0.2, 0.2]
Prune local model 18, pr_ratio = [0.5, 0.5, 0.5, 0.5]
Prune local model 4, pr_ratio = [0.6, 0.6, 0.6, 0.6]
Prune local model 12, pr_ratio = [0.4, 0.4, 0.4, 0.4]
Prune local model 14, pr_ratio = [0.6, 0.6, 0.6, 0.6]
Prune local model 15, pr_ratio = [0, 0, 0, 0]
Prune local model 3, pr_ratio = [0.5, 0.5, 0.5, 0.5]
Prune local model 8, pr_ratio = [0.5, 0.5, 0.5, 0.5]
Round 4 – LOCAL TPR pre-agg per client: ['0.100', '0.100', '0.117', '0.147', '0.122', '0.122', '0.122', '0.147', '0.100', '0.147', '0.100', '0.147', '0.117', '0.117', '0.100', '0.117', '0.122', '0.147', '0.117', '0.100']
Round 4 – TPR per Domain: 0:0.100, 1:0.100, 2:0.117, 3:0.147, 4:0.122, 5:0.122, 6:0.122, 7:0.147, 8:0.100, 9:0.147, 10:0.100, 11:0.147, 12:0.117, 13:0.117, 14:0.100, 15:0.117, 16:0.122, 17:0.147, 18:0.117, 19:0.100
Round: 4 Method: dapperfl Mean_Acc: 12.22 Best_Acc: 12.22
Domain_Acc: [12.05, 13.16, 10.34, 13.33] Domain_BestAcc: [12.05, 13.16, 10.34, 13.33]
Prune local model 7, pr_ratio = [0.4, 0.4, 0.4, 0.4]
Prune local model 11, pr_ratio = [0.2, 0.2, 0.2, 0.2]
Prune local model 14, pr_ratio = [0.6, 0.6, 0.6, 0.6]
Prune local model 13, pr_ratio = [0.5, 0.5, 0.5, 0.5]
Prune local model 3, pr_ratio = [0.5, 0.5, 0.5, 0.5]
Prune local model 6, pr_ratio = [0.2, 0.2, 0.2, 0.2]
Prune local model 12, pr_ratio = [0.4, 0.4, 0.4, 0.4]
Prune local model 2, pr_ratio = [0.4, 0.4, 0.4, 0.4]
Prune local model 8, pr_ratio = [0.5, 0.5, 0.5, 0.5]
Prune local model 19, pr_ratio = [0.6, 0.6, 0.6, 0.6]
Prune local model 18, pr_ratio = [0.5, 0.5, 0.5, 0.5]
Prune local model 1, pr_ratio = [0.2, 0.2, 0.2, 0.2]
Prune local model 0, pr_ratio = [0, 0, 0, 0]
Prune local model 17, pr_ratio = [0.4, 0.4, 0.4, 0.4]
Prune local model 4, pr_ratio = [0.6, 0.6, 0.6, 0.6]
Prune local model 5, pr_ratio = [0, 0, 0, 0]
Prune local model 16, pr_ratio = [0.2, 0.2, 0.2, 0.2]
Prune local model 10, pr_ratio = [0, 0, 0, 0]
Prune local model 15, pr_ratio = [0, 0, 0, 0]
Prune local model 9, pr_ratio = [0.6, 0.6, 0.6, 0.6]
Round 5 – LOCAL TPR pre-agg per client: ['0.100', '0.100', '0.117', '0.392', '0.232', '0.232', '0.232', '0.392', '0.100', '0.392', '0.100', '0.392', '0.117', '0.117', '0.100', '0.117', '0.232', '0.392', '0.117', '0.100']
Round 5 – TPR per Domain: 0:0.100, 1:0.100, 2:0.117, 3:0.392, 4:0.232, 5:0.232, 6:0.232, 7:0.392, 8:0.100, 9:0.392, 10:0.100, 11:0.392, 12:0.117, 13:0.117, 14:0.100, 15:0.117, 16:0.232, 17:0.392, 18:0.117, 19:0.100
Round: 5 Method: dapperfl Mean_Acc: 21.64 Best_Acc: 21.64
Domain_Acc: [25.0, 37.89, 10.34, 13.33] Domain_BestAcc: [25.0, 37.89, 10.34, 13.33]
Prune local model 2, pr_ratio = [0.4, 0.4, 0.4, 0.4]
Prune local model 4, pr_ratio = [0.6, 0.6, 0.6, 0.6]
Prune local model 18, pr_ratio = [0.5, 0.5, 0.5, 0.5]
Prune local model 15, pr_ratio = [0, 0, 0, 0]
Prune local model 17, pr_ratio = [0.4, 0.4, 0.4, 0.4]
Prune local model 12, pr_ratio = [0.4, 0.4, 0.4, 0.4]
Prune local model 3, pr_ratio = [0.5, 0.5, 0.5, 0.5]
Prune local model 7, pr_ratio = [0.4, 0.4, 0.4, 0.4]
Prune local model 19, pr_ratio = [0.6, 0.6, 0.6, 0.6]
Prune local model 0, pr_ratio = [0, 0, 0, 0]
Prune local model 13, pr_ratio = [0.5, 0.5, 0.5, 0.5]
Prune local model 11, pr_ratio = [0.2, 0.2, 0.2, 0.2]
Prune local model 1, pr_ratio = [0.2, 0.2, 0.2, 0.2]
Prune local model 8, pr_ratio = [0.5, 0.5, 0.5, 0.5]
Prune local model 10, pr_ratio = [0, 0, 0, 0]
Prune local model 5, pr_ratio = [0, 0, 0, 0]
Prune local model 9, pr_ratio = [0.6, 0.6, 0.6, 0.6]
Prune local model 6, pr_ratio = [0.2, 0.2, 0.2, 0.2]
Prune local model 14, pr_ratio = [0.6, 0.6, 0.6, 0.6]
Prune local model 16, pr_ratio = [0.2, 0.2, 0.2, 0.2]
Round 6 – LOCAL TPR pre-agg per client: ['0.100', '0.100', '0.129', '0.370', '0.231', '0.231', '0.231', '0.370', '0.100', '0.370', '0.100', '0.370', '0.129', '0.129', '0.100', '0.129', '0.231', '0.370', '0.129', '0.100']
Round 6 – TPR per Domain: 0:0.100, 1:0.100, 2:0.129, 3:0.370, 4:0.231, 5:0.231, 6:0.231, 7:0.370, 8:0.100, 9:0.370, 10:0.100, 11:0.370, 12:0.129, 13:0.129, 14:0.100, 15:0.129, 16:0.231, 17:0.370, 18:0.129, 19:0.100
Round: 6 Method: dapperfl Mean_Acc: 21.213 Best_Acc: 21.64
Domain_Acc: [23.66, 35.79, 12.07, 13.33] Domain_BestAcc: [25.0, 37.89, 12.07, 13.33]
Prune local model 19, pr_ratio = [0.6, 0.6, 0.6, 0.6]
Prune local model 16, pr_ratio = [0.2, 0.2, 0.2, 0.2]
Prune local model 5, pr_ratio = [0, 0, 0, 0]
Prune local model 8, pr_ratio = [0.5, 0.5, 0.5, 0.5]
Prune local model 3, pr_ratio = [0.5, 0.5, 0.5, 0.5]
Prune local model 10, pr_ratio = [0, 0, 0, 0]
Prune local model 1, pr_ratio = [0.2, 0.2, 0.2, 0.2]
Prune local model 11, pr_ratio = [0.2, 0.2, 0.2, 0.2]
Prune local model 18, pr_ratio = [0.5, 0.5, 0.5, 0.5]
Prune local model 6, pr_ratio = [0.2, 0.2, 0.2, 0.2]
Prune local model 4, pr_ratio = [0.6, 0.6, 0.6, 0.6]
Prune local model 14, pr_ratio = [0.6, 0.6, 0.6, 0.6]
Prune local model 12, pr_ratio = [0.4, 0.4, 0.4, 0.4]
Prune local model 2, pr_ratio = [0.4, 0.4, 0.4, 0.4]
Prune local model 17, pr_ratio = [0.4, 0.4, 0.4, 0.4]
Prune local model 15, pr_ratio = [0, 0, 0, 0]
Prune local model 7, pr_ratio = [0.4, 0.4, 0.4, 0.4]
Prune local model 9, pr_ratio = [0.6, 0.6, 0.6, 0.6]
Prune local model 13, pr_ratio = [0.5, 0.5, 0.5, 0.5]
Prune local model 0, pr_ratio = [0, 0, 0, 0]
Round 7 – LOCAL TPR pre-agg per client: ['0.208', '0.208', '0.202', '0.375', '0.349', '0.349', '0.349', '0.375', '0.208', '0.375', '0.208', '0.375', '0.202', '0.202', '0.208', '0.202', '0.349', '0.375', '0.202', '0.208']
Round 7 – TPR per Domain: 0:0.208, 1:0.208, 2:0.202, 3:0.375, 4:0.349, 5:0.349, 6:0.349, 7:0.375, 8:0.208, 9:0.375, 10:0.208, 11:0.375, 12:0.202, 13:0.202, 14:0.208, 15:0.202, 16:0.349, 17:0.375, 18:0.202, 19:0.208
Round: 7 Method: dapperfl Mean_Acc: 30.218 Best_Acc: 30.218
Domain_Acc: [38.39, 36.84, 18.97, 26.67] Domain_BestAcc: [38.39, 37.89, 18.97, 26.67]
Prune local model 1, pr_ratio = [0.2, 0.2, 0.2, 0.2]
Prune local model 4, pr_ratio = [0.6, 0.6, 0.6, 0.6]
Prune local model 16, pr_ratio = [0.2, 0.2, 0.2, 0.2]
Prune local model 9, pr_ratio = [0.6, 0.6, 0.6, 0.6]
Prune local model 19, pr_ratio = [0.6, 0.6, 0.6, 0.6]
Prune local model 8, pr_ratio = [0.5, 0.5, 0.5, 0.5]
Prune local model 6, pr_ratio = [0.2, 0.2, 0.2, 0.2]
Prune local model 3, pr_ratio = [0.5, 0.5, 0.5, 0.5]
Prune local model 11, pr_ratio = [0.2, 0.2, 0.2, 0.2]
Prune local model 12, pr_ratio = [0.4, 0.4, 0.4, 0.4]
Prune local model 0, pr_ratio = [0, 0, 0, 0]
Prune local model 15, pr_ratio = [0, 0, 0, 0]
Prune local model 5, pr_ratio = [0, 0, 0, 0]
Prune local model 18, pr_ratio = [0.5, 0.5, 0.5, 0.5]
Prune local model 17, pr_ratio = [0.4, 0.4, 0.4, 0.4]
Prune local model 13, pr_ratio = [0.5, 0.5, 0.5, 0.5]
Prune local model 2, pr_ratio = [0.4, 0.4, 0.4, 0.4]
Prune local model 7, pr_ratio = [0.4, 0.4, 0.4, 0.4]
Prune local model 10, pr_ratio = [0, 0, 0, 0]
Prune local model 14, pr_ratio = [0.6, 0.6, 0.6, 0.6]
Round 8 – LOCAL TPR pre-agg per client: ['0.167', '0.167', '0.193', '0.453', '0.372', '0.372', '0.372', '0.453', '0.167', '0.453', '0.167', '0.453', '0.193', '0.193', '0.167', '0.193', '0.372', '0.453', '0.193', '0.167']
Round 8 – TPR per Domain: 0:0.167, 1:0.167, 2:0.193, 3:0.453, 4:0.372, 5:0.372, 6:0.372, 7:0.453, 8:0.167, 9:0.453, 10:0.167, 11:0.453, 12:0.193, 13:0.193, 14:0.167, 15:0.193, 16:0.372, 17:0.453, 18:0.193, 19:0.167
Round: 8 Method: dapperfl Mean_Acc: 30.61 Best_Acc: 30.61
Domain_Acc: [41.52, 43.68, 17.24, 20.0] Domain_BestAcc: [41.52, 43.68, 18.97, 26.67]
Prune local model 18, pr_ratio = [0.5, 0.5, 0.5, 0.5]
Prune local model 4, pr_ratio = [0.6, 0.6, 0.6, 0.6]
Prune local model 6, pr_ratio = [0.2, 0.2, 0.2, 0.2]
Prune local model 0, pr_ratio = [0, 0, 0, 0]
Prune local model 5, pr_ratio = [0, 0, 0, 0]
Prune local model 8, pr_ratio = [0.5, 0.5, 0.5, 0.5]
Prune local model 2, pr_ratio = [0.4, 0.4, 0.4, 0.4]
Prune local model 3, pr_ratio = [0.5, 0.5, 0.5, 0.5]
Prune local model 11, pr_ratio = [0.2, 0.2, 0.2, 0.2]
Prune local model 9, pr_ratio = [0.6, 0.6, 0.6, 0.6]
Prune local model 14, pr_ratio = [0.6, 0.6, 0.6, 0.6]
Prune local model 16, pr_ratio = [0.2, 0.2, 0.2, 0.2]
Prune local model 7, pr_ratio = [0.4, 0.4, 0.4, 0.4]
Prune local model 13, pr_ratio = [0.5, 0.5, 0.5, 0.5]
Prune local model 12, pr_ratio = [0.4, 0.4, 0.4, 0.4]
Prune local model 1, pr_ratio = [0.2, 0.2, 0.2, 0.2]
Prune local model 15, pr_ratio = [0, 0, 0, 0]
Prune local model 10, pr_ratio = [0, 0, 0, 0]
Prune local model 19, pr_ratio = [0.6, 0.6, 0.6, 0.6]
Prune local model 17, pr_ratio = [0.4, 0.4, 0.4, 0.4]
Round 9 – LOCAL TPR pre-agg per client: ['0.183', '0.183', '0.258', '0.326', '0.327', '0.327', '0.327', '0.326', '0.183', '0.326', '0.183', '0.326', '0.258', '0.258', '0.183', '0.258', '0.327', '0.326', '0.258', '0.183']
Round 9 – TPR per Domain: 0:0.183, 1:0.183, 2:0.258, 3:0.326, 4:0.327, 5:0.327, 6:0.327, 7:0.326, 8:0.183, 9:0.326, 10:0.183, 11:0.326, 12:0.258, 13:0.258, 14:0.183, 15:0.258, 16:0.327, 17:0.326, 18:0.258, 19:0.183
Round: 9 Method: dapperfl Mean_Acc: 29.178 Best_Acc: 30.61
Domain_Acc: [36.61, 32.63, 24.14, 23.33] Domain_BestAcc: [41.52, 43.68, 24.14, 26.67]
Prune local model 7, pr_ratio = [0.4, 0.4, 0.4, 0.4]
Prune local model 6, pr_ratio = [0.2, 0.2, 0.2, 0.2]
Prune local model 1, pr_ratio = [0.2, 0.2, 0.2, 0.2]
Prune local model 8, pr_ratio = [0.5, 0.5, 0.5, 0.5]
Prune local model 3, pr_ratio = [0.5, 0.5, 0.5, 0.5]
Prune local model 12, pr_ratio = [0.4, 0.4, 0.4, 0.4]
Prune local model 16, pr_ratio = [0.2, 0.2, 0.2, 0.2]
Prune local model 13, pr_ratio = [0.5, 0.5, 0.5, 0.5]
Prune local model 18, pr_ratio = [0.5, 0.5, 0.5, 0.5]
Prune local model 11, pr_ratio = [0.2, 0.2, 0.2, 0.2]
Prune local model 17, pr_ratio = [0.4, 0.4, 0.4, 0.4]
Prune local model 0, pr_ratio = [0, 0, 0, 0]
Prune local model 14, pr_ratio = [0.6, 0.6, 0.6, 0.6]
Prune local model 5, pr_ratio = [0, 0, 0, 0]
Prune local model 2, pr_ratio = [0.4, 0.4, 0.4, 0.4]
Prune local model 15, pr_ratio = [0, 0, 0, 0]
Prune local model 9, pr_ratio = [0.6, 0.6, 0.6, 0.6]
Prune local model 10, pr_ratio = [0, 0, 0, 0]
Prune local model 19, pr_ratio = [0.6, 0.6, 0.6, 0.6]
Prune local model 4, pr_ratio = [0.6, 0.6, 0.6, 0.6]
Round 10 – LOCAL TPR pre-agg per client: ['0.183', '0.183', '0.272', '0.490', '0.375', '0.375', '0.375', '0.490', '0.183', '0.490', '0.183', '0.490', '0.272', '0.272', '0.183', '0.272', '0.375', '0.490', '0.272', '0.183']
Round 10 – TPR per Domain: 0:0.183, 1:0.183, 2:0.272, 3:0.490, 4:0.375, 5:0.375, 6:0.375, 7:0.490, 8:0.183, 9:0.490, 10:0.183, 11:0.490, 12:0.272, 13:0.272, 14:0.183, 15:0.272, 16:0.375, 17:0.490, 18:0.272, 19:0.183
Round: 10 Method: dapperfl Mean_Acc: 34.538 Best_Acc: 34.538
Domain_Acc: [41.07, 47.89, 25.86, 23.33] Domain_BestAcc: [41.52, 47.89, 25.86, 26.67]
Prune local model 5, pr_ratio = [0, 0, 0, 0]
Prune local model 8, pr_ratio = [0.5, 0.5, 0.5, 0.5]
Prune local model 19, pr_ratio = [0.6, 0.6, 0.6, 0.6]
Prune local model 14, pr_ratio = [0.6, 0.6, 0.6, 0.6]
Prune local model 12, pr_ratio = [0.4, 0.4, 0.4, 0.4]
Prune local model 9, pr_ratio = [0.6, 0.6, 0.6, 0.6]
Prune local model 7, pr_ratio = [0.4, 0.4, 0.4, 0.4]
Prune local model 15, pr_ratio = [0, 0, 0, 0]
Prune local model 11, pr_ratio = [0.2, 0.2, 0.2, 0.2]
Prune local model 4, pr_ratio = [0.6, 0.6, 0.6, 0.6]
Prune local model 16, pr_ratio = [0.2, 0.2, 0.2, 0.2]
Prune local model 6, pr_ratio = [0.2, 0.2, 0.2, 0.2]
Prune local model 17, pr_ratio = [0.4, 0.4, 0.4, 0.4]
Prune local model 10, pr_ratio = [0, 0, 0, 0]
Prune local model 18, pr_ratio = [0.5, 0.5, 0.5, 0.5]
Prune local model 0, pr_ratio = [0, 0, 0, 0]
Prune local model 2, pr_ratio = [0.4, 0.4, 0.4, 0.4]
Prune local model 13, pr_ratio = [0.5, 0.5, 0.5, 0.5]
Prune local model 3, pr_ratio = [0.5, 0.5, 0.5, 0.5]
Prune local model 1, pr_ratio = [0.2, 0.2, 0.2, 0.2]
Round 11 – LOCAL TPR pre-agg per client: ['0.158', '0.158', '0.210', '0.573', '0.386', '0.386', '0.386', '0.573', '0.158', '0.573', '0.158', '0.573', '0.210', '0.210', '0.158', '0.210', '0.386', '0.573', '0.210', '0.158']
Round 11 – TPR per Domain: 0:0.158, 1:0.158, 2:0.210, 3:0.573, 4:0.386, 5:0.386, 6:0.386, 7:0.573, 8:0.158, 9:0.573, 10:0.158, 11:0.573, 12:0.210, 13:0.210, 14:0.158, 15:0.210, 16:0.386, 17:0.573, 18:0.210, 19:0.158
Round: 11 Method: dapperfl Mean_Acc: 34.09 Best_Acc: 34.538
Domain_Acc: [41.07, 56.32, 18.97, 20.0] Domain_BestAcc: [41.52, 56.32, 25.86, 26.67]
Prune local model 1, pr_ratio = [0.2, 0.2, 0.2, 0.2]
Prune local model 16, pr_ratio = [0.2, 0.2, 0.2, 0.2]
Prune local model 10, pr_ratio = [0, 0, 0, 0]
Prune local model 4, pr_ratio = [0.6, 0.6, 0.6, 0.6]
Prune local model 2, pr_ratio = [0.4, 0.4, 0.4, 0.4]
Prune local model 0, pr_ratio = [0, 0, 0, 0]
Prune local model 15, pr_ratio = [0, 0, 0, 0]
Prune local model 5, pr_ratio = [0, 0, 0, 0]
Prune local model 17, pr_ratio = [0.4, 0.4, 0.4, 0.4]
Prune local model 9, pr_ratio = [0.6, 0.6, 0.6, 0.6]
Prune local model 13, pr_ratio = [0.5, 0.5, 0.5, 0.5]
Prune local model 19, pr_ratio = [0.6, 0.6, 0.6, 0.6]
Prune local model 3, pr_ratio = [0.5, 0.5, 0.5, 0.5]
Prune local model 18, pr_ratio = [0.5, 0.5, 0.5, 0.5]
Prune local model 11, pr_ratio = [0.2, 0.2, 0.2, 0.2]
Prune local model 12, pr_ratio = [0.4, 0.4, 0.4, 0.4]
Prune local model 6, pr_ratio = [0.2, 0.2, 0.2, 0.2]
Prune local model 7, pr_ratio = [0.4, 0.4, 0.4, 0.4]
Prune local model 14, pr_ratio = [0.6, 0.6, 0.6, 0.6]
Prune local model 8, pr_ratio = [0.5, 0.5, 0.5, 0.5]
Round 12 – LOCAL TPR pre-agg per client: ['0.258', '0.258', '0.289', '0.463', '0.472', '0.472', '0.472', '0.463', '0.258', '0.463', '0.258', '0.463', '0.289', '0.289', '0.258', '0.289', '0.472', '0.463', '0.289', '0.258']
Round 12 – TPR per Domain: 0:0.258, 1:0.258, 2:0.289, 3:0.463, 4:0.472, 5:0.472, 6:0.472, 7:0.463, 8:0.258, 9:0.463, 10:0.258, 11:0.463, 12:0.289, 13:0.289, 14:0.258, 15:0.289, 16:0.472, 17:0.463, 18:0.289, 19:0.258
Round: 12 Method: dapperfl Mean_Acc: 38.59 Best_Acc: 38.59
Domain_Acc: [50.45, 46.32, 27.59, 30.0] Domain_BestAcc: [50.45, 56.32, 27.59, 30.0]
Prune local model 18, pr_ratio = [0.5, 0.5, 0.5, 0.5]
Prune local model 19, pr_ratio = [0.6, 0.6, 0.6, 0.6]
Prune local model 3, pr_ratio = [0.5, 0.5, 0.5, 0.5]
Prune local model 13, pr_ratio = [0.5, 0.5, 0.5, 0.5]
Prune local model 7, pr_ratio = [0.4, 0.4, 0.4, 0.4]
Prune local model 1, pr_ratio = [0.2, 0.2, 0.2, 0.2]
Prune local model 2, pr_ratio = [0.4, 0.4, 0.4, 0.4]
Prune local model 8, pr_ratio = [0.5, 0.5, 0.5, 0.5]
Prune local model 10, pr_ratio = [0, 0, 0, 0]
Prune local model 15, pr_ratio = [0, 0, 0, 0]
Prune local model 16, pr_ratio = [0.2, 0.2, 0.2, 0.2]
Prune local model 17, pr_ratio = [0.4, 0.4, 0.4, 0.4]
Prune local model 11, pr_ratio = [0.2, 0.2, 0.2, 0.2]
Prune local model 12, pr_ratio = [0.4, 0.4, 0.4, 0.4]
Prune local model 5, pr_ratio = [0, 0, 0, 0]
Prune local model 14, pr_ratio = [0.6, 0.6, 0.6, 0.6]
Prune local model 9, pr_ratio = [0.6, 0.6, 0.6, 0.6]
Prune local model 6, pr_ratio = [0.2, 0.2, 0.2, 0.2]
Prune local model 4, pr_ratio = [0.6, 0.6, 0.6, 0.6]
Prune local model 0, pr_ratio = [0, 0, 0, 0]
Round 13 – LOCAL TPR pre-agg per client: ['0.258', '0.258', '0.233', '0.581', '0.398', '0.398', '0.398', '0.581', '0.258', '0.581', '0.258', '0.581', '0.233', '0.233', '0.258', '0.233', '0.398', '0.581', '0.233', '0.258']
Round 13 – TPR per Domain: 0:0.258, 1:0.258, 2:0.233, 3:0.581, 4:0.398, 5:0.398, 6:0.398, 7:0.581, 8:0.258, 9:0.581, 10:0.258, 11:0.581, 12:0.233, 13:0.233, 14:0.258, 15:0.233, 16:0.398, 17:0.581, 18:0.233, 19:0.258
Round: 13 Method: dapperfl Mean_Acc: 36.732 Best_Acc: 38.59
Domain_Acc: [43.3, 57.89, 22.41, 23.33] Domain_BestAcc: [50.45, 57.89, 27.59, 30.0]
Prune local model 17, pr_ratio = [0.4, 0.4, 0.4, 0.4]
Prune local model 10, pr_ratio = [0, 0, 0, 0]
Prune local model 8, pr_ratio = [0.5, 0.5, 0.5, 0.5]
Prune local model 0, pr_ratio = [0, 0, 0, 0]
Prune local model 9, pr_ratio = [0.6, 0.6, 0.6, 0.6]
Prune local model 15, pr_ratio = [0, 0, 0, 0]
Prune local model 12, pr_ratio = [0.4, 0.4, 0.4, 0.4]
Prune local model 13, pr_ratio = [0.5, 0.5, 0.5, 0.5]
Prune local model 14, pr_ratio = [0.6, 0.6, 0.6, 0.6]
Prune local model 6, pr_ratio = [0.2, 0.2, 0.2, 0.2]
Prune local model 5, pr_ratio = [0, 0, 0, 0]
Prune local model 18, pr_ratio = [0.5, 0.5, 0.5, 0.5]
Prune local model 7, pr_ratio = [0.4, 0.4, 0.4, 0.4]
Prune local model 19, pr_ratio = [0.6, 0.6, 0.6, 0.6]
Prune local model 11, pr_ratio = [0.2, 0.2, 0.2, 0.2]
Prune local model 2, pr_ratio = [0.4, 0.4, 0.4, 0.4]
Prune local model 3, pr_ratio = [0.5, 0.5, 0.5, 0.5]
Prune local model 4, pr_ratio = [0.6, 0.6, 0.6, 0.6]
Prune local model 1, pr_ratio = [0.2, 0.2, 0.2, 0.2]
Prune local model 16, pr_ratio = [0.2, 0.2, 0.2, 0.2]
Round 14 – LOCAL TPR pre-agg per client: ['0.267', '0.267', '0.269', '0.589', '0.458', '0.458', '0.458', '0.589', '0.267', '0.589', '0.267', '0.589', '0.269', '0.269', '0.267', '0.269', '0.458', '0.589', '0.269', '0.267']
Round 14 – TPR per Domain: 0:0.267, 1:0.267, 2:0.269, 3:0.589, 4:0.458, 5:0.458, 6:0.458, 7:0.589, 8:0.267, 9:0.589, 10:0.267, 11:0.589, 12:0.269, 13:0.269, 14:0.267, 15:0.269, 16:0.458, 17:0.589, 18:0.269, 19:0.267
Round: 14 Method: dapperfl Mean_Acc: 41.79 Best_Acc: 41.79
Domain_Acc: [49.55, 58.42, 25.86, 33.33] Domain_BestAcc: [50.45, 58.42, 27.59, 33.33]
Prune local model 14, pr_ratio = [0.6, 0.6, 0.6, 0.6]
Prune local model 8, pr_ratio = [0.5, 0.5, 0.5, 0.5]
Prune local model 18, pr_ratio = [0.5, 0.5, 0.5, 0.5]
Prune local model 5, pr_ratio = [0, 0, 0, 0]
Prune local model 17, pr_ratio = [0.4, 0.4, 0.4, 0.4]
Prune local model 19, pr_ratio = [0.6, 0.6, 0.6, 0.6]
Prune local model 13, pr_ratio = [0.5, 0.5, 0.5, 0.5]
Prune local model 10, pr_ratio = [0, 0, 0, 0]
Prune local model 3, pr_ratio = [0.5, 0.5, 0.5, 0.5]
Prune local model 11, pr_ratio = [0.2, 0.2, 0.2, 0.2]
Prune local model 4, pr_ratio = [0.6, 0.6, 0.6, 0.6]
Prune local model 1, pr_ratio = [0.2, 0.2, 0.2, 0.2]
Prune local model 12, pr_ratio = [0.4, 0.4, 0.4, 0.4]
Prune local model 0, pr_ratio = [0, 0, 0, 0]
Prune local model 2, pr_ratio = [0.4, 0.4, 0.4, 0.4]
Prune local model 7, pr_ratio = [0.4, 0.4, 0.4, 0.4]
Prune local model 16, pr_ratio = [0.2, 0.2, 0.2, 0.2]
Prune local model 9, pr_ratio = [0.6, 0.6, 0.6, 0.6]
Prune local model 15, pr_ratio = [0, 0, 0, 0]
Prune local model 6, pr_ratio = [0.2, 0.2, 0.2, 0.2]
Round 15 – LOCAL TPR pre-agg per client: ['0.292', '0.292', '0.314', '0.489', '0.442', '0.442', '0.442', '0.489', '0.292', '0.489', '0.292', '0.489', '0.314', '0.314', '0.292', '0.314', '0.442', '0.489', '0.314', '0.292']
Round 15 – TPR per Domain: 0:0.292, 1:0.292, 2:0.314, 3:0.489, 4:0.442, 5:0.442, 6:0.442, 7:0.489, 8:0.292, 9:0.489, 10:0.292, 11:0.489, 12:0.314, 13:0.314, 14:0.292, 15:0.314, 16:0.442, 17:0.489, 18:0.314, 19:0.292
Round: 15 Method: dapperfl Mean_Acc: 40.51 Best_Acc: 41.79
Domain_Acc: [48.21, 49.47, 31.03, 33.33] Domain_BestAcc: [50.45, 58.42, 31.03, 33.33]
Prune local model 5, pr_ratio = [0, 0, 0, 0]
Prune local model 10, pr_ratio = [0, 0, 0, 0]
Prune local model 3, pr_ratio = [0.5, 0.5, 0.5, 0.5]
Prune local model 4, pr_ratio = [0.6, 0.6, 0.6, 0.6]
Prune local model 1, pr_ratio = [0.2, 0.2, 0.2, 0.2]
Prune local model 0, pr_ratio = [0, 0, 0, 0]
Prune local model 19, pr_ratio = [0.6, 0.6, 0.6, 0.6]
Prune local model 8, pr_ratio = [0.5, 0.5, 0.5, 0.5]
Prune local model 16, pr_ratio = [0.2, 0.2, 0.2, 0.2]
Prune local model 7, pr_ratio = [0.4, 0.4, 0.4, 0.4]
Prune local model 6, pr_ratio = [0.2, 0.2, 0.2, 0.2]
Prune local model 13, pr_ratio = [0.5, 0.5, 0.5, 0.5]
Prune local model 11, pr_ratio = [0.2, 0.2, 0.2, 0.2]
Prune local model 2, pr_ratio = [0.4, 0.4, 0.4, 0.4]
Prune local model 9, pr_ratio = [0.6, 0.6, 0.6, 0.6]
Prune local model 14, pr_ratio = [0.6, 0.6, 0.6, 0.6]
Prune local model 17, pr_ratio = [0.4, 0.4, 0.4, 0.4]
Prune local model 15, pr_ratio = [0, 0, 0, 0]
Prune local model 12, pr_ratio = [0.4, 0.4, 0.4, 0.4]
Prune local model 18, pr_ratio = [0.5, 0.5, 0.5, 0.5]
Round 16 – LOCAL TPR pre-agg per client: ['0.292', '0.292', '0.256', '0.570', '0.467', '0.467', '0.467', '0.570', '0.292', '0.570', '0.292', '0.570', '0.256', '0.256', '0.292', '0.256', '0.467', '0.570', '0.256', '0.292']
Round 16 – TPR per Domain: 0:0.292, 1:0.292, 2:0.256, 3:0.570, 4:0.467, 5:0.467, 6:0.467, 7:0.570, 8:0.292, 9:0.570, 10:0.292, 11:0.570, 12:0.256, 13:0.256, 14:0.292, 15:0.256, 16:0.467, 17:0.570, 18:0.256, 19:0.292
Round: 16 Method: dapperfl Mean_Acc: 42.025 Best_Acc: 42.025
Domain_Acc: [50.45, 56.84, 24.14, 36.67] Domain_BestAcc: [50.45, 58.42, 31.03, 36.67]
Prune local model 6, pr_ratio = [0.2, 0.2, 0.2, 0.2]
Prune local model 9, pr_ratio = [0.6, 0.6, 0.6, 0.6]
Prune local model 18, pr_ratio = [0.5, 0.5, 0.5, 0.5]
Prune local model 19, pr_ratio = [0.6, 0.6, 0.6, 0.6]
Prune local model 14, pr_ratio = [0.6, 0.6, 0.6, 0.6]
Prune local model 15, pr_ratio = [0, 0, 0, 0]
Prune local model 10, pr_ratio = [0, 0, 0, 0]
Prune local model 4, pr_ratio = [0.6, 0.6, 0.6, 0.6]
Prune local model 8, pr_ratio = [0.5, 0.5, 0.5, 0.5]
Prune local model 1, pr_ratio = [0.2, 0.2, 0.2, 0.2]
Prune local model 17, pr_ratio = [0.4, 0.4, 0.4, 0.4]
Prune local model 16, pr_ratio = [0.2, 0.2, 0.2, 0.2]
Prune local model 13, pr_ratio = [0.5, 0.5, 0.5, 0.5]
Prune local model 0, pr_ratio = [0, 0, 0, 0]
Prune local model 12, pr_ratio = [0.4, 0.4, 0.4, 0.4]
Prune local model 2, pr_ratio = [0.4, 0.4, 0.4, 0.4]
Prune local model 11, pr_ratio = [0.2, 0.2, 0.2, 0.2]
Prune local model 5, pr_ratio = [0, 0, 0, 0]
Prune local model 7, pr_ratio = [0.4, 0.4, 0.4, 0.4]
Prune local model 3, pr_ratio = [0.5, 0.5, 0.5, 0.5]
Round 17 – LOCAL TPR pre-agg per client: ['0.200', '0.200', '0.292', '0.625', '0.458', '0.458', '0.458', '0.625', '0.200', '0.625', '0.200', '0.625', '0.292', '0.292', '0.200', '0.292', '0.458', '0.625', '0.292', '0.200']
Round 17 – TPR per Domain: 0:0.200, 1:0.200, 2:0.292, 3:0.625, 4:0.458, 5:0.458, 6:0.458, 7:0.625, 8:0.200, 9:0.625, 10:0.200, 11:0.625, 12:0.292, 13:0.292, 14:0.200, 15:0.292, 16:0.458, 17:0.625, 18:0.292, 19:0.200
Round: 17 Method: dapperfl Mean_Acc: 40.485 Best_Acc: 42.025
Domain_Acc: [50.0, 62.63, 29.31, 20.0] Domain_BestAcc: [50.45, 62.63, 31.03, 36.67]
Prune local model 19, pr_ratio = [0.6, 0.6, 0.6, 0.6]
Prune local model 18, pr_ratio = [0.5, 0.5, 0.5, 0.5]
Prune local model 6, pr_ratio = [0.2, 0.2, 0.2, 0.2]
Prune local model 11, pr_ratio = [0.2, 0.2, 0.2, 0.2]
Prune local model 16, pr_ratio = [0.2, 0.2, 0.2, 0.2]
Prune local model 15, pr_ratio = [0, 0, 0, 0]
Prune local model 0, pr_ratio = [0, 0, 0, 0]
Prune local model 2, pr_ratio = [0.4, 0.4, 0.4, 0.4]
Prune local model 3, pr_ratio = [0.5, 0.5, 0.5, 0.5]
Prune local model 8, pr_ratio = [0.5, 0.5, 0.5, 0.5]
Prune local model 7, pr_ratio = [0.4, 0.4, 0.4, 0.4]
Prune local model 1, pr_ratio = [0.2, 0.2, 0.2, 0.2]
Prune local model 14, pr_ratio = [0.6, 0.6, 0.6, 0.6]
Prune local model 13, pr_ratio = [0.5, 0.5, 0.5, 0.5]
Prune local model 17, pr_ratio = [0.4, 0.4, 0.4, 0.4]
Prune local model 9, pr_ratio = [0.6, 0.6, 0.6, 0.6]
Prune local model 5, pr_ratio = [0, 0, 0, 0]
Prune local model 10, pr_ratio = [0, 0, 0, 0]
Prune local model 4, pr_ratio = [0.6, 0.6, 0.6, 0.6]
Prune local model 12, pr_ratio = [0.4, 0.4, 0.4, 0.4]
Round 18 – LOCAL TPR pre-agg per client: ['0.275', '0.275', '0.281', '0.597', '0.469', '0.469', '0.469', '0.597', '0.275', '0.597', '0.275', '0.597', '0.281', '0.281', '0.275', '0.281', '0.469', '0.597', '0.281', '0.275']
Round 18 – TPR per Domain: 0:0.275, 1:0.275, 2:0.281, 3:0.597, 4:0.469, 5:0.469, 6:0.469, 7:0.597, 8:0.275, 9:0.597, 10:0.275, 11:0.597, 12:0.281, 13:0.281, 14:0.275, 15:0.281, 16:0.469, 17:0.597, 18:0.281, 19:0.275
Round: 18 Method: dapperfl Mean_Acc: 42.1 Best_Acc: 42.1
Domain_Acc: [51.34, 59.47, 27.59, 30.0] Domain_BestAcc: [51.34, 62.63, 31.03, 36.67]
Prune local model 13, pr_ratio = [0.5, 0.5, 0.5, 0.5]
Prune local model 11, pr_ratio = [0.2, 0.2, 0.2, 0.2]
Prune local model 16, pr_ratio = [0.2, 0.2, 0.2, 0.2]
Prune local model 17, pr_ratio = [0.4, 0.4, 0.4, 0.4]
Prune local model 12, pr_ratio = [0.4, 0.4, 0.4, 0.4]
Prune local model 1, pr_ratio = [0.2, 0.2, 0.2, 0.2]
Prune local model 10, pr_ratio = [0, 0, 0, 0]
Prune local model 5, pr_ratio = [0, 0, 0, 0]
Prune local model 9, pr_ratio = [0.6, 0.6, 0.6, 0.6]
Prune local model 4, pr_ratio = [0.6, 0.6, 0.6, 0.6]
Prune local model 19, pr_ratio = [0.6, 0.6, 0.6, 0.6]
Prune local model 0, pr_ratio = [0, 0, 0, 0]
Prune local model 7, pr_ratio = [0.4, 0.4, 0.4, 0.4]
Prune local model 15, pr_ratio = [0, 0, 0, 0]
Prune local model 6, pr_ratio = [0.2, 0.2, 0.2, 0.2]
Prune local model 2, pr_ratio = [0.4, 0.4, 0.4, 0.4]
Prune local model 8, pr_ratio = [0.5, 0.5, 0.5, 0.5]
Prune local model 3, pr_ratio = [0.5, 0.5, 0.5, 0.5]
Prune local model 14, pr_ratio = [0.6, 0.6, 0.6, 0.6]
Prune local model 18, pr_ratio = [0.5, 0.5, 0.5, 0.5]
Round 19 – LOCAL TPR pre-agg per client: ['0.317', '0.317', '0.319', '0.653', '0.479', '0.479', '0.479', '0.653', '0.317', '0.653', '0.317', '0.653', '0.319', '0.319', '0.317', '0.319', '0.479', '0.653', '0.319', '0.317']
Round 19 – TPR per Domain: 0:0.317, 1:0.317, 2:0.319, 3:0.653, 4:0.479, 5:0.479, 6:0.479, 7:0.653, 8:0.317, 9:0.653, 10:0.317, 11:0.653, 12:0.319, 13:0.319, 14:0.317, 15:0.319, 16:0.479, 17:0.653, 18:0.319, 19:0.317
Round: 19 Method: dapperfl Mean_Acc: 47.152 Best_Acc: 47.152
Domain_Acc: [51.79, 65.79, 31.03, 40.0] Domain_BestAcc: [51.79, 65.79, 31.03, 40.0]
Prune local model 8, pr_ratio = [0.5, 0.5, 0.5, 0.5]
Prune local model 19, pr_ratio = [0.6, 0.6, 0.6, 0.6]
Prune local model 1, pr_ratio = [0.2, 0.2, 0.2, 0.2]
Prune local model 13, pr_ratio = [0.5, 0.5, 0.5, 0.5]
Prune local model 10, pr_ratio = [0, 0, 0, 0]
Prune local model 16, pr_ratio = [0.2, 0.2, 0.2, 0.2]
Prune local model 0, pr_ratio = [0, 0, 0, 0]
Prune local model 5, pr_ratio = [0, 0, 0, 0]
Prune local model 7, pr_ratio = [0.4, 0.4, 0.4, 0.4]
Prune local model 11, pr_ratio = [0.2, 0.2, 0.2, 0.2]
Prune local model 9, pr_ratio = [0.6, 0.6, 0.6, 0.6]
Prune local model 14, pr_ratio = [0.6, 0.6, 0.6, 0.6]
Prune local model 3, pr_ratio = [0.5, 0.5, 0.5, 0.5]
Prune local model 6, pr_ratio = [0.2, 0.2, 0.2, 0.2]
Prune local model 18, pr_ratio = [0.5, 0.5, 0.5, 0.5]
Prune local model 2, pr_ratio = [0.4, 0.4, 0.4, 0.4]
Prune local model 4, pr_ratio = [0.6, 0.6, 0.6, 0.6]
Prune local model 17, pr_ratio = [0.4, 0.4, 0.4, 0.4]
Prune local model 12, pr_ratio = [0.4, 0.4, 0.4, 0.4]
Prune local model 15, pr_ratio = [0, 0, 0, 0]
Round 20 – LOCAL TPR pre-agg per client: ['0.325', '0.325', '0.257', '0.654', '0.484', '0.484', '0.484', '0.654', '0.325', '0.654', '0.325', '0.654', '0.257', '0.257', '0.325', '0.257', '0.484', '0.654', '0.257', '0.325']
Round 20 – TPR per Domain: 0:0.325, 1:0.325, 2:0.257, 3:0.654, 4:0.484, 5:0.484, 6:0.484, 7:0.654, 8:0.325, 9:0.654, 10:0.325, 11:0.654, 12:0.257, 13:0.257, 14:0.325, 15:0.257, 16:0.484, 17:0.654, 18:0.257, 19:0.325
Round: 20 Method: dapperfl Mean_Acc: 45.408 Best_Acc: 47.152
Domain_Acc: [52.23, 65.26, 24.14, 40.0] Domain_BestAcc: [52.23, 65.79, 31.03, 40.0]
Prune local model 2, pr_ratio = [0.4, 0.4, 0.4, 0.4]
Prune local model 18, pr_ratio = [0.5, 0.5, 0.5, 0.5]
Prune local model 5, pr_ratio = [0, 0, 0, 0]
Prune local model 0, pr_ratio = [0, 0, 0, 0]
Prune local model 11, pr_ratio = [0.2, 0.2, 0.2, 0.2]
Prune local model 16, pr_ratio = [0.2, 0.2, 0.2, 0.2]
Prune local model 15, pr_ratio = [0, 0, 0, 0]
Prune local model 14, pr_ratio = [0.6, 0.6, 0.6, 0.6]
Prune local model 13, pr_ratio = [0.5, 0.5, 0.5, 0.5]
Prune local model 4, pr_ratio = [0.6, 0.6, 0.6, 0.6]
Prune local model 9, pr_ratio = [0.6, 0.6, 0.6, 0.6]
Prune local model 6, pr_ratio = [0.2, 0.2, 0.2, 0.2]
Prune local model 7, pr_ratio = [0.4, 0.4, 0.4, 0.4]
Prune local model 10, pr_ratio = [0, 0, 0, 0]
Prune local model 12, pr_ratio = [0.4, 0.4, 0.4, 0.4]
Prune local model 3, pr_ratio = [0.5, 0.5, 0.5, 0.5]
Prune local model 19, pr_ratio = [0.6, 0.6, 0.6, 0.6]
Prune local model 1, pr_ratio = [0.2, 0.2, 0.2, 0.2]
Prune local model 17, pr_ratio = [0.4, 0.4, 0.4, 0.4]
Prune local model 8, pr_ratio = [0.5, 0.5, 0.5, 0.5]
Round 21 – LOCAL TPR pre-agg per client: ['0.250', '0.250', '0.273', '0.618', '0.458', '0.458', '0.458', '0.618', '0.250', '0.618', '0.250', '0.618', '0.273', '0.273', '0.250', '0.273', '0.458', '0.618', '0.273', '0.250']
Round 21 – TPR per Domain: 0:0.250, 1:0.250, 2:0.273, 3:0.618, 4:0.458, 5:0.458, 6:0.458, 7:0.618, 8:0.250, 9:0.618, 10:0.250, 11:0.618, 12:0.273, 13:0.273, 14:0.250, 15:0.273, 16:0.458, 17:0.618, 18:0.273, 19:0.250
Round: 21 Method: dapperfl Mean_Acc: 41.88 Best_Acc: 47.152
Domain_Acc: [49.55, 62.11, 25.86, 30.0] Domain_BestAcc: [52.23, 65.79, 31.03, 40.0]
Prune local model 5, pr_ratio = [0, 0, 0, 0]
Prune local model 1, pr_ratio = [0.2, 0.2, 0.2, 0.2]
Prune local model 7, pr_ratio = [0.4, 0.4, 0.4, 0.4]
Prune local model 8, pr_ratio = [0.5, 0.5, 0.5, 0.5]
Prune local model 15, pr_ratio = [0, 0, 0, 0]
Prune local model 13, pr_ratio = [0.5, 0.5, 0.5, 0.5]
Prune local model 3, pr_ratio = [0.5, 0.5, 0.5, 0.5]
Prune local model 9, pr_ratio = [0.6, 0.6, 0.6, 0.6]
Prune local model 10, pr_ratio = [0, 0, 0, 0]
Prune local model 0, pr_ratio = [0, 0, 0, 0]
Prune local model 12, pr_ratio = [0.4, 0.4, 0.4, 0.4]
Prune local model 6, pr_ratio = [0.2, 0.2, 0.2, 0.2]
Prune local model 2, pr_ratio = [0.4, 0.4, 0.4, 0.4]
Prune local model 16, pr_ratio = [0.2, 0.2, 0.2, 0.2]
Prune local model 19, pr_ratio = [0.6, 0.6, 0.6, 0.6]
Prune local model 4, pr_ratio = [0.6, 0.6, 0.6, 0.6]
Prune local model 17, pr_ratio = [0.4, 0.4, 0.4, 0.4]
Prune local model 14, pr_ratio = [0.6, 0.6, 0.6, 0.6]
Prune local model 18, pr_ratio = [0.5, 0.5, 0.5, 0.5]
Prune local model 11, pr_ratio = [0.2, 0.2, 0.2, 0.2]
Round 22 – LOCAL TPR pre-agg per client: ['0.300', '0.300', '0.256', '0.696', '0.504', '0.504', '0.504', '0.696', '0.300', '0.696', '0.300', '0.696', '0.256', '0.256', '0.300', '0.256', '0.504', '0.696', '0.256', '0.300']
Round 22 – TPR per Domain: 0:0.300, 1:0.300, 2:0.256, 3:0.696, 4:0.504, 5:0.504, 6:0.504, 7:0.696, 8:0.300, 9:0.696, 10:0.300, 11:0.696, 12:0.256, 13:0.256, 14:0.300, 15:0.256, 16:0.504, 17:0.696, 18:0.256, 19:0.300
Round: 22 Method: dapperfl Mean_Acc: 46.185 Best_Acc: 47.152
Domain_Acc: [54.46, 69.47, 24.14, 36.67] Domain_BestAcc: [54.46, 69.47, 31.03, 40.0]
Prune local model 19, pr_ratio = [0.6, 0.6, 0.6, 0.6]
Prune local model 12, pr_ratio = [0.4, 0.4, 0.4, 0.4]
Prune local model 16, pr_ratio = [0.2, 0.2, 0.2, 0.2]
Prune local model 10, pr_ratio = [0, 0, 0, 0]
Prune local model 9, pr_ratio = [0.6, 0.6, 0.6, 0.6]
Prune local model 4, pr_ratio = [0.6, 0.6, 0.6, 0.6]
Prune local model 2, pr_ratio = [0.4, 0.4, 0.4, 0.4]
Prune local model 13, pr_ratio = [0.5, 0.5, 0.5, 0.5]
Prune local model 8, pr_ratio = [0.5, 0.5, 0.5, 0.5]
Prune local model 18, pr_ratio = [0.5, 0.5, 0.5, 0.5]
Prune local model 0, pr_ratio = [0, 0, 0, 0]
Prune local model 15, pr_ratio = [0, 0, 0, 0]
Prune local model 3, pr_ratio = [0.5, 0.5, 0.5, 0.5]
Prune local model 1, pr_ratio = [0.2, 0.2, 0.2, 0.2]
Prune local model 5, pr_ratio = [0, 0, 0, 0]
Prune local model 7, pr_ratio = [0.4, 0.4, 0.4, 0.4]
Prune local model 6, pr_ratio = [0.2, 0.2, 0.2, 0.2]
Prune local model 14, pr_ratio = [0.6, 0.6, 0.6, 0.6]
Prune local model 17, pr_ratio = [0.4, 0.4, 0.4, 0.4]
Prune local model 11, pr_ratio = [0.2, 0.2, 0.2, 0.2]
Round 23 – LOCAL TPR pre-agg per client: ['0.300', '0.300', '0.279', '0.720', '0.468', '0.468', '0.468', '0.720', '0.300', '0.720', '0.300', '0.720', '0.279', '0.279', '0.300', '0.279', '0.468', '0.720', '0.279', '0.300']
Round 23 – TPR per Domain: 0:0.300, 1:0.300, 2:0.279, 3:0.720, 4:0.468, 5:0.468, 6:0.468, 7:0.720, 8:0.300, 9:0.720, 10:0.300, 11:0.720, 12:0.279, 13:0.279, 14:0.300, 15:0.279, 16:0.468, 17:0.720, 18:0.279, 19:0.300
Round: 23 Method: dapperfl Mean_Acc: 46.273 Best_Acc: 47.152
Domain_Acc: [50.45, 72.11, 25.86, 36.67] Domain_BestAcc: [54.46, 72.11, 31.03, 40.0]
Prune local model 3, pr_ratio = [0.5, 0.5, 0.5, 0.5]
Prune local model 5, pr_ratio = [0, 0, 0, 0]
Prune local model 4, pr_ratio = [0.6, 0.6, 0.6, 0.6]
Prune local model 2, pr_ratio = [0.4, 0.4, 0.4, 0.4]
Prune local model 11, pr_ratio = [0.2, 0.2, 0.2, 0.2]
Prune local model 19, pr_ratio = [0.6, 0.6, 0.6, 0.6]
Prune local model 15, pr_ratio = [0, 0, 0, 0]
Prune local model 12, pr_ratio = [0.4, 0.4, 0.4, 0.4]
Prune local model 9, pr_ratio = [0.6, 0.6, 0.6, 0.6]
Prune local model 14, pr_ratio = [0.6, 0.6, 0.6, 0.6]
Prune local model 10, pr_ratio = [0, 0, 0, 0]
Prune local model 17, pr_ratio = [0.4, 0.4, 0.4, 0.4]
Prune local model 16, pr_ratio = [0.2, 0.2, 0.2, 0.2]
Prune local model 0, pr_ratio = [0, 0, 0, 0]
Prune local model 7, pr_ratio = [0.4, 0.4, 0.4, 0.4]
Prune local model 1, pr_ratio = [0.2, 0.2, 0.2, 0.2]
Prune local model 18, pr_ratio = [0.5, 0.5, 0.5, 0.5]
Prune local model 13, pr_ratio = [0.5, 0.5, 0.5, 0.5]
Prune local model 6, pr_ratio = [0.2, 0.2, 0.2, 0.2]
Prune local model 8, pr_ratio = [0.5, 0.5, 0.5, 0.5]
Round 24 – LOCAL TPR pre-agg per client: ['0.242', '0.242', '0.236', '0.669', '0.487', '0.487', '0.487', '0.669', '0.242', '0.669', '0.242', '0.669', '0.236', '0.236', '0.242', '0.236', '0.487', '0.669', '0.236', '0.242']
Round 24 – TPR per Domain: 0:0.242, 1:0.242, 2:0.236, 3:0.669, 4:0.487, 5:0.487, 6:0.487, 7:0.669, 8:0.242, 9:0.669, 10:0.242, 11:0.669, 12:0.236, 13:0.236, 14:0.242, 15:0.236, 16:0.487, 17:0.669, 18:0.236, 19:0.242
Round: 24 Method: dapperfl Mean_Acc: 42.282 Best_Acc: 47.152
Domain_Acc: [52.68, 67.37, 22.41, 26.67] Domain_BestAcc: [54.46, 72.11, 31.03, 40.0]
Prune local model 6, pr_ratio = [0.2, 0.2, 0.2, 0.2]
Prune local model 2, pr_ratio = [0.4, 0.4, 0.4, 0.4]
Prune local model 5, pr_ratio = [0, 0, 0, 0]
Prune local model 10, pr_ratio = [0, 0, 0, 0]
Prune local model 18, pr_ratio = [0.5, 0.5, 0.5, 0.5]
Prune local model 16, pr_ratio = [0.2, 0.2, 0.2, 0.2]
Prune local model 17, pr_ratio = [0.4, 0.4, 0.4, 0.4]
Prune local model 7, pr_ratio = [0.4, 0.4, 0.4, 0.4]
Prune local model 4, pr_ratio = [0.6, 0.6, 0.6, 0.6]
Prune local model 19, pr_ratio = [0.6, 0.6, 0.6, 0.6]
Prune local model 14, pr_ratio = [0.6, 0.6, 0.6, 0.6]
Prune local model 9, pr_ratio = [0.6, 0.6, 0.6, 0.6]
Prune local model 3, pr_ratio = [0.5, 0.5, 0.5, 0.5]
Prune local model 13, pr_ratio = [0.5, 0.5, 0.5, 0.5]
Prune local model 11, pr_ratio = [0.2, 0.2, 0.2, 0.2]
Prune local model 0, pr_ratio = [0, 0, 0, 0]
Prune local model 15, pr_ratio = [0, 0, 0, 0]
Prune local model 12, pr_ratio = [0.4, 0.4, 0.4, 0.4]
Prune local model 1, pr_ratio = [0.2, 0.2, 0.2, 0.2]
Prune local model 8, pr_ratio = [0.5, 0.5, 0.5, 0.5]
Round 25 – LOCAL TPR pre-agg per client: ['0.325', '0.325', '0.351', '0.669', '0.491', '0.491', '0.491', '0.669', '0.325', '0.669', '0.325', '0.669', '0.351', '0.351', '0.325', '0.351', '0.491', '0.669', '0.351', '0.325']
Round 25 – TPR per Domain: 0:0.325, 1:0.325, 2:0.351, 3:0.669, 4:0.491, 5:0.491, 6:0.491, 7:0.669, 8:0.325, 9:0.669, 10:0.325, 11:0.669, 12:0.351, 13:0.351, 14:0.325, 15:0.351, 16:0.491, 17:0.669, 18:0.351, 19:0.325
Round: 25 Method: dapperfl Mean_Acc: 48.538 Best_Acc: 48.538
Domain_Acc: [54.02, 67.37, 32.76, 40.0] Domain_BestAcc: [54.46, 72.11, 32.76, 40.0]
Prune local model 3, pr_ratio = [0.5, 0.5, 0.5, 0.5]
Prune local model 19, pr_ratio = [0.6, 0.6, 0.6, 0.6]
Prune local model 17, pr_ratio = [0.4, 0.4, 0.4, 0.4]
Prune local model 11, pr_ratio = [0.2, 0.2, 0.2, 0.2]
Prune local model 16, pr_ratio = [0.2, 0.2, 0.2, 0.2]
Prune local model 8, pr_ratio = [0.5, 0.5, 0.5, 0.5]
Prune local model 10, pr_ratio = [0, 0, 0, 0]
Prune local model 7, pr_ratio = [0.4, 0.4, 0.4, 0.4]
Prune local model 15, pr_ratio = [0, 0, 0, 0]
Prune local model 2, pr_ratio = [0.4, 0.4, 0.4, 0.4]
Prune local model 9, pr_ratio = [0.6, 0.6, 0.6, 0.6]
Prune local model 13, pr_ratio = [0.5, 0.5, 0.5, 0.5]
Prune local model 18, pr_ratio = [0.5, 0.5, 0.5, 0.5]
Prune local model 14, pr_ratio = [0.6, 0.6, 0.6, 0.6]
Prune local model 1, pr_ratio = [0.2, 0.2, 0.2, 0.2]
Prune local model 4, pr_ratio = [0.6, 0.6, 0.6, 0.6]
Prune local model 5, pr_ratio = [0, 0, 0, 0]
Prune local model 0, pr_ratio = [0, 0, 0, 0]
Prune local model 6, pr_ratio = [0.2, 0.2, 0.2, 0.2]
Prune local model 12, pr_ratio = [0.4, 0.4, 0.4, 0.4]
Round 26 – LOCAL TPR pre-agg per client: ['0.308', '0.308', '0.290', '0.684', '0.480', '0.480', '0.480', '0.684', '0.308', '0.684', '0.308', '0.684', '0.290', '0.290', '0.308', '0.290', '0.480', '0.684', '0.290', '0.308']
Round 26 – TPR per Domain: 0:0.308, 1:0.308, 2:0.290, 3:0.684, 4:0.480, 5:0.480, 6:0.480, 7:0.684, 8:0.308, 9:0.684, 10:0.308, 11:0.684, 12:0.290, 13:0.290, 14:0.308, 15:0.290, 16:0.480, 17:0.684, 18:0.290, 19:0.308
Round: 26 Method: dapperfl Mean_Acc: 46.34 Best_Acc: 48.538
Domain_Acc: [52.68, 68.42, 27.59, 36.67] Domain_BestAcc: [54.46, 72.11, 32.76, 40.0]
Prune local model 12, pr_ratio = [0.4, 0.4, 0.4, 0.4]
Prune local model 19, pr_ratio = [0.6, 0.6, 0.6, 0.6]
Prune local model 13, pr_ratio = [0.5, 0.5, 0.5, 0.5]
Prune local model 18, pr_ratio = [0.5, 0.5, 0.5, 0.5]
Prune local model 6, pr_ratio = [0.2, 0.2, 0.2, 0.2]
Prune local model 0, pr_ratio = [0, 0, 0, 0]
Prune local model 17, pr_ratio = [0.4, 0.4, 0.4, 0.4]
Prune local model 1, pr_ratio = [0.2, 0.2, 0.2, 0.2]
Prune local model 10, pr_ratio = [0, 0, 0, 0]
Prune local model 7, pr_ratio = [0.4, 0.4, 0.4, 0.4]
Prune local model 8, pr_ratio = [0.5, 0.5, 0.5, 0.5]
Prune local model 9, pr_ratio = [0.6, 0.6, 0.6, 0.6]
Prune local model 16, pr_ratio = [0.2, 0.2, 0.2, 0.2]
Prune local model 11, pr_ratio = [0.2, 0.2, 0.2, 0.2]
Prune local model 14, pr_ratio = [0.6, 0.6, 0.6, 0.6]
Prune local model 4, pr_ratio = [0.6, 0.6, 0.6, 0.6]
Prune local model 5, pr_ratio = [0, 0, 0, 0]
Prune local model 2, pr_ratio = [0.4, 0.4, 0.4, 0.4]
Prune local model 3, pr_ratio = [0.5, 0.5, 0.5, 0.5]
Prune local model 15, pr_ratio = [0, 0, 0, 0]
Round 27 – LOCAL TPR pre-agg per client: ['0.325', '0.325', '0.417', '0.725', '0.521', '0.521', '0.521', '0.725', '0.325', '0.725', '0.325', '0.725', '0.417', '0.417', '0.325', '0.417', '0.521', '0.725', '0.417', '0.325']
Round 27 – TPR per Domain: 0:0.325, 1:0.325, 2:0.417, 3:0.725, 4:0.521, 5:0.521, 6:0.521, 7:0.725, 8:0.325, 9:0.725, 10:0.325, 11:0.725, 12:0.417, 13:0.417, 14:0.325, 15:0.417, 16:0.521, 17:0.725, 18:0.417, 19:0.325
Round: 27 Method: dapperfl Mean_Acc: 52.022 Best_Acc: 52.022
Domain_Acc: [55.8, 72.63, 39.66, 40.0] Domain_BestAcc: [55.8, 72.63, 39.66, 40.0]
Prune local model 3, pr_ratio = [0.5, 0.5, 0.5, 0.5]
Prune local model 1, pr_ratio = [0.2, 0.2, 0.2, 0.2]
Prune local model 15, pr_ratio = [0, 0, 0, 0]
Prune local model 10, pr_ratio = [0, 0, 0, 0]
Prune local model 4, pr_ratio = [0.6, 0.6, 0.6, 0.6]
Prune local model 5, pr_ratio = [0, 0, 0, 0]
Prune local model 18, pr_ratio = [0.5, 0.5, 0.5, 0.5]
Prune local model 19, pr_ratio = [0.6, 0.6, 0.6, 0.6]
Prune local model 8, pr_ratio = [0.5, 0.5, 0.5, 0.5]
Prune local model 7, pr_ratio = [0.4, 0.4, 0.4, 0.4]
Prune local model 0, pr_ratio = [0, 0, 0, 0]
Prune local model 2, pr_ratio = [0.4, 0.4, 0.4, 0.4]
Prune local model 12, pr_ratio = [0.4, 0.4, 0.4, 0.4]
Prune local model 9, pr_ratio = [0.6, 0.6, 0.6, 0.6]
Prune local model 13, pr_ratio = [0.5, 0.5, 0.5, 0.5]
Prune local model 11, pr_ratio = [0.2, 0.2, 0.2, 0.2]
Prune local model 14, pr_ratio = [0.6, 0.6, 0.6, 0.6]
Prune local model 17, pr_ratio = [0.4, 0.4, 0.4, 0.4]
Prune local model 6, pr_ratio = [0.2, 0.2, 0.2, 0.2]
Prune local model 16, pr_ratio = [0.2, 0.2, 0.2, 0.2]
Round 28 – LOCAL TPR pre-agg per client: ['0.283', '0.283', '0.351', '0.578', '0.430', '0.430', '0.430', '0.578', '0.283', '0.578', '0.283', '0.578', '0.351', '0.351', '0.283', '0.351', '0.430', '0.578', '0.351', '0.283']
Round 28 – TPR per Domain: 0:0.283, 1:0.283, 2:0.351, 3:0.578, 4:0.430, 5:0.430, 6:0.430, 7:0.578, 8:0.283, 9:0.578, 10:0.283, 11:0.578, 12:0.351, 13:0.351, 14:0.283, 15:0.351, 16:0.430, 17:0.578, 18:0.351, 19:0.283
Round: 28 Method: dapperfl Mean_Acc: 43.202 Best_Acc: 52.022
Domain_Acc: [47.77, 58.95, 32.76, 33.33] Domain_BestAcc: [55.8, 72.63, 39.66, 40.0]
Prune local model 0, pr_ratio = [0, 0, 0, 0]
Prune local model 2, pr_ratio = [0.4, 0.4, 0.4, 0.4]
Prune local model 18, pr_ratio = [0.5, 0.5, 0.5, 0.5]
Prune local model 8, pr_ratio = [0.5, 0.5, 0.5, 0.5]
Prune local model 3, pr_ratio = [0.5, 0.5, 0.5, 0.5]
Prune local model 9, pr_ratio = [0.6, 0.6, 0.6, 0.6]
Prune local model 16, pr_ratio = [0.2, 0.2, 0.2, 0.2]
Prune local model 15, pr_ratio = [0, 0, 0, 0]
Prune local model 17, pr_ratio = [0.4, 0.4, 0.4, 0.4]
Prune local model 13, pr_ratio = [0.5, 0.5, 0.5, 0.5]
Prune local model 10, pr_ratio = [0, 0, 0, 0]
Prune local model 19, pr_ratio = [0.6, 0.6, 0.6, 0.6]
Prune local model 11, pr_ratio = [0.2, 0.2, 0.2, 0.2]
Prune local model 6, pr_ratio = [0.2, 0.2, 0.2, 0.2]
Prune local model 4, pr_ratio = [0.6, 0.6, 0.6, 0.6]
Prune local model 12, pr_ratio = [0.4, 0.4, 0.4, 0.4]
Prune local model 7, pr_ratio = [0.4, 0.4, 0.4, 0.4]
Prune local model 1, pr_ratio = [0.2, 0.2, 0.2, 0.2]
Prune local model 14, pr_ratio = [0.6, 0.6, 0.6, 0.6]
Prune local model 5, pr_ratio = [0, 0, 0, 0]
Round 29 – LOCAL TPR pre-agg per client: ['0.317', '0.317', '0.383', '0.721', '0.503', '0.503', '0.503', '0.721', '0.317', '0.721', '0.317', '0.721', '0.383', '0.383', '0.317', '0.383', '0.503', '0.721', '0.383', '0.317']
Round 29 – TPR per Domain: 0:0.317, 1:0.317, 2:0.383, 3:0.721, 4:0.503, 5:0.503, 6:0.503, 7:0.721, 8:0.317, 9:0.721, 10:0.317, 11:0.721, 12:0.383, 13:0.383, 14:0.317, 15:0.383, 16:0.503, 17:0.721, 18:0.383, 19:0.317
Round: 29 Method: dapperfl Mean_Acc: 50.695 Best_Acc: 52.022
Domain_Acc: [54.46, 72.11, 36.21, 40.0] Domain_BestAcc: [55.8, 72.63, 39.66, 40.0]
Prune local model 13, pr_ratio = [0.5, 0.5, 0.5, 0.5]
Prune local model 3, pr_ratio = [0.5, 0.5, 0.5, 0.5]
Prune local model 17, pr_ratio = [0.4, 0.4, 0.4, 0.4]
Prune local model 9, pr_ratio = [0.6, 0.6, 0.6, 0.6]
Prune local model 19, pr_ratio = [0.6, 0.6, 0.6, 0.6]
Prune local model 15, pr_ratio = [0, 0, 0, 0]
Prune local model 12, pr_ratio = [0.4, 0.4, 0.4, 0.4]
Prune local model 10, pr_ratio = [0, 0, 0, 0]
Prune local model 11, pr_ratio = [0.2, 0.2, 0.2, 0.2]
Prune local model 6, pr_ratio = [0.2, 0.2, 0.2, 0.2]
Prune local model 1, pr_ratio = [0.2, 0.2, 0.2, 0.2]
Prune local model 14, pr_ratio = [0.6, 0.6, 0.6, 0.6]
Prune local model 16, pr_ratio = [0.2, 0.2, 0.2, 0.2]
Prune local model 5, pr_ratio = [0, 0, 0, 0]
Prune local model 8, pr_ratio = [0.5, 0.5, 0.5, 0.5]
Prune local model 2, pr_ratio = [0.4, 0.4, 0.4, 0.4]
Prune local model 0, pr_ratio = [0, 0, 0, 0]
Prune local model 18, pr_ratio = [0.5, 0.5, 0.5, 0.5]
Prune local model 7, pr_ratio = [0.4, 0.4, 0.4, 0.4]
Prune local model 4, pr_ratio = [0.6, 0.6, 0.6, 0.6]
Round 30 – LOCAL TPR pre-agg per client: ['0.283', '0.283', '0.335', '0.723', '0.507', '0.507', '0.507', '0.723', '0.283', '0.723', '0.283', '0.723', '0.335', '0.335', '0.283', '0.335', '0.507', '0.723', '0.335', '0.283']
Round 30 – TPR per Domain: 0:0.283, 1:0.283, 2:0.335, 3:0.723, 4:0.507, 5:0.507, 6:0.507, 7:0.723, 8:0.283, 9:0.723, 10:0.283, 11:0.723, 12:0.335, 13:0.335, 14:0.283, 15:0.335, 16:0.507, 17:0.723, 18:0.335, 19:0.283
Round: 30 Method: dapperfl Mean_Acc: 48.087 Best_Acc: 52.022
Domain_Acc: [55.36, 72.63, 31.03, 33.33] Domain_BestAcc: [55.8, 72.63, 39.66, 40.0]
Prune local model 8, pr_ratio = [0.5, 0.5, 0.5, 0.5]
Prune local model 14, pr_ratio = [0.6, 0.6, 0.6, 0.6]
Prune local model 17, pr_ratio = [0.4, 0.4, 0.4, 0.4]
Prune local model 7, pr_ratio = [0.4, 0.4, 0.4, 0.4]
Prune local model 18, pr_ratio = [0.5, 0.5, 0.5, 0.5]
Prune local model 3, pr_ratio = [0.5, 0.5, 0.5, 0.5]
Prune local model 5, pr_ratio = [0, 0, 0, 0]
Prune local model 4, pr_ratio = [0.6, 0.6, 0.6, 0.6]
Prune local model 16, pr_ratio = [0.2, 0.2, 0.2, 0.2]
Prune local model 1, pr_ratio = [0.2, 0.2, 0.2, 0.2]
Prune local model 6, pr_ratio = [0.2, 0.2, 0.2, 0.2]
Prune local model 0, pr_ratio = [0, 0, 0, 0]
Prune local model 9, pr_ratio = [0.6, 0.6, 0.6, 0.6]
Prune local model 12, pr_ratio = [0.4, 0.4, 0.4, 0.4]
Prune local model 13, pr_ratio = [0.5, 0.5, 0.5, 0.5]
Prune local model 10, pr_ratio = [0, 0, 0, 0]
Prune local model 11, pr_ratio = [0.2, 0.2, 0.2, 0.2]
Prune local model 15, pr_ratio = [0, 0, 0, 0]
Prune local model 2, pr_ratio = [0.4, 0.4, 0.4, 0.4]
Prune local model 19, pr_ratio = [0.6, 0.6, 0.6, 0.6]
Round 31 – LOCAL TPR pre-agg per client: ['0.308', '0.308', '0.438', '0.711', '0.530', '0.530', '0.530', '0.711', '0.308', '0.711', '0.308', '0.711', '0.438', '0.438', '0.308', '0.438', '0.530', '0.711', '0.438', '0.308']
Round 31 – TPR per Domain: 0:0.308, 1:0.308, 2:0.438, 3:0.711, 4:0.530, 5:0.530, 6:0.530, 7:0.711, 8:0.308, 9:0.711, 10:0.308, 11:0.711, 12:0.438, 13:0.438, 14:0.308, 15:0.438, 16:0.530, 17:0.711, 18:0.438, 19:0.308
Round: 31 Method: dapperfl Mean_Acc: 51.672 Best_Acc: 52.022
Domain_Acc: [57.59, 71.05, 41.38, 36.67] Domain_BestAcc: [57.59, 72.63, 41.38, 40.0]
Prune local model 14, pr_ratio = [0.6, 0.6, 0.6, 0.6]
Prune local model 15, pr_ratio = [0, 0, 0, 0]
Prune local model 6, pr_ratio = [0.2, 0.2, 0.2, 0.2]
Prune local model 12, pr_ratio = [0.4, 0.4, 0.4, 0.4]
Prune local model 16, pr_ratio = [0.2, 0.2, 0.2, 0.2]
Prune local model 18, pr_ratio = [0.5, 0.5, 0.5, 0.5]
Prune local model 11, pr_ratio = [0.2, 0.2, 0.2, 0.2]
Prune local model 13, pr_ratio = [0.5, 0.5, 0.5, 0.5]
Prune local model 5, pr_ratio = [0, 0, 0, 0]
Prune local model 17, pr_ratio = [0.4, 0.4, 0.4, 0.4]
Prune local model 4, pr_ratio = [0.6, 0.6, 0.6, 0.6]
Prune local model 0, pr_ratio = [0, 0, 0, 0]
Prune local model 1, pr_ratio = [0.2, 0.2, 0.2, 0.2]
Prune local model 8, pr_ratio = [0.5, 0.5, 0.5, 0.5]
Prune local model 10, pr_ratio = [0, 0, 0, 0]
Prune local model 9, pr_ratio = [0.6, 0.6, 0.6, 0.6]
Prune local model 2, pr_ratio = [0.4, 0.4, 0.4, 0.4]
Prune local model 19, pr_ratio = [0.6, 0.6, 0.6, 0.6]
Prune local model 3, pr_ratio = [0.5, 0.5, 0.5, 0.5]
Prune local model 7, pr_ratio = [0.4, 0.4, 0.4, 0.4]
Round 32 – LOCAL TPR pre-agg per client: ['0.292', '0.292', '0.310', '0.728', '0.485', '0.485', '0.485', '0.728', '0.292', '0.728', '0.292', '0.728', '0.310', '0.310', '0.292', '0.310', '0.485', '0.728', '0.310', '0.292']
Round 32 – TPR per Domain: 0:0.292, 1:0.292, 2:0.310, 3:0.728, 4:0.485, 5:0.485, 6:0.485, 7:0.728, 8:0.292, 9:0.728, 10:0.292, 11:0.728, 12:0.310, 13:0.310, 14:0.292, 15:0.310, 16:0.485, 17:0.728, 18:0.310, 19:0.292
Round: 32 Method: dapperfl Mean_Acc: 47.955 Best_Acc: 52.022
Domain_Acc: [52.68, 73.16, 29.31, 36.67] Domain_BestAcc: [57.59, 73.16, 41.38, 40.0]
Prune local model 7, pr_ratio = [0.4, 0.4, 0.4, 0.4]
Prune local model 10, pr_ratio = [0, 0, 0, 0]
Prune local model 16, pr_ratio = [0.2, 0.2, 0.2, 0.2]
Prune local model 6, pr_ratio = [0.2, 0.2, 0.2, 0.2]
Prune local model 0, pr_ratio = [0, 0, 0, 0]
Prune local model 14, pr_ratio = [0.6, 0.6, 0.6, 0.6]
Prune local model 5, pr_ratio = [0, 0, 0, 0]
Prune local model 11, pr_ratio = [0.2, 0.2, 0.2, 0.2]
Prune local model 2, pr_ratio = [0.4, 0.4, 0.4, 0.4]
Prune local model 4, pr_ratio = [0.6, 0.6, 0.6, 0.6]
Prune local model 17, pr_ratio = [0.4, 0.4, 0.4, 0.4]
Prune local model 19, pr_ratio = [0.6, 0.6, 0.6, 0.6]
Prune local model 1, pr_ratio = [0.2, 0.2, 0.2, 0.2]
Prune local model 13, pr_ratio = [0.5, 0.5, 0.5, 0.5]
Prune local model 15, pr_ratio = [0, 0, 0, 0]
Prune local model 9, pr_ratio = [0.6, 0.6, 0.6, 0.6]
Prune local model 8, pr_ratio = [0.5, 0.5, 0.5, 0.5]
Prune local model 3, pr_ratio = [0.5, 0.5, 0.5, 0.5]
Prune local model 12, pr_ratio = [0.4, 0.4, 0.4, 0.4]
Prune local model 18, pr_ratio = [0.5, 0.5, 0.5, 0.5]
Round 33 – LOCAL TPR pre-agg per client: ['0.300', '0.300', '0.358', '0.699', '0.525', '0.525', '0.525', '0.699', '0.300', '0.699', '0.300', '0.699', '0.358', '0.358', '0.300', '0.358', '0.525', '0.699', '0.358', '0.300']
Round 33 – TPR per Domain: 0:0.300, 1:0.300, 2:0.358, 3:0.699, 4:0.525, 5:0.525, 6:0.525, 7:0.699, 8:0.300, 9:0.699, 10:0.300, 11:0.699, 12:0.358, 13:0.358, 14:0.300, 15:0.358, 16:0.525, 17:0.699, 18:0.358, 19:0.300
Round: 33 Method: dapperfl Mean_Acc: 49.142 Best_Acc: 52.022
Domain_Acc: [57.14, 70.0, 32.76, 36.67] Domain_BestAcc: [57.59, 73.16, 41.38, 40.0]
Prune local model 1, pr_ratio = [0.2, 0.2, 0.2, 0.2]
Prune local model 4, pr_ratio = [0.6, 0.6, 0.6, 0.6]
Prune local model 13, pr_ratio = [0.5, 0.5, 0.5, 0.5]
Prune local model 6, pr_ratio = [0.2, 0.2, 0.2, 0.2]
Prune local model 19, pr_ratio = [0.6, 0.6, 0.6, 0.6]
Prune local model 3, pr_ratio = [0.5, 0.5, 0.5, 0.5]
Prune local model 0, pr_ratio = [0, 0, 0, 0]
Prune local model 2, pr_ratio = [0.4, 0.4, 0.4, 0.4]
Prune local model 10, pr_ratio = [0, 0, 0, 0]
Prune local model 16, pr_ratio = [0.2, 0.2, 0.2, 0.2]
Prune local model 12, pr_ratio = [0.4, 0.4, 0.4, 0.4]
Prune local model 18, pr_ratio = [0.5, 0.5, 0.5, 0.5]
Prune local model 17, pr_ratio = [0.4, 0.4, 0.4, 0.4]
Prune local model 11, pr_ratio = [0.2, 0.2, 0.2, 0.2]
Prune local model 8, pr_ratio = [0.5, 0.5, 0.5, 0.5]
Prune local model 5, pr_ratio = [0, 0, 0, 0]
Prune local model 14, pr_ratio = [0.6, 0.6, 0.6, 0.6]
Prune local model 9, pr_ratio = [0.6, 0.6, 0.6, 0.6]
Prune local model 15, pr_ratio = [0, 0, 0, 0]
Prune local model 7, pr_ratio = [0.4, 0.4, 0.4, 0.4]
Round 34 – LOCAL TPR pre-agg per client: ['0.258', '0.258', '0.380', '0.763', '0.530', '0.530', '0.530', '0.763', '0.258', '0.763', '0.258', '0.763', '0.380', '0.380', '0.258', '0.380', '0.530', '0.763', '0.380', '0.258']
Round 34 – TPR per Domain: 0:0.258, 1:0.258, 2:0.380, 3:0.763, 4:0.530, 5:0.530, 6:0.530, 7:0.763, 8:0.258, 9:0.763, 10:0.258, 11:0.763, 12:0.380, 13:0.380, 14:0.258, 15:0.380, 16:0.530, 17:0.763, 18:0.380, 19:0.258
Round: 34 Method: dapperfl Mean_Acc: 50.862 Best_Acc: 52.022
Domain_Acc: [57.59, 76.32, 36.21, 33.33] Domain_BestAcc: [57.59, 76.32, 41.38, 40.0]
Prune local model 4, pr_ratio = [0.6, 0.6, 0.6, 0.6]
Prune local model 1, pr_ratio = [0.2, 0.2, 0.2, 0.2]
Prune local model 6, pr_ratio = [0.2, 0.2, 0.2, 0.2]
Prune local model 2, pr_ratio = [0.4, 0.4, 0.4, 0.4]
Prune local model 14, pr_ratio = [0.6, 0.6, 0.6, 0.6]
Prune local model 16, pr_ratio = [0.2, 0.2, 0.2, 0.2]
Prune local model 19, pr_ratio = [0.6, 0.6, 0.6, 0.6]
Prune local model 5, pr_ratio = [0, 0, 0, 0]
Prune local model 17, pr_ratio = [0.4, 0.4, 0.4, 0.4]
Prune local model 11, pr_ratio = [0.2, 0.2, 0.2, 0.2]
Prune local model 9, pr_ratio = [0.6, 0.6, 0.6, 0.6]
Prune local model 15, pr_ratio = [0, 0, 0, 0]
Prune local model 8, pr_ratio = [0.5, 0.5, 0.5, 0.5]
Prune local model 13, pr_ratio = [0.5, 0.5, 0.5, 0.5]
Prune local model 10, pr_ratio = [0, 0, 0, 0]
Prune local model 3, pr_ratio = [0.5, 0.5, 0.5, 0.5]
Prune local model 0, pr_ratio = [0, 0, 0, 0]
Prune local model 7, pr_ratio = [0.4, 0.4, 0.4, 0.4]
Prune local model 18, pr_ratio = [0.5, 0.5, 0.5, 0.5]
Prune local model 12, pr_ratio = [0.4, 0.4, 0.4, 0.4]
Round 35 – LOCAL TPR pre-agg per client: ['0.417', '0.417', '0.397', '0.719', '0.534', '0.534', '0.534', '0.719', '0.417', '0.719', '0.417', '0.719', '0.397', '0.397', '0.417', '0.397', '0.534', '0.719', '0.397', '0.417']
Round 35 – TPR per Domain: 0:0.417, 1:0.417, 2:0.397, 3:0.719, 4:0.534, 5:0.534, 6:0.534, 7:0.719, 8:0.417, 9:0.719, 10:0.417, 11:0.719, 12:0.397, 13:0.397, 14:0.417, 15:0.397, 16:0.534, 17:0.719, 18:0.397, 19:0.417
Round: 35 Method: dapperfl Mean_Acc: 54.295 Best_Acc: 54.295
Domain_Acc: [57.14, 72.11, 37.93, 50.0] Domain_BestAcc: [57.59, 76.32, 41.38, 50.0]
Prune local model 12, pr_ratio = [0.4, 0.4, 0.4, 0.4]
Prune local model 18, pr_ratio = [0.5, 0.5, 0.5, 0.5]
Prune local model 3, pr_ratio = [0.5, 0.5, 0.5, 0.5]
Prune local model 15, pr_ratio = [0, 0, 0, 0]
Prune local model 8, pr_ratio = [0.5, 0.5, 0.5, 0.5]
Prune local model 17, pr_ratio = [0.4, 0.4, 0.4, 0.4]
Prune local model 0, pr_ratio = [0, 0, 0, 0]
Prune local model 11, pr_ratio = [0.2, 0.2, 0.2, 0.2]
Prune local model 19, pr_ratio = [0.6, 0.6, 0.6, 0.6]
Prune local model 4, pr_ratio = [0.6, 0.6, 0.6, 0.6]
Prune local model 2, pr_ratio = [0.4, 0.4, 0.4, 0.4]
Prune local model 5, pr_ratio = [0, 0, 0, 0]
Prune local model 13, pr_ratio = [0.5, 0.5, 0.5, 0.5]
Prune local model 1, pr_ratio = [0.2, 0.2, 0.2, 0.2]
Prune local model 14, pr_ratio = [0.6, 0.6, 0.6, 0.6]
Prune local model 9, pr_ratio = [0.6, 0.6, 0.6, 0.6]
Prune local model 16, pr_ratio = [0.2, 0.2, 0.2, 0.2]
Prune local model 7, pr_ratio = [0.4, 0.4, 0.4, 0.4]
Prune local model 10, pr_ratio = [0, 0, 0, 0]
Prune local model 6, pr_ratio = [0.2, 0.2, 0.2, 0.2]
Round 36 – LOCAL TPR pre-agg per client: ['0.342', '0.342', '0.443', '0.756', '0.530', '0.530', '0.530', '0.756', '0.342', '0.756', '0.342', '0.756', '0.443', '0.443', '0.342', '0.443', '0.530', '0.756', '0.443', '0.342']
Round 36 – TPR per Domain: 0:0.342, 1:0.342, 2:0.443, 3:0.756, 4:0.530, 5:0.530, 6:0.530, 7:0.756, 8:0.342, 9:0.756, 10:0.342, 11:0.756, 12:0.443, 13:0.443, 14:0.342, 15:0.443, 16:0.530, 17:0.756, 18:0.443, 19:0.342
Round: 36 Method: dapperfl Mean_Acc: 54.3 Best_Acc: 54.3
Domain_Acc: [56.7, 75.79, 41.38, 43.33] Domain_BestAcc: [57.59, 76.32, 41.38, 50.0]
Prune local model 17, pr_ratio = [0.4, 0.4, 0.4, 0.4]
Prune local model 7, pr_ratio = [0.4, 0.4, 0.4, 0.4]
Prune local model 5, pr_ratio = [0, 0, 0, 0]
Prune local model 13, pr_ratio = [0.5, 0.5, 0.5, 0.5]
Prune local model 12, pr_ratio = [0.4, 0.4, 0.4, 0.4]
Prune local model 19, pr_ratio = [0.6, 0.6, 0.6, 0.6]
Prune local model 3, pr_ratio = [0.5, 0.5, 0.5, 0.5]
Prune local model 14, pr_ratio = [0.6, 0.6, 0.6, 0.6]
Prune local model 15, pr_ratio = [0, 0, 0, 0]
Prune local model 4, pr_ratio = [0.6, 0.6, 0.6, 0.6]
Prune local model 2, pr_ratio = [0.4, 0.4, 0.4, 0.4]
Prune local model 6, pr_ratio = [0.2, 0.2, 0.2, 0.2]
Prune local model 18, pr_ratio = [0.5, 0.5, 0.5, 0.5]
Prune local model 9, pr_ratio = [0.6, 0.6, 0.6, 0.6]
Prune local model 11, pr_ratio = [0.2, 0.2, 0.2, 0.2]
Prune local model 8, pr_ratio = [0.5, 0.5, 0.5, 0.5]
Prune local model 16, pr_ratio = [0.2, 0.2, 0.2, 0.2]
Prune local model 10, pr_ratio = [0, 0, 0, 0]
Prune local model 0, pr_ratio = [0, 0, 0, 0]
Prune local model 1, pr_ratio = [0.2, 0.2, 0.2, 0.2]
Round 37 – LOCAL TPR pre-agg per client: ['0.317', '0.317', '0.425', '0.766', '0.530', '0.530', '0.530', '0.766', '0.317', '0.766', '0.317', '0.766', '0.425', '0.425', '0.317', '0.425', '0.530', '0.766', '0.425', '0.317']
Round 37 – TPR per Domain: 0:0.317, 1:0.317, 2:0.425, 3:0.766, 4:0.530, 5:0.530, 6:0.530, 7:0.766, 8:0.317, 9:0.766, 10:0.317, 11:0.766, 12:0.425, 13:0.425, 14:0.317, 15:0.425, 16:0.530, 17:0.766, 18:0.425, 19:0.317
Round: 37 Method: dapperfl Mean_Acc: 53.73 Best_Acc: 54.3
Domain_Acc: [56.7, 76.84, 41.38, 40.0] Domain_BestAcc: [57.59, 76.84, 41.38, 50.0]
Prune local model 12, pr_ratio = [0.4, 0.4, 0.4, 0.4]
Prune local model 5, pr_ratio = [0, 0, 0, 0]
Prune local model 9, pr_ratio = [0.6, 0.6, 0.6, 0.6]
Prune local model 2, pr_ratio = [0.4, 0.4, 0.4, 0.4]
Prune local model 7, pr_ratio = [0.4, 0.4, 0.4, 0.4]
Prune local model 1, pr_ratio = [0.2, 0.2, 0.2, 0.2]
Prune local model 3, pr_ratio = [0.5, 0.5, 0.5, 0.5]
Prune local model 13, pr_ratio = [0.5, 0.5, 0.5, 0.5]
Prune local model 8, pr_ratio = [0.5, 0.5, 0.5, 0.5]
Prune local model 11, pr_ratio = [0.2, 0.2, 0.2, 0.2]
Prune local model 15, pr_ratio = [0, 0, 0, 0]
Prune local model 0, pr_ratio = [0, 0, 0, 0]
Prune local model 19, pr_ratio = [0.6, 0.6, 0.6, 0.6]
Prune local model 6, pr_ratio = [0.2, 0.2, 0.2, 0.2]
Prune local model 18, pr_ratio = [0.5, 0.5, 0.5, 0.5]
Prune local model 4, pr_ratio = [0.6, 0.6, 0.6, 0.6]
Prune local model 17, pr_ratio = [0.4, 0.4, 0.4, 0.4]
Prune local model 10, pr_ratio = [0, 0, 0, 0]
Prune local model 16, pr_ratio = [0.2, 0.2, 0.2, 0.2]
Prune local model 14, pr_ratio = [0.6, 0.6, 0.6, 0.6]
Round 38 – LOCAL TPR pre-agg per client: ['0.200', '0.200', '0.496', '0.652', '0.535', '0.535', '0.535', '0.652', '0.200', '0.652', '0.200', '0.652', '0.496', '0.496', '0.200', '0.496', '0.535', '0.652', '0.496', '0.200']
Round 38 – TPR per Domain: 0:0.200, 1:0.200, 2:0.496, 3:0.652, 4:0.535, 5:0.535, 6:0.535, 7:0.652, 8:0.200, 9:0.652, 10:0.200, 11:0.652, 12:0.496, 13:0.496, 14:0.200, 15:0.496, 16:0.535, 17:0.652, 18:0.496, 19:0.200
Round: 38 Method: dapperfl Mean_Acc: 49.963 Best_Acc: 54.3
Domain_Acc: [58.04, 65.26, 46.55, 30.0] Domain_BestAcc: [58.04, 76.84, 46.55, 50.0]
Prune local model 3, pr_ratio = [0.5, 0.5, 0.5, 0.5]
Prune local model 13, pr_ratio = [0.5, 0.5, 0.5, 0.5]
Prune local model 4, pr_ratio = [0.6, 0.6, 0.6, 0.6]
Prune local model 8, pr_ratio = [0.5, 0.5, 0.5, 0.5]
Prune local model 16, pr_ratio = [0.2, 0.2, 0.2, 0.2]
Prune local model 17, pr_ratio = [0.4, 0.4, 0.4, 0.4]
Prune local model 18, pr_ratio = [0.5, 0.5, 0.5, 0.5]
Prune local model 19, pr_ratio = [0.6, 0.6, 0.6, 0.6]
Prune local model 0, pr_ratio = [0, 0, 0, 0]
Prune local model 2, pr_ratio = [0.4, 0.4, 0.4, 0.4]
Prune local model 10, pr_ratio = [0, 0, 0, 0]
Prune local model 11, pr_ratio = [0.2, 0.2, 0.2, 0.2]
Prune local model 7, pr_ratio = [0.4, 0.4, 0.4, 0.4]
Prune local model 12, pr_ratio = [0.4, 0.4, 0.4, 0.4]
Prune local model 15, pr_ratio = [0, 0, 0, 0]
Prune local model 14, pr_ratio = [0.6, 0.6, 0.6, 0.6]
Prune local model 5, pr_ratio = [0, 0, 0, 0]
Prune local model 1, pr_ratio = [0.2, 0.2, 0.2, 0.2]
Prune local model 9, pr_ratio = [0.6, 0.6, 0.6, 0.6]
Prune local model 6, pr_ratio = [0.2, 0.2, 0.2, 0.2]
Round 39 – LOCAL TPR pre-agg per client: ['0.442', '0.442', '0.355', '0.666', '0.483', '0.483', '0.483', '0.666', '0.442', '0.666', '0.442', '0.666', '0.355', '0.355', '0.442', '0.355', '0.483', '0.666', '0.355', '0.442']
Round 39 – TPR per Domain: 0:0.442, 1:0.442, 2:0.355, 3:0.666, 4:0.483, 5:0.483, 6:0.483, 7:0.666, 8:0.442, 9:0.666, 10:0.442, 11:0.666, 12:0.355, 13:0.355, 14:0.442, 15:0.355, 16:0.483, 17:0.666, 18:0.355, 19:0.442
Round: 39 Method: dapperfl Mean_Acc: 49.625 Best_Acc: 54.3
Domain_Acc: [52.23, 66.84, 32.76, 46.67] Domain_BestAcc: [58.04, 76.84, 46.55, 50.0]
Prune local model 11, pr_ratio = [0.2, 0.2, 0.2, 0.2]
Prune local model 0, pr_ratio = [0, 0, 0, 0]
Prune local model 18, pr_ratio = [0.5, 0.5, 0.5, 0.5]
Prune local model 9, pr_ratio = [0.6, 0.6, 0.6, 0.6]
Prune local model 14, pr_ratio = [0.6, 0.6, 0.6, 0.6]
Prune local model 10, pr_ratio = [0, 0, 0, 0]
Prune local model 6, pr_ratio = [0.2, 0.2, 0.2, 0.2]
Prune local model 2, pr_ratio = [0.4, 0.4, 0.4, 0.4]
Prune local model 17, pr_ratio = [0.4, 0.4, 0.4, 0.4]
Prune local model 7, pr_ratio = [0.4, 0.4, 0.4, 0.4]
Prune local model 1, pr_ratio = [0.2, 0.2, 0.2, 0.2]
Prune local model 4, pr_ratio = [0.6, 0.6, 0.6, 0.6]
Prune local model 13, pr_ratio = [0.5, 0.5, 0.5, 0.5]
Prune local model 16, pr_ratio = [0.2, 0.2, 0.2, 0.2]
Prune local model 8, pr_ratio = [0.5, 0.5, 0.5, 0.5]
Prune local model 19, pr_ratio = [0.6, 0.6, 0.6, 0.6]
Prune local model 12, pr_ratio = [0.4, 0.4, 0.4, 0.4]
Prune local model 3, pr_ratio = [0.5, 0.5, 0.5, 0.5]
Prune local model 15, pr_ratio = [0, 0, 0, 0]
Prune local model 5, pr_ratio = [0, 0, 0, 0]
Round 40 – LOCAL TPR pre-agg per client: ['0.342', '0.342', '0.438', '0.773', '0.531', '0.531', '0.531', '0.773', '0.342', '0.773', '0.342', '0.773', '0.438', '0.438', '0.342', '0.438', '0.531', '0.773', '0.438', '0.342']
Round 40 – TPR per Domain: 0:0.342, 1:0.342, 2:0.438, 3:0.773, 4:0.531, 5:0.531, 6:0.531, 7:0.773, 8:0.342, 9:0.773, 10:0.342, 11:0.773, 12:0.438, 13:0.438, 14:0.342, 15:0.438, 16:0.531, 17:0.773, 18:0.438, 19:0.342
Round: 40 Method: dapperfl Mean_Acc: 54.695 Best_Acc: 54.695
Domain_Acc: [56.7, 77.37, 41.38, 43.33] Domain_BestAcc: [58.04, 77.37, 46.55, 50.0]
Prune local model 6, pr_ratio = [0.2, 0.2, 0.2, 0.2]
Prune local model 19, pr_ratio = [0.6, 0.6, 0.6, 0.6]
Prune local model 4, pr_ratio = [0.6, 0.6, 0.6, 0.6]
Prune local model 2, pr_ratio = [0.4, 0.4, 0.4, 0.4]
Prune local model 0, pr_ratio = [0, 0, 0, 0]
Prune local model 11, pr_ratio = [0.2, 0.2, 0.2, 0.2]
Prune local model 14, pr_ratio = [0.6, 0.6, 0.6, 0.6]
Prune local model 16, pr_ratio = [0.2, 0.2, 0.2, 0.2]
Prune local model 15, pr_ratio = [0, 0, 0, 0]
Prune local model 17, pr_ratio = [0.4, 0.4, 0.4, 0.4]
Prune local model 8, pr_ratio = [0.5, 0.5, 0.5, 0.5]
Prune local model 9, pr_ratio = [0.6, 0.6, 0.6, 0.6]
Prune local model 7, pr_ratio = [0.4, 0.4, 0.4, 0.4]
Prune local model 18, pr_ratio = [0.5, 0.5, 0.5, 0.5]
Prune local model 12, pr_ratio = [0.4, 0.4, 0.4, 0.4]
Prune local model 5, pr_ratio = [0, 0, 0, 0]
Prune local model 3, pr_ratio = [0.5, 0.5, 0.5, 0.5]
Prune local model 13, pr_ratio = [0.5, 0.5, 0.5, 0.5]
Prune local model 1, pr_ratio = [0.2, 0.2, 0.2, 0.2]
Prune local model 10, pr_ratio = [0, 0, 0, 0]
Round 41 – LOCAL TPR pre-agg per client: ['0.392', '0.392', '0.446', '0.773', '0.553', '0.553', '0.553', '0.773', '0.392', '0.773', '0.392', '0.773', '0.446', '0.446', '0.392', '0.446', '0.553', '0.773', '0.446', '0.392']
Round 41 – TPR per Domain: 0:0.392, 1:0.392, 2:0.446, 3:0.773, 4:0.553, 5:0.553, 6:0.553, 7:0.773, 8:0.392, 9:0.773, 10:0.392, 11:0.773, 12:0.446, 13:0.446, 14:0.392, 15:0.446, 16:0.553, 17:0.773, 18:0.446, 19:0.392
Round: 41 Method: dapperfl Mean_Acc: 55.975 Best_Acc: 55.975
Domain_Acc: [58.48, 77.37, 41.38, 46.67] Domain_BestAcc: [58.48, 77.37, 46.55, 50.0]
Prune local model 8, pr_ratio = [0.5, 0.5, 0.5, 0.5]
Prune local model 16, pr_ratio = [0.2, 0.2, 0.2, 0.2]
Prune local model 10, pr_ratio = [0, 0, 0, 0]
Prune local model 6, pr_ratio = [0.2, 0.2, 0.2, 0.2]
Prune local model 7, pr_ratio = [0.4, 0.4, 0.4, 0.4]
Prune local model 2, pr_ratio = [0.4, 0.4, 0.4, 0.4]
Prune local model 0, pr_ratio = [0, 0, 0, 0]
Prune local model 3, pr_ratio = [0.5, 0.5, 0.5, 0.5]
Prune local model 14, pr_ratio = [0.6, 0.6, 0.6, 0.6]
Prune local model 17, pr_ratio = [0.4, 0.4, 0.4, 0.4]
Prune local model 18, pr_ratio = [0.5, 0.5, 0.5, 0.5]
Prune local model 1, pr_ratio = [0.2, 0.2, 0.2, 0.2]
Prune local model 13, pr_ratio = [0.5, 0.5, 0.5, 0.5]
Prune local model 4, pr_ratio = [0.6, 0.6, 0.6, 0.6]
Prune local model 19, pr_ratio = [0.6, 0.6, 0.6, 0.6]
Prune local model 12, pr_ratio = [0.4, 0.4, 0.4, 0.4]
Prune local model 9, pr_ratio = [0.6, 0.6, 0.6, 0.6]
Prune local model 15, pr_ratio = [0, 0, 0, 0]
Prune local model 5, pr_ratio = [0, 0, 0, 0]
Prune local model 11, pr_ratio = [0.2, 0.2, 0.2, 0.2]
Round 42 – LOCAL TPR pre-agg per client: ['0.417', '0.417', '0.376', '0.700', '0.554', '0.554', '0.554', '0.700', '0.417', '0.700', '0.417', '0.700', '0.376', '0.376', '0.417', '0.376', '0.554', '0.700', '0.376', '0.417']
Round 42 – TPR per Domain: 0:0.417, 1:0.417, 2:0.376, 3:0.700, 4:0.554, 5:0.554, 6:0.554, 7:0.700, 8:0.417, 9:0.700, 10:0.417, 11:0.700, 12:0.376, 13:0.376, 14:0.417, 15:0.376, 16:0.554, 17:0.700, 18:0.376, 19:0.417
Round: 42 Method: dapperfl Mean_Acc: 53.065 Best_Acc: 55.975
Domain_Acc: [59.38, 70.0, 36.21, 46.67] Domain_BestAcc: [59.38, 77.37, 46.55, 50.0]
Prune local model 13, pr_ratio = [0.5, 0.5, 0.5, 0.5]
Prune local model 12, pr_ratio = [0.4, 0.4, 0.4, 0.4]
Prune local model 17, pr_ratio = [0.4, 0.4, 0.4, 0.4]
Prune local model 2, pr_ratio = [0.4, 0.4, 0.4, 0.4]
Prune local model 19, pr_ratio = [0.6, 0.6, 0.6, 0.6]
Prune local model 15, pr_ratio = [0, 0, 0, 0]
Prune local model 4, pr_ratio = [0.6, 0.6, 0.6, 0.6]
Prune local model 18, pr_ratio = [0.5, 0.5, 0.5, 0.5]
Prune local model 9, pr_ratio = [0.6, 0.6, 0.6, 0.6]
Prune local model 7, pr_ratio = [0.4, 0.4, 0.4, 0.4]
Prune local model 14, pr_ratio = [0.6, 0.6, 0.6, 0.6]
Prune local model 1, pr_ratio = [0.2, 0.2, 0.2, 0.2]
Prune local model 6, pr_ratio = [0.2, 0.2, 0.2, 0.2]
Prune local model 5, pr_ratio = [0, 0, 0, 0]
Prune local model 11, pr_ratio = [0.2, 0.2, 0.2, 0.2]
Prune local model 0, pr_ratio = [0, 0, 0, 0]
Prune local model 3, pr_ratio = [0.5, 0.5, 0.5, 0.5]
Prune local model 16, pr_ratio = [0.2, 0.2, 0.2, 0.2]
Prune local model 10, pr_ratio = [0, 0, 0, 0]
Prune local model 8, pr_ratio = [0.5, 0.5, 0.5, 0.5]
Round 43 – LOCAL TPR pre-agg per client: ['0.350', '0.350', '0.458', '0.768', '0.565', '0.565', '0.565', '0.768', '0.350', '0.768', '0.350', '0.768', '0.458', '0.458', '0.350', '0.458', '0.565', '0.768', '0.458', '0.350']
Round 43 – TPR per Domain: 0:0.350, 1:0.350, 2:0.458, 3:0.768, 4:0.565, 5:0.565, 6:0.565, 7:0.768, 8:0.350, 9:0.768, 10:0.350, 11:0.768, 12:0.458, 13:0.458, 14:0.350, 15:0.458, 16:0.565, 17:0.768, 18:0.458, 19:0.350
Round: 43 Method: dapperfl Mean_Acc: 55.772 Best_Acc: 55.975
Domain_Acc: [59.82, 76.84, 43.1, 43.33] Domain_BestAcc: [59.82, 77.37, 46.55, 50.0]
Prune local model 6, pr_ratio = [0.2, 0.2, 0.2, 0.2]
Prune local model 7, pr_ratio = [0.4, 0.4, 0.4, 0.4]
Prune local model 18, pr_ratio = [0.5, 0.5, 0.5, 0.5]
Prune local model 16, pr_ratio = [0.2, 0.2, 0.2, 0.2]
Prune local model 11, pr_ratio = [0.2, 0.2, 0.2, 0.2]
Prune local model 14, pr_ratio = [0.6, 0.6, 0.6, 0.6]
Prune local model 17, pr_ratio = [0.4, 0.4, 0.4, 0.4]
Prune local model 10, pr_ratio = [0, 0, 0, 0]
Prune local model 3, pr_ratio = [0.5, 0.5, 0.5, 0.5]
Prune local model 8, pr_ratio = [0.5, 0.5, 0.5, 0.5]
Prune local model 15, pr_ratio = [0, 0, 0, 0]
Prune local model 5, pr_ratio = [0, 0, 0, 0]
Prune local model 12, pr_ratio = [0.4, 0.4, 0.4, 0.4]
Prune local model 1, pr_ratio = [0.2, 0.2, 0.2, 0.2]
Prune local model 13, pr_ratio = [0.5, 0.5, 0.5, 0.5]
Prune local model 0, pr_ratio = [0, 0, 0, 0]
Prune local model 2, pr_ratio = [0.4, 0.4, 0.4, 0.4]
Prune local model 4, pr_ratio = [0.6, 0.6, 0.6, 0.6]
Prune local model 9, pr_ratio = [0.6, 0.6, 0.6, 0.6]
Prune local model 19, pr_ratio = [0.6, 0.6, 0.6, 0.6]
Round 44 – LOCAL TPR pre-agg per client: ['0.342', '0.342', '0.467', '0.742', '0.535', '0.535', '0.535', '0.742', '0.342', '0.742', '0.342', '0.742', '0.467', '0.467', '0.342', '0.467', '0.535', '0.742', '0.467', '0.342']
Round 44 – TPR per Domain: 0:0.342, 1:0.342, 2:0.467, 3:0.742, 4:0.535, 5:0.535, 6:0.535, 7:0.742, 8:0.342, 9:0.742, 10:0.342, 11:0.742, 12:0.467, 13:0.467, 14:0.342, 15:0.467, 16:0.535, 17:0.742, 18:0.467, 19:0.342
Round: 44 Method: dapperfl Mean_Acc: 54.99 Best_Acc: 55.975
Domain_Acc: [57.59, 74.21, 44.83, 43.33] Domain_BestAcc: [59.82, 77.37, 46.55, 50.0]
Prune local model 18, pr_ratio = [0.5, 0.5, 0.5, 0.5]
Prune local model 5, pr_ratio = [0, 0, 0, 0]
Prune local model 9, pr_ratio = [0.6, 0.6, 0.6, 0.6]
Prune local model 8, pr_ratio = [0.5, 0.5, 0.5, 0.5]
Prune local model 4, pr_ratio = [0.6, 0.6, 0.6, 0.6]
Prune local model 14, pr_ratio = [0.6, 0.6, 0.6, 0.6]
Prune local model 6, pr_ratio = [0.2, 0.2, 0.2, 0.2]
Prune local model 15, pr_ratio = [0, 0, 0, 0]
Prune local model 11, pr_ratio = [0.2, 0.2, 0.2, 0.2]
Prune local model 2, pr_ratio = [0.4, 0.4, 0.4, 0.4]
Prune local model 17, pr_ratio = [0.4, 0.4, 0.4, 0.4]
Prune local model 1, pr_ratio = [0.2, 0.2, 0.2, 0.2]
Prune local model 3, pr_ratio = [0.5, 0.5, 0.5, 0.5]
Prune local model 19, pr_ratio = [0.6, 0.6, 0.6, 0.6]
Prune local model 7, pr_ratio = [0.4, 0.4, 0.4, 0.4]
Prune local model 0, pr_ratio = [0, 0, 0, 0]
Prune local model 13, pr_ratio = [0.5, 0.5, 0.5, 0.5]
Prune local model 16, pr_ratio = [0.2, 0.2, 0.2, 0.2]
Prune local model 10, pr_ratio = [0, 0, 0, 0]
Prune local model 12, pr_ratio = [0.4, 0.4, 0.4, 0.4]
Round 45 – LOCAL TPR pre-agg per client: ['0.250', '0.250', '0.500', '0.736', '0.526', '0.526', '0.526', '0.736', '0.250', '0.736', '0.250', '0.736', '0.500', '0.500', '0.250', '0.500', '0.526', '0.736', '0.500', '0.250']
Round 45 – TPR per Domain: 0:0.250, 1:0.250, 2:0.500, 3:0.736, 4:0.526, 5:0.526, 6:0.526, 7:0.736, 8:0.250, 9:0.736, 10:0.250, 11:0.736, 12:0.500, 13:0.500, 14:0.250, 15:0.500, 16:0.526, 17:0.736, 18:0.500, 19:0.250
Round: 45 Method: dapperfl Mean_Acc: 52.998 Best_Acc: 55.975
Domain_Acc: [56.7, 73.68, 48.28, 33.33] Domain_BestAcc: [59.82, 77.37, 48.28, 50.0]
Prune local model 4, pr_ratio = [0.6, 0.6, 0.6, 0.6]
Prune local model 8, pr_ratio = [0.5, 0.5, 0.5, 0.5]
Prune local model 16, pr_ratio = [0.2, 0.2, 0.2, 0.2]
Prune local model 17, pr_ratio = [0.4, 0.4, 0.4, 0.4]
Prune local model 12, pr_ratio = [0.4, 0.4, 0.4, 0.4]
Prune local model 19, pr_ratio = [0.6, 0.6, 0.6, 0.6]
Prune local model 15, pr_ratio = [0, 0, 0, 0]
Prune local model 9, pr_ratio = [0.6, 0.6, 0.6, 0.6]
Prune local model 0, pr_ratio = [0, 0, 0, 0]
Prune local model 2, pr_ratio = [0.4, 0.4, 0.4, 0.4]
Prune local model 18, pr_ratio = [0.5, 0.5, 0.5, 0.5]
Prune local model 10, pr_ratio = [0, 0, 0, 0]
Prune local model 11, pr_ratio = [0.2, 0.2, 0.2, 0.2]
Prune local model 14, pr_ratio = [0.6, 0.6, 0.6, 0.6]
Prune local model 3, pr_ratio = [0.5, 0.5, 0.5, 0.5]
Prune local model 7, pr_ratio = [0.4, 0.4, 0.4, 0.4]
Prune local model 1, pr_ratio = [0.2, 0.2, 0.2, 0.2]
Prune local model 13, pr_ratio = [0.5, 0.5, 0.5, 0.5]
Prune local model 5, pr_ratio = [0, 0, 0, 0]
Prune local model 6, pr_ratio = [0.2, 0.2, 0.2, 0.2]
Round 46 – LOCAL TPR pre-agg per client: ['0.367', '0.367', '0.383', '0.735', '0.532', '0.532', '0.532', '0.735', '0.367', '0.735', '0.367', '0.735', '0.383', '0.383', '0.367', '0.383', '0.532', '0.735', '0.383', '0.367']
Round 46 – TPR per Domain: 0:0.367, 1:0.367, 2:0.383, 3:0.735, 4:0.532, 5:0.532, 6:0.532, 7:0.735, 8:0.367, 9:0.735, 10:0.367, 11:0.735, 12:0.383, 13:0.383, 14:0.367, 15:0.383, 16:0.532, 17:0.735, 18:0.383, 19:0.367
Round: 46 Method: dapperfl Mean_Acc: 52.59 Best_Acc: 55.975
Domain_Acc: [57.14, 73.68, 36.21, 43.33] Domain_BestAcc: [59.82, 77.37, 48.28, 50.0]
Prune local model 13, pr_ratio = [0.5, 0.5, 0.5, 0.5]
Prune local model 6, pr_ratio = [0.2, 0.2, 0.2, 0.2]
Prune local model 14, pr_ratio = [0.6, 0.6, 0.6, 0.6]
Prune local model 0, pr_ratio = [0, 0, 0, 0]
Prune local model 16, pr_ratio = [0.2, 0.2, 0.2, 0.2]
Prune local model 12, pr_ratio = [0.4, 0.4, 0.4, 0.4]
Prune local model 18, pr_ratio = [0.5, 0.5, 0.5, 0.5]
Prune local model 2, pr_ratio = [0.4, 0.4, 0.4, 0.4]
Prune local model 8, pr_ratio = [0.5, 0.5, 0.5, 0.5]
Prune local model 17, pr_ratio = [0.4, 0.4, 0.4, 0.4]
Prune local model 11, pr_ratio = [0.2, 0.2, 0.2, 0.2]
Prune local model 5, pr_ratio = [0, 0, 0, 0]
Prune local model 3, pr_ratio = [0.5, 0.5, 0.5, 0.5]
Prune local model 4, pr_ratio = [0.6, 0.6, 0.6, 0.6]
Prune local model 1, pr_ratio = [0.2, 0.2, 0.2, 0.2]
Prune local model 15, pr_ratio = [0, 0, 0, 0]
Prune local model 10, pr_ratio = [0, 0, 0, 0]
Prune local model 9, pr_ratio = [0.6, 0.6, 0.6, 0.6]
Prune local model 7, pr_ratio = [0.4, 0.4, 0.4, 0.4]
Prune local model 19, pr_ratio = [0.6, 0.6, 0.6, 0.6]
Round 47 – LOCAL TPR pre-agg per client: ['0.317', '0.317', '0.458', '0.802', '0.553', '0.553', '0.553', '0.802', '0.317', '0.802', '0.317', '0.802', '0.458', '0.458', '0.317', '0.458', '0.553', '0.802', '0.458', '0.317']
Round 47 – TPR per Domain: 0:0.317, 1:0.317, 2:0.458, 3:0.802, 4:0.553, 5:0.553, 6:0.553, 7:0.802, 8:0.317, 9:0.802, 10:0.317, 11:0.802, 12:0.458, 13:0.458, 14:0.317, 15:0.458, 16:0.553, 17:0.802, 18:0.458, 19:0.317
Round: 47 Method: dapperfl Mean_Acc: 56.585 Best_Acc: 56.585
Domain_Acc: [59.38, 80.53, 43.1, 43.33] Domain_BestAcc: [59.82, 80.53, 48.28, 50.0]
Prune local model 18, pr_ratio = [0.5, 0.5, 0.5, 0.5]
Prune local model 11, pr_ratio = [0.2, 0.2, 0.2, 0.2]
Prune local model 19, pr_ratio = [0.6, 0.6, 0.6, 0.6]
Prune local model 17, pr_ratio = [0.4, 0.4, 0.4, 0.4]
Prune local model 4, pr_ratio = [0.6, 0.6, 0.6, 0.6]
Prune local model 5, pr_ratio = [0, 0, 0, 0]
Prune local model 6, pr_ratio = [0.2, 0.2, 0.2, 0.2]
Prune local model 3, pr_ratio = [0.5, 0.5, 0.5, 0.5]
Prune local model 15, pr_ratio = [0, 0, 0, 0]
Prune local model 0, pr_ratio = [0, 0, 0, 0]
Prune local model 2, pr_ratio = [0.4, 0.4, 0.4, 0.4]
Prune local model 7, pr_ratio = [0.4, 0.4, 0.4, 0.4]
Prune local model 9, pr_ratio = [0.6, 0.6, 0.6, 0.6]
Prune local model 13, pr_ratio = [0.5, 0.5, 0.5, 0.5]
Prune local model 1, pr_ratio = [0.2, 0.2, 0.2, 0.2]
Prune local model 12, pr_ratio = [0.4, 0.4, 0.4, 0.4]
Prune local model 16, pr_ratio = [0.2, 0.2, 0.2, 0.2]
Prune local model 14, pr_ratio = [0.6, 0.6, 0.6, 0.6]
Prune local model 8, pr_ratio = [0.5, 0.5, 0.5, 0.5]
Prune local model 10, pr_ratio = [0, 0, 0, 0]
Round 48 – LOCAL TPR pre-agg per client: ['0.458', '0.458', '0.471', '0.729', '0.564', '0.564', '0.564', '0.729', '0.458', '0.729', '0.458', '0.729', '0.471', '0.471', '0.458', '0.471', '0.564', '0.729', '0.471', '0.458']
Round 48 – TPR per Domain: 0:0.458, 1:0.458, 2:0.471, 3:0.729, 4:0.564, 5:0.564, 6:0.564, 7:0.729, 8:0.458, 9:0.729, 10:0.458, 11:0.729, 12:0.471, 13:0.471, 14:0.458, 15:0.471, 16:0.564, 17:0.729, 18:0.471, 19:0.458
Round: 48 Method: dapperfl Mean_Acc: 55.988 Best_Acc: 56.585
Domain_Acc: [59.82, 72.63, 44.83, 46.67] Domain_BestAcc: [59.82, 80.53, 48.28, 50.0]
Prune local model 13, pr_ratio = [0.5, 0.5, 0.5, 0.5]
Prune local model 3, pr_ratio = [0.5, 0.5, 0.5, 0.5]
Prune local model 4, pr_ratio = [0.6, 0.6, 0.6, 0.6]
Prune local model 11, pr_ratio = [0.2, 0.2, 0.2, 0.2]
Prune local model 7, pr_ratio = [0.4, 0.4, 0.4, 0.4]
Prune local model 18, pr_ratio = [0.5, 0.5, 0.5, 0.5]
Prune local model 17, pr_ratio = [0.4, 0.4, 0.4, 0.4]
Prune local model 6, pr_ratio = [0.2, 0.2, 0.2, 0.2]
Prune local model 19, pr_ratio = [0.6, 0.6, 0.6, 0.6]
Prune local model 2, pr_ratio = [0.4, 0.4, 0.4, 0.4]
Prune local model 16, pr_ratio = [0.2, 0.2, 0.2, 0.2]
Prune local model 14, pr_ratio = [0.6, 0.6, 0.6, 0.6]
Prune local model 15, pr_ratio = [0, 0, 0, 0]
Prune local model 8, pr_ratio = [0.5, 0.5, 0.5, 0.5]
Prune local model 0, pr_ratio = [0, 0, 0, 0]
Prune local model 5, pr_ratio = [0, 0, 0, 0]
Prune local model 1, pr_ratio = [0.2, 0.2, 0.2, 0.2]
Prune local model 12, pr_ratio = [0.4, 0.4, 0.4, 0.4]
Prune local model 10, pr_ratio = [0, 0, 0, 0]
Prune local model 9, pr_ratio = [0.6, 0.6, 0.6, 0.6]
Round 49 – LOCAL TPR pre-agg per client: ['0.350', '0.350', '0.446', '0.777', '0.537', '0.537', '0.537', '0.777', '0.350', '0.777', '0.350', '0.777', '0.446', '0.446', '0.350', '0.446', '0.537', '0.777', '0.446', '0.350']
Round 49 – TPR per Domain: 0:0.350, 1:0.350, 2:0.446, 3:0.777, 4:0.537, 5:0.537, 6:0.537, 7:0.777, 8:0.350, 9:0.777, 10:0.350, 11:0.777, 12:0.446, 13:0.446, 14:0.350, 15:0.446, 16:0.537, 17:0.777, 18:0.446, 19:0.350
Round: 49 Method: dapperfl Mean_Acc: 54.328 Best_Acc: 56.585
Domain_Acc: [58.04, 77.89, 41.38, 40.0] Domain_BestAcc: [59.82, 80.53, 48.28, 50.0]
Prune local model 1, pr_ratio = [0.2, 0.2, 0.2, 0.2]
Prune local model 19, pr_ratio = [0.6, 0.6, 0.6, 0.6]
Prune local model 18, pr_ratio = [0.5, 0.5, 0.5, 0.5]
Prune local model 5, pr_ratio = [0, 0, 0, 0]
Prune local model 2, pr_ratio = [0.4, 0.4, 0.4, 0.4]
Prune local model 4, pr_ratio = [0.6, 0.6, 0.6, 0.6]
Prune local model 7, pr_ratio = [0.4, 0.4, 0.4, 0.4]
Prune local model 6, pr_ratio = [0.2, 0.2, 0.2, 0.2]
Prune local model 17, pr_ratio = [0.4, 0.4, 0.4, 0.4]
Prune local model 15, pr_ratio = [0, 0, 0, 0]
Prune local model 14, pr_ratio = [0.6, 0.6, 0.6, 0.6]
Prune local model 0, pr_ratio = [0, 0, 0, 0]
Prune local model 11, pr_ratio = [0.2, 0.2, 0.2, 0.2]
Prune local model 13, pr_ratio = [0.5, 0.5, 0.5, 0.5]
Prune local model 12, pr_ratio = [0.4, 0.4, 0.4, 0.4]
Prune local model 10, pr_ratio = [0, 0, 0, 0]
Prune local model 3, pr_ratio = [0.5, 0.5, 0.5, 0.5]
Prune local model 16, pr_ratio = [0.2, 0.2, 0.2, 0.2]
Prune local model 9, pr_ratio = [0.6, 0.6, 0.6, 0.6]
Prune local model 8, pr_ratio = [0.5, 0.5, 0.5, 0.5]
Round 50 – LOCAL TPR pre-agg per client: ['0.242', '0.242', '0.467', '0.747', '0.585', '0.585', '0.585', '0.747', '0.242', '0.747', '0.242', '0.747', '0.467', '0.467', '0.242', '0.467', '0.585', '0.747', '0.467', '0.242']
Round 50 – TPR per Domain: 0:0.242, 1:0.242, 2:0.467, 3:0.747, 4:0.585, 5:0.585, 6:0.585, 7:0.747, 8:0.242, 9:0.747, 10:0.242, 11:0.747, 12:0.467, 13:0.467, 14:0.242, 15:0.467, 16:0.585, 17:0.747, 18:0.467, 19:0.242
Round: 50 Method: dapperfl Mean_Acc: 54.35 Best_Acc: 56.585
Domain_Acc: [61.16, 74.74, 44.83, 36.67] Domain_BestAcc: [61.16, 80.53, 48.28, 50.0]
Prune local model 2, pr_ratio = [0.4, 0.4, 0.4, 0.4]
Prune local model 0, pr_ratio = [0, 0, 0, 0]
Prune local model 19, pr_ratio = [0.6, 0.6, 0.6, 0.6]
Prune local model 9, pr_ratio = [0.6, 0.6, 0.6, 0.6]
Prune local model 15, pr_ratio = [0, 0, 0, 0]
Prune local model 16, pr_ratio = [0.2, 0.2, 0.2, 0.2]
Prune local model 3, pr_ratio = [0.5, 0.5, 0.5, 0.5]
Prune local model 17, pr_ratio = [0.4, 0.4, 0.4, 0.4]
Prune local model 8, pr_ratio = [0.5, 0.5, 0.5, 0.5]
Prune local model 14, pr_ratio = [0.6, 0.6, 0.6, 0.6]
Prune local model 10, pr_ratio = [0, 0, 0, 0]
Prune local model 11, pr_ratio = [0.2, 0.2, 0.2, 0.2]
Prune local model 5, pr_ratio = [0, 0, 0, 0]
Prune local model 1, pr_ratio = [0.2, 0.2, 0.2, 0.2]
Prune local model 6, pr_ratio = [0.2, 0.2, 0.2, 0.2]
Prune local model 13, pr_ratio = [0.5, 0.5, 0.5, 0.5]
Prune local model 18, pr_ratio = [0.5, 0.5, 0.5, 0.5]
Prune local model 4, pr_ratio = [0.6, 0.6, 0.6, 0.6]
Prune local model 12, pr_ratio = [0.4, 0.4, 0.4, 0.4]
Prune local model 7, pr_ratio = [0.4, 0.4, 0.4, 0.4]
Round 51 – LOCAL TPR pre-agg per client: ['0.317', '0.317', '0.496', '0.789', '0.552', '0.552', '0.552', '0.789', '0.317', '0.789', '0.317', '0.789', '0.496', '0.496', '0.317', '0.496', '0.552', '0.789', '0.496', '0.317']
Round 51 – TPR per Domain: 0:0.317, 1:0.317, 2:0.496, 3:0.789, 4:0.552, 5:0.552, 6:0.552, 7:0.789, 8:0.317, 9:0.789, 10:0.317, 11:0.789, 12:0.496, 13:0.496, 14:0.317, 15:0.496, 16:0.552, 17:0.789, 18:0.496, 19:0.317
Round: 51 Method: dapperfl Mean_Acc: 56.108 Best_Acc: 56.585
Domain_Acc: [58.93, 78.95, 46.55, 40.0] Domain_BestAcc: [61.16, 80.53, 48.28, 50.0]
Prune local model 5, pr_ratio = [0, 0, 0, 0]
Prune local model 19, pr_ratio = [0.6, 0.6, 0.6, 0.6]
Prune local model 9, pr_ratio = [0.6, 0.6, 0.6, 0.6]
Prune local model 0, pr_ratio = [0, 0, 0, 0]
Prune local model 2, pr_ratio = [0.4, 0.4, 0.4, 0.4]
Prune local model 12, pr_ratio = [0.4, 0.4, 0.4, 0.4]
Prune local model 7, pr_ratio = [0.4, 0.4, 0.4, 0.4]
Prune local model 10, pr_ratio = [0, 0, 0, 0]
Prune local model 14, pr_ratio = [0.6, 0.6, 0.6, 0.6]
Prune local model 13, pr_ratio = [0.5, 0.5, 0.5, 0.5]
Prune local model 4, pr_ratio = [0.6, 0.6, 0.6, 0.6]
Prune local model 15, pr_ratio = [0, 0, 0, 0]
Prune local model 11, pr_ratio = [0.2, 0.2, 0.2, 0.2]
Prune local model 17, pr_ratio = [0.4, 0.4, 0.4, 0.4]
Prune local model 6, pr_ratio = [0.2, 0.2, 0.2, 0.2]
Prune local model 8, pr_ratio = [0.5, 0.5, 0.5, 0.5]
Prune local model 16, pr_ratio = [0.2, 0.2, 0.2, 0.2]
Prune local model 3, pr_ratio = [0.5, 0.5, 0.5, 0.5]
Prune local model 1, pr_ratio = [0.2, 0.2, 0.2, 0.2]
Prune local model 18, pr_ratio = [0.5, 0.5, 0.5, 0.5]
Round 52 – LOCAL TPR pre-agg per client: ['0.258', '0.258', '0.542', '0.754', '0.556', '0.556', '0.556', '0.754', '0.258', '0.754', '0.258', '0.754', '0.542', '0.542', '0.258', '0.542', '0.556', '0.754', '0.542', '0.258']
Round 52 – TPR per Domain: 0:0.258, 1:0.258, 2:0.542, 3:0.754, 4:0.556, 5:0.556, 6:0.556, 7:0.754, 8:0.258, 9:0.754, 10:0.258, 11:0.754, 12:0.542, 13:0.542, 14:0.258, 15:0.542, 16:0.556, 17:0.754, 18:0.542, 19:0.258
Round: 52 Method: dapperfl Mean_Acc: 55.032 Best_Acc: 56.585
Domain_Acc: [59.82, 75.26, 51.72, 33.33] Domain_BestAcc: [61.16, 80.53, 51.72, 50.0]
Prune local model 16, pr_ratio = [0.2, 0.2, 0.2, 0.2]
Prune local model 14, pr_ratio = [0.6, 0.6, 0.6, 0.6]
Prune local model 17, pr_ratio = [0.4, 0.4, 0.4, 0.4]
Prune local model 12, pr_ratio = [0.4, 0.4, 0.4, 0.4]
Prune local model 8, pr_ratio = [0.5, 0.5, 0.5, 0.5]
Prune local model 18, pr_ratio = [0.5, 0.5, 0.5, 0.5]
Prune local model 3, pr_ratio = [0.5, 0.5, 0.5, 0.5]
Prune local model 1, pr_ratio = [0.2, 0.2, 0.2, 0.2]
Prune local model 7, pr_ratio = [0.4, 0.4, 0.4, 0.4]
Prune local model 0, pr_ratio = [0, 0, 0, 0]
Prune local model 2, pr_ratio = [0.4, 0.4, 0.4, 0.4]
Prune local model 5, pr_ratio = [0, 0, 0, 0]
Prune local model 19, pr_ratio = [0.6, 0.6, 0.6, 0.6]
Prune local model 11, pr_ratio = [0.2, 0.2, 0.2, 0.2]
Prune local model 4, pr_ratio = [0.6, 0.6, 0.6, 0.6]
Prune local model 6, pr_ratio = [0.2, 0.2, 0.2, 0.2]
Prune local model 15, pr_ratio = [0, 0, 0, 0]
Prune local model 9, pr_ratio = [0.6, 0.6, 0.6, 0.6]
Prune local model 10, pr_ratio = [0, 0, 0, 0]
Prune local model 13, pr_ratio = [0.5, 0.5, 0.5, 0.5]
Round 53 – LOCAL TPR pre-agg per client: ['0.417', '0.417', '0.367', '0.778', '0.545', '0.545', '0.545', '0.778', '0.417', '0.778', '0.417', '0.778', '0.367', '0.367', '0.417', '0.367', '0.545', '0.778', '0.367', '0.417']
Round 53 – TPR per Domain: 0:0.417, 1:0.417, 2:0.367, 3:0.778, 4:0.545, 5:0.545, 6:0.545, 7:0.778, 8:0.417, 9:0.778, 10:0.417, 11:0.778, 12:0.367, 13:0.367, 14:0.417, 15:0.367, 16:0.545, 17:0.778, 18:0.367, 19:0.417
Round: 53 Method: dapperfl Mean_Acc: 54.38 Best_Acc: 56.585
Domain_Acc: [58.48, 77.89, 34.48, 46.67] Domain_BestAcc: [61.16, 80.53, 51.72, 50.0]
Prune local model 4, pr_ratio = [0.6, 0.6, 0.6, 0.6]
Prune local model 14, pr_ratio = [0.6, 0.6, 0.6, 0.6]
Prune local model 7, pr_ratio = [0.4, 0.4, 0.4, 0.4]
Prune local model 19, pr_ratio = [0.6, 0.6, 0.6, 0.6]
Prune local model 12, pr_ratio = [0.4, 0.4, 0.4, 0.4]
Prune local model 1, pr_ratio = [0.2, 0.2, 0.2, 0.2]
Prune local model 17, pr_ratio = [0.4, 0.4, 0.4, 0.4]
Prune local model 13, pr_ratio = [0.5, 0.5, 0.5, 0.5]
Prune local model 16, pr_ratio = [0.2, 0.2, 0.2, 0.2]
Prune local model 11, pr_ratio = [0.2, 0.2, 0.2, 0.2]
Prune local model 15, pr_ratio = [0, 0, 0, 0]
Prune local model 2, pr_ratio = [0.4, 0.4, 0.4, 0.4]
Prune local model 5, pr_ratio = [0, 0, 0, 0]
Prune local model 9, pr_ratio = [0.6, 0.6, 0.6, 0.6]
Prune local model 8, pr_ratio = [0.5, 0.5, 0.5, 0.5]
Prune local model 0, pr_ratio = [0, 0, 0, 0]
Prune local model 10, pr_ratio = [0, 0, 0, 0]
Prune local model 18, pr_ratio = [0.5, 0.5, 0.5, 0.5]
Prune local model 3, pr_ratio = [0.5, 0.5, 0.5, 0.5]
Prune local model 6, pr_ratio = [0.2, 0.2, 0.2, 0.2]
Round 54 – LOCAL TPR pre-agg per client: ['0.342', '0.342', '0.475', '0.787', '0.601', '0.601', '0.601', '0.787', '0.342', '0.787', '0.342', '0.787', '0.475', '0.475', '0.342', '0.475', '0.601', '0.787', '0.475', '0.342']
Round 54 – TPR per Domain: 0:0.342, 1:0.342, 2:0.475, 3:0.787, 4:0.601, 5:0.601, 6:0.601, 7:0.787, 8:0.342, 9:0.787, 10:0.342, 11:0.787, 12:0.475, 13:0.475, 14:0.342, 15:0.475, 16:0.601, 17:0.787, 18:0.475, 19:0.342
Round: 54 Method: dapperfl Mean_Acc: 57.625 Best_Acc: 57.625
Domain_Acc: [63.39, 78.95, 44.83, 43.33] Domain_BestAcc: [63.39, 80.53, 51.72, 50.0]
Prune local model 8, pr_ratio = [0.5, 0.5, 0.5, 0.5]
Prune local model 11, pr_ratio = [0.2, 0.2, 0.2, 0.2]
Prune local model 1, pr_ratio = [0.2, 0.2, 0.2, 0.2]
Prune local model 16, pr_ratio = [0.2, 0.2, 0.2, 0.2]
Prune local model 15, pr_ratio = [0, 0, 0, 0]
Prune local model 5, pr_ratio = [0, 0, 0, 0]
Prune local model 9, pr_ratio = [0.6, 0.6, 0.6, 0.6]
Prune local model 3, pr_ratio = [0.5, 0.5, 0.5, 0.5]
Prune local model 6, pr_ratio = [0.2, 0.2, 0.2, 0.2]
Prune local model 12, pr_ratio = [0.4, 0.4, 0.4, 0.4]
Prune local model 19, pr_ratio = [0.6, 0.6, 0.6, 0.6]
Prune local model 14, pr_ratio = [0.6, 0.6, 0.6, 0.6]
Prune local model 0, pr_ratio = [0, 0, 0, 0]
Prune local model 4, pr_ratio = [0.6, 0.6, 0.6, 0.6]
Prune local model 2, pr_ratio = [0.4, 0.4, 0.4, 0.4]
Prune local model 10, pr_ratio = [0, 0, 0, 0]
Prune local model 13, pr_ratio = [0.5, 0.5, 0.5, 0.5]
Prune local model 18, pr_ratio = [0.5, 0.5, 0.5, 0.5]
Prune local model 17, pr_ratio = [0.4, 0.4, 0.4, 0.4]
Prune local model 7, pr_ratio = [0.4, 0.4, 0.4, 0.4]
Round 55 – LOCAL TPR pre-agg per client: ['0.442', '0.442', '0.487', '0.794', '0.583', '0.583', '0.583', '0.794', '0.442', '0.794', '0.442', '0.794', '0.487', '0.487', '0.442', '0.487', '0.583', '0.794', '0.487', '0.442']
Round 55 – TPR per Domain: 0:0.442, 1:0.442, 2:0.487, 3:0.794, 4:0.583, 5:0.583, 6:0.583, 7:0.794, 8:0.442, 9:0.794, 10:0.442, 11:0.794, 12:0.487, 13:0.487, 14:0.442, 15:0.487, 16:0.583, 17:0.794, 18:0.487, 19:0.442
Round: 55 Method: dapperfl Mean_Acc: 59.63 Best_Acc: 59.63
Domain_Acc: [62.5, 79.47, 46.55, 50.0] Domain_BestAcc: [63.39, 80.53, 51.72, 50.0]
Prune local model 14, pr_ratio = [0.6, 0.6, 0.6, 0.6]
Prune local model 3, pr_ratio = [0.5, 0.5, 0.5, 0.5]
Prune local model 12, pr_ratio = [0.4, 0.4, 0.4, 0.4]
Prune local model 15, pr_ratio = [0, 0, 0, 0]
Prune local model 11, pr_ratio = [0.2, 0.2, 0.2, 0.2]
Prune local model 0, pr_ratio = [0, 0, 0, 0]
Prune local model 5, pr_ratio = [0, 0, 0, 0]
Prune local model 6, pr_ratio = [0.2, 0.2, 0.2, 0.2]
Prune local model 19, pr_ratio = [0.6, 0.6, 0.6, 0.6]
Prune local model 18, pr_ratio = [0.5, 0.5, 0.5, 0.5]
Prune local model 4, pr_ratio = [0.6, 0.6, 0.6, 0.6]
Prune local model 7, pr_ratio = [0.4, 0.4, 0.4, 0.4]
Prune local model 1, pr_ratio = [0.2, 0.2, 0.2, 0.2]
Prune local model 2, pr_ratio = [0.4, 0.4, 0.4, 0.4]
Prune local model 13, pr_ratio = [0.5, 0.5, 0.5, 0.5]
Prune local model 10, pr_ratio = [0, 0, 0, 0]
Prune local model 16, pr_ratio = [0.2, 0.2, 0.2, 0.2]
Prune local model 8, pr_ratio = [0.5, 0.5, 0.5, 0.5]
Prune local model 9, pr_ratio = [0.6, 0.6, 0.6, 0.6]
Prune local model 17, pr_ratio = [0.4, 0.4, 0.4, 0.4]
Round 56 – LOCAL TPR pre-agg per client: ['0.242', '0.242', '0.429', '0.793', '0.570', '0.570', '0.570', '0.793', '0.242', '0.793', '0.242', '0.793', '0.429', '0.429', '0.242', '0.429', '0.570', '0.793', '0.429', '0.242']
Round 56 – TPR per Domain: 0:0.242, 1:0.242, 2:0.429, 3:0.793, 4:0.570, 5:0.570, 6:0.570, 7:0.793, 8:0.242, 9:0.793, 10:0.242, 11:0.793, 12:0.429, 13:0.429, 14:0.242, 15:0.429, 16:0.570, 17:0.793, 18:0.429, 19:0.242
Round: 56 Method: dapperfl Mean_Acc: 54.448 Best_Acc: 59.63
Domain_Acc: [60.27, 79.47, 41.38, 36.67] Domain_BestAcc: [63.39, 80.53, 51.72, 50.0]
Prune local model 0, pr_ratio = [0, 0, 0, 0]
Prune local model 15, pr_ratio = [0, 0, 0, 0]
Prune local model 10, pr_ratio = [0, 0, 0, 0]
Prune local model 6, pr_ratio = [0.2, 0.2, 0.2, 0.2]
Prune local model 7, pr_ratio = [0.4, 0.4, 0.4, 0.4]
Prune local model 19, pr_ratio = [0.6, 0.6, 0.6, 0.6]
Prune local model 17, pr_ratio = [0.4, 0.4, 0.4, 0.4]
Prune local model 11, pr_ratio = [0.2, 0.2, 0.2, 0.2]
Prune local model 16, pr_ratio = [0.2, 0.2, 0.2, 0.2]
Prune local model 13, pr_ratio = [0.5, 0.5, 0.5, 0.5]
Prune local model 5, pr_ratio = [0, 0, 0, 0]
Prune local model 3, pr_ratio = [0.5, 0.5, 0.5, 0.5]
Prune local model 8, pr_ratio = [0.5, 0.5, 0.5, 0.5]
Prune local model 4, pr_ratio = [0.6, 0.6, 0.6, 0.6]
Prune local model 14, pr_ratio = [0.6, 0.6, 0.6, 0.6]
Prune local model 1, pr_ratio = [0.2, 0.2, 0.2, 0.2]
Prune local model 2, pr_ratio = [0.4, 0.4, 0.4, 0.4]
Prune local model 12, pr_ratio = [0.4, 0.4, 0.4, 0.4]
Prune local model 18, pr_ratio = [0.5, 0.5, 0.5, 0.5]
Prune local model 9, pr_ratio = [0.6, 0.6, 0.6, 0.6]
Round 57 – LOCAL TPR pre-agg per client: ['0.292', '0.292', '0.500', '0.759', '0.584', '0.584', '0.584', '0.759', '0.292', '0.759', '0.292', '0.759', '0.500', '0.500', '0.292', '0.500', '0.584', '0.759', '0.500', '0.292']
Round 57 – TPR per Domain: 0:0.292, 1:0.292, 2:0.500, 3:0.759, 4:0.584, 5:0.584, 6:0.584, 7:0.759, 8:0.292, 9:0.759, 10:0.292, 11:0.759, 12:0.500, 13:0.500, 14:0.292, 15:0.500, 16:0.584, 17:0.759, 18:0.500, 19:0.292
Round: 57 Method: dapperfl Mean_Acc: 56.53 Best_Acc: 59.63
Domain_Acc: [62.05, 75.79, 48.28, 40.0] Domain_BestAcc: [63.39, 80.53, 51.72, 50.0]
Prune local model 3, pr_ratio = [0.5, 0.5, 0.5, 0.5]
Prune local model 0, pr_ratio = [0, 0, 0, 0]
Prune local model 14, pr_ratio = [0.6, 0.6, 0.6, 0.6]
Prune local model 18, pr_ratio = [0.5, 0.5, 0.5, 0.5]
Prune local model 5, pr_ratio = [0, 0, 0, 0]
Prune local model 15, pr_ratio = [0, 0, 0, 0]
Prune local model 2, pr_ratio = [0.4, 0.4, 0.4, 0.4]
Prune local model 12, pr_ratio = [0.4, 0.4, 0.4, 0.4]
Prune local model 9, pr_ratio = [0.6, 0.6, 0.6, 0.6]
Prune local model 19, pr_ratio = [0.6, 0.6, 0.6, 0.6]
Prune local model 6, pr_ratio = [0.2, 0.2, 0.2, 0.2]
Prune local model 1, pr_ratio = [0.2, 0.2, 0.2, 0.2]
Prune local model 4, pr_ratio = [0.6, 0.6, 0.6, 0.6]
Prune local model 8, pr_ratio = [0.5, 0.5, 0.5, 0.5]
Prune local model 7, pr_ratio = [0.4, 0.4, 0.4, 0.4]
Prune local model 16, pr_ratio = [0.2, 0.2, 0.2, 0.2]
Prune local model 11, pr_ratio = [0.2, 0.2, 0.2, 0.2]
Prune local model 17, pr_ratio = [0.4, 0.4, 0.4, 0.4]
Prune local model 10, pr_ratio = [0, 0, 0, 0]
Prune local model 13, pr_ratio = [0.5, 0.5, 0.5, 0.5]
Round 58 – LOCAL TPR pre-agg per client: ['0.292', '0.292', '0.429', '0.798', '0.580', '0.580', '0.580', '0.798', '0.292', '0.798', '0.292', '0.798', '0.429', '0.429', '0.292', '0.429', '0.580', '0.798', '0.429', '0.292']
Round 58 – TPR per Domain: 0:0.292, 1:0.292, 2:0.429, 3:0.798, 4:0.580, 5:0.580, 6:0.580, 7:0.798, 8:0.292, 9:0.798, 10:0.292, 11:0.798, 12:0.429, 13:0.429, 14:0.292, 15:0.429, 16:0.580, 17:0.798, 18:0.429, 19:0.292
Round: 58 Method: dapperfl Mean_Acc: 54.595 Best_Acc: 59.63
Domain_Acc: [62.05, 80.0, 39.66, 36.67] Domain_BestAcc: [63.39, 80.53, 51.72, 50.0]
Prune local model 11, pr_ratio = [0.2, 0.2, 0.2, 0.2]
Prune local model 10, pr_ratio = [0, 0, 0, 0]
Prune local model 12, pr_ratio = [0.4, 0.4, 0.4, 0.4]
Prune local model 8, pr_ratio = [0.5, 0.5, 0.5, 0.5]
Prune local model 14, pr_ratio = [0.6, 0.6, 0.6, 0.6]
Prune local model 15, pr_ratio = [0, 0, 0, 0]
Prune local model 7, pr_ratio = [0.4, 0.4, 0.4, 0.4]
Prune local model 18, pr_ratio = [0.5, 0.5, 0.5, 0.5]
Prune local model 13, pr_ratio = [0.5, 0.5, 0.5, 0.5]
Prune local model 9, pr_ratio = [0.6, 0.6, 0.6, 0.6]
Prune local model 4, pr_ratio = [0.6, 0.6, 0.6, 0.6]
Prune local model 16, pr_ratio = [0.2, 0.2, 0.2, 0.2]
Prune local model 2, pr_ratio = [0.4, 0.4, 0.4, 0.4]
Prune local model 1, pr_ratio = [0.2, 0.2, 0.2, 0.2]
Prune local model 17, pr_ratio = [0.4, 0.4, 0.4, 0.4]
Prune local model 5, pr_ratio = [0, 0, 0, 0]
Prune local model 0, pr_ratio = [0, 0, 0, 0]
Prune local model 6, pr_ratio = [0.2, 0.2, 0.2, 0.2]
Prune local model 3, pr_ratio = [0.5, 0.5, 0.5, 0.5]
Prune local model 19, pr_ratio = [0.6, 0.6, 0.6, 0.6]
Round 59 – LOCAL TPR pre-agg per client: ['0.467', '0.467', '0.404', '0.759', '0.573', '0.573', '0.573', '0.759', '0.467', '0.759', '0.467', '0.759', '0.404', '0.404', '0.467', '0.404', '0.573', '0.759', '0.404', '0.467']
Round 59 – TPR per Domain: 0:0.467, 1:0.467, 2:0.404, 3:0.759, 4:0.573, 5:0.573, 6:0.573, 7:0.759, 8:0.467, 9:0.759, 10:0.467, 11:0.759, 12:0.404, 13:0.404, 14:0.467, 15:0.404, 16:0.573, 17:0.759, 18:0.404, 19:0.467
Round: 59 Method: dapperfl Mean_Acc: 56.018 Best_Acc: 59.63
Domain_Acc: [59.82, 76.32, 37.93, 50.0] Domain_BestAcc: [63.39, 80.53, 51.72, 50.0]
Prune local model 5, pr_ratio = [0, 0, 0, 0]
Prune local model 1, pr_ratio = [0.2, 0.2, 0.2, 0.2]
Prune local model 14, pr_ratio = [0.6, 0.6, 0.6, 0.6]
Prune local model 8, pr_ratio = [0.5, 0.5, 0.5, 0.5]
Prune local model 9, pr_ratio = [0.6, 0.6, 0.6, 0.6]
Prune local model 15, pr_ratio = [0, 0, 0, 0]
Prune local model 7, pr_ratio = [0.4, 0.4, 0.4, 0.4]
Prune local model 10, pr_ratio = [0, 0, 0, 0]
Prune local model 3, pr_ratio = [0.5, 0.5, 0.5, 0.5]
Prune local model 19, pr_ratio = [0.6, 0.6, 0.6, 0.6]
Prune local model 17, pr_ratio = [0.4, 0.4, 0.4, 0.4]
Prune local model 2, pr_ratio = [0.4, 0.4, 0.4, 0.4]
Prune local model 18, pr_ratio = [0.5, 0.5, 0.5, 0.5]
Prune local model 12, pr_ratio = [0.4, 0.4, 0.4, 0.4]
Prune local model 6, pr_ratio = [0.2, 0.2, 0.2, 0.2]
Prune local model 4, pr_ratio = [0.6, 0.6, 0.6, 0.6]
Prune local model 11, pr_ratio = [0.2, 0.2, 0.2, 0.2]
Prune local model 16, pr_ratio = [0.2, 0.2, 0.2, 0.2]
Prune local model 13, pr_ratio = [0.5, 0.5, 0.5, 0.5]
Prune local model 0, pr_ratio = [0, 0, 0, 0]
Round 60 – LOCAL TPR pre-agg per client: ['0.250', '0.250', '0.367', '0.763', '0.563', '0.563', '0.563', '0.763', '0.250', '0.763', '0.250', '0.763', '0.367', '0.367', '0.250', '0.367', '0.563', '0.763', '0.367', '0.250']
Round 60 – TPR per Domain: 0:0.250, 1:0.250, 2:0.367, 3:0.763, 4:0.563, 5:0.563, 6:0.563, 7:0.763, 8:0.250, 9:0.763, 10:0.250, 11:0.763, 12:0.367, 13:0.367, 14:0.250, 15:0.367, 16:0.563, 17:0.763, 18:0.367, 19:0.250
Round: 60 Method: dapperfl Mean_Acc: 50.78 Best_Acc: 59.63
Domain_Acc: [60.71, 76.32, 32.76, 33.33] Domain_BestAcc: [63.39, 80.53, 51.72, 50.0]
Prune local model 8, pr_ratio = [0.5, 0.5, 0.5, 0.5]
Prune local model 13, pr_ratio = [0.5, 0.5, 0.5, 0.5]
Prune local model 16, pr_ratio = [0.2, 0.2, 0.2, 0.2]
Prune local model 12, pr_ratio = [0.4, 0.4, 0.4, 0.4]
Prune local model 3, pr_ratio = [0.5, 0.5, 0.5, 0.5]
Prune local model 2, pr_ratio = [0.4, 0.4, 0.4, 0.4]
Prune local model 11, pr_ratio = [0.2, 0.2, 0.2, 0.2]
Prune local model 10, pr_ratio = [0, 0, 0, 0]
Prune local model 7, pr_ratio = [0.4, 0.4, 0.4, 0.4]
Prune local model 14, pr_ratio = [0.6, 0.6, 0.6, 0.6]
Prune local model 19, pr_ratio = [0.6, 0.6, 0.6, 0.6]
Prune local model 9, pr_ratio = [0.6, 0.6, 0.6, 0.6]
Prune local model 4, pr_ratio = [0.6, 0.6, 0.6, 0.6]
Prune local model 18, pr_ratio = [0.5, 0.5, 0.5, 0.5]
Prune local model 15, pr_ratio = [0, 0, 0, 0]
Prune local model 1, pr_ratio = [0.2, 0.2, 0.2, 0.2]
Prune local model 0, pr_ratio = [0, 0, 0, 0]
Prune local model 6, pr_ratio = [0.2, 0.2, 0.2, 0.2]
Prune local model 5, pr_ratio = [0, 0, 0, 0]
Prune local model 17, pr_ratio = [0.4, 0.4, 0.4, 0.4]
Round 61 – LOCAL TPR pre-agg per client: ['0.292', '0.292', '0.471', '0.808', '0.614', '0.614', '0.614', '0.808', '0.292', '0.808', '0.292', '0.808', '0.471', '0.471', '0.292', '0.471', '0.614', '0.808', '0.471', '0.292']
Round 61 – TPR per Domain: 0:0.292, 1:0.292, 2:0.471, 3:0.808, 4:0.614, 5:0.614, 6:0.614, 7:0.808, 8:0.292, 9:0.808, 10:0.292, 11:0.808, 12:0.471, 13:0.471, 14:0.292, 15:0.471, 16:0.614, 17:0.808, 18:0.471, 19:0.292
Round: 61 Method: dapperfl Mean_Acc: 57.543 Best_Acc: 59.63
Domain_Acc: [64.29, 81.05, 44.83, 40.0] Domain_BestAcc: [64.29, 81.05, 51.72, 50.0]
Prune local model 14, pr_ratio = [0.6, 0.6, 0.6, 0.6]
Prune local model 11, pr_ratio = [0.2, 0.2, 0.2, 0.2]
Prune local model 0, pr_ratio = [0, 0, 0, 0]
Prune local model 12, pr_ratio = [0.4, 0.4, 0.4, 0.4]
Prune local model 15, pr_ratio = [0, 0, 0, 0]
Prune local model 8, pr_ratio = [0.5, 0.5, 0.5, 0.5]
Prune local model 19, pr_ratio = [0.6, 0.6, 0.6, 0.6]
Prune local model 16, pr_ratio = [0.2, 0.2, 0.2, 0.2]
Prune local model 9, pr_ratio = [0.6, 0.6, 0.6, 0.6]
Prune local model 5, pr_ratio = [0, 0, 0, 0]
Prune local model 10, pr_ratio = [0, 0, 0, 0]
Prune local model 7, pr_ratio = [0.4, 0.4, 0.4, 0.4]
Prune local model 1, pr_ratio = [0.2, 0.2, 0.2, 0.2]
Prune local model 2, pr_ratio = [0.4, 0.4, 0.4, 0.4]
Prune local model 3, pr_ratio = [0.5, 0.5, 0.5, 0.5]
Prune local model 18, pr_ratio = [0.5, 0.5, 0.5, 0.5]
Prune local model 4, pr_ratio = [0.6, 0.6, 0.6, 0.6]
Prune local model 6, pr_ratio = [0.2, 0.2, 0.2, 0.2]
Prune local model 13, pr_ratio = [0.5, 0.5, 0.5, 0.5]
Prune local model 17, pr_ratio = [0.4, 0.4, 0.4, 0.4]
Round 62 – LOCAL TPR pre-agg per client: ['0.367', '0.367', '0.467', '0.778', '0.592', '0.592', '0.592', '0.778', '0.367', '0.778', '0.367', '0.778', '0.467', '0.467', '0.367', '0.467', '0.592', '0.778', '0.467', '0.367']
Round 62 – TPR per Domain: 0:0.367, 1:0.367, 2:0.467, 3:0.778, 4:0.592, 5:0.592, 6:0.592, 7:0.778, 8:0.367, 9:0.778, 10:0.367, 11:0.778, 12:0.467, 13:0.467, 14:0.367, 15:0.467, 16:0.592, 17:0.778, 18:0.467, 19:0.367
Round: 62 Method: dapperfl Mean_Acc: 58.085 Best_Acc: 59.63
Domain_Acc: [62.95, 77.89, 44.83, 46.67] Domain_BestAcc: [64.29, 81.05, 51.72, 50.0]
Prune local model 5, pr_ratio = [0, 0, 0, 0]
Prune local model 2, pr_ratio = [0.4, 0.4, 0.4, 0.4]
Prune local model 1, pr_ratio = [0.2, 0.2, 0.2, 0.2]
Prune local model 15, pr_ratio = [0, 0, 0, 0]
Prune local model 16, pr_ratio = [0.2, 0.2, 0.2, 0.2]
Prune local model 17, pr_ratio = [0.4, 0.4, 0.4, 0.4]
Prune local model 18, pr_ratio = [0.5, 0.5, 0.5, 0.5]
Prune local model 7, pr_ratio = [0.4, 0.4, 0.4, 0.4]
Prune local model 0, pr_ratio = [0, 0, 0, 0]
Prune local model 4, pr_ratio = [0.6, 0.6, 0.6, 0.6]
Prune local model 13, pr_ratio = [0.5, 0.5, 0.5, 0.5]
Prune local model 12, pr_ratio = [0.4, 0.4, 0.4, 0.4]
Prune local model 8, pr_ratio = [0.5, 0.5, 0.5, 0.5]
Prune local model 14, pr_ratio = [0.6, 0.6, 0.6, 0.6]
Prune local model 6, pr_ratio = [0.2, 0.2, 0.2, 0.2]
Prune local model 9, pr_ratio = [0.6, 0.6, 0.6, 0.6]
Prune local model 3, pr_ratio = [0.5, 0.5, 0.5, 0.5]
Prune local model 19, pr_ratio = [0.6, 0.6, 0.6, 0.6]
Prune local model 11, pr_ratio = [0.2, 0.2, 0.2, 0.2]
Prune local model 10, pr_ratio = [0, 0, 0, 0]
Round 63 – LOCAL TPR pre-agg per client: ['0.342', '0.342', '0.475', '0.783', '0.594', '0.594', '0.594', '0.783', '0.342', '0.783', '0.342', '0.783', '0.475', '0.475', '0.342', '0.475', '0.594', '0.783', '0.475', '0.342']
Round 63 – TPR per Domain: 0:0.342, 1:0.342, 2:0.475, 3:0.783, 4:0.594, 5:0.594, 6:0.594, 7:0.783, 8:0.342, 9:0.783, 10:0.342, 11:0.783, 12:0.475, 13:0.475, 14:0.342, 15:0.475, 16:0.594, 17:0.783, 18:0.475, 19:0.342
Round: 63 Method: dapperfl Mean_Acc: 57.492 Best_Acc: 59.63
Domain_Acc: [63.39, 78.42, 44.83, 43.33] Domain_BestAcc: [64.29, 81.05, 51.72, 50.0]
Prune local model 4, pr_ratio = [0.6, 0.6, 0.6, 0.6]
Prune local model 18, pr_ratio = [0.5, 0.5, 0.5, 0.5]
Prune local model 1, pr_ratio = [0.2, 0.2, 0.2, 0.2]
Prune local model 19, pr_ratio = [0.6, 0.6, 0.6, 0.6]
Prune local model 8, pr_ratio = [0.5, 0.5, 0.5, 0.5]
Prune local model 14, pr_ratio = [0.6, 0.6, 0.6, 0.6]
Prune local model 0, pr_ratio = [0, 0, 0, 0]
Prune local model 11, pr_ratio = [0.2, 0.2, 0.2, 0.2]
Prune local model 10, pr_ratio = [0, 0, 0, 0]
Prune local model 12, pr_ratio = [0.4, 0.4, 0.4, 0.4]
Prune local model 6, pr_ratio = [0.2, 0.2, 0.2, 0.2]
Prune local model 2, pr_ratio = [0.4, 0.4, 0.4, 0.4]
Prune local model 7, pr_ratio = [0.4, 0.4, 0.4, 0.4]
Prune local model 3, pr_ratio = [0.5, 0.5, 0.5, 0.5]
Prune local model 17, pr_ratio = [0.4, 0.4, 0.4, 0.4]
Prune local model 5, pr_ratio = [0, 0, 0, 0]
Prune local model 16, pr_ratio = [0.2, 0.2, 0.2, 0.2]
Prune local model 15, pr_ratio = [0, 0, 0, 0]
Prune local model 9, pr_ratio = [0.6, 0.6, 0.6, 0.6]
Prune local model 13, pr_ratio = [0.5, 0.5, 0.5, 0.5]
Round 64 – LOCAL TPR pre-agg per client: ['0.217', '0.217', '0.550', '0.809', '0.559', '0.559', '0.559', '0.809', '0.217', '0.809', '0.217', '0.809', '0.550', '0.550', '0.217', '0.550', '0.559', '0.809', '0.550', '0.217']
Round 64 – TPR per Domain: 0:0.217, 1:0.217, 2:0.550, 3:0.809, 4:0.559, 5:0.559, 6:0.559, 7:0.809, 8:0.217, 9:0.809, 10:0.217, 11:0.809, 12:0.550, 13:0.550, 14:0.217, 15:0.550, 16:0.559, 17:0.809, 18:0.550, 19:0.217
Round: 64 Method: dapperfl Mean_Acc: 56.37 Best_Acc: 59.63
Domain_Acc: [59.38, 81.05, 51.72, 33.33] Domain_BestAcc: [64.29, 81.05, 51.72, 50.0]
Prune local model 10, pr_ratio = [0, 0, 0, 0]
Prune local model 13, pr_ratio = [0.5, 0.5, 0.5, 0.5]
Prune local model 7, pr_ratio = [0.4, 0.4, 0.4, 0.4]
Prune local model 18, pr_ratio = [0.5, 0.5, 0.5, 0.5]
Prune local model 6, pr_ratio = [0.2, 0.2, 0.2, 0.2]
Prune local model 17, pr_ratio = [0.4, 0.4, 0.4, 0.4]
Prune local model 0, pr_ratio = [0, 0, 0, 0]
Prune local model 1, pr_ratio = [0.2, 0.2, 0.2, 0.2]
Prune local model 9, pr_ratio = [0.6, 0.6, 0.6, 0.6]
Prune local model 8, pr_ratio = [0.5, 0.5, 0.5, 0.5]
Prune local model 12, pr_ratio = [0.4, 0.4, 0.4, 0.4]
Prune local model 4, pr_ratio = [0.6, 0.6, 0.6, 0.6]
Prune local model 11, pr_ratio = [0.2, 0.2, 0.2, 0.2]
Prune local model 15, pr_ratio = [0, 0, 0, 0]
Prune local model 2, pr_ratio = [0.4, 0.4, 0.4, 0.4]
Prune local model 14, pr_ratio = [0.6, 0.6, 0.6, 0.6]
Prune local model 16, pr_ratio = [0.2, 0.2, 0.2, 0.2]
Prune local model 3, pr_ratio = [0.5, 0.5, 0.5, 0.5]
Prune local model 19, pr_ratio = [0.6, 0.6, 0.6, 0.6]
Prune local model 5, pr_ratio = [0, 0, 0, 0]
Round 65 – LOCAL TPR pre-agg per client: ['0.417', '0.417', '0.367', '0.803', '0.546', '0.546', '0.546', '0.803', '0.417', '0.803', '0.417', '0.803', '0.367', '0.367', '0.417', '0.367', '0.546', '0.803', '0.367', '0.417']
Round 65 – TPR per Domain: 0:0.417, 1:0.417, 2:0.367, 3:0.803, 4:0.546, 5:0.546, 6:0.546, 7:0.803, 8:0.417, 9:0.803, 10:0.417, 11:0.803, 12:0.367, 13:0.367, 14:0.417, 15:0.367, 16:0.546, 17:0.803, 18:0.367, 19:0.417
Round: 65 Method: dapperfl Mean_Acc: 54.5 Best_Acc: 59.63
Domain_Acc: [58.04, 80.53, 32.76, 46.67] Domain_BestAcc: [64.29, 81.05, 51.72, 50.0]
Prune local model 13, pr_ratio = [0.5, 0.5, 0.5, 0.5]
Prune local model 18, pr_ratio = [0.5, 0.5, 0.5, 0.5]
Prune local model 6, pr_ratio = [0.2, 0.2, 0.2, 0.2]
Prune local model 8, pr_ratio = [0.5, 0.5, 0.5, 0.5]
Prune local model 7, pr_ratio = [0.4, 0.4, 0.4, 0.4]
Prune local model 1, pr_ratio = [0.2, 0.2, 0.2, 0.2]
Prune local model 16, pr_ratio = [0.2, 0.2, 0.2, 0.2]
Prune local model 2, pr_ratio = [0.4, 0.4, 0.4, 0.4]
Prune local model 9, pr_ratio = [0.6, 0.6, 0.6, 0.6]
Prune local model 3, pr_ratio = [0.5, 0.5, 0.5, 0.5]
Prune local model 0, pr_ratio = [0, 0, 0, 0]
Prune local model 14, pr_ratio = [0.6, 0.6, 0.6, 0.6]
Prune local model 12, pr_ratio = [0.4, 0.4, 0.4, 0.4]
Prune local model 10, pr_ratio = [0, 0, 0, 0]
Prune local model 15, pr_ratio = [0, 0, 0, 0]
Prune local model 17, pr_ratio = [0.4, 0.4, 0.4, 0.4]
Prune local model 19, pr_ratio = [0.6, 0.6, 0.6, 0.6]
Prune local model 5, pr_ratio = [0, 0, 0, 0]
Prune local model 4, pr_ratio = [0.6, 0.6, 0.6, 0.6]
Prune local model 11, pr_ratio = [0.2, 0.2, 0.2, 0.2]
Round 66 – LOCAL TPR pre-agg per client: ['0.308', '0.308', '0.504', '0.794', '0.600', '0.600', '0.600', '0.794', '0.308', '0.794', '0.308', '0.794', '0.504', '0.504', '0.308', '0.504', '0.600', '0.794', '0.504', '0.308']
Round 66 – TPR per Domain: 0:0.308, 1:0.308, 2:0.504, 3:0.794, 4:0.600, 5:0.600, 6:0.600, 7:0.794, 8:0.308, 9:0.794, 10:0.308, 11:0.794, 12:0.504, 13:0.504, 14:0.308, 15:0.504, 16:0.600, 17:0.794, 18:0.504, 19:0.308
Round: 66 Method: dapperfl Mean_Acc: 56.185 Best_Acc: 59.63
Domain_Acc: [62.05, 79.47, 46.55, 36.67] Domain_BestAcc: [64.29, 81.05, 51.72, 50.0]
Prune local model 18, pr_ratio = [0.5, 0.5, 0.5, 0.5]
Prune local model 17, pr_ratio = [0.4, 0.4, 0.4, 0.4]
Prune local model 8, pr_ratio = [0.5, 0.5, 0.5, 0.5]
Prune local model 7, pr_ratio = [0.4, 0.4, 0.4, 0.4]
Prune local model 12, pr_ratio = [0.4, 0.4, 0.4, 0.4]
Prune local model 3, pr_ratio = [0.5, 0.5, 0.5, 0.5]
Prune local model 5, pr_ratio = [0, 0, 0, 0]
Prune local model 19, pr_ratio = [0.6, 0.6, 0.6, 0.6]
Prune local model 10, pr_ratio = [0, 0, 0, 0]
Prune local model 1, pr_ratio = [0.2, 0.2, 0.2, 0.2]
Prune local model 6, pr_ratio = [0.2, 0.2, 0.2, 0.2]
Prune local model 9, pr_ratio = [0.6, 0.6, 0.6, 0.6]
Prune local model 16, pr_ratio = [0.2, 0.2, 0.2, 0.2]
Prune local model 2, pr_ratio = [0.4, 0.4, 0.4, 0.4]
Prune local model 0, pr_ratio = [0, 0, 0, 0]
Prune local model 11, pr_ratio = [0.2, 0.2, 0.2, 0.2]
Prune local model 4, pr_ratio = [0.6, 0.6, 0.6, 0.6]
Prune local model 14, pr_ratio = [0.6, 0.6, 0.6, 0.6]
Prune local model 15, pr_ratio = [0, 0, 0, 0]
Prune local model 13, pr_ratio = [0.5, 0.5, 0.5, 0.5]
Round 67 – LOCAL TPR pre-agg per client: ['0.292', '0.292', '0.467', '0.734', '0.552', '0.552', '0.552', '0.734', '0.292', '0.734', '0.292', '0.734', '0.467', '0.467', '0.292', '0.467', '0.552', '0.734', '0.467', '0.292']
Round 67 – TPR per Domain: 0:0.292, 1:0.292, 2:0.467, 3:0.734, 4:0.552, 5:0.552, 6:0.552, 7:0.734, 8:0.292, 9:0.734, 10:0.292, 11:0.734, 12:0.467, 13:0.467, 14:0.292, 15:0.467, 16:0.552, 17:0.734, 18:0.467, 19:0.292
Round: 67 Method: dapperfl Mean_Acc: 54.452 Best_Acc: 59.63
Domain_Acc: [59.82, 73.16, 44.83, 40.0] Domain_BestAcc: [64.29, 81.05, 51.72, 50.0]
Prune local model 4, pr_ratio = [0.6, 0.6, 0.6, 0.6]
Prune local model 3, pr_ratio = [0.5, 0.5, 0.5, 0.5]
Prune local model 5, pr_ratio = [0, 0, 0, 0]
Prune local model 15, pr_ratio = [0, 0, 0, 0]
Prune local model 16, pr_ratio = [0.2, 0.2, 0.2, 0.2]
Prune local model 12, pr_ratio = [0.4, 0.4, 0.4, 0.4]
Prune local model 0, pr_ratio = [0, 0, 0, 0]
Prune local model 19, pr_ratio = [0.6, 0.6, 0.6, 0.6]
Prune local model 10, pr_ratio = [0, 0, 0, 0]
Prune local model 13, pr_ratio = [0.5, 0.5, 0.5, 0.5]
Prune local model 6, pr_ratio = [0.2, 0.2, 0.2, 0.2]
Prune local model 1, pr_ratio = [0.2, 0.2, 0.2, 0.2]
Prune local model 18, pr_ratio = [0.5, 0.5, 0.5, 0.5]
Prune local model 2, pr_ratio = [0.4, 0.4, 0.4, 0.4]
Prune local model 17, pr_ratio = [0.4, 0.4, 0.4, 0.4]
Prune local model 11, pr_ratio = [0.2, 0.2, 0.2, 0.2]
Prune local model 14, pr_ratio = [0.6, 0.6, 0.6, 0.6]
Prune local model 7, pr_ratio = [0.4, 0.4, 0.4, 0.4]
Prune local model 8, pr_ratio = [0.5, 0.5, 0.5, 0.5]
Prune local model 9, pr_ratio = [0.6, 0.6, 0.6, 0.6]
Round 68 – LOCAL TPR pre-agg per client: ['0.317', '0.317', '0.512', '0.819', '0.614', '0.614', '0.614', '0.819', '0.317', '0.819', '0.317', '0.819', '0.512', '0.512', '0.317', '0.512', '0.614', '0.819', '0.512', '0.317']
Round 68 – TPR per Domain: 0:0.317, 1:0.317, 2:0.512, 3:0.819, 4:0.614, 5:0.614, 6:0.614, 7:0.819, 8:0.317, 9:0.819, 10:0.317, 11:0.819, 12:0.512, 13:0.512, 14:0.317, 15:0.512, 16:0.614, 17:0.819, 18:0.512, 19:0.317
Round: 68 Method: dapperfl Mean_Acc: 58.67 Best_Acc: 59.63
Domain_Acc: [64.29, 82.11, 48.28, 40.0] Domain_BestAcc: [64.29, 82.11, 51.72, 50.0]
Prune local model 10, pr_ratio = [0, 0, 0, 0]
Prune local model 17, pr_ratio = [0.4, 0.4, 0.4, 0.4]
Prune local model 14, pr_ratio = [0.6, 0.6, 0.6, 0.6]
Prune local model 7, pr_ratio = [0.4, 0.4, 0.4, 0.4]
Prune local model 13, pr_ratio = [0.5, 0.5, 0.5, 0.5]
Prune local model 0, pr_ratio = [0, 0, 0, 0]
Prune local model 2, pr_ratio = [0.4, 0.4, 0.4, 0.4]
Prune local model 8, pr_ratio = [0.5, 0.5, 0.5, 0.5]
Prune local model 6, pr_ratio = [0.2, 0.2, 0.2, 0.2]
Prune local model 18, pr_ratio = [0.5, 0.5, 0.5, 0.5]
Prune local model 1, pr_ratio = [0.2, 0.2, 0.2, 0.2]
Prune local model 19, pr_ratio = [0.6, 0.6, 0.6, 0.6]
Prune local model 12, pr_ratio = [0.4, 0.4, 0.4, 0.4]
Prune local model 15, pr_ratio = [0, 0, 0, 0]
Prune local model 9, pr_ratio = [0.6, 0.6, 0.6, 0.6]
Prune local model 3, pr_ratio = [0.5, 0.5, 0.5, 0.5]
Prune local model 5, pr_ratio = [0, 0, 0, 0]
Prune local model 16, pr_ratio = [0.2, 0.2, 0.2, 0.2]
Prune local model 11, pr_ratio = [0.2, 0.2, 0.2, 0.2]
Prune local model 4, pr_ratio = [0.6, 0.6, 0.6, 0.6]
Round 69 – LOCAL TPR pre-agg per client: ['0.317', '0.317', '0.554', '0.788', '0.648', '0.648', '0.648', '0.788', '0.317', '0.788', '0.317', '0.788', '0.554', '0.554', '0.317', '0.554', '0.648', '0.788', '0.554', '0.317']
Round 69 – TPR per Domain: 0:0.317, 1:0.317, 2:0.554, 3:0.788, 4:0.648, 5:0.648, 6:0.648, 7:0.788, 8:0.317, 9:0.788, 10:0.317, 11:0.788, 12:0.554, 13:0.554, 14:0.317, 15:0.554, 16:0.648, 17:0.788, 18:0.554, 19:0.317
Round: 69 Method: dapperfl Mean_Acc: 59.952 Best_Acc: 59.952
Domain_Acc: [67.41, 78.95, 53.45, 40.0] Domain_BestAcc: [67.41, 82.11, 53.45, 50.0]
Prune local model 0, pr_ratio = [0, 0, 0, 0]
Prune local model 7, pr_ratio = [0.4, 0.4, 0.4, 0.4]
Prune local model 15, pr_ratio = [0, 0, 0, 0]
Prune local model 6, pr_ratio = [0.2, 0.2, 0.2, 0.2]
Prune local model 4, pr_ratio = [0.6, 0.6, 0.6, 0.6]
Prune local model 19, pr_ratio = [0.6, 0.6, 0.6, 0.6]
Prune local model 14, pr_ratio = [0.6, 0.6, 0.6, 0.6]
Prune local model 2, pr_ratio = [0.4, 0.4, 0.4, 0.4]
Prune local model 11, pr_ratio = [0.2, 0.2, 0.2, 0.2]
Prune local model 1, pr_ratio = [0.2, 0.2, 0.2, 0.2]
Prune local model 10, pr_ratio = [0, 0, 0, 0]
Prune local model 5, pr_ratio = [0, 0, 0, 0]
Prune local model 9, pr_ratio = [0.6, 0.6, 0.6, 0.6]
Prune local model 12, pr_ratio = [0.4, 0.4, 0.4, 0.4]
Prune local model 18, pr_ratio = [0.5, 0.5, 0.5, 0.5]
Prune local model 8, pr_ratio = [0.5, 0.5, 0.5, 0.5]
Prune local model 3, pr_ratio = [0.5, 0.5, 0.5, 0.5]
Prune local model 17, pr_ratio = [0.4, 0.4, 0.4, 0.4]
Prune local model 13, pr_ratio = [0.5, 0.5, 0.5, 0.5]
Prune local model 16, pr_ratio = [0.2, 0.2, 0.2, 0.2]
Round 70 – LOCAL TPR pre-agg per client: ['0.542', '0.542', '0.492', '0.788', '0.583', '0.583', '0.583', '0.788', '0.542', '0.788', '0.542', '0.788', '0.492', '0.492', '0.542', '0.492', '0.583', '0.788', '0.492', '0.542']
Round 70 – TPR per Domain: 0:0.542, 1:0.542, 2:0.492, 3:0.788, 4:0.583, 5:0.583, 6:0.583, 7:0.788, 8:0.542, 9:0.788, 10:0.542, 11:0.788, 12:0.492, 13:0.492, 14:0.542, 15:0.492, 16:0.583, 17:0.788, 18:0.492, 19:0.542
Round: 70 Method: dapperfl Mean_Acc: 60.945 Best_Acc: 60.945
Domain_Acc: [61.61, 78.95, 46.55, 56.67] Domain_BestAcc: [67.41, 82.11, 53.45, 56.67]
Prune local model 19, pr_ratio = [0.6, 0.6, 0.6, 0.6]
Prune local model 1, pr_ratio = [0.2, 0.2, 0.2, 0.2]
Prune local model 13, pr_ratio = [0.5, 0.5, 0.5, 0.5]
Prune local model 14, pr_ratio = [0.6, 0.6, 0.6, 0.6]
Prune local model 10, pr_ratio = [0, 0, 0, 0]
Prune local model 15, pr_ratio = [0, 0, 0, 0]
Prune local model 7, pr_ratio = [0.4, 0.4, 0.4, 0.4]
Prune local model 0, pr_ratio = [0, 0, 0, 0]
Prune local model 4, pr_ratio = [0.6, 0.6, 0.6, 0.6]
Prune local model 16, pr_ratio = [0.2, 0.2, 0.2, 0.2]
Prune local model 2, pr_ratio = [0.4, 0.4, 0.4, 0.4]
Prune local model 6, pr_ratio = [0.2, 0.2, 0.2, 0.2]
Prune local model 9, pr_ratio = [0.6, 0.6, 0.6, 0.6]
Prune local model 18, pr_ratio = [0.5, 0.5, 0.5, 0.5]
Prune local model 5, pr_ratio = [0, 0, 0, 0]
Prune local model 3, pr_ratio = [0.5, 0.5, 0.5, 0.5]
Prune local model 8, pr_ratio = [0.5, 0.5, 0.5, 0.5]
Prune local model 12, pr_ratio = [0.4, 0.4, 0.4, 0.4]
Prune local model 17, pr_ratio = [0.4, 0.4, 0.4, 0.4]
Prune local model 11, pr_ratio = [0.2, 0.2, 0.2, 0.2]
Round 71 – LOCAL TPR pre-agg per client: ['0.517', '0.517', '0.550', '0.804', '0.635', '0.635', '0.635', '0.804', '0.517', '0.804', '0.517', '0.804', '0.550', '0.550', '0.517', '0.550', '0.635', '0.804', '0.550', '0.517']
Round 71 – TPR per Domain: 0:0.517, 1:0.517, 2:0.550, 3:0.804, 4:0.635, 5:0.635, 6:0.635, 7:0.804, 8:0.517, 9:0.804, 10:0.517, 11:0.804, 12:0.550, 13:0.550, 14:0.517, 15:0.550, 16:0.635, 17:0.804, 18:0.550, 19:0.517
Round: 71 Method: dapperfl Mean_Acc: 64.293 Best_Acc: 64.293
Domain_Acc: [66.52, 80.53, 53.45, 56.67] Domain_BestAcc: [67.41, 82.11, 53.45, 56.67]
Prune local model 14, pr_ratio = [0.6, 0.6, 0.6, 0.6]
Prune local model 5, pr_ratio = [0, 0, 0, 0]
Prune local model 0, pr_ratio = [0, 0, 0, 0]
Prune local model 2, pr_ratio = [0.4, 0.4, 0.4, 0.4]
Prune local model 18, pr_ratio = [0.5, 0.5, 0.5, 0.5]
Prune local model 16, pr_ratio = [0.2, 0.2, 0.2, 0.2]
Prune local model 19, pr_ratio = [0.6, 0.6, 0.6, 0.6]
Prune local model 6, pr_ratio = [0.2, 0.2, 0.2, 0.2]
Prune local model 3, pr_ratio = [0.5, 0.5, 0.5, 0.5]
Prune local model 9, pr_ratio = [0.6, 0.6, 0.6, 0.6]
Prune local model 10, pr_ratio = [0, 0, 0, 0]
Prune local model 8, pr_ratio = [0.5, 0.5, 0.5, 0.5]
Prune local model 1, pr_ratio = [0.2, 0.2, 0.2, 0.2]
Prune local model 11, pr_ratio = [0.2, 0.2, 0.2, 0.2]
Prune local model 13, pr_ratio = [0.5, 0.5, 0.5, 0.5]
Prune local model 15, pr_ratio = [0, 0, 0, 0]
Prune local model 4, pr_ratio = [0.6, 0.6, 0.6, 0.6]
Prune local model 7, pr_ratio = [0.4, 0.4, 0.4, 0.4]
Prune local model 12, pr_ratio = [0.4, 0.4, 0.4, 0.4]
Prune local model 17, pr_ratio = [0.4, 0.4, 0.4, 0.4]
Round 72 – LOCAL TPR pre-agg per client: ['0.425', '0.425', '0.529', '0.798', '0.571', '0.571', '0.571', '0.798', '0.425', '0.798', '0.425', '0.798', '0.529', '0.529', '0.425', '0.529', '0.571', '0.798', '0.529', '0.425']
Round 72 – TPR per Domain: 0:0.425, 1:0.425, 2:0.529, 3:0.798, 4:0.571, 5:0.571, 6:0.571, 7:0.798, 8:0.425, 9:0.798, 10:0.425, 11:0.798, 12:0.529, 13:0.529, 14:0.425, 15:0.529, 16:0.571, 17:0.798, 18:0.529, 19:0.425
Round: 72 Method: dapperfl Mean_Acc: 59.457 Best_Acc: 64.293
Domain_Acc: [61.16, 80.0, 50.0, 46.67] Domain_BestAcc: [67.41, 82.11, 53.45, 56.67]
Prune local model 10, pr_ratio = [0, 0, 0, 0]
Prune local model 18, pr_ratio = [0.5, 0.5, 0.5, 0.5]
Prune local model 1, pr_ratio = [0.2, 0.2, 0.2, 0.2]
Prune local model 6, pr_ratio = [0.2, 0.2, 0.2, 0.2]
Prune local model 11, pr_ratio = [0.2, 0.2, 0.2, 0.2]
Prune local model 0, pr_ratio = [0, 0, 0, 0]
Prune local model 16, pr_ratio = [0.2, 0.2, 0.2, 0.2]
Prune local model 17, pr_ratio = [0.4, 0.4, 0.4, 0.4]
Prune local model 14, pr_ratio = [0.6, 0.6, 0.6, 0.6]
Prune local model 5, pr_ratio = [0, 0, 0, 0]
Prune local model 4, pr_ratio = [0.6, 0.6, 0.6, 0.6]
Prune local model 8, pr_ratio = [0.5, 0.5, 0.5, 0.5]
Prune local model 13, pr_ratio = [0.5, 0.5, 0.5, 0.5]
Prune local model 12, pr_ratio = [0.4, 0.4, 0.4, 0.4]
Prune local model 7, pr_ratio = [0.4, 0.4, 0.4, 0.4]
Prune local model 2, pr_ratio = [0.4, 0.4, 0.4, 0.4]
Prune local model 9, pr_ratio = [0.6, 0.6, 0.6, 0.6]
Prune local model 19, pr_ratio = [0.6, 0.6, 0.6, 0.6]
Prune local model 3, pr_ratio = [0.5, 0.5, 0.5, 0.5]
Prune local model 15, pr_ratio = [0, 0, 0, 0]
Round 73 – LOCAL TPR pre-agg per client: ['0.292', '0.292', '0.512', '0.808', '0.583', '0.583', '0.583', '0.808', '0.292', '0.808', '0.292', '0.808', '0.512', '0.512', '0.292', '0.512', '0.583', '0.808', '0.512', '0.292']
Round 73 – TPR per Domain: 0:0.292, 1:0.292, 2:0.512, 3:0.808, 4:0.583, 5:0.583, 6:0.583, 7:0.808, 8:0.292, 9:0.808, 10:0.292, 11:0.808, 12:0.512, 13:0.512, 14:0.292, 15:0.512, 16:0.583, 17:0.808, 18:0.512, 19:0.292
Round: 73 Method: dapperfl Mean_Acc: 57.845 Best_Acc: 64.293
Domain_Acc: [62.05, 81.05, 48.28, 40.0] Domain_BestAcc: [67.41, 82.11, 53.45, 56.67]
Prune local model 2, pr_ratio = [0.4, 0.4, 0.4, 0.4]
Prune local model 0, pr_ratio = [0, 0, 0, 0]
Prune local model 1, pr_ratio = [0.2, 0.2, 0.2, 0.2]
Prune local model 19, pr_ratio = [0.6, 0.6, 0.6, 0.6]
Prune local model 17, pr_ratio = [0.4, 0.4, 0.4, 0.4]
Prune local model 14, pr_ratio = [0.6, 0.6, 0.6, 0.6]
Prune local model 8, pr_ratio = [0.5, 0.5, 0.5, 0.5]
Prune local model 7, pr_ratio = [0.4, 0.4, 0.4, 0.4]
Prune local model 16, pr_ratio = [0.2, 0.2, 0.2, 0.2]
Prune local model 12, pr_ratio = [0.4, 0.4, 0.4, 0.4]
Prune local model 9, pr_ratio = [0.6, 0.6, 0.6, 0.6]
Prune local model 6, pr_ratio = [0.2, 0.2, 0.2, 0.2]
Prune local model 11, pr_ratio = [0.2, 0.2, 0.2, 0.2]
Prune local model 3, pr_ratio = [0.5, 0.5, 0.5, 0.5]
Prune local model 13, pr_ratio = [0.5, 0.5, 0.5, 0.5]
Prune local model 15, pr_ratio = [0, 0, 0, 0]
Prune local model 10, pr_ratio = [0, 0, 0, 0]
Prune local model 5, pr_ratio = [0, 0, 0, 0]
Prune local model 4, pr_ratio = [0.6, 0.6, 0.6, 0.6]
Prune local model 18, pr_ratio = [0.5, 0.5, 0.5, 0.5]
Round 74 – LOCAL TPR pre-agg per client: ['0.300', '0.300', '0.537', '0.810', '0.620', '0.620', '0.620', '0.810', '0.300', '0.810', '0.300', '0.810', '0.537', '0.537', '0.300', '0.537', '0.620', '0.810', '0.537', '0.300']
Round 74 – TPR per Domain: 0:0.300, 1:0.300, 2:0.537, 3:0.810, 4:0.620, 5:0.620, 6:0.620, 7:0.810, 8:0.300, 9:0.810, 10:0.300, 11:0.810, 12:0.537, 13:0.537, 14:0.300, 15:0.537, 16:0.620, 17:0.810, 18:0.537, 19:0.300
Round: 74 Method: dapperfl Mean_Acc: 58.655 Best_Acc: 64.293
Domain_Acc: [65.18, 81.05, 51.72, 36.67] Domain_BestAcc: [67.41, 82.11, 53.45, 56.67]
Prune local model 15, pr_ratio = [0, 0, 0, 0]
Prune local model 12, pr_ratio = [0.4, 0.4, 0.4, 0.4]
Prune local model 3, pr_ratio = [0.5, 0.5, 0.5, 0.5]
Prune local model 11, pr_ratio = [0.2, 0.2, 0.2, 0.2]
Prune local model 8, pr_ratio = [0.5, 0.5, 0.5, 0.5]
Prune local model 10, pr_ratio = [0, 0, 0, 0]
Prune local model 5, pr_ratio = [0, 0, 0, 0]
Prune local model 19, pr_ratio = [0.6, 0.6, 0.6, 0.6]
Prune local model 16, pr_ratio = [0.2, 0.2, 0.2, 0.2]
Prune local model 17, pr_ratio = [0.4, 0.4, 0.4, 0.4]
Prune local model 18, pr_ratio = [0.5, 0.5, 0.5, 0.5]
Prune local model 2, pr_ratio = [0.4, 0.4, 0.4, 0.4]
Prune local model 6, pr_ratio = [0.2, 0.2, 0.2, 0.2]
Prune local model 7, pr_ratio = [0.4, 0.4, 0.4, 0.4]
Prune local model 1, pr_ratio = [0.2, 0.2, 0.2, 0.2]
Prune local model 0, pr_ratio = [0, 0, 0, 0]
Prune local model 4, pr_ratio = [0.6, 0.6, 0.6, 0.6]
Prune local model 14, pr_ratio = [0.6, 0.6, 0.6, 0.6]
Prune local model 13, pr_ratio = [0.5, 0.5, 0.5, 0.5]
Prune local model 9, pr_ratio = [0.6, 0.6, 0.6, 0.6]
Round 75 – LOCAL TPR pre-agg per client: ['0.367', '0.367', '0.471', '0.810', '0.574', '0.574', '0.574', '0.810', '0.367', '0.810', '0.367', '0.810', '0.471', '0.471', '0.367', '0.471', '0.574', '0.810', '0.471', '0.367']
Round 75 – TPR per Domain: 0:0.367, 1:0.367, 2:0.471, 3:0.810, 4:0.574, 5:0.574, 6:0.574, 7:0.810, 8:0.367, 9:0.810, 10:0.367, 11:0.810, 12:0.471, 13:0.471, 14:0.367, 15:0.471, 16:0.574, 17:0.810, 18:0.471, 19:0.367
Round: 75 Method: dapperfl Mean_Acc: 57.592 Best_Acc: 64.293
Domain_Acc: [61.16, 81.05, 44.83, 43.33] Domain_BestAcc: [67.41, 82.11, 53.45, 56.67]
Prune local model 15, pr_ratio = [0, 0, 0, 0]
Prune local model 18, pr_ratio = [0.5, 0.5, 0.5, 0.5]
Prune local model 1, pr_ratio = [0.2, 0.2, 0.2, 0.2]
Prune local model 8, pr_ratio = [0.5, 0.5, 0.5, 0.5]
Prune local model 2, pr_ratio = [0.4, 0.4, 0.4, 0.4]
Prune local model 0, pr_ratio = [0, 0, 0, 0]
Prune local model 13, pr_ratio = [0.5, 0.5, 0.5, 0.5]
Prune local model 4, pr_ratio = [0.6, 0.6, 0.6, 0.6]
Prune local model 16, pr_ratio = [0.2, 0.2, 0.2, 0.2]
Prune local model 11, pr_ratio = [0.2, 0.2, 0.2, 0.2]
Prune local model 17, pr_ratio = [0.4, 0.4, 0.4, 0.4]
Prune local model 19, pr_ratio = [0.6, 0.6, 0.6, 0.6]
Prune local model 5, pr_ratio = [0, 0, 0, 0]
Prune local model 3, pr_ratio = [0.5, 0.5, 0.5, 0.5]
Prune local model 14, pr_ratio = [0.6, 0.6, 0.6, 0.6]
Prune local model 7, pr_ratio = [0.4, 0.4, 0.4, 0.4]
Prune local model 10, pr_ratio = [0, 0, 0, 0]
Prune local model 9, pr_ratio = [0.6, 0.6, 0.6, 0.6]
Prune local model 6, pr_ratio = [0.2, 0.2, 0.2, 0.2]
Prune local model 12, pr_ratio = [0.4, 0.4, 0.4, 0.4]
Round 76 – LOCAL TPR pre-agg per client: ['0.367', '0.367', '0.433', '0.803', '0.598', '0.598', '0.598', '0.803', '0.367', '0.803', '0.367', '0.803', '0.433', '0.433', '0.367', '0.433', '0.598', '0.803', '0.433', '0.367']
Round 76 – TPR per Domain: 0:0.367, 1:0.367, 2:0.433, 3:0.803, 4:0.598, 5:0.598, 6:0.598, 7:0.803, 8:0.367, 9:0.803, 10:0.367, 11:0.803, 12:0.433, 13:0.433, 14:0.367, 15:0.433, 16:0.598, 17:0.803, 18:0.433, 19:0.367
Round: 76 Method: dapperfl Mean_Acc: 57.048 Best_Acc: 64.293
Domain_Acc: [62.95, 80.53, 41.38, 43.33] Domain_BestAcc: [67.41, 82.11, 53.45, 56.67]
Prune local model 3, pr_ratio = [0.5, 0.5, 0.5, 0.5]
Prune local model 6, pr_ratio = [0.2, 0.2, 0.2, 0.2]
Prune local model 2, pr_ratio = [0.4, 0.4, 0.4, 0.4]
Prune local model 0, pr_ratio = [0, 0, 0, 0]
Prune local model 11, pr_ratio = [0.2, 0.2, 0.2, 0.2]
Prune local model 10, pr_ratio = [0, 0, 0, 0]
Prune local model 17, pr_ratio = [0.4, 0.4, 0.4, 0.4]
Prune local model 8, pr_ratio = [0.5, 0.5, 0.5, 0.5]
Prune local model 15, pr_ratio = [0, 0, 0, 0]
Prune local model 9, pr_ratio = [0.6, 0.6, 0.6, 0.6]
Prune local model 16, pr_ratio = [0.2, 0.2, 0.2, 0.2]
Prune local model 12, pr_ratio = [0.4, 0.4, 0.4, 0.4]
Prune local model 4, pr_ratio = [0.6, 0.6, 0.6, 0.6]
Prune local model 1, pr_ratio = [0.2, 0.2, 0.2, 0.2]
Prune local model 18, pr_ratio = [0.5, 0.5, 0.5, 0.5]
Prune local model 19, pr_ratio = [0.6, 0.6, 0.6, 0.6]
Prune local model 5, pr_ratio = [0, 0, 0, 0]
Prune local model 7, pr_ratio = [0.4, 0.4, 0.4, 0.4]
Prune local model 14, pr_ratio = [0.6, 0.6, 0.6, 0.6]
Prune local model 13, pr_ratio = [0.5, 0.5, 0.5, 0.5]
Round 77 – LOCAL TPR pre-agg per client: ['0.542', '0.542', '0.508', '0.810', '0.580', '0.580', '0.580', '0.810', '0.542', '0.810', '0.542', '0.810', '0.508', '0.508', '0.542', '0.508', '0.580', '0.810', '0.508', '0.542']
Round 77 – TPR per Domain: 0:0.542, 1:0.542, 2:0.508, 3:0.810, 4:0.580, 5:0.580, 6:0.580, 7:0.810, 8:0.542, 9:0.810, 10:0.542, 11:0.810, 12:0.508, 13:0.508, 14:0.542, 15:0.508, 16:0.580, 17:0.810, 18:0.508, 19:0.542
Round: 77 Method: dapperfl Mean_Acc: 62.012 Best_Acc: 64.293
Domain_Acc: [62.05, 81.05, 48.28, 56.67] Domain_BestAcc: [67.41, 82.11, 53.45, 56.67]
Prune local model 8, pr_ratio = [0.5, 0.5, 0.5, 0.5]
Prune local model 4, pr_ratio = [0.6, 0.6, 0.6, 0.6]
Prune local model 1, pr_ratio = [0.2, 0.2, 0.2, 0.2]
Prune local model 9, pr_ratio = [0.6, 0.6, 0.6, 0.6]
Prune local model 15, pr_ratio = [0, 0, 0, 0]
Prune local model 12, pr_ratio = [0.4, 0.4, 0.4, 0.4]
Prune local model 17, pr_ratio = [0.4, 0.4, 0.4, 0.4]
Prune local model 13, pr_ratio = [0.5, 0.5, 0.5, 0.5]
Prune local model 16, pr_ratio = [0.2, 0.2, 0.2, 0.2]
Prune local model 11, pr_ratio = [0.2, 0.2, 0.2, 0.2]
Prune local model 18, pr_ratio = [0.5, 0.5, 0.5, 0.5]
Prune local model 6, pr_ratio = [0.2, 0.2, 0.2, 0.2]
Prune local model 3, pr_ratio = [0.5, 0.5, 0.5, 0.5]
Prune local model 0, pr_ratio = [0, 0, 0, 0]
Prune local model 10, pr_ratio = [0, 0, 0, 0]
Prune local model 14, pr_ratio = [0.6, 0.6, 0.6, 0.6]
Prune local model 19, pr_ratio = [0.6, 0.6, 0.6, 0.6]
Prune local model 7, pr_ratio = [0.4, 0.4, 0.4, 0.4]
Prune local model 2, pr_ratio = [0.4, 0.4, 0.4, 0.4]
Prune local model 5, pr_ratio = [0, 0, 0, 0]
Round 78 – LOCAL TPR pre-agg per client: ['0.500', '0.500', '0.483', '0.814', '0.609', '0.609', '0.609', '0.814', '0.500', '0.814', '0.500', '0.814', '0.483', '0.483', '0.500', '0.483', '0.609', '0.814', '0.483', '0.500']
Round 78 – TPR per Domain: 0:0.500, 1:0.500, 2:0.483, 3:0.814, 4:0.609, 5:0.609, 6:0.609, 7:0.814, 8:0.500, 9:0.814, 10:0.500, 11:0.814, 12:0.483, 13:0.483, 14:0.500, 15:0.483, 16:0.609, 17:0.814, 18:0.483, 19:0.500
Round: 78 Method: dapperfl Mean_Acc: 61.548 Best_Acc: 64.293
Domain_Acc: [64.73, 81.58, 46.55, 53.33] Domain_BestAcc: [67.41, 82.11, 53.45, 56.67]
Prune local model 14, pr_ratio = [0.6, 0.6, 0.6, 0.6]
Prune local model 11, pr_ratio = [0.2, 0.2, 0.2, 0.2]
Prune local model 5, pr_ratio = [0, 0, 0, 0]
Prune local model 7, pr_ratio = [0.4, 0.4, 0.4, 0.4]
Prune local model 10, pr_ratio = [0, 0, 0, 0]
Prune local model 13, pr_ratio = [0.5, 0.5, 0.5, 0.5]
Prune local model 16, pr_ratio = [0.2, 0.2, 0.2, 0.2]
Prune local model 15, pr_ratio = [0, 0, 0, 0]
Prune local model 9, pr_ratio = [0.6, 0.6, 0.6, 0.6]
Prune local model 18, pr_ratio = [0.5, 0.5, 0.5, 0.5]
Prune local model 8, pr_ratio = [0.5, 0.5, 0.5, 0.5]
Prune local model 3, pr_ratio = [0.5, 0.5, 0.5, 0.5]
Prune local model 12, pr_ratio = [0.4, 0.4, 0.4, 0.4]
Prune local model 6, pr_ratio = [0.2, 0.2, 0.2, 0.2]
Prune local model 19, pr_ratio = [0.6, 0.6, 0.6, 0.6]
Prune local model 1, pr_ratio = [0.2, 0.2, 0.2, 0.2]
Prune local model 17, pr_ratio = [0.4, 0.4, 0.4, 0.4]
Prune local model 2, pr_ratio = [0.4, 0.4, 0.4, 0.4]
Prune local model 4, pr_ratio = [0.6, 0.6, 0.6, 0.6]
Prune local model 0, pr_ratio = [0, 0, 0, 0]
Round 79 – LOCAL TPR pre-agg per client: ['0.417', '0.417', '0.496', '0.803', '0.611', '0.611', '0.611', '0.803', '0.417', '0.803', '0.417', '0.803', '0.496', '0.496', '0.417', '0.496', '0.611', '0.803', '0.496', '0.417']
Round 79 – TPR per Domain: 0:0.417, 1:0.417, 2:0.496, 3:0.803, 4:0.611, 5:0.611, 6:0.611, 7:0.803, 8:0.417, 9:0.803, 10:0.417, 11:0.803, 12:0.496, 13:0.496, 14:0.417, 15:0.496, 16:0.611, 17:0.803, 18:0.496, 19:0.417
Round: 79 Method: dapperfl Mean_Acc: 59.285 Best_Acc: 64.293
Domain_Acc: [63.39, 80.53, 46.55, 46.67] Domain_BestAcc: [67.41, 82.11, 53.45, 56.67]
Prune local model 18, pr_ratio = [0.5, 0.5, 0.5, 0.5]
Prune local model 11, pr_ratio = [0.2, 0.2, 0.2, 0.2]
Prune local model 5, pr_ratio = [0, 0, 0, 0]
Prune local model 4, pr_ratio = [0.6, 0.6, 0.6, 0.6]
Prune local model 7, pr_ratio = [0.4, 0.4, 0.4, 0.4]
Prune local model 8, pr_ratio = [0.5, 0.5, 0.5, 0.5]
Prune local model 1, pr_ratio = [0.2, 0.2, 0.2, 0.2]
Prune local model 9, pr_ratio = [0.6, 0.6, 0.6, 0.6]
Prune local model 2, pr_ratio = [0.4, 0.4, 0.4, 0.4]
Prune local model 15, pr_ratio = [0, 0, 0, 0]
Prune local model 13, pr_ratio = [0.5, 0.5, 0.5, 0.5]
Prune local model 3, pr_ratio = [0.5, 0.5, 0.5, 0.5]
Prune local model 0, pr_ratio = [0, 0, 0, 0]
Prune local model 19, pr_ratio = [0.6, 0.6, 0.6, 0.6]
Prune local model 17, pr_ratio = [0.4, 0.4, 0.4, 0.4]
Prune local model 12, pr_ratio = [0.4, 0.4, 0.4, 0.4]
Prune local model 14, pr_ratio = [0.6, 0.6, 0.6, 0.6]
Prune local model 10, pr_ratio = [0, 0, 0, 0]
Prune local model 16, pr_ratio = [0.2, 0.2, 0.2, 0.2]
Prune local model 6, pr_ratio = [0.2, 0.2, 0.2, 0.2]
Round 80 – LOCAL TPR pre-agg per client: ['0.433', '0.433', '0.542', '0.800', '0.599', '0.599', '0.599', '0.800', '0.433', '0.800', '0.433', '0.800', '0.542', '0.542', '0.433', '0.542', '0.599', '0.800', '0.542', '0.433']
Round 80 – TPR per Domain: 0:0.433, 1:0.433, 2:0.542, 3:0.800, 4:0.604, 5:0.604, 6:0.604, 7:0.800, 8:0.433, 9:0.800, 10:0.433, 11:0.800, 12:0.542, 13:0.542, 14:0.433, 15:0.542, 16:0.604, 17:0.800, 18:0.542, 19:0.433
Round: 80 Method: dapperfl Mean_Acc: 60.67 Best_Acc: 64.293
Domain_Acc: [64.29, 80.0, 51.72, 46.67] Domain_BestAcc: [67.41, 82.11, 53.45, 56.67]
Prune local model 18, pr_ratio = [0.5, 0.5, 0.5, 0.5]
Prune local model 1, pr_ratio = [0.2, 0.2, 0.2, 0.2]
Prune local model 11, pr_ratio = [0.2, 0.2, 0.2, 0.2]
Prune local model 7, pr_ratio = [0.4, 0.4, 0.4, 0.4]
Prune local model 15, pr_ratio = [0, 0, 0, 0]
Prune local model 0, pr_ratio = [0, 0, 0, 0]
Prune local model 4, pr_ratio = [0.6, 0.6, 0.6, 0.6]
Prune local model 19, pr_ratio = [0.6, 0.6, 0.6, 0.6]
Prune local model 5, pr_ratio = [0, 0, 0, 0]
Prune local model 16, pr_ratio = [0.2, 0.2, 0.2, 0.2]
Prune local model 14, pr_ratio = [0.6, 0.6, 0.6, 0.6]
Prune local model 13, pr_ratio = [0.5, 0.5, 0.5, 0.5]
Prune local model 2, pr_ratio = [0.4, 0.4, 0.4, 0.4]
Prune local model 8, pr_ratio = [0.5, 0.5, 0.5, 0.5]
Prune local model 10, pr_ratio = [0, 0, 0, 0]
Prune local model 3, pr_ratio = [0.5, 0.5, 0.5, 0.5]
Prune local model 6, pr_ratio = [0.2, 0.2, 0.2, 0.2]
Prune local model 12, pr_ratio = [0.4, 0.4, 0.4, 0.4]
Prune local model 9, pr_ratio = [0.6, 0.6, 0.6, 0.6]
Prune local model 17, pr_ratio = [0.4, 0.4, 0.4, 0.4]
Round 81 – LOCAL TPR pre-agg per client: ['0.467', '0.467', '0.430', '0.784', '0.564', '0.564', '0.564', '0.784', '0.467', '0.784', '0.467', '0.784', '0.430', '0.430', '0.467', '0.430', '0.564', '0.784', '0.430', '0.467']
Round 81 – TPR per Domain: 0:0.467, 1:0.467, 2:0.430, 3:0.784, 4:0.564, 5:0.564, 6:0.564, 7:0.784, 8:0.467, 9:0.784, 10:0.467, 11:0.784, 12:0.430, 13:0.430, 14:0.467, 15:0.430, 16:0.564, 17:0.784, 18:0.430, 19:0.467
Round: 81 Method: dapperfl Mean_Acc: 57.31 Best_Acc: 64.293
Domain_Acc: [61.16, 78.42, 39.66, 50.0] Domain_BestAcc: [67.41, 82.11, 53.45, 56.67]
Prune local model 7, pr_ratio = [0.4, 0.4, 0.4, 0.4]
Prune local model 0, pr_ratio = [0, 0, 0, 0]
Prune local model 4, pr_ratio = [0.6, 0.6, 0.6, 0.6]
Prune local model 6, pr_ratio = [0.2, 0.2, 0.2, 0.2]
Prune local model 15, pr_ratio = [0, 0, 0, 0]
Prune local model 2, pr_ratio = [0.4, 0.4, 0.4, 0.4]
Prune local model 5, pr_ratio = [0, 0, 0, 0]
Prune local model 11, pr_ratio = [0.2, 0.2, 0.2, 0.2]
Prune local model 14, pr_ratio = [0.6, 0.6, 0.6, 0.6]
Prune local model 13, pr_ratio = [0.5, 0.5, 0.5, 0.5]
Prune local model 8, pr_ratio = [0.5, 0.5, 0.5, 0.5]
Prune local model 9, pr_ratio = [0.6, 0.6, 0.6, 0.6]
Prune local model 3, pr_ratio = [0.5, 0.5, 0.5, 0.5]
Prune local model 19, pr_ratio = [0.6, 0.6, 0.6, 0.6]
Prune local model 18, pr_ratio = [0.5, 0.5, 0.5, 0.5]
Prune local model 12, pr_ratio = [0.4, 0.4, 0.4, 0.4]
Prune local model 10, pr_ratio = [0, 0, 0, 0]
Prune local model 16, pr_ratio = [0.2, 0.2, 0.2, 0.2]
Prune local model 17, pr_ratio = [0.4, 0.4, 0.4, 0.4]
Prune local model 1, pr_ratio = [0.2, 0.2, 0.2, 0.2]
Round 82 – LOCAL TPR pre-agg per client: ['0.333', '0.333', '0.583', '0.805', '0.597', '0.597', '0.597', '0.805', '0.333', '0.805', '0.333', '0.805', '0.583', '0.583', '0.333', '0.583', '0.597', '0.805', '0.583', '0.333']
Round 82 – TPR per Domain: 0:0.333, 1:0.333, 2:0.583, 3:0.805, 4:0.597, 5:0.597, 6:0.597, 7:0.805, 8:0.333, 9:0.805, 10:0.333, 11:0.805, 12:0.583, 13:0.583, 14:0.333, 15:0.583, 16:0.597, 17:0.805, 18:0.583, 19:0.333
Round: 82 Method: dapperfl Mean_Acc: 60.095 Best_Acc: 64.293
Domain_Acc: [62.95, 80.53, 56.9, 40.0] Domain_BestAcc: [67.41, 82.11, 56.9, 56.67]
Prune local model 4, pr_ratio = [0.6, 0.6, 0.6, 0.6]
Prune local model 5, pr_ratio = [0, 0, 0, 0]
Prune local model 7, pr_ratio = [0.4, 0.4, 0.4, 0.4]
Prune local model 14, pr_ratio = [0.6, 0.6, 0.6, 0.6]
Prune local model 3, pr_ratio = [0.5, 0.5, 0.5, 0.5]
Prune local model 9, pr_ratio = [0.6, 0.6, 0.6, 0.6]
Prune local model 16, pr_ratio = [0.2, 0.2, 0.2, 0.2]
Prune local model 2, pr_ratio = [0.4, 0.4, 0.4, 0.4]
Prune local model 0, pr_ratio = [0, 0, 0, 0]
Prune local model 1, pr_ratio = [0.2, 0.2, 0.2, 0.2]
Prune local model 10, pr_ratio = [0, 0, 0, 0]
Prune local model 12, pr_ratio = [0.4, 0.4, 0.4, 0.4]
Prune local model 8, pr_ratio = [0.5, 0.5, 0.5, 0.5]
Prune local model 19, pr_ratio = [0.6, 0.6, 0.6, 0.6]
Prune local model 18, pr_ratio = [0.5, 0.5, 0.5, 0.5]
Prune local model 6, pr_ratio = [0.2, 0.2, 0.2, 0.2]
Prune local model 17, pr_ratio = [0.4, 0.4, 0.4, 0.4]
Prune local model 15, pr_ratio = [0, 0, 0, 0]
Prune local model 11, pr_ratio = [0.2, 0.2, 0.2, 0.2]
Prune local model 13, pr_ratio = [0.5, 0.5, 0.5, 0.5]
Round 83 – LOCAL TPR pre-agg per client: ['0.325', '0.325', '0.487', '0.795', '0.579', '0.579', '0.579', '0.795', '0.325', '0.795', '0.325', '0.795', '0.487', '0.487', '0.325', '0.487', '0.579', '0.795', '0.487', '0.325']
Round 83 – TPR per Domain: 0:0.325, 1:0.325, 2:0.487, 3:0.795, 4:0.579, 5:0.579, 6:0.579, 7:0.795, 8:0.325, 9:0.795, 10:0.325, 11:0.795, 12:0.487, 13:0.487, 14:0.325, 15:0.487, 16:0.579, 17:0.795, 18:0.487, 19:0.325
Round: 83 Method: dapperfl Mean_Acc: 57.018 Best_Acc: 64.293
Domain_Acc: [62.05, 79.47, 46.55, 40.0] Domain_BestAcc: [67.41, 82.11, 56.9, 56.67]
Prune local model 18, pr_ratio = [0.5, 0.5, 0.5, 0.5]
Prune local model 9, pr_ratio = [0.6, 0.6, 0.6, 0.6]
Prune local model 2, pr_ratio = [0.4, 0.4, 0.4, 0.4]
Prune local model 10, pr_ratio = [0, 0, 0, 0]
Prune local model 6, pr_ratio = [0.2, 0.2, 0.2, 0.2]
Prune local model 14, pr_ratio = [0.6, 0.6, 0.6, 0.6]
Prune local model 8, pr_ratio = [0.5, 0.5, 0.5, 0.5]
Prune local model 5, pr_ratio = [0, 0, 0, 0]
Prune local model 12, pr_ratio = [0.4, 0.4, 0.4, 0.4]
Prune local model 19, pr_ratio = [0.6, 0.6, 0.6, 0.6]
Prune local model 4, pr_ratio = [0.6, 0.6, 0.6, 0.6]
Prune local model 0, pr_ratio = [0, 0, 0, 0]
Prune local model 7, pr_ratio = [0.4, 0.4, 0.4, 0.4]
Prune local model 17, pr_ratio = [0.4, 0.4, 0.4, 0.4]
Prune local model 1, pr_ratio = [0.2, 0.2, 0.2, 0.2]
Prune local model 11, pr_ratio = [0.2, 0.2, 0.2, 0.2]
Prune local model 16, pr_ratio = [0.2, 0.2, 0.2, 0.2]
Prune local model 15, pr_ratio = [0, 0, 0, 0]
Prune local model 13, pr_ratio = [0.5, 0.5, 0.5, 0.5]
Prune local model 3, pr_ratio = [0.5, 0.5, 0.5, 0.5]
Round 84 – LOCAL TPR pre-agg per client: ['0.342', '0.342', '0.496', '0.798', '0.593', '0.593', '0.593', '0.798', '0.342', '0.798', '0.342', '0.798', '0.496', '0.496', '0.342', '0.496', '0.593', '0.798', '0.496', '0.342']
Round 84 – TPR per Domain: 0:0.342, 1:0.342, 2:0.496, 3:0.798, 4:0.593, 5:0.593, 6:0.593, 7:0.798, 8:0.342, 9:0.798, 10:0.342, 11:0.798, 12:0.496, 13:0.496, 14:0.342, 15:0.496, 16:0.593, 17:0.798, 18:0.496, 19:0.342
Round: 84 Method: dapperfl Mean_Acc: 57.982 Best_Acc: 64.293
Domain_Acc: [62.05, 80.0, 46.55, 43.33] Domain_BestAcc: [67.41, 82.11, 56.9, 56.67]
Prune local model 19, pr_ratio = [0.6, 0.6, 0.6, 0.6]
Prune local model 10, pr_ratio = [0, 0, 0, 0]
Prune local model 18, pr_ratio = [0.5, 0.5, 0.5, 0.5]
Prune local model 14, pr_ratio = [0.6, 0.6, 0.6, 0.6]
Prune local model 7, pr_ratio = [0.4, 0.4, 0.4, 0.4]
Prune local model 5, pr_ratio = [0, 0, 0, 0]
Prune local model 3, pr_ratio = [0.5, 0.5, 0.5, 0.5]
Prune local model 0, pr_ratio = [0, 0, 0, 0]
Prune local model 11, pr_ratio = [0.2, 0.2, 0.2, 0.2]
Prune local model 16, pr_ratio = [0.2, 0.2, 0.2, 0.2]
Prune local model 12, pr_ratio = [0.4, 0.4, 0.4, 0.4]
Prune local model 13, pr_ratio = [0.5, 0.5, 0.5, 0.5]
Prune local model 1, pr_ratio = [0.2, 0.2, 0.2, 0.2]
Prune local model 9, pr_ratio = [0.6, 0.6, 0.6, 0.6]
Prune local model 6, pr_ratio = [0.2, 0.2, 0.2, 0.2]
Prune local model 8, pr_ratio = [0.5, 0.5, 0.5, 0.5]
Prune local model 2, pr_ratio = [0.4, 0.4, 0.4, 0.4]
Prune local model 15, pr_ratio = [0, 0, 0, 0]
Prune local model 17, pr_ratio = [0.4, 0.4, 0.4, 0.4]
Prune local model 4, pr_ratio = [0.6, 0.6, 0.6, 0.6]
Round 85 – LOCAL TPR pre-agg per client: ['0.417', '0.417', '0.592', '0.824', '0.626', '0.626', '0.626', '0.824', '0.417', '0.824', '0.417', '0.824', '0.592', '0.592', '0.417', '0.592', '0.626', '0.824', '0.592', '0.417']
Round 85 – TPR per Domain: 0:0.417, 1:0.417, 2:0.592, 3:0.824, 4:0.626, 5:0.626, 6:0.626, 7:0.824, 8:0.417, 9:0.824, 10:0.417, 11:0.824, 12:0.592, 13:0.592, 14:0.417, 15:0.592, 16:0.626, 17:0.824, 18:0.592, 19:0.417
Round: 85 Method: dapperfl Mean_Acc: 63.788 Best_Acc: 64.293
Domain_Acc: [65.62, 82.63, 56.9, 50.0] Domain_BestAcc: [67.41, 82.63, 56.9, 56.67]
Prune local model 10, pr_ratio = [0, 0, 0, 0]
Prune local model 9, pr_ratio = [0.6, 0.6, 0.6, 0.6]
Prune local model 7, pr_ratio = [0.4, 0.4, 0.4, 0.4]
Prune local model 18, pr_ratio = [0.5, 0.5, 0.5, 0.5]
Prune local model 19, pr_ratio = [0.6, 0.6, 0.6, 0.6]
Prune local model 16, pr_ratio = [0.2, 0.2, 0.2, 0.2]
Prune local model 0, pr_ratio = [0, 0, 0, 0]
Prune local model 14, pr_ratio = [0.6, 0.6, 0.6, 0.6]
Prune local model 3, pr_ratio = [0.5, 0.5, 0.5, 0.5]
Prune local model 6, pr_ratio = [0.2, 0.2, 0.2, 0.2]
Prune local model 15, pr_ratio = [0, 0, 0, 0]
Prune local model 11, pr_ratio = [0.2, 0.2, 0.2, 0.2]
Prune local model 5, pr_ratio = [0, 0, 0, 0]
Prune local model 1, pr_ratio = [0.2, 0.2, 0.2, 0.2]
Prune local model 2, pr_ratio = [0.4, 0.4, 0.4, 0.4]
Prune local model 8, pr_ratio = [0.5, 0.5, 0.5, 0.5]
Prune local model 13, pr_ratio = [0.5, 0.5, 0.5, 0.5]
Prune local model 17, pr_ratio = [0.4, 0.4, 0.4, 0.4]
Prune local model 12, pr_ratio = [0.4, 0.4, 0.4, 0.4]
Prune local model 4, pr_ratio = [0.6, 0.6, 0.6, 0.6]
Round 86 – LOCAL TPR pre-agg per client: ['0.350', '0.350', '0.483', '0.789', '0.585', '0.585', '0.585', '0.789', '0.350', '0.789', '0.350', '0.789', '0.483', '0.483', '0.350', '0.483', '0.585', '0.789', '0.483', '0.350']
Round 86 – TPR per Domain: 0:0.350, 1:0.350, 2:0.483, 3:0.789, 4:0.585, 5:0.585, 6:0.585, 7:0.789, 8:0.350, 9:0.789, 10:0.350, 11:0.789, 12:0.483, 13:0.483, 14:0.350, 15:0.483, 16:0.585, 17:0.789, 18:0.483, 19:0.350
Round: 86 Method: dapperfl Mean_Acc: 56.57 Best_Acc: 64.293
Domain_Acc: [62.5, 78.95, 44.83, 40.0] Domain_BestAcc: [67.41, 82.63, 56.9, 56.67]
Prune local model 16, pr_ratio = [0.2, 0.2, 0.2, 0.2]
Prune local model 7, pr_ratio = [0.4, 0.4, 0.4, 0.4]
Prune local model 11, pr_ratio = [0.2, 0.2, 0.2, 0.2]
Prune local model 6, pr_ratio = [0.2, 0.2, 0.2, 0.2]
Prune local model 14, pr_ratio = [0.6, 0.6, 0.6, 0.6]
Prune local model 17, pr_ratio = [0.4, 0.4, 0.4, 0.4]
Prune local model 3, pr_ratio = [0.5, 0.5, 0.5, 0.5]
Prune local model 0, pr_ratio = [0, 0, 0, 0]
Prune local model 2, pr_ratio = [0.4, 0.4, 0.4, 0.4]
Prune local model 12, pr_ratio = [0.4, 0.4, 0.4, 0.4]
Prune local model 18, pr_ratio = [0.5, 0.5, 0.5, 0.5]
Prune local model 4, pr_ratio = [0.6, 0.6, 0.6, 0.6]
Prune local model 5, pr_ratio = [0, 0, 0, 0]
Prune local model 19, pr_ratio = [0.6, 0.6, 0.6, 0.6]
Prune local model 8, pr_ratio = [0.5, 0.5, 0.5, 0.5]
Prune local model 15, pr_ratio = [0, 0, 0, 0]
Prune local model 9, pr_ratio = [0.6, 0.6, 0.6, 0.6]
Prune local model 10, pr_ratio = [0, 0, 0, 0]
Prune local model 13, pr_ratio = [0.5, 0.5, 0.5, 0.5]
Prune local model 1, pr_ratio = [0.2, 0.2, 0.2, 0.2]
Round 87 – LOCAL TPR pre-agg per client: ['0.525', '0.525', '0.546', '0.820', '0.604', '0.604', '0.604', '0.820', '0.525', '0.820', '0.525', '0.820', '0.546', '0.546', '0.525', '0.546', '0.604', '0.820', '0.546', '0.525']
Round 87 – TPR per Domain: 0:0.525, 1:0.525, 2:0.546, 3:0.820, 4:0.604, 5:0.604, 6:0.604, 7:0.820, 8:0.525, 9:0.820, 10:0.525, 11:0.820, 12:0.546, 13:0.546, 14:0.525, 15:0.546, 16:0.604, 17:0.820, 18:0.546, 19:0.525
Round: 87 Method: dapperfl Mean_Acc: 62.638 Best_Acc: 64.293
Domain_Acc: [63.39, 82.11, 51.72, 53.33] Domain_BestAcc: [67.41, 82.63, 56.9, 56.67]
Prune local model 5, pr_ratio = [0, 0, 0, 0]
Prune local model 14, pr_ratio = [0.6, 0.6, 0.6, 0.6]
Prune local model 10, pr_ratio = [0, 0, 0, 0]
Prune local model 1, pr_ratio = [0.2, 0.2, 0.2, 0.2]
Prune local model 17, pr_ratio = [0.4, 0.4, 0.4, 0.4]
Prune local model 8, pr_ratio = [0.5, 0.5, 0.5, 0.5]
Prune local model 13, pr_ratio = [0.5, 0.5, 0.5, 0.5]
Prune local model 16, pr_ratio = [0.2, 0.2, 0.2, 0.2]
Prune local model 7, pr_ratio = [0.4, 0.4, 0.4, 0.4]
Prune local model 3, pr_ratio = [0.5, 0.5, 0.5, 0.5]
Prune local model 4, pr_ratio = [0.6, 0.6, 0.6, 0.6]
Prune local model 0, pr_ratio = [0, 0, 0, 0]
Prune local model 2, pr_ratio = [0.4, 0.4, 0.4, 0.4]
Prune local model 15, pr_ratio = [0, 0, 0, 0]
Prune local model 9, pr_ratio = [0.6, 0.6, 0.6, 0.6]
Prune local model 11, pr_ratio = [0.2, 0.2, 0.2, 0.2]
Prune local model 18, pr_ratio = [0.5, 0.5, 0.5, 0.5]
Prune local model 12, pr_ratio = [0.4, 0.4, 0.4, 0.4]
Prune local model 19, pr_ratio = [0.6, 0.6, 0.6, 0.6]
Prune local model 6, pr_ratio = [0.2, 0.2, 0.2, 0.2]
Round 88 – LOCAL TPR pre-agg per client: ['0.450', '0.450', '0.608', '0.774', '0.612', '0.612', '0.612', '0.774', '0.450', '0.774', '0.450', '0.774', '0.608', '0.608', '0.450', '0.608', '0.612', '0.774', '0.608', '0.450']
Round 88 – TPR per Domain: 0:0.450, 1:0.450, 2:0.608, 3:0.774, 4:0.612, 5:0.612, 6:0.612, 7:0.774, 8:0.450, 9:0.774, 10:0.450, 11:0.774, 12:0.608, 13:0.608, 14:0.450, 15:0.608, 16:0.612, 17:0.774, 18:0.608, 19:0.450
Round: 88 Method: dapperfl Mean_Acc: 62.458 Best_Acc: 64.293
Domain_Acc: [63.84, 77.37, 58.62, 50.0] Domain_BestAcc: [67.41, 82.63, 58.62, 56.67]
Prune local model 6, pr_ratio = [0.2, 0.2, 0.2, 0.2]
Prune local model 17, pr_ratio = [0.4, 0.4, 0.4, 0.4]
Prune local model 15, pr_ratio = [0, 0, 0, 0]
Prune local model 8, pr_ratio = [0.5, 0.5, 0.5, 0.5]
Prune local model 0, pr_ratio = [0, 0, 0, 0]
Prune local model 18, pr_ratio = [0.5, 0.5, 0.5, 0.5]
Prune local model 10, pr_ratio = [0, 0, 0, 0]
Prune local model 2, pr_ratio = [0.4, 0.4, 0.4, 0.4]
Prune local model 5, pr_ratio = [0, 0, 0, 0]
Prune local model 3, pr_ratio = [0.5, 0.5, 0.5, 0.5]
Prune local model 7, pr_ratio = [0.4, 0.4, 0.4, 0.4]
Prune local model 16, pr_ratio = [0.2, 0.2, 0.2, 0.2]
Prune local model 9, pr_ratio = [0.6, 0.6, 0.6, 0.6]
Prune local model 19, pr_ratio = [0.6, 0.6, 0.6, 0.6]
Prune local model 13, pr_ratio = [0.5, 0.5, 0.5, 0.5]
Prune local model 1, pr_ratio = [0.2, 0.2, 0.2, 0.2]
Prune local model 14, pr_ratio = [0.6, 0.6, 0.6, 0.6]
Prune local model 11, pr_ratio = [0.2, 0.2, 0.2, 0.2]
Prune local model 4, pr_ratio = [0.6, 0.6, 0.6, 0.6]
Prune local model 12, pr_ratio = [0.4, 0.4, 0.4, 0.4]
Round 89 – LOCAL TPR pre-agg per client: ['0.467', '0.467', '0.483', '0.835', '0.630', '0.630', '0.630', '0.835', '0.467', '0.835', '0.467', '0.835', '0.483', '0.483', '0.467', '0.483', '0.630', '0.835', '0.483', '0.467']
Round 89 – TPR per Domain: 0:0.467, 1:0.467, 2:0.483, 3:0.835, 4:0.630, 5:0.630, 6:0.630, 7:0.835, 8:0.467, 9:0.835, 10:0.467, 11:0.835, 12:0.483, 13:0.483, 14:0.467, 15:0.483, 16:0.630, 17:0.835, 18:0.483, 19:0.467
Round: 89 Method: dapperfl Mean_Acc: 61.032 Best_Acc: 64.293
Domain_Acc: [65.62, 83.68, 44.83, 50.0] Domain_BestAcc: [67.41, 83.68, 58.62, 56.67]
Prune local model 15, pr_ratio = [0, 0, 0, 0]
Prune local model 2, pr_ratio = [0.4, 0.4, 0.4, 0.4]
Prune local model 4, pr_ratio = [0.6, 0.6, 0.6, 0.6]
Prune local model 5, pr_ratio = [0, 0, 0, 0]
Prune local model 19, pr_ratio = [0.6, 0.6, 0.6, 0.6]
Prune local model 3, pr_ratio = [0.5, 0.5, 0.5, 0.5]
Prune local model 10, pr_ratio = [0, 0, 0, 0]
Prune local model 6, pr_ratio = [0.2, 0.2, 0.2, 0.2]
Prune local model 13, pr_ratio = [0.5, 0.5, 0.5, 0.5]
Prune local model 14, pr_ratio = [0.6, 0.6, 0.6, 0.6]
Prune local model 7, pr_ratio = [0.4, 0.4, 0.4, 0.4]
Prune local model 11, pr_ratio = [0.2, 0.2, 0.2, 0.2]
Prune local model 18, pr_ratio = [0.5, 0.5, 0.5, 0.5]
Prune local model 17, pr_ratio = [0.4, 0.4, 0.4, 0.4]
Prune local model 1, pr_ratio = [0.2, 0.2, 0.2, 0.2]
Prune local model 0, pr_ratio = [0, 0, 0, 0]
Prune local model 8, pr_ratio = [0.5, 0.5, 0.5, 0.5]
Prune local model 16, pr_ratio = [0.2, 0.2, 0.2, 0.2]
Prune local model 12, pr_ratio = [0.4, 0.4, 0.4, 0.4]
Prune local model 9, pr_ratio = [0.6, 0.6, 0.6, 0.6]
Round 90 – LOCAL TPR pre-agg per client: ['0.417', '0.417', '0.529', '0.800', '0.625', '0.625', '0.625', '0.800', '0.417', '0.800', '0.417', '0.800', '0.529', '0.529', '0.417', '0.529', '0.625', '0.800', '0.529', '0.417']
Round 90 – TPR per Domain: 0:0.417, 1:0.417, 2:0.529, 3:0.800, 4:0.625, 5:0.625, 6:0.625, 7:0.800, 8:0.417, 9:0.800, 10:0.417, 11:0.800, 12:0.529, 13:0.529, 14:0.417, 15:0.529, 16:0.625, 17:0.800, 18:0.529, 19:0.417
Round: 90 Method: dapperfl Mean_Acc: 60.558 Best_Acc: 64.293
Domain_Acc: [63.84, 80.0, 51.72, 46.67] Domain_BestAcc: [67.41, 83.68, 58.62, 56.67]
Prune local model 1, pr_ratio = [0.2, 0.2, 0.2, 0.2]
Prune local model 0, pr_ratio = [0, 0, 0, 0]
Prune local model 6, pr_ratio = [0.2, 0.2, 0.2, 0.2]
Prune local model 4, pr_ratio = [0.6, 0.6, 0.6, 0.6]
Prune local model 17, pr_ratio = [0.4, 0.4, 0.4, 0.4]
Prune local model 15, pr_ratio = [0, 0, 0, 0]
Prune local model 2, pr_ratio = [0.4, 0.4, 0.4, 0.4]
Prune local model 19, pr_ratio = [0.6, 0.6, 0.6, 0.6]
Prune local model 18, pr_ratio = [0.5, 0.5, 0.5, 0.5]
Prune local model 13, pr_ratio = [0.5, 0.5, 0.5, 0.5]
Prune local model 9, pr_ratio = [0.6, 0.6, 0.6, 0.6]
Prune local model 5, pr_ratio = [0, 0, 0, 0]
Prune local model 16, pr_ratio = [0.2, 0.2, 0.2, 0.2]
Prune local model 14, pr_ratio = [0.6, 0.6, 0.6, 0.6]
Prune local model 3, pr_ratio = [0.5, 0.5, 0.5, 0.5]
Prune local model 10, pr_ratio = [0, 0, 0, 0]
Prune local model 11, pr_ratio = [0.2, 0.2, 0.2, 0.2]
Prune local model 7, pr_ratio = [0.4, 0.4, 0.4, 0.4]
Prune local model 12, pr_ratio = [0.4, 0.4, 0.4, 0.4]
Prune local model 8, pr_ratio = [0.5, 0.5, 0.5, 0.5]
Round 91 – LOCAL TPR pre-agg per client: ['0.467', '0.467', '0.554', '0.780', '0.561', '0.561', '0.561', '0.780', '0.467', '0.780', '0.467', '0.780', '0.554', '0.554', '0.467', '0.554', '0.561', '0.780', '0.554', '0.467']
Round 91 – TPR per Domain: 0:0.467, 1:0.467, 2:0.554, 3:0.780, 4:0.561, 5:0.561, 6:0.561, 7:0.780, 8:0.467, 9:0.780, 10:0.467, 11:0.780, 12:0.554, 13:0.554, 14:0.467, 15:0.554, 16:0.561, 17:0.780, 18:0.554, 19:0.467
Round: 91 Method: dapperfl Mean_Acc: 61.122 Best_Acc: 64.293
Domain_Acc: [59.82, 77.89, 53.45, 53.33] Domain_BestAcc: [67.41, 83.68, 58.62, 56.67]
Prune local model 1, pr_ratio = [0.2, 0.2, 0.2, 0.2]
Prune local model 15, pr_ratio = [0, 0, 0, 0]
Prune local model 0, pr_ratio = [0, 0, 0, 0]
Prune local model 8, pr_ratio = [0.5, 0.5, 0.5, 0.5]
Prune local model 7, pr_ratio = [0.4, 0.4, 0.4, 0.4]
Prune local model 18, pr_ratio = [0.5, 0.5, 0.5, 0.5]
Prune local model 2, pr_ratio = [0.4, 0.4, 0.4, 0.4]
Prune local model 6, pr_ratio = [0.2, 0.2, 0.2, 0.2]
Prune local model 16, pr_ratio = [0.2, 0.2, 0.2, 0.2]
Prune local model 19, pr_ratio = [0.6, 0.6, 0.6, 0.6]
Prune local model 4, pr_ratio = [0.6, 0.6, 0.6, 0.6]
Prune local model 12, pr_ratio = [0.4, 0.4, 0.4, 0.4]
Prune local model 17, pr_ratio = [0.4, 0.4, 0.4, 0.4]
Prune local model 5, pr_ratio = [0, 0, 0, 0]
Prune local model 10, pr_ratio = [0, 0, 0, 0]
Prune local model 9, pr_ratio = [0.6, 0.6, 0.6, 0.6]
Prune local model 11, pr_ratio = [0.2, 0.2, 0.2, 0.2]
Prune local model 3, pr_ratio = [0.5, 0.5, 0.5, 0.5]
Prune local model 14, pr_ratio = [0.6, 0.6, 0.6, 0.6]
Prune local model 13, pr_ratio = [0.5, 0.5, 0.5, 0.5]
Round 92 – LOCAL TPR pre-agg per client: ['0.417', '0.417', '0.496', '0.820', '0.626', '0.626', '0.626', '0.820', '0.417', '0.820', '0.417', '0.820', '0.496', '0.496', '0.417', '0.496', '0.626', '0.820', '0.496', '0.417']
Round 92 – TPR per Domain: 0:0.417, 1:0.417, 2:0.496, 3:0.820, 4:0.626, 5:0.626, 6:0.626, 7:0.820, 8:0.417, 9:0.820, 10:0.417, 11:0.820, 12:0.496, 13:0.496, 14:0.417, 15:0.496, 16:0.626, 17:0.820, 18:0.496, 19:0.417
Round: 92 Method: dapperfl Mean_Acc: 60.128 Best_Acc: 64.293
Domain_Acc: [65.18, 82.11, 46.55, 46.67] Domain_BestAcc: [67.41, 83.68, 58.62, 56.67]
Prune local model 11, pr_ratio = [0.2, 0.2, 0.2, 0.2]
Prune local model 4, pr_ratio = [0.6, 0.6, 0.6, 0.6]
Prune local model 5, pr_ratio = [0, 0, 0, 0]
Prune local model 3, pr_ratio = [0.5, 0.5, 0.5, 0.5]
Prune local model 12, pr_ratio = [0.4, 0.4, 0.4, 0.4]
Prune local model 15, pr_ratio = [0, 0, 0, 0]
Prune local model 10, pr_ratio = [0, 0, 0, 0]
Prune local model 1, pr_ratio = [0.2, 0.2, 0.2, 0.2]
Prune local model 18, pr_ratio = [0.5, 0.5, 0.5, 0.5]
Prune local model 14, pr_ratio = [0.6, 0.6, 0.6, 0.6]
Prune local model 13, pr_ratio = [0.5, 0.5, 0.5, 0.5]
Prune local model 9, pr_ratio = [0.6, 0.6, 0.6, 0.6]
Prune local model 16, pr_ratio = [0.2, 0.2, 0.2, 0.2]
Prune local model 7, pr_ratio = [0.4, 0.4, 0.4, 0.4]
Prune local model 19, pr_ratio = [0.6, 0.6, 0.6, 0.6]
Prune local model 8, pr_ratio = [0.5, 0.5, 0.5, 0.5]
Prune local model 6, pr_ratio = [0.2, 0.2, 0.2, 0.2]
Prune local model 17, pr_ratio = [0.4, 0.4, 0.4, 0.4]
Prune local model 0, pr_ratio = [0, 0, 0, 0]
Prune local model 2, pr_ratio = [0.4, 0.4, 0.4, 0.4]
Round 93 – LOCAL TPR pre-agg per client: ['0.308', '0.308', '0.575', '0.815', '0.597', '0.597', '0.597', '0.815', '0.308', '0.815', '0.308', '0.815', '0.575', '0.575', '0.308', '0.575', '0.597', '0.815', '0.575', '0.308']
Round 93 – TPR per Domain: 0:0.308, 1:0.308, 2:0.575, 3:0.815, 4:0.597, 5:0.597, 6:0.597, 7:0.815, 8:0.308, 9:0.815, 10:0.308, 11:0.815, 12:0.575, 13:0.575, 14:0.308, 15:0.575, 16:0.597, 17:0.815, 18:0.575, 19:0.308
Round: 93 Method: dapperfl Mean_Acc: 59.315 Best_Acc: 64.293
Domain_Acc: [63.84, 81.58, 55.17, 36.67] Domain_BestAcc: [67.41, 83.68, 58.62, 56.67]
Prune local model 16, pr_ratio = [0.2, 0.2, 0.2, 0.2]
Prune local model 13, pr_ratio = [0.5, 0.5, 0.5, 0.5]
Prune local model 8, pr_ratio = [0.5, 0.5, 0.5, 0.5]
Prune local model 17, pr_ratio = [0.4, 0.4, 0.4, 0.4]
Prune local model 18, pr_ratio = [0.5, 0.5, 0.5, 0.5]
Prune local model 9, pr_ratio = [0.6, 0.6, 0.6, 0.6]
Prune local model 4, pr_ratio = [0.6, 0.6, 0.6, 0.6]
Prune local model 1, pr_ratio = [0.2, 0.2, 0.2, 0.2]
Prune local model 0, pr_ratio = [0, 0, 0, 0]
Prune local model 15, pr_ratio = [0, 0, 0, 0]
Prune local model 7, pr_ratio = [0.4, 0.4, 0.4, 0.4]
Prune local model 3, pr_ratio = [0.5, 0.5, 0.5, 0.5]
Prune local model 14, pr_ratio = [0.6, 0.6, 0.6, 0.6]
Prune local model 12, pr_ratio = [0.4, 0.4, 0.4, 0.4]
Prune local model 6, pr_ratio = [0.2, 0.2, 0.2, 0.2]
Prune local model 11, pr_ratio = [0.2, 0.2, 0.2, 0.2]
Prune local model 10, pr_ratio = [0, 0, 0, 0]
Prune local model 5, pr_ratio = [0, 0, 0, 0]
Prune local model 19, pr_ratio = [0.6, 0.6, 0.6, 0.6]
Prune local model 2, pr_ratio = [0.4, 0.4, 0.4, 0.4]
Round 94 – LOCAL TPR pre-agg per client: ['0.367', '0.367', '0.542', '0.831', '0.624', '0.624', '0.624', '0.831', '0.367', '0.831', '0.367', '0.831', '0.542', '0.542', '0.367', '0.542', '0.624', '0.831', '0.542', '0.367']
Round 94 – TPR per Domain: 0:0.367, 1:0.367, 2:0.542, 3:0.831, 4:0.624, 5:0.624, 6:0.624, 7:0.831, 8:0.367, 9:0.831, 10:0.367, 11:0.831, 12:0.542, 13:0.542, 14:0.367, 15:0.542, 16:0.624, 17:0.831, 18:0.542, 19:0.367
Round: 94 Method: dapperfl Mean_Acc: 60.418 Best_Acc: 64.293
Domain_Acc: [65.18, 83.16, 50.0, 43.33] Domain_BestAcc: [67.41, 83.68, 58.62, 56.67]
Prune local model 6, pr_ratio = [0.2, 0.2, 0.2, 0.2]
Prune local model 7, pr_ratio = [0.4, 0.4, 0.4, 0.4]
Prune local model 0, pr_ratio = [0, 0, 0, 0]
Prune local model 8, pr_ratio = [0.5, 0.5, 0.5, 0.5]
Prune local model 1, pr_ratio = [0.2, 0.2, 0.2, 0.2]
Prune local model 14, pr_ratio = [0.6, 0.6, 0.6, 0.6]
Prune local model 2, pr_ratio = [0.4, 0.4, 0.4, 0.4]
Prune local model 10, pr_ratio = [0, 0, 0, 0]
Prune local model 12, pr_ratio = [0.4, 0.4, 0.4, 0.4]
Prune local model 9, pr_ratio = [0.6, 0.6, 0.6, 0.6]
Prune local model 4, pr_ratio = [0.6, 0.6, 0.6, 0.6]
Prune local model 15, pr_ratio = [0, 0, 0, 0]
Prune local model 16, pr_ratio = [0.2, 0.2, 0.2, 0.2]
Prune local model 13, pr_ratio = [0.5, 0.5, 0.5, 0.5]
Prune local model 17, pr_ratio = [0.4, 0.4, 0.4, 0.4]
Prune local model 11, pr_ratio = [0.2, 0.2, 0.2, 0.2]
Prune local model 19, pr_ratio = [0.6, 0.6, 0.6, 0.6]
Prune local model 3, pr_ratio = [0.5, 0.5, 0.5, 0.5]
Prune local model 5, pr_ratio = [0, 0, 0, 0]
Prune local model 18, pr_ratio = [0.5, 0.5, 0.5, 0.5]
Round 95 – LOCAL TPR pre-agg per client: ['0.467', '0.467', '0.512', '0.813', '0.654', '0.654', '0.654', '0.813', '0.467', '0.813', '0.467', '0.813', '0.512', '0.512', '0.467', '0.512', '0.654', '0.813', '0.512', '0.467']
Round 95 – TPR per Domain: 0:0.467, 1:0.467, 2:0.512, 3:0.813, 4:0.654, 5:0.654, 6:0.654, 7:0.813, 8:0.467, 9:0.813, 10:0.467, 11:0.813, 12:0.512, 13:0.512, 14:0.467, 15:0.512, 16:0.654, 17:0.813, 18:0.512, 19:0.467
Round: 95 Method: dapperfl Mean_Acc: 61.818 Best_Acc: 64.293
Domain_Acc: [67.41, 81.58, 48.28, 50.0] Domain_BestAcc: [67.41, 83.68, 58.62, 56.67]
Prune local model 14, pr_ratio = [0.6, 0.6, 0.6, 0.6]
Prune local model 16, pr_ratio = [0.2, 0.2, 0.2, 0.2]
Prune local model 13, pr_ratio = [0.5, 0.5, 0.5, 0.5]
Prune local model 6, pr_ratio = [0.2, 0.2, 0.2, 0.2]
Prune local model 11, pr_ratio = [0.2, 0.2, 0.2, 0.2]
Prune local model 4, pr_ratio = [0.6, 0.6, 0.6, 0.6]
Prune local model 2, pr_ratio = [0.4, 0.4, 0.4, 0.4]
Prune local model 3, pr_ratio = [0.5, 0.5, 0.5, 0.5]
Prune local model 8, pr_ratio = [0.5, 0.5, 0.5, 0.5]
Prune local model 0, pr_ratio = [0, 0, 0, 0]
Prune local model 10, pr_ratio = [0, 0, 0, 0]
Prune local model 1, pr_ratio = [0.2, 0.2, 0.2, 0.2]
Prune local model 18, pr_ratio = [0.5, 0.5, 0.5, 0.5]
Prune local model 5, pr_ratio = [0, 0, 0, 0]
Prune local model 19, pr_ratio = [0.6, 0.6, 0.6, 0.6]
Prune local model 17, pr_ratio = [0.4, 0.4, 0.4, 0.4]
Prune local model 12, pr_ratio = [0.4, 0.4, 0.4, 0.4]
Prune local model 15, pr_ratio = [0, 0, 0, 0]
Prune local model 7, pr_ratio = [0.4, 0.4, 0.4, 0.4]
Prune local model 9, pr_ratio = [0.6, 0.6, 0.6, 0.6]
Round 96 – LOCAL TPR pre-agg per client: ['0.392', '0.392', '0.467', '0.804', '0.594', '0.594', '0.594', '0.804', '0.392', '0.804', '0.392', '0.804', '0.467', '0.467', '0.392', '0.467', '0.594', '0.804', '0.467', '0.392']
Round 96 – TPR per Domain: 0:0.392, 1:0.392, 2:0.467, 3:0.804, 4:0.594, 5:0.594, 6:0.594, 7:0.804, 8:0.392, 9:0.804, 10:0.392, 11:0.804, 12:0.467, 13:0.467, 14:0.392, 15:0.467, 16:0.594, 17:0.804, 18:0.467, 19:0.392
Round: 96 Method: dapperfl Mean_Acc: 58.52 Best_Acc: 64.293
Domain_Acc: [62.05, 80.53, 44.83, 46.67] Domain_BestAcc: [67.41, 83.68, 58.62, 56.67]
Prune local model 14, pr_ratio = [0.6, 0.6, 0.6, 0.6]
Prune local model 17, pr_ratio = [0.4, 0.4, 0.4, 0.4]
Prune local model 4, pr_ratio = [0.6, 0.6, 0.6, 0.6]
Prune local model 15, pr_ratio = [0, 0, 0, 0]
Prune local model 13, pr_ratio = [0.5, 0.5, 0.5, 0.5]
Prune local model 0, pr_ratio = [0, 0, 0, 0]
Prune local model 7, pr_ratio = [0.4, 0.4, 0.4, 0.4]
Prune local model 2, pr_ratio = [0.4, 0.4, 0.4, 0.4]
Prune local model 16, pr_ratio = [0.2, 0.2, 0.2, 0.2]
Prune local model 5, pr_ratio = [0, 0, 0, 0]
Prune local model 8, pr_ratio = [0.5, 0.5, 0.5, 0.5]
Prune local model 3, pr_ratio = [0.5, 0.5, 0.5, 0.5]
Prune local model 12, pr_ratio = [0.4, 0.4, 0.4, 0.4]
Prune local model 11, pr_ratio = [0.2, 0.2, 0.2, 0.2]
Prune local model 10, pr_ratio = [0, 0, 0, 0]
Prune local model 18, pr_ratio = [0.5, 0.5, 0.5, 0.5]
Prune local model 19, pr_ratio = [0.6, 0.6, 0.6, 0.6]
Prune local model 9, pr_ratio = [0.6, 0.6, 0.6, 0.6]
Prune local model 6, pr_ratio = [0.2, 0.2, 0.2, 0.2]
Prune local model 1, pr_ratio = [0.2, 0.2, 0.2, 0.2]
Round 97 – LOCAL TPR pre-agg per client: ['0.492', '0.492', '0.554', '0.810', '0.622', '0.622', '0.622', '0.810', '0.492', '0.810', '0.492', '0.810', '0.554', '0.554', '0.492', '0.554', '0.622', '0.810', '0.554', '0.492']
Round 97 – TPR per Domain: 0:0.492, 1:0.492, 2:0.554, 3:0.810, 4:0.622, 5:0.622, 6:0.622, 7:0.810, 8:0.492, 9:0.810, 10:0.492, 11:0.810, 12:0.554, 13:0.554, 14:0.492, 15:0.554, 16:0.622, 17:0.810, 18:0.554, 19:0.492
Round: 97 Method: dapperfl Mean_Acc: 63.252 Best_Acc: 64.293
Domain_Acc: [65.18, 81.05, 53.45, 53.33] Domain_BestAcc: [67.41, 83.68, 58.62, 56.67]
Prune local model 1, pr_ratio = [0.2, 0.2, 0.2, 0.2]
Prune local model 19, pr_ratio = [0.6, 0.6, 0.6, 0.6]
Prune local model 18, pr_ratio = [0.5, 0.5, 0.5, 0.5]
Prune local model 16, pr_ratio = [0.2, 0.2, 0.2, 0.2]
Prune local model 10, pr_ratio = [0, 0, 0, 0]
Prune local model 2, pr_ratio = [0.4, 0.4, 0.4, 0.4]
Prune local model 11, pr_ratio = [0.2, 0.2, 0.2, 0.2]
Prune local model 4, pr_ratio = [0.6, 0.6, 0.6, 0.6]
Prune local model 12, pr_ratio = [0.4, 0.4, 0.4, 0.4]
Prune local model 7, pr_ratio = [0.4, 0.4, 0.4, 0.4]
Prune local model 6, pr_ratio = [0.2, 0.2, 0.2, 0.2]
Prune local model 9, pr_ratio = [0.6, 0.6, 0.6, 0.6]
Prune local model 17, pr_ratio = [0.4, 0.4, 0.4, 0.4]
Prune local model 15, pr_ratio = [0, 0, 0, 0]
Prune local model 3, pr_ratio = [0.5, 0.5, 0.5, 0.5]
Prune local model 0, pr_ratio = [0, 0, 0, 0]
Prune local model 13, pr_ratio = [0.5, 0.5, 0.5, 0.5]
Prune local model 14, pr_ratio = [0.6, 0.6, 0.6, 0.6]
Prune local model 8, pr_ratio = [0.5, 0.5, 0.5, 0.5]
Prune local model 5, pr_ratio = [0, 0, 0, 0]
Round 98 – LOCAL TPR pre-agg per client: ['0.442', '0.442', '0.529', '0.830', '0.634', '0.634', '0.634', '0.830', '0.442', '0.830', '0.442', '0.830', '0.529', '0.529', '0.442', '0.529', '0.634', '0.830', '0.529', '0.442']
Round 98 – TPR per Domain: 0:0.442, 1:0.442, 2:0.529, 3:0.830, 4:0.634, 5:0.634, 6:0.634, 7:0.830, 8:0.442, 9:0.830, 10:0.442, 11:0.830, 12:0.529, 13:0.529, 14:0.442, 15:0.529, 16:0.634, 17:0.830, 18:0.529, 19:0.442
Round: 98 Method: dapperfl Mean_Acc: 62.308 Best_Acc: 64.293
Domain_Acc: [66.07, 83.16, 50.0, 50.0] Domain_BestAcc: [67.41, 83.68, 58.62, 56.67]
Prune local model 6, pr_ratio = [0.2, 0.2, 0.2, 0.2]
Prune local model 8, pr_ratio = [0.5, 0.5, 0.5, 0.5]
Prune local model 12, pr_ratio = [0.4, 0.4, 0.4, 0.4]
Prune local model 7, pr_ratio = [0.4, 0.4, 0.4, 0.4]
Prune local model 15, pr_ratio = [0, 0, 0, 0]
Prune local model 19, pr_ratio = [0.6, 0.6, 0.6, 0.6]
Prune local model 5, pr_ratio = [0, 0, 0, 0]
Prune local model 10, pr_ratio = [0, 0, 0, 0]
Prune local model 3, pr_ratio = [0.5, 0.5, 0.5, 0.5]
Prune local model 16, pr_ratio = [0.2, 0.2, 0.2, 0.2]
Prune local model 4, pr_ratio = [0.6, 0.6, 0.6, 0.6]
Prune local model 2, pr_ratio = [0.4, 0.4, 0.4, 0.4]
Prune local model 0, pr_ratio = [0, 0, 0, 0]
Prune local model 14, pr_ratio = [0.6, 0.6, 0.6, 0.6]
Prune local model 11, pr_ratio = [0.2, 0.2, 0.2, 0.2]
Prune local model 1, pr_ratio = [0.2, 0.2, 0.2, 0.2]
Prune local model 18, pr_ratio = [0.5, 0.5, 0.5, 0.5]
Prune local model 13, pr_ratio = [0.5, 0.5, 0.5, 0.5]
Prune local model 17, pr_ratio = [0.4, 0.4, 0.4, 0.4]
Prune local model 9, pr_ratio = [0.6, 0.6, 0.6, 0.6]
Round 99 – LOCAL TPR pre-agg per client: ['0.542', '0.542', '0.525', '0.805', '0.610', '0.610', '0.610', '0.805', '0.542', '0.805', '0.542', '0.805', '0.525', '0.525', '0.542', '0.525', '0.610', '0.805', '0.525', '0.542']
Round 99 – TPR per Domain: 0:0.542, 1:0.542, 2:0.525, 3:0.805, 4:0.610, 5:0.610, 6:0.610, 7:0.805, 8:0.542, 9:0.805, 10:0.542, 11:0.805, 12:0.525, 13:0.525, 14:0.542, 15:0.525, 16:0.610, 17:0.805, 18:0.525, 19:0.542
Round: 99 Method: dapperfl Mean_Acc: 62.872 Best_Acc: 64.293
Domain_Acc: [64.29, 80.53, 50.0, 56.67] Domain_BestAcc: [67.41, 83.68, 58.62, 56.67]
2025-05-25 16:22:01
