Namespace(prefix='', communication_epoch=100, local_epoch=5, parti_num=10, model='dapperfl', dataset='fl_officecaltech', pr_strategy='progressive', backbone='resnet18', alpha=0.9, alpha_min=0.1, epsilon=0.2, reg_coeff=0.01, wandb=0, device_id=0, seed=1234, rand_dataset=1, learning_decay=False, averaing='weight', online_ratio=1, mu=0.1, input_dim=28, noise_var=0.1, csv_log=False, local_lr=0.01, local_batch_size=64, pr_ratios=['0', '0.2', '0.4', '0.6', '0.8'], arch='res18')
2025-05-06 22:50:06
{'dslr': 3, 'webcam': 2, 'amazon': 2, 'caltech': 3}
['dslr', 'dslr', 'webcam', 'amazon', 'caltech', 'caltech', 'caltech', 'amazon', 'webcam', 'dslr']
Prune local model 3, pr_ratio = [0.5, 0.5, 0.5, 0.5]
Prune local model 0, pr_ratio = [0.0, 0.0, 0.0, 0.0]
Prune local model 8, pr_ratio = [0.5, 0.5, 0.5, 0.5]
Prune local model 5, pr_ratio = [0.0, 0.0, 0.0, 0.0]
Prune local model 7, pr_ratio = [0.4, 0.4, 0.4, 0.4]
Prune local model 2, pr_ratio = [0.4, 0.4, 0.4, 0.4]
Prune local model 9, pr_ratio = [0.6, 0.6, 0.6, 0.6]
Prune local model 1, pr_ratio = [0.2, 0.2, 0.2, 0.2]
Prune local model 6, pr_ratio = [0.2, 0.2, 0.2, 0.2]
Prune local model 4, pr_ratio = [0.6, 0.6, 0.6, 0.6]
Round: TPR: [0. 0. 0. 0. 1. 0. 0. 0. 0. 0.]
Round: 0 Method: dapperfl Mean_Acc: 8.782 Best_Acc: 8.782
Domain_Acc: [7.59, 10.53, 10.34, 6.67] Domain_BestAcc: [7.59, 10.53, 10.34, 6.67]
Prune local model 6, pr_ratio = [0.16000000000000003, 0.16000000000000003, 0.16000000000000003, 0.16000000000000003]
Prune local model 1, pr_ratio = [0.16000000000000003, 0.16000000000000003, 0.16000000000000003, 0.16000000000000003]
Prune local model 9, pr_ratio = [0.48, 0.48, 0.48, 0.48]
Prune local model 0, pr_ratio = [0.0, 0.0, 0.0, 0.0]
Prune local model 2, pr_ratio = [0.32000000000000006, 0.32000000000000006, 0.32000000000000006, 0.32000000000000006]
Prune local model 4, pr_ratio = [0.48, 0.48, 0.48, 0.48]
Prune local model 7, pr_ratio = [0.32000000000000006, 0.32000000000000006, 0.32000000000000006, 0.32000000000000006]
Prune local model 8, pr_ratio = [0.4, 0.4, 0.4, 0.4]
Prune local model 5, pr_ratio = [0.0, 0.0, 0.0, 0.0]
Prune local model 3, pr_ratio = [0.4, 0.4, 0.4, 0.4]
Round: TPR: [0. 1. 0. 0. 0. 0. 0. 0. 0. 0.]
Round: 1 Method: dapperfl Mean_Acc: 10.048 Best_Acc: 10.048
Domain_Acc: [9.82, 8.42, 8.62, 13.33] Domain_BestAcc: [9.82, 10.53, 10.34, 13.33]
Prune local model 7, pr_ratio = [0.25600000000000006, 0.25600000000000006, 0.25600000000000006, 0.25600000000000006]
Prune local model 1, pr_ratio = [0.12800000000000003, 0.12800000000000003, 0.12800000000000003, 0.12800000000000003]
Prune local model 4, pr_ratio = [0.38400000000000006, 0.38400000000000006, 0.38400000000000006, 0.38400000000000006]
Prune local model 9, pr_ratio = [0.38400000000000006, 0.38400000000000006, 0.38400000000000006, 0.38400000000000006]
Prune local model 2, pr_ratio = [0.25600000000000006, 0.25600000000000006, 0.25600000000000006, 0.25600000000000006]
Prune local model 5, pr_ratio = [0.0, 0.0, 0.0, 0.0]
Prune local model 3, pr_ratio = [0.32000000000000006, 0.32000000000000006, 0.32000000000000006, 0.32000000000000006]
Prune local model 8, pr_ratio = [0.32000000000000006, 0.32000000000000006, 0.32000000000000006, 0.32000000000000006]
Prune local model 0, pr_ratio = [0.0, 0.0, 0.0, 0.0]
Prune local model 6, pr_ratio = [0.12800000000000003, 0.12800000000000003, 0.12800000000000003, 0.12800000000000003]
Round: TPR: [0. 1. 0. 0. 0. 0. 0. 0. 0. 0.]
Round: 2 Method: dapperfl Mean_Acc: 10.048 Best_Acc: 10.048
Domain_Acc: [9.82, 8.42, 8.62, 13.33] Domain_BestAcc: [9.82, 10.53, 10.34, 13.33]
Prune local model 9, pr_ratio = [0.3072000000000001, 0.3072000000000001, 0.3072000000000001, 0.3072000000000001]
Prune local model 0, pr_ratio = [0.0, 0.0, 0.0, 0.0]
Prune local model 2, pr_ratio = [0.20480000000000007, 0.20480000000000007, 0.20480000000000007, 0.20480000000000007]
Prune local model 7, pr_ratio = [0.20480000000000007, 0.20480000000000007, 0.20480000000000007, 0.20480000000000007]
Prune local model 4, pr_ratio = [0.3072000000000001, 0.3072000000000001, 0.3072000000000001, 0.3072000000000001]
Prune local model 6, pr_ratio = [0.10240000000000003, 0.10240000000000003, 0.10240000000000003, 0.10240000000000003]
Prune local model 5, pr_ratio = [0.0, 0.0, 0.0, 0.0]
Prune local model 3, pr_ratio = [0.25600000000000006, 0.25600000000000006, 0.25600000000000006, 0.25600000000000006]
Prune local model 1, pr_ratio = [0.10240000000000003, 0.10240000000000003, 0.10240000000000003, 0.10240000000000003]
Prune local model 8, pr_ratio = [0.25600000000000006, 0.25600000000000006, 0.25600000000000006, 0.25600000000000006]
Round: TPR: [0.45454545 0.9787234  0.02173913 0.1509434  0.         0.17241379
 0.13793103 0.         0.         0.16666667]
Round: 3 Method: dapperfl Mean_Acc: 17.69 Best_Acc: 17.69
Domain_Acc: [19.2, 27.89, 10.34, 13.33] Domain_BestAcc: [19.2, 27.89, 10.34, 13.33]
Prune local model 9, pr_ratio = [0.24576000000000003, 0.24576000000000003, 0.24576000000000003, 0.24576000000000003]
Prune local model 4, pr_ratio = [0.24576000000000003, 0.24576000000000003, 0.24576000000000003, 0.24576000000000003]
Prune local model 0, pr_ratio = [0.0, 0.0, 0.0, 0.0]
Prune local model 7, pr_ratio = [0.16384000000000004, 0.16384000000000004, 0.16384000000000004, 0.16384000000000004]
Prune local model 3, pr_ratio = [0.20480000000000004, 0.20480000000000004, 0.20480000000000004, 0.20480000000000004]
Prune local model 2, pr_ratio = [0.16384000000000004, 0.16384000000000004, 0.16384000000000004, 0.16384000000000004]
Prune local model 6, pr_ratio = [0.08192000000000002, 0.08192000000000002, 0.08192000000000002, 0.08192000000000002]
Prune local model 8, pr_ratio = [0.20480000000000004, 0.20480000000000004, 0.20480000000000004, 0.20480000000000004]
Prune local model 5, pr_ratio = [0.0, 0.0, 0.0, 0.0]
Prune local model 1, pr_ratio = [0.08192000000000002, 0.08192000000000002, 0.08192000000000002, 0.08192000000000002]
Round: TPR: [0.70909091 0.53191489 0.13043478 0.47169811 0.02222222 0.18965517
 0.32758621 0.31914894 0.11111111 0.58333333]
Round: 4 Method: dapperfl Mean_Acc: 31.505 Best_Acc: 31.505
Domain_Acc: [42.41, 29.47, 24.14, 30.0] Domain_BestAcc: [42.41, 29.47, 24.14, 30.0]
Prune local model 1, pr_ratio = [0.06553600000000002, 0.06553600000000002, 0.06553600000000002, 0.06553600000000002]
Prune local model 2, pr_ratio = [0.13107200000000005, 0.13107200000000005, 0.13107200000000005, 0.13107200000000005]
Prune local model 9, pr_ratio = [0.19660800000000003, 0.19660800000000003, 0.19660800000000003, 0.19660800000000003]
Prune local model 8, pr_ratio = [0.16384000000000004, 0.16384000000000004, 0.16384000000000004, 0.16384000000000004]
Prune local model 5, pr_ratio = [0.0, 0.0, 0.0, 0.0]
Prune local model 4, pr_ratio = [0.19660800000000003, 0.19660800000000003, 0.19660800000000003, 0.19660800000000003]
Prune local model 3, pr_ratio = [0.16384000000000004, 0.16384000000000004, 0.16384000000000004, 0.16384000000000004]
Prune local model 6, pr_ratio = [0.06553600000000002, 0.06553600000000002, 0.06553600000000002, 0.06553600000000002]
Prune local model 7, pr_ratio = [0.13107200000000005, 0.13107200000000005, 0.13107200000000005, 0.13107200000000005]
Prune local model 0, pr_ratio = [0.0, 0.0, 0.0, 0.0]
Round: TPR: [0.85454545 0.68085106 0.10869565 0.69811321 0.48888889 0.32758621
 0.48275862 0.23404255 0.2        0.14583333]
Round: 5 Method: dapperfl Mean_Acc: 39.067 Best_Acc: 39.067
Domain_Acc: [44.64, 47.37, 27.59, 36.67] Domain_BestAcc: [44.64, 47.37, 27.59, 36.67]
Prune local model 3, pr_ratio = [0.13107200000000005, 0.13107200000000005, 0.13107200000000005, 0.13107200000000005]
Prune local model 6, pr_ratio = [0.052428800000000025, 0.052428800000000025, 0.052428800000000025, 0.052428800000000025]
Prune local model 8, pr_ratio = [0.13107200000000005, 0.13107200000000005, 0.13107200000000005, 0.13107200000000005]
Prune local model 9, pr_ratio = [0.15728640000000005, 0.15728640000000005, 0.15728640000000005, 0.15728640000000005]
Prune local model 0, pr_ratio = [0.0, 0.0, 0.0, 0.0]
Prune local model 4, pr_ratio = [0.15728640000000005, 0.15728640000000005, 0.15728640000000005, 0.15728640000000005]
Prune local model 7, pr_ratio = [0.10485760000000005, 0.10485760000000005, 0.10485760000000005, 0.10485760000000005]
Prune local model 2, pr_ratio = [0.10485760000000005, 0.10485760000000005, 0.10485760000000005, 0.10485760000000005]
Prune local model 5, pr_ratio = [0.0, 0.0, 0.0, 0.0]
Prune local model 1, pr_ratio = [0.052428800000000025, 0.052428800000000025, 0.052428800000000025, 0.052428800000000025]
Round: TPR: [0.85454545 0.70212766 0.36956522 0.66037736 0.37777778 0.5862069
 0.29310345 0.17021277 0.04444444 0.39583333]
Round: 6 Method: dapperfl Mean_Acc: 37.822 Best_Acc: 39.067
Domain_Acc: [47.32, 53.16, 24.14, 26.67] Domain_BestAcc: [47.32, 53.16, 27.59, 36.67]
Prune local model 5, pr_ratio = [0.0, 0.0, 0.0, 0.0]
Prune local model 1, pr_ratio = [0.041943040000000015, 0.041943040000000015, 0.041943040000000015, 0.041943040000000015]
Prune local model 2, pr_ratio = [0.08388608000000003, 0.08388608000000003, 0.08388608000000003, 0.08388608000000003]
Prune local model 6, pr_ratio = [0.041943040000000015, 0.041943040000000015, 0.041943040000000015, 0.041943040000000015]
Prune local model 3, pr_ratio = [0.10485760000000004, 0.10485760000000004, 0.10485760000000004, 0.10485760000000004]
Prune local model 9, pr_ratio = [0.12582912000000004, 0.12582912000000004, 0.12582912000000004, 0.12582912000000004]
Prune local model 0, pr_ratio = [0.0, 0.0, 0.0, 0.0]
Prune local model 8, pr_ratio = [0.10485760000000004, 0.10485760000000004, 0.10485760000000004, 0.10485760000000004]
Prune local model 4, pr_ratio = [0.12582912000000004, 0.12582912000000004, 0.12582912000000004, 0.12582912000000004]
Prune local model 7, pr_ratio = [0.08388608000000003, 0.08388608000000003, 0.08388608000000003, 0.08388608000000003]
Round: TPR: [0.90909091 0.5106383  0.26086957 0.64150943 0.22222222 0.05172414
 0.70689655 0.12765957 0.02222222 0.33333333]
Round: 7 Method: dapperfl Mean_Acc: 33.677 Best_Acc: 39.067
Domain_Acc: [43.75, 42.11, 15.52, 33.33] Domain_BestAcc: [47.32, 53.16, 27.59, 36.67]
Prune local model 5, pr_ratio = [0.0, 0.0, 0.0, 0.0]
Prune local model 9, pr_ratio = [0.10066329600000005, 0.10066329600000005, 0.10066329600000005, 0.10066329600000005]
Prune local model 6, pr_ratio = [0.033554432000000016, 0.033554432000000016, 0.033554432000000016, 0.033554432000000016]
Prune local model 2, pr_ratio = [0.06710886400000003, 0.06710886400000003, 0.06710886400000003, 0.06710886400000003]
Prune local model 0, pr_ratio = [0.0, 0.0, 0.0, 0.0]
Prune local model 8, pr_ratio = [0.08388608000000004, 0.08388608000000004, 0.08388608000000004, 0.08388608000000004]
Prune local model 1, pr_ratio = [0.033554432000000016, 0.033554432000000016, 0.033554432000000016, 0.033554432000000016]
Prune local model 4, pr_ratio = [0.10066329600000005, 0.10066329600000005, 0.10066329600000005, 0.10066329600000005]
Prune local model 7, pr_ratio = [0.06710886400000003, 0.06710886400000003, 0.06710886400000003, 0.06710886400000003]
Prune local model 3, pr_ratio = [0.08388608000000004, 0.08388608000000004, 0.08388608000000004, 0.08388608000000004]
Round: TPR: [0.87272727 0.78723404 0.43478261 0.66037736 0.46666667 0.60344828
 0.68965517 0.10638298 0.13333333 0.25      ]
Round: 8 Method: dapperfl Mean_Acc: 43.592 Best_Acc: 43.592
Domain_Acc: [51.34, 62.11, 27.59, 33.33] Domain_BestAcc: [51.34, 62.11, 27.59, 36.67]
Prune local model 5, pr_ratio = [0.0, 0.0, 0.0, 0.0]
Prune local model 9, pr_ratio = [0.08053063680000004, 0.08053063680000004, 0.08053063680000004, 0.08053063680000004]
Prune local model 8, pr_ratio = [0.06710886400000003, 0.06710886400000003, 0.06710886400000003, 0.06710886400000003]
Prune local model 1, pr_ratio = [0.026843545600000015, 0.026843545600000015, 0.026843545600000015, 0.026843545600000015]
Prune local model 0, pr_ratio = [0.0, 0.0, 0.0, 0.0]
Prune local model 6, pr_ratio = [0.026843545600000015, 0.026843545600000015, 0.026843545600000015, 0.026843545600000015]
Prune local model 7, pr_ratio = [0.05368709120000003, 0.05368709120000003, 0.05368709120000003, 0.05368709120000003]
Prune local model 2, pr_ratio = [0.05368709120000003, 0.05368709120000003, 0.05368709120000003, 0.05368709120000003]
Prune local model 4, pr_ratio = [0.08053063680000004, 0.08053063680000004, 0.08053063680000004, 0.08053063680000004]
Prune local model 3, pr_ratio = [0.06710886400000003, 0.06710886400000003, 0.06710886400000003, 0.06710886400000003]
Round: TPR: [0.89090909 0.76595745 0.41304348 0.64150943 0.2        0.20689655
 0.68965517 0.38297872 0.11111111 0.60416667]
Round: 9 Method: dapperfl Mean_Acc: 43.477 Best_Acc: 43.592
Domain_Acc: [50.45, 57.37, 32.76, 33.33] Domain_BestAcc: [51.34, 62.11, 32.76, 36.67]
Prune local model 7, pr_ratio = [0.042949672960000025, 0.042949672960000025, 0.042949672960000025, 0.042949672960000025]
Prune local model 2, pr_ratio = [0.042949672960000025, 0.042949672960000025, 0.042949672960000025, 0.042949672960000025]
Prune local model 3, pr_ratio = [0.05368709120000003, 0.05368709120000003, 0.05368709120000003, 0.05368709120000003]
Prune local model 4, pr_ratio = [0.06442450944000003, 0.06442450944000003, 0.06442450944000003, 0.06442450944000003]
Prune local model 0, pr_ratio = [0.0, 0.0, 0.0, 0.0]
Prune local model 8, pr_ratio = [0.05368709120000003, 0.05368709120000003, 0.05368709120000003, 0.05368709120000003]
Prune local model 9, pr_ratio = [0.06442450944000003, 0.06442450944000003, 0.06442450944000003, 0.06442450944000003]
Prune local model 5, pr_ratio = [0.0, 0.0, 0.0, 0.0]
Prune local model 6, pr_ratio = [0.021474836480000013, 0.021474836480000013, 0.021474836480000013, 0.021474836480000013]
Prune local model 1, pr_ratio = [0.021474836480000013, 0.021474836480000013, 0.021474836480000013, 0.021474836480000013]
Round: TPR: [0.78181818 0.82978723 0.30434783 0.66037736 0.42222222 0.44827586
 0.63793103 0.27659574 0.22222222 0.35416667]
Round: 10 Method: dapperfl Mean_Acc: 39.778 Best_Acc: 43.592
Domain_Acc: [51.79, 61.58, 22.41, 23.33] Domain_BestAcc: [51.79, 62.11, 32.76, 36.67]
Prune local model 7, pr_ratio = [0.03435973836800002, 0.03435973836800002, 0.03435973836800002, 0.03435973836800002]
Prune local model 1, pr_ratio = [0.01717986918400001, 0.01717986918400001, 0.01717986918400001, 0.01717986918400001]
Prune local model 2, pr_ratio = [0.03435973836800002, 0.03435973836800002, 0.03435973836800002, 0.03435973836800002]
Prune local model 8, pr_ratio = [0.042949672960000025, 0.042949672960000025, 0.042949672960000025, 0.042949672960000025]
Prune local model 4, pr_ratio = [0.05153960755200003, 0.05153960755200003, 0.05153960755200003, 0.05153960755200003]
Prune local model 9, pr_ratio = [0.05153960755200003, 0.05153960755200003, 0.05153960755200003, 0.05153960755200003]
Prune local model 3, pr_ratio = [0.042949672960000025, 0.042949672960000025, 0.042949672960000025, 0.042949672960000025]
Prune local model 0, pr_ratio = [0.0, 0.0, 0.0, 0.0]
Prune local model 6, pr_ratio = [0.01717986918400001, 0.01717986918400001, 0.01717986918400001, 0.01717986918400001]
Prune local model 5, pr_ratio = [0.0, 0.0, 0.0, 0.0]
Round: TPR: [0.87272727 0.74468085 0.41304348 0.69811321 0.53333333 0.4137931
 0.62068966 0.06382979 0.17777778 0.41666667]
Round: 11 Method: dapperfl Mean_Acc: 46.652 Best_Acc: 46.652
Domain_Acc: [53.12, 52.11, 41.38, 40.0] Domain_BestAcc: [53.12, 62.11, 41.38, 40.0]
Prune local model 5, pr_ratio = [0.0, 0.0, 0.0, 0.0]
Prune local model 2, pr_ratio = [0.027487790694400018, 0.027487790694400018, 0.027487790694400018, 0.027487790694400018]
Prune local model 6, pr_ratio = [0.013743895347200009, 0.013743895347200009, 0.013743895347200009, 0.013743895347200009]
Prune local model 3, pr_ratio = [0.03435973836800002, 0.03435973836800002, 0.03435973836800002, 0.03435973836800002]
Prune local model 9, pr_ratio = [0.041231686041600026, 0.041231686041600026, 0.041231686041600026, 0.041231686041600026]
Prune local model 1, pr_ratio = [0.013743895347200009, 0.013743895347200009, 0.013743895347200009, 0.013743895347200009]
Prune local model 7, pr_ratio = [0.027487790694400018, 0.027487790694400018, 0.027487790694400018, 0.027487790694400018]
Prune local model 0, pr_ratio = [0.0, 0.0, 0.0, 0.0]
Prune local model 8, pr_ratio = [0.03435973836800002, 0.03435973836800002, 0.03435973836800002, 0.03435973836800002]
Prune local model 4, pr_ratio = [0.041231686041600026, 0.041231686041600026, 0.041231686041600026, 0.041231686041600026]
Round: TPR: [0.83636364 0.80851064 0.36956522 0.64150943 0.24444444 0.37931034
 0.70689655 0.55319149 0.2        0.70833333]
Round: 12 Method: dapperfl Mean_Acc: 48.852 Best_Acc: 48.852
Domain_Acc: [54.46, 64.74, 36.21, 40.0] Domain_BestAcc: [54.46, 64.74, 41.38, 40.0]
Prune local model 6, pr_ratio = [0.010995116277760009, 0.010995116277760009, 0.010995116277760009, 0.010995116277760009]
Prune local model 4, pr_ratio = [0.03298534883328002, 0.03298534883328002, 0.03298534883328002, 0.03298534883328002]
Prune local model 0, pr_ratio = [0.0, 0.0, 0.0, 0.0]
Prune local model 7, pr_ratio = [0.021990232555520017, 0.021990232555520017, 0.021990232555520017, 0.021990232555520017]
Prune local model 8, pr_ratio = [0.027487790694400018, 0.027487790694400018, 0.027487790694400018, 0.027487790694400018]
Prune local model 5, pr_ratio = [0.0, 0.0, 0.0, 0.0]
Prune local model 9, pr_ratio = [0.03298534883328002, 0.03298534883328002, 0.03298534883328002, 0.03298534883328002]
Prune local model 3, pr_ratio = [0.027487790694400018, 0.027487790694400018, 0.027487790694400018, 0.027487790694400018]
Prune local model 2, pr_ratio = [0.021990232555520017, 0.021990232555520017, 0.021990232555520017, 0.021990232555520017]
Prune local model 1, pr_ratio = [0.010995116277760009, 0.010995116277760009, 0.010995116277760009, 0.010995116277760009]
Round: TPR: [0.90909091 0.80851064 0.36956522 0.67924528 0.17777778 0.53448276
 0.62068966 0.12765957 0.17777778 0.58333333]
Round: 13 Method: dapperfl Mean_Acc: 45.122 Best_Acc: 48.852
Domain_Acc: [54.46, 56.84, 25.86, 43.33] Domain_BestAcc: [54.46, 64.74, 41.38, 43.33]
Prune local model 7, pr_ratio = [0.017592186044416015, 0.017592186044416015, 0.017592186044416015, 0.017592186044416015]
Prune local model 0, pr_ratio = [0.0, 0.0, 0.0, 0.0]
Prune local model 4, pr_ratio = [0.02638827906662402, 0.02638827906662402, 0.02638827906662402, 0.02638827906662402]
Prune local model 5, pr_ratio = [0.0, 0.0, 0.0, 0.0]
Prune local model 9, pr_ratio = [0.02638827906662402, 0.02638827906662402, 0.02638827906662402, 0.02638827906662402]
Prune local model 2, pr_ratio = [0.017592186044416015, 0.017592186044416015, 0.017592186044416015, 0.017592186044416015]
Prune local model 8, pr_ratio = [0.021990232555520017, 0.021990232555520017, 0.021990232555520017, 0.021990232555520017]
Prune local model 3, pr_ratio = [0.021990232555520017, 0.021990232555520017, 0.021990232555520017, 0.021990232555520017]
Prune local model 1, pr_ratio = [0.008796093022208008, 0.008796093022208008, 0.008796093022208008, 0.008796093022208008]
Prune local model 6, pr_ratio = [0.008796093022208008, 0.008796093022208008, 0.008796093022208008, 0.008796093022208008]
Round: TPR: [0.89090909 0.82978723 0.41304348 0.45283019 0.33333333 0.46551724
 0.63793103 0.72340426 0.26666667 0.41666667]
Round: 14 Method: dapperfl Mean_Acc: 48.79 Best_Acc: 48.852
Domain_Acc: [52.23, 66.84, 32.76, 43.33] Domain_BestAcc: [54.46, 66.84, 41.38, 43.33]
Prune local model 2, pr_ratio = [0.014073748835532814, 0.014073748835532814, 0.014073748835532814, 0.014073748835532814]
Prune local model 8, pr_ratio = [0.017592186044416015, 0.017592186044416015, 0.017592186044416015, 0.017592186044416015]
Prune local model 1, pr_ratio = [0.007036874417766407, 0.007036874417766407, 0.007036874417766407, 0.007036874417766407]
Prune local model 5, pr_ratio = [0.0, 0.0, 0.0, 0.0]
Prune local model 9, pr_ratio = [0.021110623253299217, 0.021110623253299217, 0.021110623253299217, 0.021110623253299217]
Prune local model 0, pr_ratio = [0.0, 0.0, 0.0, 0.0]
Prune local model 3, pr_ratio = [0.017592186044416015, 0.017592186044416015, 0.017592186044416015, 0.017592186044416015]
Prune local model 7, pr_ratio = [0.014073748835532814, 0.014073748835532814, 0.014073748835532814, 0.014073748835532814]
Prune local model 4, pr_ratio = [0.021110623253299217, 0.021110623253299217, 0.021110623253299217, 0.021110623253299217]
Prune local model 6, pr_ratio = [0.007036874417766407, 0.007036874417766407, 0.007036874417766407, 0.007036874417766407]
Round: TPR: [0.89090909 0.78723404 0.43478261 0.79245283 0.2        0.60344828
 0.67241379 0.36170213 0.22222222 0.6875    ]
Round: 15 Method: dapperfl Mean_Acc: 51.34 Best_Acc: 51.34
Domain_Acc: [57.14, 66.84, 41.38, 40.0] Domain_BestAcc: [57.14, 66.84, 41.38, 43.33]
Prune local model 0, pr_ratio = [0.0, 0.0, 0.0, 0.0]
Prune local model 3, pr_ratio = [0.014073748835532812, 0.014073748835532812, 0.014073748835532812, 0.014073748835532812]
Prune local model 4, pr_ratio = [0.016888498602639374, 0.016888498602639374, 0.016888498602639374, 0.016888498602639374]
Prune local model 1, pr_ratio = [0.005629499534213125, 0.005629499534213125, 0.005629499534213125, 0.005629499534213125]
Prune local model 2, pr_ratio = [0.01125899906842625, 0.01125899906842625, 0.01125899906842625, 0.01125899906842625]
Prune local model 8, pr_ratio = [0.014073748835532812, 0.014073748835532812, 0.014073748835532812, 0.014073748835532812]
Prune local model 5, pr_ratio = [0.0, 0.0, 0.0, 0.0]
Prune local model 6, pr_ratio = [0.005629499534213125, 0.005629499534213125, 0.005629499534213125, 0.005629499534213125]
Prune local model 9, pr_ratio = [0.016888498602639374, 0.016888498602639374, 0.016888498602639374, 0.016888498602639374]
Prune local model 7, pr_ratio = [0.01125899906842625, 0.01125899906842625, 0.01125899906842625, 0.01125899906842625]
Round: TPR: [0.89090909 0.82978723 0.65217391 0.60377358 0.57777778 0.48275862
 0.67241379 0.34042553 0.24444444 0.54166667]
Round: 16 Method: dapperfl Mean_Acc: 53.743 Best_Acc: 53.743
Domain_Acc: [56.25, 68.95, 43.1, 46.67] Domain_BestAcc: [57.14, 68.95, 43.1, 46.67]
Prune local model 9, pr_ratio = [0.013510798882111501, 0.013510798882111501, 0.013510798882111501, 0.013510798882111501]
Prune local model 7, pr_ratio = [0.009007199254741001, 0.009007199254741001, 0.009007199254741001, 0.009007199254741001]
Prune local model 5, pr_ratio = [0.0, 0.0, 0.0, 0.0]
Prune local model 8, pr_ratio = [0.011258999068426251, 0.011258999068426251, 0.011258999068426251, 0.011258999068426251]
Prune local model 3, pr_ratio = [0.011258999068426251, 0.011258999068426251, 0.011258999068426251, 0.011258999068426251]
Prune local model 4, pr_ratio = [0.013510798882111501, 0.013510798882111501, 0.013510798882111501, 0.013510798882111501]
Prune local model 2, pr_ratio = [0.009007199254741001, 0.009007199254741001, 0.009007199254741001, 0.009007199254741001]
Prune local model 1, pr_ratio = [0.004503599627370501, 0.004503599627370501, 0.004503599627370501, 0.004503599627370501]
Prune local model 0, pr_ratio = [0.0, 0.0, 0.0, 0.0]
Prune local model 6, pr_ratio = [0.004503599627370501, 0.004503599627370501, 0.004503599627370501, 0.004503599627370501]
Round: TPR: [0.83636364 0.82978723 0.63043478 0.66037736 0.22222222 0.43103448
 0.67241379 0.4893617  0.17777778 0.52083333]
Round: 17 Method: dapperfl Mean_Acc: 48.045 Best_Acc: 53.743
Domain_Acc: [55.36, 65.79, 31.03, 40.0] Domain_BestAcc: [57.14, 68.95, 43.1, 46.67]
Prune local model 7, pr_ratio = [0.007205759403792801, 0.007205759403792801, 0.007205759403792801, 0.007205759403792801]
Prune local model 3, pr_ratio = [0.009007199254741001, 0.009007199254741001, 0.009007199254741001, 0.009007199254741001]
Prune local model 0, pr_ratio = [0.0, 0.0, 0.0, 0.0]
Prune local model 5, pr_ratio = [0.0, 0.0, 0.0, 0.0]
Prune local model 6, pr_ratio = [0.0036028797018964006, 0.0036028797018964006, 0.0036028797018964006, 0.0036028797018964006]
Prune local model 8, pr_ratio = [0.009007199254741001, 0.009007199254741001, 0.009007199254741001, 0.009007199254741001]
Prune local model 1, pr_ratio = [0.0036028797018964006, 0.0036028797018964006, 0.0036028797018964006, 0.0036028797018964006]
Prune local model 2, pr_ratio = [0.007205759403792801, 0.007205759403792801, 0.007205759403792801, 0.007205759403792801]
Prune local model 9, pr_ratio = [0.0108086391056892, 0.0108086391056892, 0.0108086391056892, 0.0108086391056892]
Prune local model 4, pr_ratio = [0.0108086391056892, 0.0108086391056892, 0.0108086391056892, 0.0108086391056892]
Round: TPR: [0.76363636 0.82978723 0.60869565 0.52830189 0.37777778 0.5862069
 0.67241379 0.65957447 0.51111111 0.52083333]
Round: 18 Method: dapperfl Mean_Acc: 54.235 Best_Acc: 54.235
Domain_Acc: [58.93, 71.58, 43.1, 43.33] Domain_BestAcc: [58.93, 71.58, 43.1, 46.67]
Prune local model 6, pr_ratio = [0.0028823037615171208, 0.0028823037615171208, 0.0028823037615171208, 0.0028823037615171208]
Prune local model 2, pr_ratio = [0.0057646075230342415, 0.0057646075230342415, 0.0057646075230342415, 0.0057646075230342415]
Prune local model 8, pr_ratio = [0.007205759403792801, 0.007205759403792801, 0.007205759403792801, 0.007205759403792801]
Prune local model 5, pr_ratio = [0.0, 0.0, 0.0, 0.0]
Prune local model 1, pr_ratio = [0.0028823037615171208, 0.0028823037615171208, 0.0028823037615171208, 0.0028823037615171208]
Prune local model 7, pr_ratio = [0.0057646075230342415, 0.0057646075230342415, 0.0057646075230342415, 0.0057646075230342415]
Prune local model 4, pr_ratio = [0.008646911284551362, 0.008646911284551362, 0.008646911284551362, 0.008646911284551362]
Prune local model 3, pr_ratio = [0.007205759403792801, 0.007205759403792801, 0.007205759403792801, 0.007205759403792801]
Prune local model 9, pr_ratio = [0.008646911284551362, 0.008646911284551362, 0.008646911284551362, 0.008646911284551362]
Prune local model 0, pr_ratio = [0.0, 0.0, 0.0, 0.0]
Round: TPR: [0.90909091 0.78723404 0.60869565 0.62264151 0.31111111 0.51724138
 0.65517241 0.59574468 0.37777778 0.5625    ]
Round: 19 Method: dapperfl Mean_Acc: 52.335 Best_Acc: 54.235
Domain_Acc: [58.48, 73.16, 31.03, 46.67] Domain_BestAcc: [58.93, 73.16, 43.1, 46.67]
Prune local model 9, pr_ratio = [0.0069175290276410895, 0.0069175290276410895, 0.0069175290276410895, 0.0069175290276410895]
Prune local model 6, pr_ratio = [0.0023058430092136968, 0.0023058430092136968, 0.0023058430092136968, 0.0023058430092136968]
Prune local model 8, pr_ratio = [0.0057646075230342415, 0.0057646075230342415, 0.0057646075230342415, 0.0057646075230342415]
Prune local model 7, pr_ratio = [0.0046116860184273935, 0.0046116860184273935, 0.0046116860184273935, 0.0046116860184273935]
Prune local model 0, pr_ratio = [0.0, 0.0, 0.0, 0.0]
Prune local model 5, pr_ratio = [0.0, 0.0, 0.0, 0.0]
Prune local model 3, pr_ratio = [0.0057646075230342415, 0.0057646075230342415, 0.0057646075230342415, 0.0057646075230342415]
Prune local model 1, pr_ratio = [0.0023058430092136968, 0.0023058430092136968, 0.0023058430092136968, 0.0023058430092136968]
Prune local model 2, pr_ratio = [0.0046116860184273935, 0.0046116860184273935, 0.0046116860184273935, 0.0046116860184273935]
Prune local model 4, pr_ratio = [0.0069175290276410895, 0.0069175290276410895, 0.0069175290276410895, 0.0069175290276410895]
Round: TPR: [0.89090909 0.82978723 0.39130435 0.66037736 0.31111111 0.56896552
 0.70689655 0.57446809 0.17777778 0.66666667]
Round: 20 Method: dapperfl Mean_Acc: 52.725 Best_Acc: 54.235
Domain_Acc: [58.93, 67.37, 37.93, 46.67] Domain_BestAcc: [58.93, 73.16, 43.1, 46.67]
Prune local model 4, pr_ratio = [0.005534023222112872, 0.005534023222112872, 0.005534023222112872, 0.005534023222112872]
Prune local model 9, pr_ratio = [0.005534023222112872, 0.005534023222112872, 0.005534023222112872, 0.005534023222112872]
Prune local model 3, pr_ratio = [0.0046116860184273935, 0.0046116860184273935, 0.0046116860184273935, 0.0046116860184273935]
Prune local model 7, pr_ratio = [0.003689348814741915, 0.003689348814741915, 0.003689348814741915, 0.003689348814741915]
Prune local model 1, pr_ratio = [0.0018446744073709574, 0.0018446744073709574, 0.0018446744073709574, 0.0018446744073709574]
Prune local model 5, pr_ratio = [0.0, 0.0, 0.0, 0.0]
Prune local model 0, pr_ratio = [0.0, 0.0, 0.0, 0.0]
Prune local model 8, pr_ratio = [0.0046116860184273935, 0.0046116860184273935, 0.0046116860184273935, 0.0046116860184273935]
Prune local model 2, pr_ratio = [0.003689348814741915, 0.003689348814741915, 0.003689348814741915, 0.003689348814741915]
Prune local model 6, pr_ratio = [0.0018446744073709574, 0.0018446744073709574, 0.0018446744073709574, 0.0018446744073709574]
Round: TPR: [0.89090909 0.82978723 0.58695652 0.52830189 0.51111111 0.72413793
 0.65517241 0.61702128 0.46666667 0.5       ]
Round: 21 Method: dapperfl Mean_Acc: 57.042 Best_Acc: 57.042
Domain_Acc: [62.05, 74.74, 41.38, 50.0] Domain_BestAcc: [62.05, 74.74, 43.1, 50.0]
Prune local model 0, pr_ratio = [0.0, 0.0, 0.0, 0.0]
Prune local model 4, pr_ratio = [0.004427218577690298, 0.004427218577690298, 0.004427218577690298, 0.004427218577690298]
Prune local model 2, pr_ratio = [0.002951479051793532, 0.002951479051793532, 0.002951479051793532, 0.002951479051793532]
Prune local model 1, pr_ratio = [0.001475739525896766, 0.001475739525896766, 0.001475739525896766, 0.001475739525896766]
Prune local model 3, pr_ratio = [0.003689348814741915, 0.003689348814741915, 0.003689348814741915, 0.003689348814741915]
Prune local model 5, pr_ratio = [0.0, 0.0, 0.0, 0.0]
Prune local model 7, pr_ratio = [0.002951479051793532, 0.002951479051793532, 0.002951479051793532, 0.002951479051793532]
Prune local model 6, pr_ratio = [0.001475739525896766, 0.001475739525896766, 0.001475739525896766, 0.001475739525896766]
Prune local model 9, pr_ratio = [0.004427218577690298, 0.004427218577690298, 0.004427218577690298, 0.004427218577690298]
Prune local model 8, pr_ratio = [0.003689348814741915, 0.003689348814741915, 0.003689348814741915, 0.003689348814741915]
Round: TPR: [0.87272727 0.85106383 0.63043478 0.60377358 0.37777778 0.70689655
 0.74137931 0.53191489 0.48888889 0.54166667]
Round: 22 Method: dapperfl Mean_Acc: 58.435 Best_Acc: 58.435
Domain_Acc: [62.05, 75.26, 43.1, 53.33] Domain_BestAcc: [62.05, 75.26, 43.1, 53.33]
Prune local model 0, pr_ratio = [0.0, 0.0, 0.0, 0.0]
Prune local model 1, pr_ratio = [0.001180591620717413, 0.001180591620717413, 0.001180591620717413, 0.001180591620717413]
Prune local model 3, pr_ratio = [0.002951479051793532, 0.002951479051793532, 0.002951479051793532, 0.002951479051793532]
Prune local model 5, pr_ratio = [0.0, 0.0, 0.0, 0.0]
Prune local model 4, pr_ratio = [0.003541774862152238, 0.003541774862152238, 0.003541774862152238, 0.003541774862152238]
Prune local model 2, pr_ratio = [0.002361183241434826, 0.002361183241434826, 0.002361183241434826, 0.002361183241434826]
Prune local model 6, pr_ratio = [0.001180591620717413, 0.001180591620717413, 0.001180591620717413, 0.001180591620717413]
Prune local model 8, pr_ratio = [0.002951479051793532, 0.002951479051793532, 0.002951479051793532, 0.002951479051793532]
Prune local model 7, pr_ratio = [0.002361183241434826, 0.002361183241434826, 0.002361183241434826, 0.002361183241434826]
Prune local model 9, pr_ratio = [0.003541774862152238, 0.003541774862152238, 0.003541774862152238, 0.003541774862152238]
Round: TPR: [0.87272727 0.82978723 0.5        0.71698113 0.35555556 0.62068966
 0.63793103 0.61702128 0.44444444 0.58333333]
Round: 23 Method: dapperfl Mean_Acc: 54.952 Best_Acc: 58.435
Domain_Acc: [62.05, 73.16, 37.93, 46.67] Domain_BestAcc: [62.05, 75.26, 43.1, 53.33]
Prune local model 3, pr_ratio = [0.002361183241434826, 0.002361183241434826, 0.002361183241434826, 0.002361183241434826]
Prune local model 8, pr_ratio = [0.002361183241434826, 0.002361183241434826, 0.002361183241434826, 0.002361183241434826]
Prune local model 5, pr_ratio = [0.0, 0.0, 0.0, 0.0]
Prune local model 0, pr_ratio = [0.0, 0.0, 0.0, 0.0]
Prune local model 1, pr_ratio = [0.0009444732965739304, 0.0009444732965739304, 0.0009444732965739304, 0.0009444732965739304]
Prune local model 7, pr_ratio = [0.0018889465931478608, 0.0018889465931478608, 0.0018889465931478608, 0.0018889465931478608]
Prune local model 6, pr_ratio = [0.0009444732965739304, 0.0009444732965739304, 0.0009444732965739304, 0.0009444732965739304]
Prune local model 2, pr_ratio = [0.0018889465931478608, 0.0018889465931478608, 0.0018889465931478608, 0.0018889465931478608]
Prune local model 9, pr_ratio = [0.002833419889721791, 0.002833419889721791, 0.002833419889721791, 0.002833419889721791]
Prune local model 4, pr_ratio = [0.002833419889721791, 0.002833419889721791, 0.002833419889721791, 0.002833419889721791]
Round: TPR: [0.83636364 0.85106383 0.60869565 0.67924528 0.46666667 0.68965517
 0.74137931 0.72340426 0.22222222 0.64583333]
Round: 24 Method: dapperfl Mean_Acc: 61.707 Best_Acc: 61.707
Domain_Acc: [62.5, 74.21, 53.45, 56.67] Domain_BestAcc: [62.5, 75.26, 53.45, 56.67]
Prune local model 6, pr_ratio = [0.0007555786372591443, 0.0007555786372591443, 0.0007555786372591443, 0.0007555786372591443]
Prune local model 1, pr_ratio = [0.0007555786372591443, 0.0007555786372591443, 0.0007555786372591443, 0.0007555786372591443]
Prune local model 0, pr_ratio = [0.0, 0.0, 0.0, 0.0]
Prune local model 7, pr_ratio = [0.0015111572745182887, 0.0015111572745182887, 0.0015111572745182887, 0.0015111572745182887]
Prune local model 9, pr_ratio = [0.002266735911777433, 0.002266735911777433, 0.002266735911777433, 0.002266735911777433]
Prune local model 4, pr_ratio = [0.002266735911777433, 0.002266735911777433, 0.002266735911777433, 0.002266735911777433]
Prune local model 5, pr_ratio = [0.0, 0.0, 0.0, 0.0]
Prune local model 8, pr_ratio = [0.0018889465931478608, 0.0018889465931478608, 0.0018889465931478608, 0.0018889465931478608]
Prune local model 3, pr_ratio = [0.0018889465931478608, 0.0018889465931478608, 0.0018889465931478608, 0.0018889465931478608]
Prune local model 2, pr_ratio = [0.0015111572745182887, 0.0015111572745182887, 0.0015111572745182887, 0.0015111572745182887]
Round: TPR: [0.87272727 0.74468085 0.60869565 0.69811321 0.33333333 0.62068966
 0.67241379 0.72340426 0.42222222 0.47916667]
Round: 25 Method: dapperfl Mean_Acc: 51.505 Best_Acc: 61.707
Domain_Acc: [62.95, 75.26, 34.48, 33.33] Domain_BestAcc: [62.95, 75.26, 53.45, 56.67]
Prune local model 2, pr_ratio = [0.001208925819614631, 0.001208925819614631, 0.001208925819614631, 0.001208925819614631]
Prune local model 4, pr_ratio = [0.0018133887294219464, 0.0018133887294219464, 0.0018133887294219464, 0.0018133887294219464]
Prune local model 3, pr_ratio = [0.0015111572745182887, 0.0015111572745182887, 0.0015111572745182887, 0.0015111572745182887]
Prune local model 7, pr_ratio = [0.001208925819614631, 0.001208925819614631, 0.001208925819614631, 0.001208925819614631]
Prune local model 9, pr_ratio = [0.0018133887294219464, 0.0018133887294219464, 0.0018133887294219464, 0.0018133887294219464]
Prune local model 5, pr_ratio = [0.0, 0.0, 0.0, 0.0]
Prune local model 6, pr_ratio = [0.0006044629098073155, 0.0006044629098073155, 0.0006044629098073155, 0.0006044629098073155]
Prune local model 1, pr_ratio = [0.0006044629098073155, 0.0006044629098073155, 0.0006044629098073155, 0.0006044629098073155]
Prune local model 0, pr_ratio = [0.0, 0.0, 0.0, 0.0]
Prune local model 8, pr_ratio = [0.0015111572745182887, 0.0015111572745182887, 0.0015111572745182887, 0.0015111572745182887]
Round: TPR: [0.87272727 0.85106383 0.45652174 0.56603774 0.44444444 0.55172414
 0.63793103 0.72340426 0.42222222 0.54166667]
Round: 26 Method: dapperfl Mean_Acc: 54.485 Best_Acc: 61.707
Domain_Acc: [56.25, 75.26, 43.1, 43.33] Domain_BestAcc: [62.95, 75.26, 53.45, 56.67]
Prune local model 7, pr_ratio = [0.0009671406556917048, 0.0009671406556917048, 0.0009671406556917048, 0.0009671406556917048]
Prune local model 3, pr_ratio = [0.001208925819614631, 0.001208925819614631, 0.001208925819614631, 0.001208925819614631]
Prune local model 2, pr_ratio = [0.0009671406556917048, 0.0009671406556917048, 0.0009671406556917048, 0.0009671406556917048]
Prune local model 5, pr_ratio = [0.0, 0.0, 0.0, 0.0]
Prune local model 6, pr_ratio = [0.0004835703278458524, 0.0004835703278458524, 0.0004835703278458524, 0.0004835703278458524]
Prune local model 4, pr_ratio = [0.0014507109835375572, 0.0014507109835375572, 0.0014507109835375572, 0.0014507109835375572]
Prune local model 9, pr_ratio = [0.0014507109835375572, 0.0014507109835375572, 0.0014507109835375572, 0.0014507109835375572]
Prune local model 8, pr_ratio = [0.001208925819614631, 0.001208925819614631, 0.001208925819614631, 0.001208925819614631]
Prune local model 0, pr_ratio = [0.0, 0.0, 0.0, 0.0]
Prune local model 1, pr_ratio = [0.0004835703278458524, 0.0004835703278458524, 0.0004835703278458524, 0.0004835703278458524]
Round: TPR: [0.90909091 0.85106383 0.52173913 0.62264151 0.44444444 0.51724138
 0.74137931 0.72340426 0.51111111 0.5625    ]
Round: 27 Method: dapperfl Mean_Acc: 56.442 Best_Acc: 61.707
Domain_Acc: [62.5, 76.84, 43.1, 43.33] Domain_BestAcc: [62.95, 76.84, 53.45, 56.67]
Prune local model 8, pr_ratio = [0.0009671406556917048, 0.0009671406556917048, 0.0009671406556917048, 0.0009671406556917048]
Prune local model 3, pr_ratio = [0.0009671406556917048, 0.0009671406556917048, 0.0009671406556917048, 0.0009671406556917048]
Prune local model 2, pr_ratio = [0.0007737125245533639, 0.0007737125245533639, 0.0007737125245533639, 0.0007737125245533639]
Prune local model 7, pr_ratio = [0.0007737125245533639, 0.0007737125245533639, 0.0007737125245533639, 0.0007737125245533639]
Prune local model 1, pr_ratio = [0.00038685626227668196, 0.00038685626227668196, 0.00038685626227668196, 0.00038685626227668196]
Prune local model 6, pr_ratio = [0.00038685626227668196, 0.00038685626227668196, 0.00038685626227668196, 0.00038685626227668196]
Prune local model 4, pr_ratio = [0.0011605687868300458, 0.0011605687868300458, 0.0011605687868300458, 0.0011605687868300458]
Prune local model 0, pr_ratio = [0.0, 0.0, 0.0, 0.0]
Prune local model 9, pr_ratio = [0.0011605687868300458, 0.0011605687868300458, 0.0011605687868300458, 0.0011605687868300458]
Prune local model 5, pr_ratio = [0.0, 0.0, 0.0, 0.0]
Round: TPR: [0.90909091 0.80851064 0.63043478 0.67924528 0.68888889 0.56896552
 0.72413793 0.57446809 0.51111111 0.45833333]
Round: 28 Method: dapperfl Mean_Acc: 59.968 Best_Acc: 61.707
Domain_Acc: [64.73, 75.26, 46.55, 53.33] Domain_BestAcc: [64.73, 76.84, 53.45, 56.67]
Prune local model 0, pr_ratio = [0.0, 0.0, 0.0, 0.0]
Prune local model 6, pr_ratio = [0.0003094850098213456, 0.0003094850098213456, 0.0003094850098213456, 0.0003094850098213456]
Prune local model 5, pr_ratio = [0.0, 0.0, 0.0, 0.0]
Prune local model 1, pr_ratio = [0.0003094850098213456, 0.0003094850098213456, 0.0003094850098213456, 0.0003094850098213456]
Prune local model 4, pr_ratio = [0.0009284550294640367, 0.0009284550294640367, 0.0009284550294640367, 0.0009284550294640367]
Prune local model 2, pr_ratio = [0.0006189700196426912, 0.0006189700196426912, 0.0006189700196426912, 0.0006189700196426912]
Prune local model 9, pr_ratio = [0.0009284550294640367, 0.0009284550294640367, 0.0009284550294640367, 0.0009284550294640367]
Prune local model 8, pr_ratio = [0.0007737125245533639, 0.0007737125245533639, 0.0007737125245533639, 0.0007737125245533639]
Prune local model 3, pr_ratio = [0.0007737125245533639, 0.0007737125245533639, 0.0007737125245533639, 0.0007737125245533639]
Prune local model 7, pr_ratio = [0.0006189700196426912, 0.0006189700196426912, 0.0006189700196426912, 0.0006189700196426912]
Round: TPR: [0.8        0.85106383 0.58695652 0.73584906 0.31111111 0.56896552
 0.74137931 0.63829787 0.51111111 0.6875    ]
Round: 29 Method: dapperfl Mean_Acc: 56.565 Best_Acc: 61.707
Domain_Acc: [65.62, 74.21, 43.1, 43.33] Domain_BestAcc: [65.62, 76.84, 53.45, 56.67]
Prune local model 3, pr_ratio = [0.0006189700196426912, 0.0006189700196426912, 0.0006189700196426912, 0.0006189700196426912]
Prune local model 8, pr_ratio = [0.0006189700196426912, 0.0006189700196426912, 0.0006189700196426912, 0.0006189700196426912]
Prune local model 7, pr_ratio = [0.0004951760157141529, 0.0004951760157141529, 0.0004951760157141529, 0.0004951760157141529]
Prune local model 1, pr_ratio = [0.00024758800785707646, 0.00024758800785707646, 0.00024758800785707646, 0.00024758800785707646]
Prune local model 5, pr_ratio = [0.0, 0.0, 0.0, 0.0]
Prune local model 4, pr_ratio = [0.0007427640235712294, 0.0007427640235712294, 0.0007427640235712294, 0.0007427640235712294]
Prune local model 2, pr_ratio = [0.0004951760157141529, 0.0004951760157141529, 0.0004951760157141529, 0.0004951760157141529]
Prune local model 0, pr_ratio = [0.0, 0.0, 0.0, 0.0]
Prune local model 9, pr_ratio = [0.0007427640235712294, 0.0007427640235712294, 0.0007427640235712294, 0.0007427640235712294]
Prune local model 6, pr_ratio = [0.00024758800785707646, 0.00024758800785707646, 0.00024758800785707646, 0.00024758800785707646]
Round: TPR: [0.87272727 0.85106383 0.60869565 0.71698113 0.26666667 0.65517241
 0.68965517 0.63829787 0.48888889 0.64583333]
Round: 30 Method: dapperfl Mean_Acc: 58.998 Best_Acc: 61.707
Domain_Acc: [63.39, 74.21, 51.72, 46.67] Domain_BestAcc: [65.62, 76.84, 53.45, 56.67]
Prune local model 4, pr_ratio = [0.0005942112188569835, 0.0005942112188569835, 0.0005942112188569835, 0.0005942112188569835]
Prune local model 0, pr_ratio = [0.0, 0.0, 0.0, 0.0]
Prune local model 7, pr_ratio = [0.00039614081257132236, 0.00039614081257132236, 0.00039614081257132236, 0.00039614081257132236]
Prune local model 8, pr_ratio = [0.0004951760157141529, 0.0004951760157141529, 0.0004951760157141529, 0.0004951760157141529]
Prune local model 3, pr_ratio = [0.0004951760157141529, 0.0004951760157141529, 0.0004951760157141529, 0.0004951760157141529]
Prune local model 1, pr_ratio = [0.00019807040628566118, 0.00019807040628566118, 0.00019807040628566118, 0.00019807040628566118]
Prune local model 5, pr_ratio = [0.0, 0.0, 0.0, 0.0]
Prune local model 2, pr_ratio = [0.00039614081257132236, 0.00039614081257132236, 0.00039614081257132236, 0.00039614081257132236]
Prune local model 6, pr_ratio = [0.00019807040628566118, 0.00019807040628566118, 0.00019807040628566118, 0.00019807040628566118]
Prune local model 9, pr_ratio = [0.0005942112188569835, 0.0005942112188569835, 0.0005942112188569835, 0.0005942112188569835]
Round: TPR: [0.87272727 0.85106383 0.56521739 0.62264151 0.35555556 0.60344828
 0.72413793 0.76595745 0.53333333 0.5       ]
Round: 31 Method: dapperfl Mean_Acc: 56.522 Best_Acc: 61.707
Domain_Acc: [60.71, 78.95, 43.1, 43.33] Domain_BestAcc: [65.62, 78.95, 53.45, 56.67]
Prune local model 7, pr_ratio = [0.00031691265005705796, 0.00031691265005705796, 0.00031691265005705796, 0.00031691265005705796]
Prune local model 6, pr_ratio = [0.00015845632502852898, 0.00015845632502852898, 0.00015845632502852898, 0.00015845632502852898]
Prune local model 8, pr_ratio = [0.0003961408125713224, 0.0003961408125713224, 0.0003961408125713224, 0.0003961408125713224]
Prune local model 5, pr_ratio = [0.0, 0.0, 0.0, 0.0]
Prune local model 0, pr_ratio = [0.0, 0.0, 0.0, 0.0]
Prune local model 9, pr_ratio = [0.00047536897508558687, 0.00047536897508558687, 0.00047536897508558687, 0.00047536897508558687]
Prune local model 3, pr_ratio = [0.0003961408125713224, 0.0003961408125713224, 0.0003961408125713224, 0.0003961408125713224]
Prune local model 2, pr_ratio = [0.00031691265005705796, 0.00031691265005705796, 0.00031691265005705796, 0.00031691265005705796]
Prune local model 4, pr_ratio = [0.00047536897508558687, 0.00047536897508558687, 0.00047536897508558687, 0.00047536897508558687]
Prune local model 1, pr_ratio = [0.00015845632502852898, 0.00015845632502852898, 0.00015845632502852898, 0.00015845632502852898]
Round: TPR: [0.83636364 0.85106383 0.56521739 0.66037736 0.48888889 0.62068966
 0.72413793 0.65957447 0.48888889 0.58333333]
Round: 32 Method: dapperfl Mean_Acc: 60.315 Best_Acc: 61.707
Domain_Acc: [61.61, 76.32, 50.0, 53.33] Domain_BestAcc: [65.62, 78.95, 53.45, 56.67]
Prune local model 1, pr_ratio = [0.00012676506002282317, 0.00012676506002282317, 0.00012676506002282317, 0.00012676506002282317]
Prune local model 8, pr_ratio = [0.0003169126500570579, 0.0003169126500570579, 0.0003169126500570579, 0.0003169126500570579]
Prune local model 6, pr_ratio = [0.00012676506002282317, 0.00012676506002282317, 0.00012676506002282317, 0.00012676506002282317]
Prune local model 0, pr_ratio = [0.0, 0.0, 0.0, 0.0]
Prune local model 7, pr_ratio = [0.00025353012004564635, 0.00025353012004564635, 0.00025353012004564635, 0.00025353012004564635]
Prune local model 5, pr_ratio = [0.0, 0.0, 0.0, 0.0]
Prune local model 3, pr_ratio = [0.0003169126500570579, 0.0003169126500570579, 0.0003169126500570579, 0.0003169126500570579]
Prune local model 9, pr_ratio = [0.00038029518006846947, 0.00038029518006846947, 0.00038029518006846947, 0.00038029518006846947]
Prune local model 4, pr_ratio = [0.00038029518006846947, 0.00038029518006846947, 0.00038029518006846947, 0.00038029518006846947]
Prune local model 2, pr_ratio = [0.00025353012004564635, 0.00025353012004564635, 0.00025353012004564635, 0.00025353012004564635]
Round: TPR: [0.83636364 0.80851064 0.69565217 0.79245283 0.53333333 0.5862069
 0.5862069  0.68085106 0.62222222 0.5       ]
Round: 33 Method: dapperfl Mean_Acc: 58.762 Best_Acc: 61.707
Domain_Acc: [62.5, 81.05, 44.83, 46.67] Domain_BestAcc: [65.62, 81.05, 53.45, 56.67]
Prune local model 7, pr_ratio = [0.00020282409603651709, 0.00020282409603651709, 0.00020282409603651709, 0.00020282409603651709]
Prune local model 1, pr_ratio = [0.00010141204801825854, 0.00010141204801825854, 0.00010141204801825854, 0.00010141204801825854]
Prune local model 4, pr_ratio = [0.0003042361440547756, 0.0003042361440547756, 0.0003042361440547756, 0.0003042361440547756]
Prune local model 2, pr_ratio = [0.00020282409603651709, 0.00020282409603651709, 0.00020282409603651709, 0.00020282409603651709]
Prune local model 5, pr_ratio = [0.0, 0.0, 0.0, 0.0]
Prune local model 3, pr_ratio = [0.00025353012004564635, 0.00025353012004564635, 0.00025353012004564635, 0.00025353012004564635]
Prune local model 6, pr_ratio = [0.00010141204801825854, 0.00010141204801825854, 0.00010141204801825854, 0.00010141204801825854]
Prune local model 8, pr_ratio = [0.00025353012004564635, 0.00025353012004564635, 0.00025353012004564635, 0.00025353012004564635]
Prune local model 9, pr_ratio = [0.0003042361440547756, 0.0003042361440547756, 0.0003042361440547756, 0.0003042361440547756]
Prune local model 0, pr_ratio = [0.0, 0.0, 0.0, 0.0]
Round: TPR: [0.83636364 0.87234043 0.54347826 0.60377358 0.44444444 0.65517241
 0.67241379 0.76595745 0.6        0.64583333]
Round: 34 Method: dapperfl Mean_Acc: 60.67 Best_Acc: 61.707
Domain_Acc: [62.95, 77.89, 55.17, 46.67] Domain_BestAcc: [65.62, 81.05, 55.17, 56.67]
Prune local model 0, pr_ratio = [0.0, 0.0, 0.0, 0.0]
Prune local model 3, pr_ratio = [0.00020282409603651709, 0.00020282409603651709, 0.00020282409603651709, 0.00020282409603651709]
Prune local model 5, pr_ratio = [0.0, 0.0, 0.0, 0.0]
Prune local model 6, pr_ratio = [8.112963841460684e-05, 8.112963841460684e-05, 8.112963841460684e-05, 8.112963841460684e-05]
Prune local model 1, pr_ratio = [8.112963841460684e-05, 8.112963841460684e-05, 8.112963841460684e-05, 8.112963841460684e-05]
Prune local model 9, pr_ratio = [0.0002433889152438205, 0.0002433889152438205, 0.0002433889152438205, 0.0002433889152438205]
Prune local model 7, pr_ratio = [0.00016225927682921368, 0.00016225927682921368, 0.00016225927682921368, 0.00016225927682921368]
Prune local model 4, pr_ratio = [0.0002433889152438205, 0.0002433889152438205, 0.0002433889152438205, 0.0002433889152438205]
Prune local model 2, pr_ratio = [0.00016225927682921368, 0.00016225927682921368, 0.00016225927682921368, 0.00016225927682921368]
Prune local model 8, pr_ratio = [0.00020282409603651709, 0.00020282409603651709, 0.00020282409603651709, 0.00020282409603651709]
Round: TPR: [0.83636364 0.85106383 0.56521739 0.71698113 0.44444444 0.62068966
 0.65517241 0.74468085 0.68888889 0.54166667]
Round: 35 Method: dapperfl Mean_Acc: 58.777 Best_Acc: 61.707
Domain_Acc: [63.39, 80.0, 51.72, 40.0] Domain_BestAcc: [65.62, 81.05, 55.17, 56.67]
Prune local model 0, pr_ratio = [0.0, 0.0, 0.0, 0.0]
Prune local model 5, pr_ratio = [0.0, 0.0, 0.0, 0.0]
Prune local model 7, pr_ratio = [0.00012980742146337094, 0.00012980742146337094, 0.00012980742146337094, 0.00012980742146337094]
Prune local model 8, pr_ratio = [0.00016225927682921368, 0.00016225927682921368, 0.00016225927682921368, 0.00016225927682921368]
Prune local model 3, pr_ratio = [0.00016225927682921368, 0.00016225927682921368, 0.00016225927682921368, 0.00016225927682921368]
Prune local model 9, pr_ratio = [0.00019471113219505641, 0.00019471113219505641, 0.00019471113219505641, 0.00019471113219505641]
Prune local model 2, pr_ratio = [0.00012980742146337094, 0.00012980742146337094, 0.00012980742146337094, 0.00012980742146337094]
Prune local model 4, pr_ratio = [0.00019471113219505641, 0.00019471113219505641, 0.00019471113219505641, 0.00019471113219505641]
Prune local model 1, pr_ratio = [6.490371073168547e-05, 6.490371073168547e-05, 6.490371073168547e-05, 6.490371073168547e-05]
Prune local model 6, pr_ratio = [6.490371073168547e-05, 6.490371073168547e-05, 6.490371073168547e-05, 6.490371073168547e-05]
Round: TPR: [0.89090909 0.82978723 0.54347826 0.60377358 0.33333333 0.55172414
 0.63793103 0.85106383 0.42222222 0.47916667]
Round: 36 Method: dapperfl Mean_Acc: 54.292 Best_Acc: 61.707
Domain_Acc: [56.7, 77.37, 43.1, 40.0] Domain_BestAcc: [65.62, 81.05, 55.17, 56.67]
Prune local model 6, pr_ratio = [5.192296858534839e-05, 5.192296858534839e-05, 5.192296858534839e-05, 5.192296858534839e-05]
Prune local model 8, pr_ratio = [0.00012980742146337097, 0.00012980742146337097, 0.00012980742146337097, 0.00012980742146337097]
Prune local model 1, pr_ratio = [5.192296858534839e-05, 5.192296858534839e-05, 5.192296858534839e-05, 5.192296858534839e-05]
Prune local model 3, pr_ratio = [0.00012980742146337097, 0.00012980742146337097, 0.00012980742146337097, 0.00012980742146337097]
Prune local model 9, pr_ratio = [0.00015576890575604515, 0.00015576890575604515, 0.00015576890575604515, 0.00015576890575604515]
Prune local model 2, pr_ratio = [0.00010384593717069678, 0.00010384593717069678, 0.00010384593717069678, 0.00010384593717069678]
Prune local model 4, pr_ratio = [0.00015576890575604515, 0.00015576890575604515, 0.00015576890575604515, 0.00015576890575604515]
Prune local model 7, pr_ratio = [0.00010384593717069678, 0.00010384593717069678, 0.00010384593717069678, 0.00010384593717069678]
Prune local model 5, pr_ratio = [0.0, 0.0, 0.0, 0.0]
Prune local model 0, pr_ratio = [0.0, 0.0, 0.0, 0.0]
Round: TPR: [0.87272727 0.85106383 0.67391304 0.67924528 0.71111111 0.51724138
 0.65517241 0.65957447 0.2        0.47916667]
Round: 37 Method: dapperfl Mean_Acc: 58.282 Best_Acc: 61.707
Domain_Acc: [59.82, 75.26, 41.38, 56.67] Domain_BestAcc: [65.62, 81.05, 55.17, 56.67]
Prune local model 9, pr_ratio = [0.00012461512460483612, 0.00012461512460483612, 0.00012461512460483612, 0.00012461512460483612]
Prune local model 3, pr_ratio = [0.00010384593717069677, 0.00010384593717069677, 0.00010384593717069677, 0.00010384593717069677]
Prune local model 7, pr_ratio = [8.307674973655741e-05, 8.307674973655741e-05, 8.307674973655741e-05, 8.307674973655741e-05]
Prune local model 0, pr_ratio = [0.0, 0.0, 0.0, 0.0]
Prune local model 2, pr_ratio = [8.307674973655741e-05, 8.307674973655741e-05, 8.307674973655741e-05, 8.307674973655741e-05]
Prune local model 8, pr_ratio = [0.00010384593717069677, 0.00010384593717069677, 0.00010384593717069677, 0.00010384593717069677]
Prune local model 4, pr_ratio = [0.00012461512460483612, 0.00012461512460483612, 0.00012461512460483612, 0.00012461512460483612]
Prune local model 1, pr_ratio = [4.1538374868278706e-05, 4.1538374868278706e-05, 4.1538374868278706e-05, 4.1538374868278706e-05]
Prune local model 5, pr_ratio = [0.0, 0.0, 0.0, 0.0]
Prune local model 6, pr_ratio = [4.1538374868278706e-05, 4.1538374868278706e-05, 4.1538374868278706e-05, 4.1538374868278706e-05]
Round: TPR: [0.87272727 0.87234043 0.69565217 0.58490566 0.53333333 0.67241379
 0.62068966 0.70212766 0.53333333 0.4375    ]
Round: 38 Method: dapperfl Mean_Acc: 60.525 Best_Acc: 61.707
Domain_Acc: [59.82, 78.95, 50.0, 53.33] Domain_BestAcc: [65.62, 81.05, 55.17, 56.67]
Prune local model 7, pr_ratio = [6.646139978924594e-05, 6.646139978924594e-05, 6.646139978924594e-05, 6.646139978924594e-05]
Prune local model 0, pr_ratio = [0.0, 0.0, 0.0, 0.0]
Prune local model 1, pr_ratio = [3.323069989462297e-05, 3.323069989462297e-05, 3.323069989462297e-05, 3.323069989462297e-05]
Prune local model 2, pr_ratio = [6.646139978924594e-05, 6.646139978924594e-05, 6.646139978924594e-05, 6.646139978924594e-05]
Prune local model 5, pr_ratio = [0.0, 0.0, 0.0, 0.0]
Prune local model 8, pr_ratio = [8.307674973655743e-05, 8.307674973655743e-05, 8.307674973655743e-05, 8.307674973655743e-05]
Prune local model 6, pr_ratio = [3.323069989462297e-05, 3.323069989462297e-05, 3.323069989462297e-05, 3.323069989462297e-05]
Prune local model 4, pr_ratio = [9.969209968386891e-05, 9.969209968386891e-05, 9.969209968386891e-05, 9.969209968386891e-05]
Prune local model 3, pr_ratio = [8.307674973655743e-05, 8.307674973655743e-05, 8.307674973655743e-05, 8.307674973655743e-05]
Prune local model 9, pr_ratio = [9.969209968386891e-05, 9.969209968386891e-05, 9.969209968386891e-05, 9.969209968386891e-05]
Round: TPR: [0.90909091 0.80851064 0.5        0.73584906 0.46666667 0.68965517
 0.70689655 0.74468085 0.51111111 0.58333333]
Round: 39 Method: dapperfl Mean_Acc: 60.128 Best_Acc: 61.707
Domain_Acc: [63.84, 80.0, 50.0, 46.67] Domain_BestAcc: [65.62, 81.05, 55.17, 56.67]
Prune local model 5, pr_ratio = [0.0, 0.0, 0.0, 0.0]
Prune local model 2, pr_ratio = [5.316911983139675e-05, 5.316911983139675e-05, 5.316911983139675e-05, 5.316911983139675e-05]
Prune local model 3, pr_ratio = [6.646139978924594e-05, 6.646139978924594e-05, 6.646139978924594e-05, 6.646139978924594e-05]
Prune local model 0, pr_ratio = [0.0, 0.0, 0.0, 0.0]
Prune local model 4, pr_ratio = [7.975367974709513e-05, 7.975367974709513e-05, 7.975367974709513e-05, 7.975367974709513e-05]
Prune local model 9, pr_ratio = [7.975367974709513e-05, 7.975367974709513e-05, 7.975367974709513e-05, 7.975367974709513e-05]
Prune local model 7, pr_ratio = [5.316911983139675e-05, 5.316911983139675e-05, 5.316911983139675e-05, 5.316911983139675e-05]
Prune local model 1, pr_ratio = [2.6584559915698375e-05, 2.6584559915698375e-05, 2.6584559915698375e-05, 2.6584559915698375e-05]
Prune local model 6, pr_ratio = [2.6584559915698375e-05, 2.6584559915698375e-05, 2.6584559915698375e-05, 2.6584559915698375e-05]
Prune local model 8, pr_ratio = [6.646139978924594e-05, 6.646139978924594e-05, 6.646139978924594e-05, 6.646139978924594e-05]
Round: TPR: [0.90909091 0.85106383 0.67391304 0.58490566 0.55555556 0.70689655
 0.67241379 0.82978723 0.82222222 0.47916667]
Round: 40 Method: dapperfl Mean_Acc: 65.14 Best_Acc: 65.14
Domain_Acc: [65.18, 85.26, 53.45, 56.67] Domain_BestAcc: [65.62, 85.26, 55.17, 56.67]
Prune local model 0, pr_ratio = [0.0, 0.0, 0.0, 0.0]
Prune local model 5, pr_ratio = [0.0, 0.0, 0.0, 0.0]
Prune local model 4, pr_ratio = [6.38029437976761e-05, 6.38029437976761e-05, 6.38029437976761e-05, 6.38029437976761e-05]
Prune local model 3, pr_ratio = [5.316911983139676e-05, 5.316911983139676e-05, 5.316911983139676e-05, 5.316911983139676e-05]
Prune local model 2, pr_ratio = [4.253529586511741e-05, 4.253529586511741e-05, 4.253529586511741e-05, 4.253529586511741e-05]
Prune local model 8, pr_ratio = [5.316911983139676e-05, 5.316911983139676e-05, 5.316911983139676e-05, 5.316911983139676e-05]
Prune local model 7, pr_ratio = [4.253529586511741e-05, 4.253529586511741e-05, 4.253529586511741e-05, 4.253529586511741e-05]
Prune local model 9, pr_ratio = [6.38029437976761e-05, 6.38029437976761e-05, 6.38029437976761e-05, 6.38029437976761e-05]
Prune local model 1, pr_ratio = [2.1267647932558706e-05, 2.1267647932558706e-05, 2.1267647932558706e-05, 2.1267647932558706e-05]
Prune local model 6, pr_ratio = [2.1267647932558706e-05, 2.1267647932558706e-05, 2.1267647932558706e-05, 2.1267647932558706e-05]
Round: TPR: [0.85454545 0.85106383 0.63043478 0.62264151 0.53333333 0.63793103
 0.63793103 0.65957447 0.57777778 0.75      ]
Round: 41 Method: dapperfl Mean_Acc: 60.63 Best_Acc: 65.14
Domain_Acc: [65.18, 78.95, 51.72, 46.67] Domain_BestAcc: [65.62, 85.26, 55.17, 56.67]
Prune local model 1, pr_ratio = [1.7014118346046962e-05, 1.7014118346046962e-05, 1.7014118346046962e-05, 1.7014118346046962e-05]
Prune local model 3, pr_ratio = [4.2535295865117404e-05, 4.2535295865117404e-05, 4.2535295865117404e-05, 4.2535295865117404e-05]
Prune local model 4, pr_ratio = [5.1042355038140885e-05, 5.1042355038140885e-05, 5.1042355038140885e-05, 5.1042355038140885e-05]
Prune local model 2, pr_ratio = [3.4028236692093924e-05, 3.4028236692093924e-05, 3.4028236692093924e-05, 3.4028236692093924e-05]
Prune local model 9, pr_ratio = [5.1042355038140885e-05, 5.1042355038140885e-05, 5.1042355038140885e-05, 5.1042355038140885e-05]
Prune local model 8, pr_ratio = [4.2535295865117404e-05, 4.2535295865117404e-05, 4.2535295865117404e-05, 4.2535295865117404e-05]
Prune local model 5, pr_ratio = [0.0, 0.0, 0.0, 0.0]
Prune local model 6, pr_ratio = [1.7014118346046962e-05, 1.7014118346046962e-05, 1.7014118346046962e-05, 1.7014118346046962e-05]
Prune local model 7, pr_ratio = [3.4028236692093924e-05, 3.4028236692093924e-05, 3.4028236692093924e-05, 3.4028236692093924e-05]
Prune local model 0, pr_ratio = [0.0, 0.0, 0.0, 0.0]
Round: TPR: [0.81818182 0.85106383 0.69565217 0.58490566 0.4        0.68965517
 0.67241379 0.76595745 0.77777778 0.52083333]
Round: 42 Method: dapperfl Mean_Acc: 60.378 Best_Acc: 65.14
Domain_Acc: [64.73, 80.0, 53.45, 43.33] Domain_BestAcc: [65.62, 85.26, 55.17, 56.67]
Prune local model 0, pr_ratio = [0.0, 0.0, 0.0, 0.0]
Prune local model 6, pr_ratio = [1.3611294676837573e-05, 1.3611294676837573e-05, 1.3611294676837573e-05, 1.3611294676837573e-05]
Prune local model 4, pr_ratio = [4.0833884030512714e-05, 4.0833884030512714e-05, 4.0833884030512714e-05, 4.0833884030512714e-05]
Prune local model 7, pr_ratio = [2.7222589353675147e-05, 2.7222589353675147e-05, 2.7222589353675147e-05, 2.7222589353675147e-05]
Prune local model 1, pr_ratio = [1.3611294676837573e-05, 1.3611294676837573e-05, 1.3611294676837573e-05, 1.3611294676837573e-05]
Prune local model 3, pr_ratio = [3.402823669209393e-05, 3.402823669209393e-05, 3.402823669209393e-05, 3.402823669209393e-05]
Prune local model 2, pr_ratio = [2.7222589353675147e-05, 2.7222589353675147e-05, 2.7222589353675147e-05, 2.7222589353675147e-05]
Prune local model 8, pr_ratio = [3.402823669209393e-05, 3.402823669209393e-05, 3.402823669209393e-05, 3.402823669209393e-05]
Prune local model 5, pr_ratio = [0.0, 0.0, 0.0, 0.0]
Prune local model 9, pr_ratio = [4.0833884030512714e-05, 4.0833884030512714e-05, 4.0833884030512714e-05, 4.0833884030512714e-05]
Round: TPR: [0.87272727 0.82978723 0.65217391 0.71698113 0.53333333 0.65517241
 0.67241379 0.72340426 0.62222222 0.5625    ]
Round: 43 Method: dapperfl Mean_Acc: 63.37 Best_Acc: 65.14
Domain_Acc: [65.62, 79.47, 51.72, 56.67] Domain_BestAcc: [65.62, 85.26, 55.17, 56.67]
Prune local model 1, pr_ratio = [1.0889035741470058e-05, 1.0889035741470058e-05, 1.0889035741470058e-05, 1.0889035741470058e-05]
Prune local model 0, pr_ratio = [0.0, 0.0, 0.0, 0.0]
Prune local model 5, pr_ratio = [0.0, 0.0, 0.0, 0.0]
Prune local model 7, pr_ratio = [2.1778071482940116e-05, 2.1778071482940116e-05, 2.1778071482940116e-05, 2.1778071482940116e-05]
Prune local model 2, pr_ratio = [2.1778071482940116e-05, 2.1778071482940116e-05, 2.1778071482940116e-05, 2.1778071482940116e-05]
Prune local model 4, pr_ratio = [3.266710722441017e-05, 3.266710722441017e-05, 3.266710722441017e-05, 3.266710722441017e-05]
Prune local model 3, pr_ratio = [2.7222589353675144e-05, 2.7222589353675144e-05, 2.7222589353675144e-05, 2.7222589353675144e-05]
Prune local model 6, pr_ratio = [1.0889035741470058e-05, 1.0889035741470058e-05, 1.0889035741470058e-05, 1.0889035741470058e-05]
Prune local model 8, pr_ratio = [2.7222589353675144e-05, 2.7222589353675144e-05, 2.7222589353675144e-05, 2.7222589353675144e-05]
Prune local model 9, pr_ratio = [3.266710722441017e-05, 3.266710722441017e-05, 3.266710722441017e-05, 3.266710722441017e-05]
Round: TPR: [0.85454545 0.85106383 0.58695652 0.60377358 0.57777778 0.63793103
 0.74137931 0.74468085 0.64444444 0.5625    ]
Round: 44 Method: dapperfl Mean_Acc: 62.365 Best_Acc: 65.14
Domain_Acc: [64.29, 80.0, 55.17, 50.0] Domain_BestAcc: [65.62, 85.26, 55.17, 56.67]
Prune local model 4, pr_ratio = [2.6133685779528137e-05, 2.6133685779528137e-05, 2.6133685779528137e-05, 2.6133685779528137e-05]
Prune local model 1, pr_ratio = [8.711228593176047e-06, 8.711228593176047e-06, 8.711228593176047e-06, 8.711228593176047e-06]
Prune local model 6, pr_ratio = [8.711228593176047e-06, 8.711228593176047e-06, 8.711228593176047e-06, 8.711228593176047e-06]
Prune local model 8, pr_ratio = [2.1778071482940116e-05, 2.1778071482940116e-05, 2.1778071482940116e-05, 2.1778071482940116e-05]
Prune local model 9, pr_ratio = [2.6133685779528137e-05, 2.6133685779528137e-05, 2.6133685779528137e-05, 2.6133685779528137e-05]
Prune local model 2, pr_ratio = [1.7422457186352094e-05, 1.7422457186352094e-05, 1.7422457186352094e-05, 1.7422457186352094e-05]
Prune local model 0, pr_ratio = [0.0, 0.0, 0.0, 0.0]
Prune local model 3, pr_ratio = [2.1778071482940116e-05, 2.1778071482940116e-05, 2.1778071482940116e-05, 2.1778071482940116e-05]
Prune local model 7, pr_ratio = [1.7422457186352094e-05, 1.7422457186352094e-05, 1.7422457186352094e-05, 1.7422457186352094e-05]
Prune local model 5, pr_ratio = [0.0, 0.0, 0.0, 0.0]
Round: TPR: [0.87272727 0.82978723 0.52173913 0.71698113 0.53333333 0.72413793
 0.65517241 0.59574468 0.48888889 0.60416667]
Round: 45 Method: dapperfl Mean_Acc: 59.695 Best_Acc: 65.14
Domain_Acc: [62.5, 77.89, 51.72, 46.67] Domain_BestAcc: [65.62, 85.26, 55.17, 56.67]
Prune local model 3, pr_ratio = [1.7422457186352094e-05, 1.7422457186352094e-05, 1.7422457186352094e-05, 1.7422457186352094e-05]
Prune local model 7, pr_ratio = [1.3937965749081676e-05, 1.3937965749081676e-05, 1.3937965749081676e-05, 1.3937965749081676e-05]
Prune local model 5, pr_ratio = [0.0, 0.0, 0.0, 0.0]
Prune local model 1, pr_ratio = [6.968982874540838e-06, 6.968982874540838e-06, 6.968982874540838e-06, 6.968982874540838e-06]
Prune local model 8, pr_ratio = [1.7422457186352094e-05, 1.7422457186352094e-05, 1.7422457186352094e-05, 1.7422457186352094e-05]
Prune local model 0, pr_ratio = [0.0, 0.0, 0.0, 0.0]
Prune local model 6, pr_ratio = [6.968982874540838e-06, 6.968982874540838e-06, 6.968982874540838e-06, 6.968982874540838e-06]
Prune local model 4, pr_ratio = [2.090694862362251e-05, 2.090694862362251e-05, 2.090694862362251e-05, 2.090694862362251e-05]
Prune local model 2, pr_ratio = [1.3937965749081676e-05, 1.3937965749081676e-05, 1.3937965749081676e-05, 1.3937965749081676e-05]
Prune local model 9, pr_ratio = [2.090694862362251e-05, 2.090694862362251e-05, 2.090694862362251e-05, 2.090694862362251e-05]
Round: TPR: [0.85454545 0.87234043 0.56521739 0.71698113 0.44444444 0.65517241
 0.79310345 0.78723404 0.66666667 0.54166667]
Round: 46 Method: dapperfl Mean_Acc: 61.628 Best_Acc: 65.14
Domain_Acc: [66.96, 81.05, 55.17, 43.33] Domain_BestAcc: [66.96, 85.26, 55.17, 56.67]
Prune local model 1, pr_ratio = [5.575186299632671e-06, 5.575186299632671e-06, 5.575186299632671e-06, 5.575186299632671e-06]
Prune local model 7, pr_ratio = [1.1150372599265342e-05, 1.1150372599265342e-05, 1.1150372599265342e-05, 1.1150372599265342e-05]
Prune local model 8, pr_ratio = [1.3937965749081676e-05, 1.3937965749081676e-05, 1.3937965749081676e-05, 1.3937965749081676e-05]
Prune local model 6, pr_ratio = [5.575186299632671e-06, 5.575186299632671e-06, 5.575186299632671e-06, 5.575186299632671e-06]
Prune local model 2, pr_ratio = [1.1150372599265342e-05, 1.1150372599265342e-05, 1.1150372599265342e-05, 1.1150372599265342e-05]
Prune local model 3, pr_ratio = [1.3937965749081676e-05, 1.3937965749081676e-05, 1.3937965749081676e-05, 1.3937965749081676e-05]
Prune local model 9, pr_ratio = [1.672555889889801e-05, 1.672555889889801e-05, 1.672555889889801e-05, 1.672555889889801e-05]
Prune local model 0, pr_ratio = [0.0, 0.0, 0.0, 0.0]
Prune local model 4, pr_ratio = [1.672555889889801e-05, 1.672555889889801e-05, 1.672555889889801e-05, 1.672555889889801e-05]
Prune local model 5, pr_ratio = [0.0, 0.0, 0.0, 0.0]
Round: TPR: [0.87272727 0.80851064 0.63043478 0.66037736 0.51111111 0.65517241
 0.72413793 0.78723404 0.75555556 0.58333333]
Round: 47 Method: dapperfl Mean_Acc: 65.232 Best_Acc: 65.232
Domain_Acc: [64.73, 82.63, 56.9, 56.67] Domain_BestAcc: [66.96, 85.26, 56.9, 56.67]
Prune local model 7, pr_ratio = [8.920298079412274e-06, 8.920298079412274e-06, 8.920298079412274e-06, 8.920298079412274e-06]
Prune local model 1, pr_ratio = [4.460149039706137e-06, 4.460149039706137e-06, 4.460149039706137e-06, 4.460149039706137e-06]
Prune local model 5, pr_ratio = [0.0, 0.0, 0.0, 0.0]
Prune local model 4, pr_ratio = [1.338044711911841e-05, 1.338044711911841e-05, 1.338044711911841e-05, 1.338044711911841e-05]
Prune local model 6, pr_ratio = [4.460149039706137e-06, 4.460149039706137e-06, 4.460149039706137e-06, 4.460149039706137e-06]
Prune local model 2, pr_ratio = [8.920298079412274e-06, 8.920298079412274e-06, 8.920298079412274e-06, 8.920298079412274e-06]
Prune local model 3, pr_ratio = [1.1150372599265342e-05, 1.1150372599265342e-05, 1.1150372599265342e-05, 1.1150372599265342e-05]
Prune local model 0, pr_ratio = [0.0, 0.0, 0.0, 0.0]
Prune local model 9, pr_ratio = [1.338044711911841e-05, 1.338044711911841e-05, 1.338044711911841e-05, 1.338044711911841e-05]
Prune local model 8, pr_ratio = [1.1150372599265342e-05, 1.1150372599265342e-05, 1.1150372599265342e-05, 1.1150372599265342e-05]
Round: TPR: [0.87272727 0.85106383 0.65217391 0.58490566 0.35555556 0.62068966
 0.74137931 0.74468085 0.66666667 0.70833333]
Round: 48 Method: dapperfl Mean_Acc: 65.13 Best_Acc: 65.232
Domain_Acc: [62.95, 78.95, 58.62, 60.0] Domain_BestAcc: [66.96, 85.26, 58.62, 60.0]
Prune local model 0, pr_ratio = [0.0, 0.0, 0.0, 0.0]
Prune local model 1, pr_ratio = [3.56811923176491e-06, 3.56811923176491e-06, 3.56811923176491e-06, 3.56811923176491e-06]
Prune local model 7, pr_ratio = [7.13623846352982e-06, 7.13623846352982e-06, 7.13623846352982e-06, 7.13623846352982e-06]
Prune local model 4, pr_ratio = [1.070435769529473e-05, 1.070435769529473e-05, 1.070435769529473e-05, 1.070435769529473e-05]
Prune local model 9, pr_ratio = [1.070435769529473e-05, 1.070435769529473e-05, 1.070435769529473e-05, 1.070435769529473e-05]
Prune local model 6, pr_ratio = [3.56811923176491e-06, 3.56811923176491e-06, 3.56811923176491e-06, 3.56811923176491e-06]
Prune local model 8, pr_ratio = [8.920298079412274e-06, 8.920298079412274e-06, 8.920298079412274e-06, 8.920298079412274e-06]
Prune local model 3, pr_ratio = [8.920298079412274e-06, 8.920298079412274e-06, 8.920298079412274e-06, 8.920298079412274e-06]
Prune local model 2, pr_ratio = [7.13623846352982e-06, 7.13623846352982e-06, 7.13623846352982e-06, 7.13623846352982e-06]
Prune local model 5, pr_ratio = [0.0, 0.0, 0.0, 0.0]
Round: TPR: [0.87272727 0.87234043 0.63043478 0.73584906 0.33333333 0.63793103
 0.75862069 0.78723404 0.57777778 0.58333333]
Round: 49 Method: dapperfl Mean_Acc: 62.515 Best_Acc: 65.232
Domain_Acc: [63.84, 81.05, 55.17, 50.0] Domain_BestAcc: [66.96, 85.26, 58.62, 60.0]
Prune local model 1, pr_ratio = [2.854495385411928e-06, 2.854495385411928e-06, 2.854495385411928e-06, 2.854495385411928e-06]
Prune local model 2, pr_ratio = [5.708990770823856e-06, 5.708990770823856e-06, 5.708990770823856e-06, 5.708990770823856e-06]
Prune local model 5, pr_ratio = [0.0, 0.0, 0.0, 0.0]
Prune local model 3, pr_ratio = [7.136238463529819e-06, 7.136238463529819e-06, 7.136238463529819e-06, 7.136238463529819e-06]
Prune local model 6, pr_ratio = [2.854495385411928e-06, 2.854495385411928e-06, 2.854495385411928e-06, 2.854495385411928e-06]
Prune local model 4, pr_ratio = [8.563486156235783e-06, 8.563486156235783e-06, 8.563486156235783e-06, 8.563486156235783e-06]
Prune local model 7, pr_ratio = [5.708990770823856e-06, 5.708990770823856e-06, 5.708990770823856e-06, 5.708990770823856e-06]
Prune local model 9, pr_ratio = [8.563486156235783e-06, 8.563486156235783e-06, 8.563486156235783e-06, 8.563486156235783e-06]
Prune local model 0, pr_ratio = [0.0, 0.0, 0.0, 0.0]
Prune local model 8, pr_ratio = [7.136238463529819e-06, 7.136238463529819e-06, 7.136238463529819e-06, 7.136238463529819e-06]
Round: TPR: [0.85454545 0.85106383 0.63043478 0.67924528 0.44444444 0.65517241
 0.77586207 0.72340426 0.73333333 0.625     ]
Round: 50 Method: dapperfl Mean_Acc: 63.75 Best_Acc: 65.232
Domain_Acc: [66.52, 81.58, 56.9, 50.0] Domain_BestAcc: [66.96, 85.26, 58.62, 60.0]
Prune local model 0, pr_ratio = [0.0, 0.0, 0.0, 0.0]
Prune local model 8, pr_ratio = [5.708990770823856e-06, 5.708990770823856e-06, 5.708990770823856e-06, 5.708990770823856e-06]
Prune local model 9, pr_ratio = [6.850788924988627e-06, 6.850788924988627e-06, 6.850788924988627e-06, 6.850788924988627e-06]
Prune local model 4, pr_ratio = [6.850788924988627e-06, 6.850788924988627e-06, 6.850788924988627e-06, 6.850788924988627e-06]
Prune local model 7, pr_ratio = [4.567192616659084e-06, 4.567192616659084e-06, 4.567192616659084e-06, 4.567192616659084e-06]
Prune local model 1, pr_ratio = [2.283596308329542e-06, 2.283596308329542e-06, 2.283596308329542e-06, 2.283596308329542e-06]
Prune local model 6, pr_ratio = [2.283596308329542e-06, 2.283596308329542e-06, 2.283596308329542e-06, 2.283596308329542e-06]
Prune local model 2, pr_ratio = [4.567192616659084e-06, 4.567192616659084e-06, 4.567192616659084e-06, 4.567192616659084e-06]
Prune local model 3, pr_ratio = [5.708990770823856e-06, 5.708990770823856e-06, 5.708990770823856e-06, 5.708990770823856e-06]
Prune local model 5, pr_ratio = [0.0, 0.0, 0.0, 0.0]
Round: TPR: [0.89090909 0.80851064 0.63043478 0.73584906 0.51111111 0.60344828
 0.77586207 0.72340426 0.6        0.58333333]
Round: 51 Method: dapperfl Mean_Acc: 63.53 Best_Acc: 65.232
Domain_Acc: [63.39, 82.11, 58.62, 50.0] Domain_BestAcc: [66.96, 85.26, 58.62, 60.0]
Prune local model 0, pr_ratio = [0.0, 0.0, 0.0, 0.0]
Prune local model 7, pr_ratio = [3.6537540933272684e-06, 3.6537540933272684e-06, 3.6537540933272684e-06, 3.6537540933272684e-06]
Prune local model 5, pr_ratio = [0.0, 0.0, 0.0, 0.0]
Prune local model 4, pr_ratio = [5.480631139990902e-06, 5.480631139990902e-06, 5.480631139990902e-06, 5.480631139990902e-06]
Prune local model 3, pr_ratio = [4.567192616659085e-06, 4.567192616659085e-06, 4.567192616659085e-06, 4.567192616659085e-06]
Prune local model 1, pr_ratio = [1.8268770466636342e-06, 1.8268770466636342e-06, 1.8268770466636342e-06, 1.8268770466636342e-06]
Prune local model 6, pr_ratio = [1.8268770466636342e-06, 1.8268770466636342e-06, 1.8268770466636342e-06, 1.8268770466636342e-06]
Prune local model 8, pr_ratio = [4.567192616659085e-06, 4.567192616659085e-06, 4.567192616659085e-06, 4.567192616659085e-06]
Prune local model 2, pr_ratio = [3.6537540933272684e-06, 3.6537540933272684e-06, 3.6537540933272684e-06, 3.6537540933272684e-06]
Prune local model 9, pr_ratio = [5.480631139990902e-06, 5.480631139990902e-06, 5.480631139990902e-06, 5.480631139990902e-06]
Round: TPR: [0.85454545 0.87234043 0.58695652 0.64150943 0.57777778 0.67241379
 0.77586207 0.74468085 0.68888889 0.5625    ]
Round: 52 Method: dapperfl Mean_Acc: 64.168 Best_Acc: 65.232
Domain_Acc: [63.84, 84.21, 58.62, 50.0] Domain_BestAcc: [66.96, 85.26, 58.62, 60.0]
Prune local model 7, pr_ratio = [2.9230032746618144e-06, 2.9230032746618144e-06, 2.9230032746618144e-06, 2.9230032746618144e-06]
Prune local model 9, pr_ratio = [4.384504911992722e-06, 4.384504911992722e-06, 4.384504911992722e-06, 4.384504911992722e-06]
Prune local model 5, pr_ratio = [0.0, 0.0, 0.0, 0.0]
Prune local model 6, pr_ratio = [1.4615016373309072e-06, 1.4615016373309072e-06, 1.4615016373309072e-06, 1.4615016373309072e-06]
Prune local model 0, pr_ratio = [0.0, 0.0, 0.0, 0.0]
Prune local model 3, pr_ratio = [3.653754093327268e-06, 3.653754093327268e-06, 3.653754093327268e-06, 3.653754093327268e-06]
Prune local model 2, pr_ratio = [2.9230032746618144e-06, 2.9230032746618144e-06, 2.9230032746618144e-06, 2.9230032746618144e-06]
Prune local model 4, pr_ratio = [4.384504911992722e-06, 4.384504911992722e-06, 4.384504911992722e-06, 4.384504911992722e-06]
Prune local model 8, pr_ratio = [3.653754093327268e-06, 3.653754093327268e-06, 3.653754093327268e-06, 3.653754093327268e-06]
Prune local model 1, pr_ratio = [1.4615016373309072e-06, 1.4615016373309072e-06, 1.4615016373309072e-06, 1.4615016373309072e-06]
Round: TPR: [0.87272727 0.82978723 0.69565217 0.71698113 0.48888889 0.63793103
 0.75862069 0.63829787 0.64444444 0.625     ]
Round: 53 Method: dapperfl Mean_Acc: 65.115 Best_Acc: 65.232
Domain_Acc: [62.95, 82.11, 62.07, 53.33] Domain_BestAcc: [66.96, 85.26, 62.07, 60.0]
Prune local model 2, pr_ratio = [2.338402619729452e-06, 2.338402619729452e-06, 2.338402619729452e-06, 2.338402619729452e-06]
Prune local model 0, pr_ratio = [0.0, 0.0, 0.0, 0.0]
Prune local model 3, pr_ratio = [2.9230032746618144e-06, 2.9230032746618144e-06, 2.9230032746618144e-06, 2.9230032746618144e-06]
Prune local model 5, pr_ratio = [0.0, 0.0, 0.0, 0.0]
Prune local model 4, pr_ratio = [3.507603929594177e-06, 3.507603929594177e-06, 3.507603929594177e-06, 3.507603929594177e-06]
Prune local model 6, pr_ratio = [1.169201309864726e-06, 1.169201309864726e-06, 1.169201309864726e-06, 1.169201309864726e-06]
Prune local model 9, pr_ratio = [3.507603929594177e-06, 3.507603929594177e-06, 3.507603929594177e-06, 3.507603929594177e-06]
Prune local model 8, pr_ratio = [2.9230032746618144e-06, 2.9230032746618144e-06, 2.9230032746618144e-06, 2.9230032746618144e-06]
Prune local model 1, pr_ratio = [1.169201309864726e-06, 1.169201309864726e-06, 1.169201309864726e-06, 1.169201309864726e-06]
Prune local model 7, pr_ratio = [2.338402619729452e-06, 2.338402619729452e-06, 2.338402619729452e-06, 2.338402619729452e-06]
Round: TPR: [0.83636364 0.91489362 0.63043478 0.62264151 0.55555556 0.77586207
 0.68965517 0.68085106 0.62222222 0.5625    ]
Round: 54 Method: dapperfl Mean_Acc: 65.43 Best_Acc: 65.43
Domain_Acc: [64.29, 80.53, 56.9, 60.0] Domain_BestAcc: [66.96, 85.26, 62.07, 60.0]
Prune local model 3, pr_ratio = [2.338402619729452e-06, 2.338402619729452e-06, 2.338402619729452e-06, 2.338402619729452e-06]
Prune local model 1, pr_ratio = [9.353610478917808e-07, 9.353610478917808e-07, 9.353610478917808e-07, 9.353610478917808e-07]
Prune local model 0, pr_ratio = [0.0, 0.0, 0.0, 0.0]
Prune local model 7, pr_ratio = [1.8707220957835615e-06, 1.8707220957835615e-06, 1.8707220957835615e-06, 1.8707220957835615e-06]
Prune local model 5, pr_ratio = [0.0, 0.0, 0.0, 0.0]
Prune local model 8, pr_ratio = [2.338402619729452e-06, 2.338402619729452e-06, 2.338402619729452e-06, 2.338402619729452e-06]
Prune local model 2, pr_ratio = [1.8707220957835615e-06, 1.8707220957835615e-06, 1.8707220957835615e-06, 1.8707220957835615e-06]
Prune local model 9, pr_ratio = [2.806083143675342e-06, 2.806083143675342e-06, 2.806083143675342e-06, 2.806083143675342e-06]
Prune local model 4, pr_ratio = [2.806083143675342e-06, 2.806083143675342e-06, 2.806083143675342e-06, 2.806083143675342e-06]
Prune local model 6, pr_ratio = [9.353610478917808e-07, 9.353610478917808e-07, 9.353610478917808e-07, 9.353610478917808e-07]
Round: TPR: [0.90909091 0.82978723 0.65217391 0.71698113 0.48888889 0.67241379
 0.75862069 0.74468085 0.64444444 0.66666667]
Round: 55 Method: dapperfl Mean_Acc: 65.798 Best_Acc: 65.798
Domain_Acc: [67.41, 82.11, 60.34, 53.33] Domain_BestAcc: [67.41, 85.26, 62.07, 60.0]
Prune local model 7, pr_ratio = [1.4965776766268494e-06, 1.4965776766268494e-06, 1.4965776766268494e-06, 1.4965776766268494e-06]
Prune local model 2, pr_ratio = [1.4965776766268494e-06, 1.4965776766268494e-06, 1.4965776766268494e-06, 1.4965776766268494e-06]
Prune local model 1, pr_ratio = [7.482888383134247e-07, 7.482888383134247e-07, 7.482888383134247e-07, 7.482888383134247e-07]
Prune local model 6, pr_ratio = [7.482888383134247e-07, 7.482888383134247e-07, 7.482888383134247e-07, 7.482888383134247e-07]
Prune local model 0, pr_ratio = [0.0, 0.0, 0.0, 0.0]
Prune local model 3, pr_ratio = [1.8707220957835615e-06, 1.8707220957835615e-06, 1.8707220957835615e-06, 1.8707220957835615e-06]
Prune local model 9, pr_ratio = [2.2448665149402737e-06, 2.2448665149402737e-06, 2.2448665149402737e-06, 2.2448665149402737e-06]
Prune local model 4, pr_ratio = [2.2448665149402737e-06, 2.2448665149402737e-06, 2.2448665149402737e-06, 2.2448665149402737e-06]
Prune local model 8, pr_ratio = [1.8707220957835615e-06, 1.8707220957835615e-06, 1.8707220957835615e-06, 1.8707220957835615e-06]
Prune local model 5, pr_ratio = [0.0, 0.0, 0.0, 0.0]
Round: TPR: [0.89090909 0.85106383 0.63043478 0.66037736 0.46666667 0.68965517
 0.75862069 0.82978723 0.66666667 0.54166667]
Round: 56 Method: dapperfl Mean_Acc: 64.88 Best_Acc: 65.798
Domain_Acc: [64.29, 83.16, 62.07, 50.0] Domain_BestAcc: [67.41, 85.26, 62.07, 60.0]
Prune local model 6, pr_ratio = [5.986310706507398e-07, 5.986310706507398e-07, 5.986310706507398e-07, 5.986310706507398e-07]
Prune local model 0, pr_ratio = [0.0, 0.0, 0.0, 0.0]
Prune local model 1, pr_ratio = [5.986310706507398e-07, 5.986310706507398e-07, 5.986310706507398e-07, 5.986310706507398e-07]
Prune local model 3, pr_ratio = [1.4965776766268494e-06, 1.4965776766268494e-06, 1.4965776766268494e-06, 1.4965776766268494e-06]
Prune local model 9, pr_ratio = [1.7958932119522193e-06, 1.7958932119522193e-06, 1.7958932119522193e-06, 1.7958932119522193e-06]
Prune local model 8, pr_ratio = [1.4965776766268494e-06, 1.4965776766268494e-06, 1.4965776766268494e-06, 1.4965776766268494e-06]
Prune local model 4, pr_ratio = [1.7958932119522193e-06, 1.7958932119522193e-06, 1.7958932119522193e-06, 1.7958932119522193e-06]
Prune local model 5, pr_ratio = [0.0, 0.0, 0.0, 0.0]
Prune local model 7, pr_ratio = [1.1972621413014795e-06, 1.1972621413014795e-06, 1.1972621413014795e-06, 1.1972621413014795e-06]
Prune local model 2, pr_ratio = [1.1972621413014795e-06, 1.1972621413014795e-06, 1.1972621413014795e-06, 1.1972621413014795e-06]
Round: TPR: [0.87272727 0.87234043 0.67391304 0.71698113 0.48888889 0.75862069
 0.74137931 0.70212766 0.68888889 0.58333333]
Round: 57 Method: dapperfl Mean_Acc: 67.61 Best_Acc: 67.61
Domain_Acc: [65.62, 82.63, 65.52, 56.67] Domain_BestAcc: [67.41, 85.26, 65.52, 60.0]
Prune local model 8, pr_ratio = [1.1972621413014795e-06, 1.1972621413014795e-06, 1.1972621413014795e-06, 1.1972621413014795e-06]
Prune local model 5, pr_ratio = [0.0, 0.0, 0.0, 0.0]
Prune local model 6, pr_ratio = [4.789048565205919e-07, 4.789048565205919e-07, 4.789048565205919e-07, 4.789048565205919e-07]
Prune local model 4, pr_ratio = [1.4367145695617753e-06, 1.4367145695617753e-06, 1.4367145695617753e-06, 1.4367145695617753e-06]
Prune local model 3, pr_ratio = [1.1972621413014795e-06, 1.1972621413014795e-06, 1.1972621413014795e-06, 1.1972621413014795e-06]
Prune local model 9, pr_ratio = [1.4367145695617753e-06, 1.4367145695617753e-06, 1.4367145695617753e-06, 1.4367145695617753e-06]
Prune local model 7, pr_ratio = [9.578097130411837e-07, 9.578097130411837e-07, 9.578097130411837e-07, 9.578097130411837e-07]
Prune local model 1, pr_ratio = [4.789048565205919e-07, 4.789048565205919e-07, 4.789048565205919e-07, 4.789048565205919e-07]
Prune local model 2, pr_ratio = [9.578097130411837e-07, 9.578097130411837e-07, 9.578097130411837e-07, 9.578097130411837e-07]
Prune local model 0, pr_ratio = [0.0, 0.0, 0.0, 0.0]
Round: TPR: [0.89090909 0.87234043 0.7173913  0.66037736 0.6        0.72413793
 0.70689655 0.72340426 0.68888889 0.60416667]
Round: 58 Method: dapperfl Mean_Acc: 67.685 Best_Acc: 67.685
Domain_Acc: [66.07, 84.21, 63.79, 56.67] Domain_BestAcc: [67.41, 85.26, 65.52, 60.0]
Prune local model 6, pr_ratio = [3.8312388521647353e-07, 3.8312388521647353e-07, 3.8312388521647353e-07, 3.8312388521647353e-07]
Prune local model 7, pr_ratio = [7.662477704329471e-07, 7.662477704329471e-07, 7.662477704329471e-07, 7.662477704329471e-07]
Prune local model 2, pr_ratio = [7.662477704329471e-07, 7.662477704329471e-07, 7.662477704329471e-07, 7.662477704329471e-07]
Prune local model 1, pr_ratio = [3.8312388521647353e-07, 3.8312388521647353e-07, 3.8312388521647353e-07, 3.8312388521647353e-07]
Prune local model 8, pr_ratio = [9.578097130411837e-07, 9.578097130411837e-07, 9.578097130411837e-07, 9.578097130411837e-07]
Prune local model 9, pr_ratio = [1.1493716556494205e-06, 1.1493716556494205e-06, 1.1493716556494205e-06, 1.1493716556494205e-06]
Prune local model 4, pr_ratio = [1.1493716556494205e-06, 1.1493716556494205e-06, 1.1493716556494205e-06, 1.1493716556494205e-06]
Prune local model 5, pr_ratio = [0.0, 0.0, 0.0, 0.0]
Prune local model 3, pr_ratio = [9.578097130411837e-07, 9.578097130411837e-07, 9.578097130411837e-07, 9.578097130411837e-07]
Prune local model 0, pr_ratio = [0.0, 0.0, 0.0, 0.0]
Round: TPR: [0.89090909 0.85106383 0.60869565 0.71698113 0.4        0.70689655
 0.81034483 0.72340426 0.62222222 0.58333333]
Round: 59 Method: dapperfl Mean_Acc: 63.552 Best_Acc: 67.685
Domain_Acc: [65.62, 81.58, 60.34, 46.67] Domain_BestAcc: [67.41, 85.26, 65.52, 60.0]
Prune local model 3, pr_ratio = [7.66247770432947e-07, 7.66247770432947e-07, 7.66247770432947e-07, 7.66247770432947e-07]
Prune local model 6, pr_ratio = [3.064991081731788e-07, 3.064991081731788e-07, 3.064991081731788e-07, 3.064991081731788e-07]
Prune local model 2, pr_ratio = [6.129982163463576e-07, 6.129982163463576e-07, 6.129982163463576e-07, 6.129982163463576e-07]
Prune local model 8, pr_ratio = [7.66247770432947e-07, 7.66247770432947e-07, 7.66247770432947e-07, 7.66247770432947e-07]
Prune local model 4, pr_ratio = [9.194973245195363e-07, 9.194973245195363e-07, 9.194973245195363e-07, 9.194973245195363e-07]
Prune local model 9, pr_ratio = [9.194973245195363e-07, 9.194973245195363e-07, 9.194973245195363e-07, 9.194973245195363e-07]
Prune local model 7, pr_ratio = [6.129982163463576e-07, 6.129982163463576e-07, 6.129982163463576e-07, 6.129982163463576e-07]
Prune local model 0, pr_ratio = [0.0, 0.0, 0.0, 0.0]
Prune local model 5, pr_ratio = [0.0, 0.0, 0.0, 0.0]
Prune local model 1, pr_ratio = [3.064991081731788e-07, 3.064991081731788e-07, 3.064991081731788e-07, 3.064991081731788e-07]
Round: TPR: [0.87272727 0.85106383 0.60869565 0.64150943 0.42222222 0.74137931
 0.74137931 0.76595745 0.64444444 0.75      ]
Round: 60 Method: dapperfl Mean_Acc: 66.792 Best_Acc: 67.685
Domain_Acc: [66.07, 80.53, 67.24, 53.33] Domain_BestAcc: [67.41, 85.26, 67.24, 60.0]
Prune local model 2, pr_ratio = [4.90398573077086e-07, 4.90398573077086e-07, 4.90398573077086e-07, 4.90398573077086e-07]
Prune local model 8, pr_ratio = [6.129982163463576e-07, 6.129982163463576e-07, 6.129982163463576e-07, 6.129982163463576e-07]
Prune local model 4, pr_ratio = [7.355978596156291e-07, 7.355978596156291e-07, 7.355978596156291e-07, 7.355978596156291e-07]
Prune local model 9, pr_ratio = [7.355978596156291e-07, 7.355978596156291e-07, 7.355978596156291e-07, 7.355978596156291e-07]
Prune local model 7, pr_ratio = [4.90398573077086e-07, 4.90398573077086e-07, 4.90398573077086e-07, 4.90398573077086e-07]
Prune local model 6, pr_ratio = [2.45199286538543e-07, 2.45199286538543e-07, 2.45199286538543e-07, 2.45199286538543e-07]
Prune local model 0, pr_ratio = [0.0, 0.0, 0.0, 0.0]
Prune local model 3, pr_ratio = [6.129982163463576e-07, 6.129982163463576e-07, 6.129982163463576e-07, 6.129982163463576e-07]
Prune local model 5, pr_ratio = [0.0, 0.0, 0.0, 0.0]
Prune local model 1, pr_ratio = [2.45199286538543e-07, 2.45199286538543e-07, 2.45199286538543e-07, 2.45199286538543e-07]
Round: TPR: [0.8        0.85106383 0.69565217 0.66037736 0.44444444 0.67241379
 0.63793103 0.72340426 0.68888889 0.6875    ]
Round: 61 Method: dapperfl Mean_Acc: 64.353 Best_Acc: 67.685
Domain_Acc: [63.84, 80.0, 56.9, 56.67] Domain_BestAcc: [67.41, 85.26, 67.24, 60.0]
Prune local model 7, pr_ratio = [3.9231885846166895e-07, 3.9231885846166895e-07, 3.9231885846166895e-07, 3.9231885846166895e-07]
Prune local model 5, pr_ratio = [0.0, 0.0, 0.0, 0.0]
Prune local model 9, pr_ratio = [5.884782876925034e-07, 5.884782876925034e-07, 5.884782876925034e-07, 5.884782876925034e-07]
Prune local model 2, pr_ratio = [3.9231885846166895e-07, 3.9231885846166895e-07, 3.9231885846166895e-07, 3.9231885846166895e-07]
Prune local model 6, pr_ratio = [1.9615942923083448e-07, 1.9615942923083448e-07, 1.9615942923083448e-07, 1.9615942923083448e-07]
Prune local model 3, pr_ratio = [4.903985730770861e-07, 4.903985730770861e-07, 4.903985730770861e-07, 4.903985730770861e-07]
Prune local model 8, pr_ratio = [4.903985730770861e-07, 4.903985730770861e-07, 4.903985730770861e-07, 4.903985730770861e-07]
Prune local model 1, pr_ratio = [1.9615942923083448e-07, 1.9615942923083448e-07, 1.9615942923083448e-07, 1.9615942923083448e-07]
Prune local model 0, pr_ratio = [0.0, 0.0, 0.0, 0.0]
Prune local model 4, pr_ratio = [5.884782876925034e-07, 5.884782876925034e-07, 5.884782876925034e-07, 5.884782876925034e-07]
Round: TPR: [0.83636364 0.89361702 0.60869565 0.60377358 0.46666667 0.70689655
 0.74137931 0.74468085 0.66666667 0.75      ]
Round: 62 Method: dapperfl Mean_Acc: 67.535 Best_Acc: 67.685
Domain_Acc: [63.84, 82.63, 60.34, 63.33] Domain_BestAcc: [67.41, 85.26, 67.24, 63.33]
Prune local model 2, pr_ratio = [3.1385508676933514e-07, 3.1385508676933514e-07, 3.1385508676933514e-07, 3.1385508676933514e-07]
Prune local model 8, pr_ratio = [3.923188584616689e-07, 3.923188584616689e-07, 3.923188584616689e-07, 3.923188584616689e-07]
Prune local model 0, pr_ratio = [0.0, 0.0, 0.0, 0.0]
Prune local model 6, pr_ratio = [1.5692754338466757e-07, 1.5692754338466757e-07, 1.5692754338466757e-07, 1.5692754338466757e-07]
Prune local model 7, pr_ratio = [3.1385508676933514e-07, 3.1385508676933514e-07, 3.1385508676933514e-07, 3.1385508676933514e-07]
Prune local model 3, pr_ratio = [3.923188584616689e-07, 3.923188584616689e-07, 3.923188584616689e-07, 3.923188584616689e-07]
Prune local model 1, pr_ratio = [1.5692754338466757e-07, 1.5692754338466757e-07, 1.5692754338466757e-07, 1.5692754338466757e-07]
Prune local model 9, pr_ratio = [4.7078263015400266e-07, 4.7078263015400266e-07, 4.7078263015400266e-07, 4.7078263015400266e-07]
Prune local model 5, pr_ratio = [0.0, 0.0, 0.0, 0.0]
Prune local model 4, pr_ratio = [4.7078263015400266e-07, 4.7078263015400266e-07, 4.7078263015400266e-07, 4.7078263015400266e-07]
Round: TPR: [0.85454545 0.82978723 0.65217391 0.66037736 0.62222222 0.67241379
 0.79310345 0.55319149 0.62222222 0.66666667]
Round: 63 Method: dapperfl Mean_Acc: 67.208 Best_Acc: 67.685
Domain_Acc: [63.84, 79.47, 65.52, 60.0] Domain_BestAcc: [67.41, 85.26, 67.24, 63.33]
Prune local model 2, pr_ratio = [2.510840694154681e-07, 2.510840694154681e-07, 2.510840694154681e-07, 2.510840694154681e-07]
Prune local model 8, pr_ratio = [3.1385508676933514e-07, 3.1385508676933514e-07, 3.1385508676933514e-07, 3.1385508676933514e-07]
Prune local model 4, pr_ratio = [3.7662610412320217e-07, 3.7662610412320217e-07, 3.7662610412320217e-07, 3.7662610412320217e-07]
Prune local model 7, pr_ratio = [2.510840694154681e-07, 2.510840694154681e-07, 2.510840694154681e-07, 2.510840694154681e-07]
Prune local model 3, pr_ratio = [3.1385508676933514e-07, 3.1385508676933514e-07, 3.1385508676933514e-07, 3.1385508676933514e-07]
Prune local model 9, pr_ratio = [3.7662610412320217e-07, 3.7662610412320217e-07, 3.7662610412320217e-07, 3.7662610412320217e-07]
Prune local model 1, pr_ratio = [1.2554203470773406e-07, 1.2554203470773406e-07, 1.2554203470773406e-07, 1.2554203470773406e-07]
Prune local model 6, pr_ratio = [1.2554203470773406e-07, 1.2554203470773406e-07, 1.2554203470773406e-07, 1.2554203470773406e-07]
Prune local model 0, pr_ratio = [0.0, 0.0, 0.0, 0.0]
Prune local model 5, pr_ratio = [0.0, 0.0, 0.0, 0.0]
Round: TPR: [0.87272727 0.82978723 0.69565217 0.75471698 0.4        0.67241379
 0.67241379 0.70212766 0.64444444 0.66666667]
Round: 64 Method: dapperfl Mean_Acc: 65.138 Best_Acc: 67.685
Domain_Acc: [64.73, 80.53, 58.62, 56.67] Domain_BestAcc: [67.41, 85.26, 67.24, 63.33]
Prune local model 3, pr_ratio = [2.510840694154681e-07, 2.510840694154681e-07, 2.510840694154681e-07, 2.510840694154681e-07]
Prune local model 7, pr_ratio = [2.008672555323745e-07, 2.008672555323745e-07, 2.008672555323745e-07, 2.008672555323745e-07]
Prune local model 1, pr_ratio = [1.0043362776618725e-07, 1.0043362776618725e-07, 1.0043362776618725e-07, 1.0043362776618725e-07]
Prune local model 5, pr_ratio = [0.0, 0.0, 0.0, 0.0]
Prune local model 4, pr_ratio = [3.013008832985617e-07, 3.013008832985617e-07, 3.013008832985617e-07, 3.013008832985617e-07]
Prune local model 6, pr_ratio = [1.0043362776618725e-07, 1.0043362776618725e-07, 1.0043362776618725e-07, 1.0043362776618725e-07]
Prune local model 0, pr_ratio = [0.0, 0.0, 0.0, 0.0]
Prune local model 9, pr_ratio = [3.013008832985617e-07, 3.013008832985617e-07, 3.013008832985617e-07, 3.013008832985617e-07]
Prune local model 2, pr_ratio = [2.008672555323745e-07, 2.008672555323745e-07, 2.008672555323745e-07, 2.008672555323745e-07]
Prune local model 8, pr_ratio = [2.510840694154681e-07, 2.510840694154681e-07, 2.510840694154681e-07, 2.510840694154681e-07]
Round: TPR: [0.85454545 0.82978723 0.67391304 0.64150943 0.46666667 0.67241379
 0.81034483 0.72340426 0.66666667 0.60416667]
Round: 65 Method: dapperfl Mean_Acc: 66.175 Best_Acc: 67.685
Domain_Acc: [65.18, 78.95, 67.24, 53.33] Domain_BestAcc: [67.41, 85.26, 67.24, 63.33]
Prune local model 7, pr_ratio = [1.6069380442589963e-07, 1.6069380442589963e-07, 1.6069380442589963e-07, 1.6069380442589963e-07]
Prune local model 3, pr_ratio = [2.0086725553237452e-07, 2.0086725553237452e-07, 2.0086725553237452e-07, 2.0086725553237452e-07]
Prune local model 6, pr_ratio = [8.034690221294981e-08, 8.034690221294981e-08, 8.034690221294981e-08, 8.034690221294981e-08]
Prune local model 1, pr_ratio = [8.034690221294981e-08, 8.034690221294981e-08, 8.034690221294981e-08, 8.034690221294981e-08]
Prune local model 0, pr_ratio = [0.0, 0.0, 0.0, 0.0]
Prune local model 2, pr_ratio = [1.6069380442589963e-07, 1.6069380442589963e-07, 1.6069380442589963e-07, 1.6069380442589963e-07]
Prune local model 8, pr_ratio = [2.0086725553237452e-07, 2.0086725553237452e-07, 2.0086725553237452e-07, 2.0086725553237452e-07]
Prune local model 5, pr_ratio = [0.0, 0.0, 0.0, 0.0]
Prune local model 4, pr_ratio = [2.410407066388494e-07, 2.410407066388494e-07, 2.410407066388494e-07, 2.410407066388494e-07]
Prune local model 9, pr_ratio = [2.410407066388494e-07, 2.410407066388494e-07, 2.410407066388494e-07, 2.410407066388494e-07]
Round: TPR: [0.87272727 0.85106383 0.65217391 0.71698113 0.48888889 0.74137931
 0.74137931 0.70212766 0.62222222 0.60416667]
Round: 66 Method: dapperfl Mean_Acc: 66.995 Best_Acc: 67.685
Domain_Acc: [66.96, 78.95, 62.07, 60.0] Domain_BestAcc: [67.41, 85.26, 67.24, 63.33]
Prune local model 5, pr_ratio = [0.0, 0.0, 0.0, 0.0]
Prune local model 0, pr_ratio = [0.0, 0.0, 0.0, 0.0]
Prune local model 4, pr_ratio = [1.9283256531107955e-07, 1.9283256531107955e-07, 1.9283256531107955e-07, 1.9283256531107955e-07]
Prune local model 7, pr_ratio = [1.285550435407197e-07, 1.285550435407197e-07, 1.285550435407197e-07, 1.285550435407197e-07]
Prune local model 3, pr_ratio = [1.6069380442589963e-07, 1.6069380442589963e-07, 1.6069380442589963e-07, 1.6069380442589963e-07]
Prune local model 8, pr_ratio = [1.6069380442589963e-07, 1.6069380442589963e-07, 1.6069380442589963e-07, 1.6069380442589963e-07]
Prune local model 6, pr_ratio = [6.427752177035985e-08, 6.427752177035985e-08, 6.427752177035985e-08, 6.427752177035985e-08]
Prune local model 1, pr_ratio = [6.427752177035985e-08, 6.427752177035985e-08, 6.427752177035985e-08, 6.427752177035985e-08]
Prune local model 9, pr_ratio = [1.9283256531107955e-07, 1.9283256531107955e-07, 1.9283256531107955e-07, 1.9283256531107955e-07]
Prune local model 2, pr_ratio = [1.285550435407197e-07, 1.285550435407197e-07, 1.285550435407197e-07, 1.285550435407197e-07]
Round: TPR: [0.87272727 0.85106383 0.65217391 0.71698113 0.62222222 0.70689655
 0.81034483 0.63829787 0.66666667 0.60416667]
Round: 67 Method: dapperfl Mean_Acc: 68.795 Best_Acc: 68.795
Domain_Acc: [67.41, 80.53, 67.24, 60.0] Domain_BestAcc: [67.41, 85.26, 67.24, 63.33]
Prune local model 2, pr_ratio = [1.0284403483257577e-07, 1.0284403483257577e-07, 1.0284403483257577e-07, 1.0284403483257577e-07]
Prune local model 4, pr_ratio = [1.5426605224886364e-07, 1.5426605224886364e-07, 1.5426605224886364e-07, 1.5426605224886364e-07]
Prune local model 7, pr_ratio = [1.0284403483257577e-07, 1.0284403483257577e-07, 1.0284403483257577e-07, 1.0284403483257577e-07]
Prune local model 9, pr_ratio = [1.5426605224886364e-07, 1.5426605224886364e-07, 1.5426605224886364e-07, 1.5426605224886364e-07]
Prune local model 3, pr_ratio = [1.285550435407197e-07, 1.285550435407197e-07, 1.285550435407197e-07, 1.285550435407197e-07]
Prune local model 5, pr_ratio = [0.0, 0.0, 0.0, 0.0]
Prune local model 1, pr_ratio = [5.1422017416287885e-08, 5.1422017416287885e-08, 5.1422017416287885e-08, 5.1422017416287885e-08]
Prune local model 6, pr_ratio = [5.1422017416287885e-08, 5.1422017416287885e-08, 5.1422017416287885e-08, 5.1422017416287885e-08]
Prune local model 0, pr_ratio = [0.0, 0.0, 0.0, 0.0]
Prune local model 8, pr_ratio = [1.285550435407197e-07, 1.285550435407197e-07, 1.285550435407197e-07, 1.285550435407197e-07]
Round: TPR: [0.87272727 0.87234043 0.67391304 0.67924528 0.42222222 0.74137931
 0.81034483 0.72340426 0.66666667 0.64583333]
Round: 68 Method: dapperfl Mean_Acc: 67.682 Best_Acc: 68.795
Domain_Acc: [66.96, 81.58, 65.52, 56.67] Domain_BestAcc: [67.41, 85.26, 67.24, 63.33]
Prune local model 7, pr_ratio = [8.227522786606062e-08, 8.227522786606062e-08, 8.227522786606062e-08, 8.227522786606062e-08]
Prune local model 0, pr_ratio = [0.0, 0.0, 0.0, 0.0]
Prune local model 4, pr_ratio = [1.234128417990909e-07, 1.234128417990909e-07, 1.234128417990909e-07, 1.234128417990909e-07]
Prune local model 9, pr_ratio = [1.234128417990909e-07, 1.234128417990909e-07, 1.234128417990909e-07, 1.234128417990909e-07]
Prune local model 6, pr_ratio = [4.113761393303031e-08, 4.113761393303031e-08, 4.113761393303031e-08, 4.113761393303031e-08]
Prune local model 1, pr_ratio = [4.113761393303031e-08, 4.113761393303031e-08, 4.113761393303031e-08, 4.113761393303031e-08]
Prune local model 5, pr_ratio = [0.0, 0.0, 0.0, 0.0]
Prune local model 3, pr_ratio = [1.0284403483257577e-07, 1.0284403483257577e-07, 1.0284403483257577e-07, 1.0284403483257577e-07]
Prune local model 8, pr_ratio = [1.0284403483257577e-07, 1.0284403483257577e-07, 1.0284403483257577e-07, 1.0284403483257577e-07]
Prune local model 2, pr_ratio = [8.227522786606062e-08, 8.227522786606062e-08, 8.227522786606062e-08, 8.227522786606062e-08]
Round: TPR: [0.87272727 0.85106383 0.67391304 0.77358491 0.46666667 0.74137931
 0.81034483 0.65957447 0.62222222 0.58333333]
Round: 69 Method: dapperfl Mean_Acc: 67.718 Best_Acc: 68.795
Domain_Acc: [66.96, 80.0, 67.24, 56.67] Domain_BestAcc: [67.41, 85.26, 67.24, 63.33]
Prune local model 8, pr_ratio = [8.227522786606062e-08, 8.227522786606062e-08, 8.227522786606062e-08, 8.227522786606062e-08]
Prune local model 4, pr_ratio = [9.873027343927274e-08, 9.873027343927274e-08, 9.873027343927274e-08, 9.873027343927274e-08]
Prune local model 9, pr_ratio = [9.873027343927274e-08, 9.873027343927274e-08, 9.873027343927274e-08, 9.873027343927274e-08]
Prune local model 5, pr_ratio = [0.0, 0.0, 0.0, 0.0]
Prune local model 0, pr_ratio = [0.0, 0.0, 0.0, 0.0]
Prune local model 2, pr_ratio = [6.58201822928485e-08, 6.58201822928485e-08, 6.58201822928485e-08, 6.58201822928485e-08]
Prune local model 6, pr_ratio = [3.291009114642425e-08, 3.291009114642425e-08, 3.291009114642425e-08, 3.291009114642425e-08]
Prune local model 1, pr_ratio = [3.291009114642425e-08, 3.291009114642425e-08, 3.291009114642425e-08, 3.291009114642425e-08]
Prune local model 3, pr_ratio = [8.227522786606062e-08, 8.227522786606062e-08, 8.227522786606062e-08, 8.227522786606062e-08]
Prune local model 7, pr_ratio = [6.58201822928485e-08, 6.58201822928485e-08, 6.58201822928485e-08, 6.58201822928485e-08]
Round: TPR: [0.67272727 0.85106383 0.82608696 0.75471698 0.6        0.63793103
 0.5862069  0.53191489 0.6        0.64583333]
Round: 70 Method: dapperfl Mean_Acc: 62.282 Best_Acc: 68.795
Domain_Acc: [61.16, 79.47, 55.17, 53.33] Domain_BestAcc: [67.41, 85.26, 67.24, 63.33]
Prune local model 1, pr_ratio = [2.63280729171394e-08, 2.63280729171394e-08, 2.63280729171394e-08, 2.63280729171394e-08]
Prune local model 2, pr_ratio = [5.26561458342788e-08, 5.26561458342788e-08, 5.26561458342788e-08, 5.26561458342788e-08]
Prune local model 3, pr_ratio = [6.58201822928485e-08, 6.58201822928485e-08, 6.58201822928485e-08, 6.58201822928485e-08]
Prune local model 8, pr_ratio = [6.58201822928485e-08, 6.58201822928485e-08, 6.58201822928485e-08, 6.58201822928485e-08]
Prune local model 9, pr_ratio = [7.89842187514182e-08, 7.89842187514182e-08, 7.89842187514182e-08, 7.89842187514182e-08]
Prune local model 5, pr_ratio = [0.0, 0.0, 0.0, 0.0]
Prune local model 7, pr_ratio = [5.26561458342788e-08, 5.26561458342788e-08, 5.26561458342788e-08, 5.26561458342788e-08]
Prune local model 0, pr_ratio = [0.0, 0.0, 0.0, 0.0]
Prune local model 4, pr_ratio = [7.89842187514182e-08, 7.89842187514182e-08, 7.89842187514182e-08, 7.89842187514182e-08]
Prune local model 6, pr_ratio = [2.63280729171394e-08, 2.63280729171394e-08, 2.63280729171394e-08, 2.63280729171394e-08]
Round: TPR: [0.89090909 0.87234043 0.52173913 0.56603774 0.44444444 0.63793103
 0.74137931 0.80851064 0.66666667 0.6875    ]
Round: 71 Method: dapperfl Mean_Acc: 64.305 Best_Acc: 68.795
Domain_Acc: [62.5, 81.05, 60.34, 53.33] Domain_BestAcc: [67.41, 85.26, 67.24, 63.33]
Prune local model 1, pr_ratio = [2.1062458333711523e-08, 2.1062458333711523e-08, 2.1062458333711523e-08, 2.1062458333711523e-08]
Prune local model 8, pr_ratio = [5.26561458342788e-08, 5.26561458342788e-08, 5.26561458342788e-08, 5.26561458342788e-08]
Prune local model 0, pr_ratio = [0.0, 0.0, 0.0, 0.0]
Prune local model 7, pr_ratio = [4.2124916667423047e-08, 4.2124916667423047e-08, 4.2124916667423047e-08, 4.2124916667423047e-08]
Prune local model 9, pr_ratio = [6.318737500113457e-08, 6.318737500113457e-08, 6.318737500113457e-08, 6.318737500113457e-08]
Prune local model 5, pr_ratio = [0.0, 0.0, 0.0, 0.0]
Prune local model 4, pr_ratio = [6.318737500113457e-08, 6.318737500113457e-08, 6.318737500113457e-08, 6.318737500113457e-08]
Prune local model 2, pr_ratio = [4.2124916667423047e-08, 4.2124916667423047e-08, 4.2124916667423047e-08, 4.2124916667423047e-08]
Prune local model 3, pr_ratio = [5.26561458342788e-08, 5.26561458342788e-08, 5.26561458342788e-08, 5.26561458342788e-08]
Prune local model 6, pr_ratio = [2.1062458333711523e-08, 2.1062458333711523e-08, 2.1062458333711523e-08, 2.1062458333711523e-08]
Round: TPR: [0.87272727 0.80851064 0.67391304 0.71698113 0.53333333 0.60344828
 0.79310345 0.65957447 0.75555556 0.58333333]
Round: 72 Method: dapperfl Mean_Acc: 65.518 Best_Acc: 68.795
Domain_Acc: [65.62, 81.05, 62.07, 53.33] Domain_BestAcc: [67.41, 85.26, 67.24, 63.33]
Prune local model 5, pr_ratio = [0.0, 0.0, 0.0, 0.0]
Prune local model 2, pr_ratio = [3.369993333393844e-08, 3.369993333393844e-08, 3.369993333393844e-08, 3.369993333393844e-08]
Prune local model 3, pr_ratio = [4.2124916667423047e-08, 4.2124916667423047e-08, 4.2124916667423047e-08, 4.2124916667423047e-08]
Prune local model 8, pr_ratio = [4.2124916667423047e-08, 4.2124916667423047e-08, 4.2124916667423047e-08, 4.2124916667423047e-08]
Prune local model 9, pr_ratio = [5.0549900000907656e-08, 5.0549900000907656e-08, 5.0549900000907656e-08, 5.0549900000907656e-08]
Prune local model 4, pr_ratio = [5.0549900000907656e-08, 5.0549900000907656e-08, 5.0549900000907656e-08, 5.0549900000907656e-08]
Prune local model 1, pr_ratio = [1.684996666696922e-08, 1.684996666696922e-08, 1.684996666696922e-08, 1.684996666696922e-08]
Prune local model 7, pr_ratio = [3.369993333393844e-08, 3.369993333393844e-08, 3.369993333393844e-08, 3.369993333393844e-08]
Prune local model 0, pr_ratio = [0.0, 0.0, 0.0, 0.0]
Prune local model 6, pr_ratio = [1.684996666696922e-08, 1.684996666696922e-08, 1.684996666696922e-08, 1.684996666696922e-08]
Round: TPR: [0.87272727 0.87234043 0.65217391 0.66037736 0.48888889 0.67241379
 0.79310345 0.76595745 0.66666667 0.60416667]
Round: 73 Method: dapperfl Mean_Acc: 66.338 Best_Acc: 68.795
Domain_Acc: [65.18, 83.16, 60.34, 56.67] Domain_BestAcc: [67.41, 85.26, 67.24, 63.33]
Prune local model 7, pr_ratio = [2.695994666715075e-08, 2.695994666715075e-08, 2.695994666715075e-08, 2.695994666715075e-08]
Prune local model 1, pr_ratio = [1.3479973333575376e-08, 1.3479973333575376e-08, 1.3479973333575376e-08, 1.3479973333575376e-08]
Prune local model 4, pr_ratio = [4.0439920000726123e-08, 4.0439920000726123e-08, 4.0439920000726123e-08, 4.0439920000726123e-08]
Prune local model 6, pr_ratio = [1.3479973333575376e-08, 1.3479973333575376e-08, 1.3479973333575376e-08, 1.3479973333575376e-08]
Prune local model 9, pr_ratio = [4.0439920000726123e-08, 4.0439920000726123e-08, 4.0439920000726123e-08, 4.0439920000726123e-08]
Prune local model 5, pr_ratio = [0.0, 0.0, 0.0, 0.0]
Prune local model 0, pr_ratio = [0.0, 0.0, 0.0, 0.0]
Prune local model 3, pr_ratio = [3.369993333393844e-08, 3.369993333393844e-08, 3.369993333393844e-08, 3.369993333393844e-08]
Prune local model 2, pr_ratio = [2.695994666715075e-08, 2.695994666715075e-08, 2.695994666715075e-08, 2.695994666715075e-08]
Prune local model 8, pr_ratio = [3.369993333393844e-08, 3.369993333393844e-08, 3.369993333393844e-08, 3.369993333393844e-08]
Round: TPR: [0.85454545 0.89361702 0.67391304 0.67924528 0.53333333 0.67241379
 0.70689655 0.72340426 0.64444444 0.54166667]
Round: 74 Method: dapperfl Mean_Acc: 65.092 Best_Acc: 68.795
Domain_Acc: [63.39, 81.58, 62.07, 53.33] Domain_BestAcc: [67.41, 85.26, 67.24, 63.33]
Prune local model 0, pr_ratio = [0.0, 0.0, 0.0, 0.0]
Prune local model 2, pr_ratio = [2.1567957333720603e-08, 2.1567957333720603e-08, 2.1567957333720603e-08, 2.1567957333720603e-08]
Prune local model 8, pr_ratio = [2.695994666715075e-08, 2.695994666715075e-08, 2.695994666715075e-08, 2.695994666715075e-08]
Prune local model 1, pr_ratio = [1.0783978666860301e-08, 1.0783978666860301e-08, 1.0783978666860301e-08, 1.0783978666860301e-08]
Prune local model 3, pr_ratio = [2.695994666715075e-08, 2.695994666715075e-08, 2.695994666715075e-08, 2.695994666715075e-08]
Prune local model 7, pr_ratio = [2.1567957333720603e-08, 2.1567957333720603e-08, 2.1567957333720603e-08, 2.1567957333720603e-08]
Prune local model 9, pr_ratio = [3.23519360005809e-08, 3.23519360005809e-08, 3.23519360005809e-08, 3.23519360005809e-08]
Prune local model 6, pr_ratio = [1.0783978666860301e-08, 1.0783978666860301e-08, 1.0783978666860301e-08, 1.0783978666860301e-08]
Prune local model 4, pr_ratio = [3.23519360005809e-08, 3.23519360005809e-08, 3.23519360005809e-08, 3.23519360005809e-08]
Prune local model 5, pr_ratio = [0.0, 0.0, 0.0, 0.0]
Round: TPR: [0.87272727 0.82978723 0.67391304 0.75471698 0.44444444 0.67241379
 0.81034483 0.65957447 0.66666667 0.70833333]
Round: 75 Method: dapperfl Mean_Acc: 68.252 Best_Acc: 68.795
Domain_Acc: [66.96, 80.53, 65.52, 60.0] Domain_BestAcc: [67.41, 85.26, 67.24, 63.33]
Prune local model 5, pr_ratio = [0.0, 0.0, 0.0, 0.0]
Prune local model 9, pr_ratio = [2.588154880046472e-08, 2.588154880046472e-08, 2.588154880046472e-08, 2.588154880046472e-08]
Prune local model 3, pr_ratio = [2.1567957333720603e-08, 2.1567957333720603e-08, 2.1567957333720603e-08, 2.1567957333720603e-08]
Prune local model 7, pr_ratio = [1.7254365866976484e-08, 1.7254365866976484e-08, 1.7254365866976484e-08, 1.7254365866976484e-08]
Prune local model 2, pr_ratio = [1.7254365866976484e-08, 1.7254365866976484e-08, 1.7254365866976484e-08, 1.7254365866976484e-08]
Prune local model 1, pr_ratio = [8.627182933488242e-09, 8.627182933488242e-09, 8.627182933488242e-09, 8.627182933488242e-09]
Prune local model 0, pr_ratio = [0.0, 0.0, 0.0, 0.0]
Prune local model 6, pr_ratio = [8.627182933488242e-09, 8.627182933488242e-09, 8.627182933488242e-09, 8.627182933488242e-09]
Prune local model 8, pr_ratio = [2.1567957333720603e-08, 2.1567957333720603e-08, 2.1567957333720603e-08, 2.1567957333720603e-08]
Prune local model 4, pr_ratio = [2.588154880046472e-08, 2.588154880046472e-08, 2.588154880046472e-08, 2.588154880046472e-08]
Round: TPR: [0.87272727 0.85106383 0.69565217 0.67924528 0.51111111 0.70689655
 0.81034483 0.72340426 0.68888889 0.52083333]
Round: 76 Method: dapperfl Mean_Acc: 66.73 Best_Acc: 68.795
Domain_Acc: [66.07, 82.11, 62.07, 56.67] Domain_BestAcc: [67.41, 85.26, 67.24, 63.33]
Prune local model 1, pr_ratio = [6.901746346790594e-09, 6.901746346790594e-09, 6.901746346790594e-09, 6.901746346790594e-09]
Prune local model 4, pr_ratio = [2.070523904037178e-08, 2.070523904037178e-08, 2.070523904037178e-08, 2.070523904037178e-08]
Prune local model 6, pr_ratio = [6.901746346790594e-09, 6.901746346790594e-09, 6.901746346790594e-09, 6.901746346790594e-09]
Prune local model 0, pr_ratio = [0.0, 0.0, 0.0, 0.0]
Prune local model 2, pr_ratio = [1.3803492693581189e-08, 1.3803492693581189e-08, 1.3803492693581189e-08, 1.3803492693581189e-08]
Prune local model 5, pr_ratio = [0.0, 0.0, 0.0, 0.0]
Prune local model 3, pr_ratio = [1.7254365866976484e-08, 1.7254365866976484e-08, 1.7254365866976484e-08, 1.7254365866976484e-08]
Prune local model 7, pr_ratio = [1.3803492693581189e-08, 1.3803492693581189e-08, 1.3803492693581189e-08, 1.3803492693581189e-08]
Prune local model 9, pr_ratio = [2.070523904037178e-08, 2.070523904037178e-08, 2.070523904037178e-08, 2.070523904037178e-08]
Prune local model 8, pr_ratio = [1.7254365866976484e-08, 1.7254365866976484e-08, 1.7254365866976484e-08, 1.7254365866976484e-08]
Round: TPR: [0.87272727 0.85106383 0.65217391 0.77358491 0.55555556 0.72413793
 0.75862069 0.63829787 0.64444444 0.72916667]
Round: 77 Method: dapperfl Mean_Acc: 68.11 Best_Acc: 68.795
Domain_Acc: [69.2, 81.05, 65.52, 56.67] Domain_BestAcc: [69.2, 85.26, 67.24, 63.33]
Prune local model 6, pr_ratio = [5.521397077432475e-09, 5.521397077432475e-09, 5.521397077432475e-09, 5.521397077432475e-09]
Prune local model 1, pr_ratio = [5.521397077432475e-09, 5.521397077432475e-09, 5.521397077432475e-09, 5.521397077432475e-09]
Prune local model 5, pr_ratio = [0.0, 0.0, 0.0, 0.0]
Prune local model 7, pr_ratio = [1.104279415486495e-08, 1.104279415486495e-08, 1.104279415486495e-08, 1.104279415486495e-08]
Prune local model 0, pr_ratio = [0.0, 0.0, 0.0, 0.0]
Prune local model 9, pr_ratio = [1.6564191232297423e-08, 1.6564191232297423e-08, 1.6564191232297423e-08, 1.6564191232297423e-08]
Prune local model 3, pr_ratio = [1.3803492693581187e-08, 1.3803492693581187e-08, 1.3803492693581187e-08, 1.3803492693581187e-08]
Prune local model 4, pr_ratio = [1.6564191232297423e-08, 1.6564191232297423e-08, 1.6564191232297423e-08, 1.6564191232297423e-08]
Prune local model 2, pr_ratio = [1.104279415486495e-08, 1.104279415486495e-08, 1.104279415486495e-08, 1.104279415486495e-08]
Prune local model 8, pr_ratio = [1.3803492693581187e-08, 1.3803492693581187e-08, 1.3803492693581187e-08, 1.3803492693581187e-08]
Round: TPR: [0.85454545 0.85106383 0.65217391 0.69811321 0.57777778 0.67241379
 0.79310345 0.63829787 0.57777778 0.60416667]
Round: 78 Method: dapperfl Mean_Acc: 64.702 Best_Acc: 68.795
Domain_Acc: [66.07, 78.95, 63.79, 50.0] Domain_BestAcc: [69.2, 85.26, 67.24, 63.33]
Prune local model 9, pr_ratio = [1.3251352985837939e-08, 1.3251352985837939e-08, 1.3251352985837939e-08, 1.3251352985837939e-08]
Prune local model 3, pr_ratio = [1.104279415486495e-08, 1.104279415486495e-08, 1.104279415486495e-08, 1.104279415486495e-08]
Prune local model 1, pr_ratio = [4.4171176619459805e-09, 4.4171176619459805e-09, 4.4171176619459805e-09, 4.4171176619459805e-09]
Prune local model 2, pr_ratio = [8.834235323891961e-09, 8.834235323891961e-09, 8.834235323891961e-09, 8.834235323891961e-09]
Prune local model 0, pr_ratio = [0.0, 0.0, 0.0, 0.0]
Prune local model 7, pr_ratio = [8.834235323891961e-09, 8.834235323891961e-09, 8.834235323891961e-09, 8.834235323891961e-09]
Prune local model 5, pr_ratio = [0.0, 0.0, 0.0, 0.0]
Prune local model 6, pr_ratio = [4.4171176619459805e-09, 4.4171176619459805e-09, 4.4171176619459805e-09, 4.4171176619459805e-09]
Prune local model 8, pr_ratio = [1.104279415486495e-08, 1.104279415486495e-08, 1.104279415486495e-08, 1.104279415486495e-08]
Prune local model 4, pr_ratio = [1.3251352985837939e-08, 1.3251352985837939e-08, 1.3251352985837939e-08, 1.3251352985837939e-08]
Round: TPR: [0.85454545 0.85106383 0.54347826 0.54716981 0.62222222 0.62068966
 0.79310345 0.72340426 0.33333333 0.60416667]
Round: 79 Method: dapperfl Mean_Acc: 60.445 Best_Acc: 68.795
Domain_Acc: [61.61, 76.84, 50.0, 53.33] Domain_BestAcc: [69.2, 85.26, 67.24, 63.33]
Prune local model 4, pr_ratio = [1.0601082388670354e-08, 1.0601082388670354e-08, 1.0601082388670354e-08, 1.0601082388670354e-08]
Prune local model 2, pr_ratio = [7.067388259113569e-09, 7.067388259113569e-09, 7.067388259113569e-09, 7.067388259113569e-09]
Prune local model 5, pr_ratio = [0.0, 0.0, 0.0, 0.0]
Prune local model 8, pr_ratio = [8.834235323891961e-09, 8.834235323891961e-09, 8.834235323891961e-09, 8.834235323891961e-09]
Prune local model 3, pr_ratio = [8.834235323891961e-09, 8.834235323891961e-09, 8.834235323891961e-09, 8.834235323891961e-09]
Prune local model 1, pr_ratio = [3.5336941295567847e-09, 3.5336941295567847e-09, 3.5336941295567847e-09, 3.5336941295567847e-09]
Prune local model 9, pr_ratio = [1.0601082388670354e-08, 1.0601082388670354e-08, 1.0601082388670354e-08, 1.0601082388670354e-08]
Prune local model 6, pr_ratio = [3.5336941295567847e-09, 3.5336941295567847e-09, 3.5336941295567847e-09, 3.5336941295567847e-09]
Prune local model 7, pr_ratio = [7.067388259113569e-09, 7.067388259113569e-09, 7.067388259113569e-09, 7.067388259113569e-09]
Prune local model 0, pr_ratio = [0.0, 0.0, 0.0, 0.0]
Round: TPR: [0.87272727 0.82978723 0.7173913  0.75471698 0.44444444 0.68965517
 0.77586207 0.65957447 0.71111111 0.625     ]
Round: 80 Method: dapperfl Mean_Acc: 67.44 Best_Acc: 68.795
Domain_Acc: [66.52, 81.05, 65.52, 56.67] Domain_BestAcc: [69.2, 85.26, 67.24, 63.33]
Prune local model 9, pr_ratio = [8.480865910936283e-09, 8.480865910936283e-09, 8.480865910936283e-09, 8.480865910936283e-09]
Prune local model 3, pr_ratio = [7.067388259113569e-09, 7.067388259113569e-09, 7.067388259113569e-09, 7.067388259113569e-09]
Prune local model 0, pr_ratio = [0.0, 0.0, 0.0, 0.0]
Prune local model 2, pr_ratio = [5.653910607290856e-09, 5.653910607290856e-09, 5.653910607290856e-09, 5.653910607290856e-09]
Prune local model 5, pr_ratio = [0.0, 0.0, 0.0, 0.0]
Prune local model 1, pr_ratio = [2.826955303645428e-09, 2.826955303645428e-09, 2.826955303645428e-09, 2.826955303645428e-09]
Prune local model 4, pr_ratio = [8.480865910936283e-09, 8.480865910936283e-09, 8.480865910936283e-09, 8.480865910936283e-09]
Prune local model 8, pr_ratio = [7.067388259113569e-09, 7.067388259113569e-09, 7.067388259113569e-09, 7.067388259113569e-09]
Prune local model 7, pr_ratio = [5.653910607290856e-09, 5.653910607290856e-09, 5.653910607290856e-09, 5.653910607290856e-09]
Prune local model 6, pr_ratio = [2.826955303645428e-09, 2.826955303645428e-09, 2.826955303645428e-09, 2.826955303645428e-09]
Round: TPR: [0.87272727 0.85106383 0.65217391 0.66037736 0.44444444 0.68965517
 0.79310345 0.72340426 0.71111111 0.60416667]
Round: 81 Method: dapperfl Mean_Acc: 66.052 Best_Acc: 68.795
Domain_Acc: [65.62, 81.58, 60.34, 56.67] Domain_BestAcc: [69.2, 85.26, 67.24, 63.33]
Prune local model 6, pr_ratio = [2.2615642429163424e-09, 2.2615642429163424e-09, 2.2615642429163424e-09, 2.2615642429163424e-09]
Prune local model 5, pr_ratio = [0.0, 0.0, 0.0, 0.0]
Prune local model 2, pr_ratio = [4.523128485832685e-09, 4.523128485832685e-09, 4.523128485832685e-09, 4.523128485832685e-09]
Prune local model 3, pr_ratio = [5.653910607290855e-09, 5.653910607290855e-09, 5.653910607290855e-09, 5.653910607290855e-09]
Prune local model 0, pr_ratio = [0.0, 0.0, 0.0, 0.0]
Prune local model 4, pr_ratio = [6.784692728749026e-09, 6.784692728749026e-09, 6.784692728749026e-09, 6.784692728749026e-09]
Prune local model 1, pr_ratio = [2.2615642429163424e-09, 2.2615642429163424e-09, 2.2615642429163424e-09, 2.2615642429163424e-09]
Prune local model 7, pr_ratio = [4.523128485832685e-09, 4.523128485832685e-09, 4.523128485832685e-09, 4.523128485832685e-09]
Prune local model 8, pr_ratio = [5.653910607290855e-09, 5.653910607290855e-09, 5.653910607290855e-09, 5.653910607290855e-09]
Prune local model 9, pr_ratio = [6.784692728749026e-09, 6.784692728749026e-09, 6.784692728749026e-09, 6.784692728749026e-09]
Round: TPR: [0.87272727 0.87234043 0.65217391 0.67924528 0.35555556 0.63793103
 0.74137931 0.70212766 0.64444444 0.625     ]
Round: 82 Method: dapperfl Mean_Acc: 63.582 Best_Acc: 68.795
Domain_Acc: [63.84, 78.42, 62.07, 50.0] Domain_BestAcc: [69.2, 85.26, 67.24, 63.33]
Prune local model 5, pr_ratio = [0.0, 0.0, 0.0, 0.0]
Prune local model 0, pr_ratio = [0.0, 0.0, 0.0, 0.0]
Prune local model 2, pr_ratio = [3.6185027886661478e-09, 3.6185027886661478e-09, 3.6185027886661478e-09, 3.6185027886661478e-09]
Prune local model 7, pr_ratio = [3.6185027886661478e-09, 3.6185027886661478e-09, 3.6185027886661478e-09, 3.6185027886661478e-09]
Prune local model 1, pr_ratio = [1.8092513943330739e-09, 1.8092513943330739e-09, 1.8092513943330739e-09, 1.8092513943330739e-09]
Prune local model 6, pr_ratio = [1.8092513943330739e-09, 1.8092513943330739e-09, 1.8092513943330739e-09, 1.8092513943330739e-09]
Prune local model 8, pr_ratio = [4.523128485832685e-09, 4.523128485832685e-09, 4.523128485832685e-09, 4.523128485832685e-09]
Prune local model 9, pr_ratio = [5.427754182999222e-09, 5.427754182999222e-09, 5.427754182999222e-09, 5.427754182999222e-09]
Prune local model 3, pr_ratio = [4.523128485832685e-09, 4.523128485832685e-09, 4.523128485832685e-09, 4.523128485832685e-09]
Prune local model 4, pr_ratio = [5.427754182999222e-09, 5.427754182999222e-09, 5.427754182999222e-09, 5.427754182999222e-09]
Round: TPR: [0.87272727 0.82978723 0.67391304 0.73584906 0.44444444 0.70689655
 0.75862069 0.63829787 0.71111111 0.64583333]
Round: 83 Method: dapperfl Mean_Acc: 66.722 Best_Acc: 68.795
Domain_Acc: [66.96, 79.47, 63.79, 56.67] Domain_BestAcc: [69.2, 85.26, 67.24, 63.33]
Prune local model 2, pr_ratio = [2.8948022309329185e-09, 2.8948022309329185e-09, 2.8948022309329185e-09, 2.8948022309329185e-09]
Prune local model 0, pr_ratio = [0.0, 0.0, 0.0, 0.0]
Prune local model 6, pr_ratio = [1.4474011154664592e-09, 1.4474011154664592e-09, 1.4474011154664592e-09, 1.4474011154664592e-09]
Prune local model 5, pr_ratio = [0.0, 0.0, 0.0, 0.0]
Prune local model 8, pr_ratio = [3.6185027886661478e-09, 3.6185027886661478e-09, 3.6185027886661478e-09, 3.6185027886661478e-09]
Prune local model 1, pr_ratio = [1.4474011154664592e-09, 1.4474011154664592e-09, 1.4474011154664592e-09, 1.4474011154664592e-09]
Prune local model 3, pr_ratio = [3.6185027886661478e-09, 3.6185027886661478e-09, 3.6185027886661478e-09, 3.6185027886661478e-09]
Prune local model 9, pr_ratio = [4.3422033463993775e-09, 4.3422033463993775e-09, 4.3422033463993775e-09, 4.3422033463993775e-09]
Prune local model 4, pr_ratio = [4.3422033463993775e-09, 4.3422033463993775e-09, 4.3422033463993775e-09, 4.3422033463993775e-09]
Prune local model 7, pr_ratio = [2.8948022309329185e-09, 2.8948022309329185e-09, 2.8948022309329185e-09, 2.8948022309329185e-09]
Round: TPR: [0.87272727 0.85106383 0.67391304 0.73584906 0.46666667 0.67241379
 0.77586207 0.76595745 0.71111111 0.58333333]
Round: 84 Method: dapperfl Mean_Acc: 66.672 Best_Acc: 68.795
Domain_Acc: [66.52, 83.16, 60.34, 56.67] Domain_BestAcc: [69.2, 85.26, 67.24, 63.33]
Prune local model 5, pr_ratio = [0.0, 0.0, 0.0, 0.0]
Prune local model 2, pr_ratio = [2.315841784746335e-09, 2.315841784746335e-09, 2.315841784746335e-09, 2.315841784746335e-09]
Prune local model 0, pr_ratio = [0.0, 0.0, 0.0, 0.0]
Prune local model 6, pr_ratio = [1.1579208923731674e-09, 1.1579208923731674e-09, 1.1579208923731674e-09, 1.1579208923731674e-09]
Prune local model 4, pr_ratio = [3.473762677119502e-09, 3.473762677119502e-09, 3.473762677119502e-09, 3.473762677119502e-09]
Prune local model 3, pr_ratio = [2.8948022309329185e-09, 2.8948022309329185e-09, 2.8948022309329185e-09, 2.8948022309329185e-09]
Prune local model 7, pr_ratio = [2.315841784746335e-09, 2.315841784746335e-09, 2.315841784746335e-09, 2.315841784746335e-09]
Prune local model 1, pr_ratio = [1.1579208923731674e-09, 1.1579208923731674e-09, 1.1579208923731674e-09, 1.1579208923731674e-09]
Prune local model 9, pr_ratio = [3.473762677119502e-09, 3.473762677119502e-09, 3.473762677119502e-09, 3.473762677119502e-09]
Prune local model 8, pr_ratio = [2.8948022309329185e-09, 2.8948022309329185e-09, 2.8948022309329185e-09, 2.8948022309329185e-09]
Round: TPR: [0.89090909 0.85106383 0.65217391 0.66037736 0.51111111 0.72413793
 0.79310345 0.68085106 0.64444444 0.625     ]
Round: 85 Method: dapperfl Mean_Acc: 67.318 Best_Acc: 68.795
Domain_Acc: [65.62, 81.58, 62.07, 60.0] Domain_BestAcc: [69.2, 85.26, 67.24, 63.33]
Prune local model 8, pr_ratio = [2.315841784746335e-09, 2.315841784746335e-09, 2.315841784746335e-09, 2.315841784746335e-09]
Prune local model 7, pr_ratio = [1.852673427797068e-09, 1.852673427797068e-09, 1.852673427797068e-09, 1.852673427797068e-09]
Prune local model 4, pr_ratio = [2.7790101416956017e-09, 2.7790101416956017e-09, 2.7790101416956017e-09, 2.7790101416956017e-09]
Prune local model 3, pr_ratio = [2.315841784746335e-09, 2.315841784746335e-09, 2.315841784746335e-09, 2.315841784746335e-09]
Prune local model 9, pr_ratio = [2.7790101416956017e-09, 2.7790101416956017e-09, 2.7790101416956017e-09, 2.7790101416956017e-09]
Prune local model 1, pr_ratio = [9.26336713898534e-10, 9.26336713898534e-10, 9.26336713898534e-10, 9.26336713898534e-10]
Prune local model 5, pr_ratio = [0.0, 0.0, 0.0, 0.0]
Prune local model 6, pr_ratio = [9.26336713898534e-10, 9.26336713898534e-10, 9.26336713898534e-10, 9.26336713898534e-10]
Prune local model 2, pr_ratio = [1.852673427797068e-09, 1.852673427797068e-09, 1.852673427797068e-09, 1.852673427797068e-09]
Prune local model 0, pr_ratio = [0.0, 0.0, 0.0, 0.0]
Round: TPR: [0.87272727 0.85106383 0.7173913  0.69811321 0.44444444 0.62068966
 0.81034483 0.68085106 0.62222222 0.64583333]
Round: 86 Method: dapperfl Mean_Acc: 66.09 Best_Acc: 68.795
Domain_Acc: [65.62, 80.0, 62.07, 56.67] Domain_BestAcc: [69.2, 85.26, 67.24, 63.33]
Prune local model 8, pr_ratio = [1.852673427797068e-09, 1.852673427797068e-09, 1.852673427797068e-09, 1.852673427797068e-09]
Prune local model 5, pr_ratio = [0.0, 0.0, 0.0, 0.0]
Prune local model 6, pr_ratio = [7.410693711188272e-10, 7.410693711188272e-10, 7.410693711188272e-10, 7.410693711188272e-10]
Prune local model 4, pr_ratio = [2.2232081133564817e-09, 2.2232081133564817e-09, 2.2232081133564817e-09, 2.2232081133564817e-09]
Prune local model 2, pr_ratio = [1.4821387422376544e-09, 1.4821387422376544e-09, 1.4821387422376544e-09, 1.4821387422376544e-09]
Prune local model 3, pr_ratio = [1.852673427797068e-09, 1.852673427797068e-09, 1.852673427797068e-09, 1.852673427797068e-09]
Prune local model 0, pr_ratio = [0.0, 0.0, 0.0, 0.0]
Prune local model 1, pr_ratio = [7.410693711188272e-10, 7.410693711188272e-10, 7.410693711188272e-10, 7.410693711188272e-10]
Prune local model 7, pr_ratio = [1.4821387422376544e-09, 1.4821387422376544e-09, 1.4821387422376544e-09, 1.4821387422376544e-09]
Prune local model 9, pr_ratio = [2.2232081133564817e-09, 2.2232081133564817e-09, 2.2232081133564817e-09, 2.2232081133564817e-09]
Round: TPR: [0.89090909 0.82978723 0.69565217 0.71698113 0.46666667 0.68965517
 0.77586207 0.65957447 0.66666667 0.625     ]
Round: 87 Method: dapperfl Mean_Acc: 66.105 Best_Acc: 68.795
Domain_Acc: [67.41, 80.0, 60.34, 56.67] Domain_BestAcc: [69.2, 85.26, 67.24, 63.33]
Prune local model 2, pr_ratio = [1.1857109937901237e-09, 1.1857109937901237e-09, 1.1857109937901237e-09, 1.1857109937901237e-09]
Prune local model 7, pr_ratio = [1.1857109937901237e-09, 1.1857109937901237e-09, 1.1857109937901237e-09, 1.1857109937901237e-09]
Prune local model 4, pr_ratio = [1.7785664906851852e-09, 1.7785664906851852e-09, 1.7785664906851852e-09, 1.7785664906851852e-09]
Prune local model 0, pr_ratio = [0.0, 0.0, 0.0, 0.0]
Prune local model 5, pr_ratio = [0.0, 0.0, 0.0, 0.0]
Prune local model 9, pr_ratio = [1.7785664906851852e-09, 1.7785664906851852e-09, 1.7785664906851852e-09, 1.7785664906851852e-09]
Prune local model 1, pr_ratio = [5.928554968950618e-10, 5.928554968950618e-10, 5.928554968950618e-10, 5.928554968950618e-10]
Prune local model 3, pr_ratio = [1.4821387422376544e-09, 1.4821387422376544e-09, 1.4821387422376544e-09, 1.4821387422376544e-09]
Prune local model 8, pr_ratio = [1.4821387422376544e-09, 1.4821387422376544e-09, 1.4821387422376544e-09, 1.4821387422376544e-09]
Prune local model 6, pr_ratio = [5.928554968950618e-10, 5.928554968950618e-10, 5.928554968950618e-10, 5.928554968950618e-10]
Round: TPR: [0.87272727 0.87234043 0.65217391 0.67924528 0.44444444 0.62068966
 0.77586207 0.76595745 0.64444444 0.6875    ]
Round: 88 Method: dapperfl Mean_Acc: 64.588 Best_Acc: 68.795
Domain_Acc: [66.96, 81.05, 60.34, 50.0] Domain_BestAcc: [69.2, 85.26, 67.24, 63.33]
Prune local model 6, pr_ratio = [4.742843975160495e-10, 4.742843975160495e-10, 4.742843975160495e-10, 4.742843975160495e-10]
Prune local model 0, pr_ratio = [0.0, 0.0, 0.0, 0.0]
Prune local model 3, pr_ratio = [1.1857109937901237e-09, 1.1857109937901237e-09, 1.1857109937901237e-09, 1.1857109937901237e-09]
Prune local model 7, pr_ratio = [9.48568795032099e-10, 9.48568795032099e-10, 9.48568795032099e-10, 9.48568795032099e-10]
Prune local model 4, pr_ratio = [1.4228531925481483e-09, 1.4228531925481483e-09, 1.4228531925481483e-09, 1.4228531925481483e-09]
Prune local model 1, pr_ratio = [4.742843975160495e-10, 4.742843975160495e-10, 4.742843975160495e-10, 4.742843975160495e-10]
Prune local model 9, pr_ratio = [1.4228531925481483e-09, 1.4228531925481483e-09, 1.4228531925481483e-09, 1.4228531925481483e-09]
Prune local model 2, pr_ratio = [9.48568795032099e-10, 9.48568795032099e-10, 9.48568795032099e-10, 9.48568795032099e-10]
Prune local model 8, pr_ratio = [1.1857109937901237e-09, 1.1857109937901237e-09, 1.1857109937901237e-09, 1.1857109937901237e-09]
Prune local model 5, pr_ratio = [0.0, 0.0, 0.0, 0.0]
Round: TPR: [0.87272727 0.87234043 0.69565217 0.66037736 0.44444444 0.72413793
 0.79310345 0.65957447 0.66666667 0.66666667]
Round: 89 Method: dapperfl Mean_Acc: 67.31 Best_Acc: 68.795
Domain_Acc: [66.52, 80.53, 65.52, 56.67] Domain_BestAcc: [69.2, 85.26, 67.24, 63.33]
Prune local model 3, pr_ratio = [9.48568795032099e-10, 9.48568795032099e-10, 9.48568795032099e-10, 9.48568795032099e-10]
Prune local model 0, pr_ratio = [0.0, 0.0, 0.0, 0.0]
Prune local model 1, pr_ratio = [3.7942751801283963e-10, 3.7942751801283963e-10, 3.7942751801283963e-10, 3.7942751801283963e-10]
Prune local model 7, pr_ratio = [7.588550360256793e-10, 7.588550360256793e-10, 7.588550360256793e-10, 7.588550360256793e-10]
Prune local model 8, pr_ratio = [9.48568795032099e-10, 9.48568795032099e-10, 9.48568795032099e-10, 9.48568795032099e-10]
Prune local model 5, pr_ratio = [0.0, 0.0, 0.0, 0.0]
Prune local model 9, pr_ratio = [1.1382825540385188e-09, 1.1382825540385188e-09, 1.1382825540385188e-09, 1.1382825540385188e-09]
Prune local model 4, pr_ratio = [1.1382825540385188e-09, 1.1382825540385188e-09, 1.1382825540385188e-09, 1.1382825540385188e-09]
Prune local model 2, pr_ratio = [7.588550360256793e-10, 7.588550360256793e-10, 7.588550360256793e-10, 7.588550360256793e-10]
Prune local model 6, pr_ratio = [3.7942751801283963e-10, 3.7942751801283963e-10, 3.7942751801283963e-10, 3.7942751801283963e-10]
Round: TPR: [0.85454545 0.89361702 0.67391304 0.67924528 0.44444444 0.68965517
 0.79310345 0.72340426 0.64444444 0.64583333]
Round: 90 Method: dapperfl Mean_Acc: 66.895 Best_Acc: 68.795
Domain_Acc: [66.07, 81.05, 63.79, 56.67] Domain_BestAcc: [69.2, 85.26, 67.24, 63.33]
Prune local model 7, pr_ratio = [6.070840288205434e-10, 6.070840288205434e-10, 6.070840288205434e-10, 6.070840288205434e-10]
Prune local model 5, pr_ratio = [0.0, 0.0, 0.0, 0.0]
Prune local model 0, pr_ratio = [0.0, 0.0, 0.0, 0.0]
Prune local model 8, pr_ratio = [7.588550360256793e-10, 7.588550360256793e-10, 7.588550360256793e-10, 7.588550360256793e-10]
Prune local model 9, pr_ratio = [9.106260432308151e-10, 9.106260432308151e-10, 9.106260432308151e-10, 9.106260432308151e-10]
Prune local model 1, pr_ratio = [3.035420144102717e-10, 3.035420144102717e-10, 3.035420144102717e-10, 3.035420144102717e-10]
Prune local model 6, pr_ratio = [3.035420144102717e-10, 3.035420144102717e-10, 3.035420144102717e-10, 3.035420144102717e-10]
Prune local model 2, pr_ratio = [6.070840288205434e-10, 6.070840288205434e-10, 6.070840288205434e-10, 6.070840288205434e-10]
Prune local model 4, pr_ratio = [9.106260432308151e-10, 9.106260432308151e-10, 9.106260432308151e-10, 9.106260432308151e-10]
Prune local model 3, pr_ratio = [7.588550360256793e-10, 7.588550360256793e-10, 7.588550360256793e-10, 7.588550360256793e-10]
Round: TPR: [0.87272727 0.87234043 0.7173913  0.69811321 0.44444444 0.70689655
 0.74137931 0.68085106 0.66666667 0.625     ]
Round: 91 Method: dapperfl Mean_Acc: 65.722 Best_Acc: 68.795
Domain_Acc: [66.96, 80.53, 62.07, 53.33] Domain_BestAcc: [69.2, 85.26, 67.24, 63.33]
Prune local model 7, pr_ratio = [4.856672230564348e-10, 4.856672230564348e-10, 4.856672230564348e-10, 4.856672230564348e-10]
Prune local model 8, pr_ratio = [6.070840288205434e-10, 6.070840288205434e-10, 6.070840288205434e-10, 6.070840288205434e-10]
Prune local model 1, pr_ratio = [2.428336115282174e-10, 2.428336115282174e-10, 2.428336115282174e-10, 2.428336115282174e-10]
Prune local model 4, pr_ratio = [7.285008345846521e-10, 7.285008345846521e-10, 7.285008345846521e-10, 7.285008345846521e-10]
Prune local model 3, pr_ratio = [6.070840288205434e-10, 6.070840288205434e-10, 6.070840288205434e-10, 6.070840288205434e-10]
Prune local model 2, pr_ratio = [4.856672230564348e-10, 4.856672230564348e-10, 4.856672230564348e-10, 4.856672230564348e-10]
Prune local model 9, pr_ratio = [7.285008345846521e-10, 7.285008345846521e-10, 7.285008345846521e-10, 7.285008345846521e-10]
Prune local model 6, pr_ratio = [2.428336115282174e-10, 2.428336115282174e-10, 2.428336115282174e-10, 2.428336115282174e-10]
Prune local model 5, pr_ratio = [0.0, 0.0, 0.0, 0.0]
Prune local model 0, pr_ratio = [0.0, 0.0, 0.0, 0.0]
Round: TPR: [0.87272727 0.85106383 0.7173913  0.66037736 0.51111111 0.70689655
 0.81034483 0.72340426 0.68888889 0.58333333]
Round: 92 Method: dapperfl Mean_Acc: 67.318 Best_Acc: 68.795
Domain_Acc: [66.07, 82.63, 67.24, 53.33] Domain_BestAcc: [69.2, 85.26, 67.24, 63.33]
Prune local model 2, pr_ratio = [3.8853377844514787e-10, 3.8853377844514787e-10, 3.8853377844514787e-10, 3.8853377844514787e-10]
Prune local model 0, pr_ratio = [0.0, 0.0, 0.0, 0.0]
Prune local model 1, pr_ratio = [1.9426688922257393e-10, 1.9426688922257393e-10, 1.9426688922257393e-10, 1.9426688922257393e-10]
Prune local model 4, pr_ratio = [5.828006676677217e-10, 5.828006676677217e-10, 5.828006676677217e-10, 5.828006676677217e-10]
Prune local model 3, pr_ratio = [4.856672230564348e-10, 4.856672230564348e-10, 4.856672230564348e-10, 4.856672230564348e-10]
Prune local model 5, pr_ratio = [0.0, 0.0, 0.0, 0.0]
Prune local model 8, pr_ratio = [4.856672230564348e-10, 4.856672230564348e-10, 4.856672230564348e-10, 4.856672230564348e-10]
Prune local model 6, pr_ratio = [1.9426688922257393e-10, 1.9426688922257393e-10, 1.9426688922257393e-10, 1.9426688922257393e-10]
Prune local model 9, pr_ratio = [5.828006676677217e-10, 5.828006676677217e-10, 5.828006676677217e-10, 5.828006676677217e-10]
Prune local model 7, pr_ratio = [3.8853377844514787e-10, 3.8853377844514787e-10, 3.8853377844514787e-10, 3.8853377844514787e-10]
Round: TPR: [0.87272727 0.85106383 0.7173913  0.67924528 0.46666667 0.75862069
 0.81034483 0.72340426 0.62222222 0.625     ]
Round: 93 Method: dapperfl Mean_Acc: 68.135 Best_Acc: 68.795
Domain_Acc: [66.52, 82.11, 67.24, 56.67] Domain_BestAcc: [69.2, 85.26, 67.24, 63.33]
Prune local model 8, pr_ratio = [3.8853377844514787e-10, 3.8853377844514787e-10, 3.8853377844514787e-10, 3.8853377844514787e-10]
Prune local model 6, pr_ratio = [1.5541351137805915e-10, 1.5541351137805915e-10, 1.5541351137805915e-10, 1.5541351137805915e-10]
Prune local model 3, pr_ratio = [3.8853377844514787e-10, 3.8853377844514787e-10, 3.8853377844514787e-10, 3.8853377844514787e-10]
Prune local model 2, pr_ratio = [3.108270227561183e-10, 3.108270227561183e-10, 3.108270227561183e-10, 3.108270227561183e-10]
Prune local model 1, pr_ratio = [1.5541351137805915e-10, 1.5541351137805915e-10, 1.5541351137805915e-10, 1.5541351137805915e-10]
Prune local model 0, pr_ratio = [0.0, 0.0, 0.0, 0.0]
Prune local model 7, pr_ratio = [3.108270227561183e-10, 3.108270227561183e-10, 3.108270227561183e-10, 3.108270227561183e-10]
Prune local model 4, pr_ratio = [4.662405341341774e-10, 4.662405341341774e-10, 4.662405341341774e-10, 4.662405341341774e-10]
Prune local model 5, pr_ratio = [0.0, 0.0, 0.0, 0.0]
Prune local model 9, pr_ratio = [4.662405341341774e-10, 4.662405341341774e-10, 4.662405341341774e-10, 4.662405341341774e-10]
Round: TPR: [0.85454545 0.85106383 0.7173913  0.71698113 0.48888889 0.70689655
 0.81034483 0.68085106 0.66666667 0.58333333]
Round: 94 Method: dapperfl Mean_Acc: 67.14 Best_Acc: 68.795
Domain_Acc: [66.52, 81.58, 63.79, 56.67] Domain_BestAcc: [69.2, 85.26, 67.24, 63.33]
Prune local model 9, pr_ratio = [3.7299242730734196e-10, 3.7299242730734196e-10, 3.7299242730734196e-10, 3.7299242730734196e-10]
Prune local model 6, pr_ratio = [1.2433080910244732e-10, 1.2433080910244732e-10, 1.2433080910244732e-10, 1.2433080910244732e-10]
Prune local model 7, pr_ratio = [2.4866161820489464e-10, 2.4866161820489464e-10, 2.4866161820489464e-10, 2.4866161820489464e-10]
Prune local model 5, pr_ratio = [0.0, 0.0, 0.0, 0.0]
Prune local model 0, pr_ratio = [0.0, 0.0, 0.0, 0.0]
Prune local model 2, pr_ratio = [2.4866161820489464e-10, 2.4866161820489464e-10, 2.4866161820489464e-10, 2.4866161820489464e-10]
Prune local model 1, pr_ratio = [1.2433080910244732e-10, 1.2433080910244732e-10, 1.2433080910244732e-10, 1.2433080910244732e-10]
Prune local model 3, pr_ratio = [3.108270227561183e-10, 3.108270227561183e-10, 3.108270227561183e-10, 3.108270227561183e-10]
Prune local model 8, pr_ratio = [3.108270227561183e-10, 3.108270227561183e-10, 3.108270227561183e-10, 3.108270227561183e-10]
Prune local model 4, pr_ratio = [3.7299242730734196e-10, 3.7299242730734196e-10, 3.7299242730734196e-10, 3.7299242730734196e-10]
Round: TPR: [0.89090909 0.87234043 0.67391304 0.67924528 0.44444444 0.74137931
 0.82758621 0.72340426 0.64444444 0.58333333]
Round: 95 Method: dapperfl Mean_Acc: 67.528 Best_Acc: 68.795
Domain_Acc: [65.18, 82.63, 68.97, 53.33] Domain_BestAcc: [69.2, 85.26, 68.97, 63.33]
Prune local model 2, pr_ratio = [1.9892929456391572e-10, 1.9892929456391572e-10, 1.9892929456391572e-10, 1.9892929456391572e-10]
Prune local model 7, pr_ratio = [1.9892929456391572e-10, 1.9892929456391572e-10, 1.9892929456391572e-10, 1.9892929456391572e-10]
Prune local model 1, pr_ratio = [9.946464728195786e-11, 9.946464728195786e-11, 9.946464728195786e-11, 9.946464728195786e-11]
Prune local model 8, pr_ratio = [2.4866161820489464e-10, 2.4866161820489464e-10, 2.4866161820489464e-10, 2.4866161820489464e-10]
Prune local model 9, pr_ratio = [2.9839394184587356e-10, 2.9839394184587356e-10, 2.9839394184587356e-10, 2.9839394184587356e-10]
Prune local model 6, pr_ratio = [9.946464728195786e-11, 9.946464728195786e-11, 9.946464728195786e-11, 9.946464728195786e-11]
Prune local model 3, pr_ratio = [2.4866161820489464e-10, 2.4866161820489464e-10, 2.4866161820489464e-10, 2.4866161820489464e-10]
Prune local model 0, pr_ratio = [0.0, 0.0, 0.0, 0.0]
Prune local model 5, pr_ratio = [0.0, 0.0, 0.0, 0.0]
Prune local model 4, pr_ratio = [2.9839394184587356e-10, 2.9839394184587356e-10, 2.9839394184587356e-10, 2.9839394184587356e-10]
Round: TPR: [0.89090909 0.82978723 0.69565217 0.73584906 0.42222222 0.70689655
 0.75862069 0.68085106 0.62222222 0.79166667]
Round: 96 Method: dapperfl Mean_Acc: 68.418 Best_Acc: 68.795
Domain_Acc: [69.2, 78.95, 65.52, 60.0] Domain_BestAcc: [69.2, 85.26, 68.97, 63.33]
Prune local model 5, pr_ratio = [0.0, 0.0, 0.0, 0.0]
Prune local model 2, pr_ratio = [1.591434356511326e-10, 1.591434356511326e-10, 1.591434356511326e-10, 1.591434356511326e-10]
Prune local model 9, pr_ratio = [2.387151534766989e-10, 2.387151534766989e-10, 2.387151534766989e-10, 2.387151534766989e-10]
Prune local model 6, pr_ratio = [7.95717178255663e-11, 7.95717178255663e-11, 7.95717178255663e-11, 7.95717178255663e-11]
Prune local model 1, pr_ratio = [7.95717178255663e-11, 7.95717178255663e-11, 7.95717178255663e-11, 7.95717178255663e-11]
Prune local model 0, pr_ratio = [0.0, 0.0, 0.0, 0.0]
Prune local model 3, pr_ratio = [1.9892929456391572e-10, 1.9892929456391572e-10, 1.9892929456391572e-10, 1.9892929456391572e-10]
Prune local model 8, pr_ratio = [1.9892929456391572e-10, 1.9892929456391572e-10, 1.9892929456391572e-10, 1.9892929456391572e-10]
Prune local model 7, pr_ratio = [1.591434356511326e-10, 1.591434356511326e-10, 1.591434356511326e-10, 1.591434356511326e-10]
Prune local model 4, pr_ratio = [2.387151534766989e-10, 2.387151534766989e-10, 2.387151534766989e-10, 2.387151534766989e-10]
Round: TPR: [0.85454545 0.87234043 0.7173913  0.66037736 0.44444444 0.68965517
 0.74137931 0.72340426 0.75555556 0.64583333]
Round: 97 Method: dapperfl Mean_Acc: 67.16 Best_Acc: 68.795
Domain_Acc: [66.07, 82.11, 63.79, 56.67] Domain_BestAcc: [69.2, 85.26, 68.97, 63.33]
Prune local model 4, pr_ratio = [1.909721227813591e-10, 1.909721227813591e-10, 1.909721227813591e-10, 1.909721227813591e-10]
Prune local model 6, pr_ratio = [6.365737426045304e-11, 6.365737426045304e-11, 6.365737426045304e-11, 6.365737426045304e-11]
Prune local model 0, pr_ratio = [0.0, 0.0, 0.0, 0.0]
Prune local model 7, pr_ratio = [1.2731474852090608e-10, 1.2731474852090608e-10, 1.2731474852090608e-10, 1.2731474852090608e-10]
Prune local model 5, pr_ratio = [0.0, 0.0, 0.0, 0.0]
Prune local model 3, pr_ratio = [1.591434356511326e-10, 1.591434356511326e-10, 1.591434356511326e-10, 1.591434356511326e-10]
Prune local model 8, pr_ratio = [1.591434356511326e-10, 1.591434356511326e-10, 1.591434356511326e-10, 1.591434356511326e-10]
Prune local model 2, pr_ratio = [1.2731474852090608e-10, 1.2731474852090608e-10, 1.2731474852090608e-10, 1.2731474852090608e-10]
Prune local model 9, pr_ratio = [1.909721227813591e-10, 1.909721227813591e-10, 1.909721227813591e-10, 1.909721227813591e-10]
Prune local model 1, pr_ratio = [6.365737426045304e-11, 6.365737426045304e-11, 6.365737426045304e-11, 6.365737426045304e-11]
Round: TPR: [0.87272727 0.87234043 0.69565217 0.67924528 0.42222222 0.72413793
 0.77586207 0.70212766 0.64444444 0.64583333]
Round: 98 Method: dapperfl Mean_Acc: 66.792 Best_Acc: 68.795
Domain_Acc: [66.07, 80.53, 67.24, 53.33] Domain_BestAcc: [69.2, 85.26, 68.97, 63.33]
Prune local model 1, pr_ratio = [5.092589940836244e-11, 5.092589940836244e-11, 5.092589940836244e-11, 5.092589940836244e-11]
Prune local model 0, pr_ratio = [0.0, 0.0, 0.0, 0.0]
Prune local model 8, pr_ratio = [1.2731474852090608e-10, 1.2731474852090608e-10, 1.2731474852090608e-10, 1.2731474852090608e-10]
Prune local model 4, pr_ratio = [1.5277769822508729e-10, 1.5277769822508729e-10, 1.5277769822508729e-10, 1.5277769822508729e-10]
Prune local model 3, pr_ratio = [1.2731474852090608e-10, 1.2731474852090608e-10, 1.2731474852090608e-10, 1.2731474852090608e-10]
Prune local model 5, pr_ratio = [0.0, 0.0, 0.0, 0.0]
Prune local model 9, pr_ratio = [1.5277769822508729e-10, 1.5277769822508729e-10, 1.5277769822508729e-10, 1.5277769822508729e-10]
Prune local model 6, pr_ratio = [5.092589940836244e-11, 5.092589940836244e-11, 5.092589940836244e-11, 5.092589940836244e-11]
Prune local model 2, pr_ratio = [1.0185179881672488e-10, 1.0185179881672488e-10, 1.0185179881672488e-10, 1.0185179881672488e-10]
Prune local model 7, pr_ratio = [1.0185179881672488e-10, 1.0185179881672488e-10, 1.0185179881672488e-10, 1.0185179881672488e-10]
Round: TPR: [0.85454545 0.87234043 0.67391304 0.71698113 0.44444444 0.70689655
 0.75862069 0.70212766 0.66666667 0.6875    ]
Round: 99 Method: dapperfl Mean_Acc: 68.478 Best_Acc: 68.795
Domain_Acc: [65.62, 81.05, 67.24, 60.0] Domain_BestAcc: [69.2, 85.26, 68.97, 63.33]
2025-05-06 23:04:57
