Namespace(prefix='', communication_epoch=100, local_epoch=5, parti_num=10, model='dapperfl', dataset='fl_officecaltech', pr_strategy='0.2', backbone='resnet18', alpha=0.9, alpha_min=0.1, epsilon=0.2, reg_coeff=0.01, wandb=1, device_id=0, seed=1234, rand_dataset=1, learning_decay=False, averaing='weight', online_ratio=1, mu=0.1, input_dim=28, noise_var=10.0, group_fairness=True, fairness_lr=0.1, num_groups=2, noise_clients=[8, 9], analyze_gradients=True, csv_log=True, local_lr=0.01, local_batch_size=64, pr_ratios=['0', '0.2', '0.4', '0.6', '0.8'], arch='res18')
2025-05-24 16:42:42
./data/fl_officecaltech/dapperfl/para9
MW fairness logging initialized. Logs will be saved to: mw_logs
{'dslr': 3, 'webcam': 2, 'amazon': 2, 'caltech': 3}
['dslr', 'dslr', 'webcam', 'amazon', 'caltech', 'caltech', 'caltech', 'amazon', 'webcam', 'dslr']
Client-to-group mapping logged to mw_logs
Prune local model 0, pr_ratio = [0.2, 0.2, 0.2, 0.2]
Prune local model 5, pr_ratio = [0.2, 0.2, 0.2, 0.2]
Prune local model 3, pr_ratio = [0.2, 0.2, 0.2, 0.2]
Prune local model 1, pr_ratio = [0.2, 0.2, 0.2, 0.2]
Prune local model 9, pr_ratio = [0.2, 0.2, 0.2, 0.2]
Prune local model 6, pr_ratio = [0.2, 0.2, 0.2, 0.2]
Prune local model 8, pr_ratio = [0.2, 0.2, 0.2, 0.2]
Prune local model 7, pr_ratio = [0.2, 0.2, 0.2, 0.2]
Prune local model 2, pr_ratio = [0.2, 0.2, 0.2, 0.2]
Prune local model 4, pr_ratio = [0.2, 0.2, 0.2, 0.2]
Round 0 - Lambda values: {0: 0.4986056622843572, 1: 0.5013943377156428}
Round 0 - Aggregated risks: {0: 2.3044468538118323, 1: 2.2486732006073}
Round 0 – LOCAL TPR pre-agg per client: ['0.100', '0.100', '0.100', '0.100', '0.100', '0.100', '0.100', '0.100', '0.100', '0.100']
Round 0 – TPR per Domain: 0:0.100, 1:0.100, 2:0.100, 3:0.100, 4:0.100, 5:0.100, 6:0.100, 7:0.100, 8:0.100, 9:0.100
DapperFL MW Metrics - TPRD: 4.912, WTPR: 8.421, BTPR: 13.333
  Group 0 Mean TPR: 10.199
  Group 1 Mean TPR: 10.977
Round: 0 Method: dapperfl Mean_Acc: 10.048 Best_Acc: 10.048
Domain_Acc: [9.82, 8.42, 8.62, 13.33] Domain_BestAcc: [9.82, 8.42, 8.62, 13.33]
Prune local model 3, pr_ratio = [0.2, 0.2, 0.2, 0.2]
Prune local model 7, pr_ratio = [0.2, 0.2, 0.2, 0.2]
Prune local model 2, pr_ratio = [0.2, 0.2, 0.2, 0.2]
Prune local model 4, pr_ratio = [0.2, 0.2, 0.2, 0.2]
Prune local model 5, pr_ratio = [0.2, 0.2, 0.2, 0.2]
Prune local model 8, pr_ratio = [0.2, 0.2, 0.2, 0.2]
Prune local model 6, pr_ratio = [0.2, 0.2, 0.2, 0.2]
Prune local model 1, pr_ratio = [0.2, 0.2, 0.2, 0.2]
Prune local model 9, pr_ratio = [0.2, 0.2, 0.2, 0.2]
Prune local model 0, pr_ratio = [0.2, 0.2, 0.2, 0.2]
Round 1 - Lambda values: {0: 0.520307081721731, 1: 0.4796929182782691}
Round 1 - Aggregated risks: {0: 2.2863584160500054, 1: 3.154862403869629}
Round 1 – LOCAL TPR pre-agg per client: ['0.100', '0.100', '0.100', '0.100', '0.100', '0.100', '0.100', '0.100', '0.100', '0.100']
Round 1 – TPR per Domain: 0:0.100, 1:0.100, 2:0.100, 3:0.100, 4:0.100, 5:0.100, 6:0.100, 7:0.100, 8:0.100, 9:0.100
DapperFL MW Metrics - TPRD: 4.912, WTPR: 8.421, BTPR: 13.333
  Group 0 Mean TPR: 10.199
  Group 1 Mean TPR: 10.977
Round: 1 Method: dapperfl Mean_Acc: 10.048 Best_Acc: 10.048
Domain_Acc: [9.82, 8.42, 8.62, 13.33] Domain_BestAcc: [9.82, 8.42, 8.62, 13.33]
Prune local model 8, pr_ratio = [0.2, 0.2, 0.2, 0.2]
Prune local model 6, pr_ratio = [0.2, 0.2, 0.2, 0.2]
Prune local model 1, pr_ratio = [0.2, 0.2, 0.2, 0.2]
Prune local model 7, pr_ratio = [0.2, 0.2, 0.2, 0.2]
Prune local model 3, pr_ratio = [0.2, 0.2, 0.2, 0.2]
Prune local model 2, pr_ratio = [0.2, 0.2, 0.2, 0.2]
Prune local model 9, pr_ratio = [0.2, 0.2, 0.2, 0.2]
Prune local model 4, pr_ratio = [0.2, 0.2, 0.2, 0.2]
Prune local model 5, pr_ratio = [0.2, 0.2, 0.2, 0.2]
Prune local model 0, pr_ratio = [0.2, 0.2, 0.2, 0.2]
Round 2 - Lambda values: {0: 0.5476903382727014, 1: 0.4523096617272986}
Round 2 - Aggregated risks: {0: 2.0379978237519865, 1: 3.138697624206543}
Round 2 – LOCAL TPR pre-agg per client: ['0.100', '0.100', '0.100', '0.242', '0.108', '0.108', '0.108', '0.242', '0.100', '0.100']
Round 2 – TPR per Domain: 0:0.100, 1:0.100, 2:0.100, 3:0.242, 4:0.108, 5:0.108, 6:0.108, 7:0.242, 8:0.100, 9:0.100
DapperFL MW Metrics - TPRD: 15.209, WTPR: 6.897, BTPR: 22.105
  Group 0 Mean TPR: 14.123
  Group 1 Mean TPR: 10.115
Round: 2 Method: dapperfl Mean_Acc: 13.805 Best_Acc: 13.805
Domain_Acc: [11.16, 22.11, 8.62, 13.33] Domain_BestAcc: [11.16, 22.11, 8.62, 13.33]
Prune local model 2, pr_ratio = [0.2, 0.2, 0.2, 0.2]
Prune local model 9, pr_ratio = [0.2, 0.2, 0.2, 0.2]
Prune local model 0, pr_ratio = [0.2, 0.2, 0.2, 0.2]
Prune local model 7, pr_ratio = [0.2, 0.2, 0.2, 0.2]
Prune local model 8, pr_ratio = [0.2, 0.2, 0.2, 0.2]
Prune local model 3, pr_ratio = [0.2, 0.2, 0.2, 0.2]
Prune local model 1, pr_ratio = [0.2, 0.2, 0.2, 0.2]
Prune local model 6, pr_ratio = [0.2, 0.2, 0.2, 0.2]
Prune local model 5, pr_ratio = [0.2, 0.2, 0.2, 0.2]
Prune local model 4, pr_ratio = [0.2, 0.2, 0.2, 0.2]
Round 3 - Lambda values: {0: 0.995029579325959, 1: 0.0049704206740408974}
Round 3 - Aggregated risks: {0: 1.8454493482211172, 1: 52.92469906806946}
Round 3 – LOCAL TPR pre-agg per client: ['0.150', '0.150', '0.113', '0.433', '0.305', '0.305', '0.305', '0.433', '0.113', '0.150']
Round 3 – TPR per Domain: 0:0.150, 1:0.150, 2:0.113, 3:0.433, 4:0.305, 5:0.305, 6:0.305, 7:0.433, 8:0.113, 9:0.150
DapperFL MW Metrics - TPRD: 31.760, WTPR: 10.345, BTPR: 42.105
  Group 0 Mean TPR: 30.041
  Group 1 Mean TPR: 12.701
Round: 3 Method: dapperfl Mean_Acc: 27.205 Best_Acc: 27.205
Domain_Acc: [33.04, 42.11, 10.34, 23.33] Domain_BestAcc: [33.04, 42.11, 10.34, 23.33]
Prune local model 1, pr_ratio = [0.2, 0.2, 0.2, 0.2]
Prune local model 0, pr_ratio = [0.2, 0.2, 0.2, 0.2]
Prune local model 3, pr_ratio = [0.2, 0.2, 0.2, 0.2]
Prune local model 8, pr_ratio = [0.2, 0.2, 0.2, 0.2]
Prune local model 2, pr_ratio = [0.2, 0.2, 0.2, 0.2]
Prune local model 5, pr_ratio = [0.2, 0.2, 0.2, 0.2]
Prune local model 9, pr_ratio = [0.2, 0.2, 0.2, 0.2]
Prune local model 4, pr_ratio = [0.2, 0.2, 0.2, 0.2]
Prune local model 7, pr_ratio = [0.2, 0.2, 0.2, 0.2]
Prune local model 6, pr_ratio = [0.2, 0.2, 0.2, 0.2]
Round 4 - Lambda values: {0: 0.994459834714116, 1: 0.0055401652858840305}
Round 4 - Aggregated risks: {0: 3.2938254442278563, 1: 2.2028993368148804}
Round 4 – LOCAL TPR pre-agg per client: ['0.217', '0.217', '0.212', '0.384', '0.360', '0.360', '0.360', '0.384', '0.212', '0.217']
Round 4 – TPR per Domain: 0:0.217, 1:0.217, 2:0.212, 3:0.384, 4:0.360, 5:0.360, 6:0.360, 7:0.384, 8:0.212, 9:0.217
DapperFL MW Metrics - TPRD: 32.051, WTPR: 6.897, BTPR: 38.947
  Group 0 Mean TPR: 32.554
  Group 1 Mean TPR: 8.448
Round: 4 Method: dapperfl Mean_Acc: 30.34 Best_Acc: 30.34
Domain_Acc: [38.39, 38.95, 20.69, 23.33] Domain_BestAcc: [38.39, 42.11, 20.69, 23.33]
Prune local model 5, pr_ratio = [0.2, 0.2, 0.2, 0.2]
Prune local model 6, pr_ratio = [0.2, 0.2, 0.2, 0.2]
Prune local model 7, pr_ratio = [0.2, 0.2, 0.2, 0.2]
Prune local model 0, pr_ratio = [0.2, 0.2, 0.2, 0.2]
Prune local model 4, pr_ratio = [0.2, 0.2, 0.2, 0.2]
Prune local model 9, pr_ratio = [0.2, 0.2, 0.2, 0.2]
Prune local model 1, pr_ratio = [0.2, 0.2, 0.2, 0.2]
Prune local model 2, pr_ratio = [0.2, 0.2, 0.2, 0.2]
Prune local model 3, pr_ratio = [0.2, 0.2, 0.2, 0.2]
Prune local model 8, pr_ratio = [0.2, 0.2, 0.2, 0.2]
Round 5 - Lambda values: {0: 0.995070652746334, 1: 0.004929347253665954}
Round 5 - Aggregated risks: {0: 2.0646033717618826, 1: 3.238921284675598}
Round 5 – LOCAL TPR pre-agg per client: ['0.133', '0.133', '0.243', '0.393', '0.400', '0.400', '0.400', '0.393', '0.243', '0.133']
Round 5 – TPR per Domain: 0:0.133, 1:0.133, 2:0.243, 3:0.393, 4:0.400, 5:0.400, 6:0.400, 7:0.393, 8:0.243, 9:0.133
DapperFL MW Metrics - TPRD: 29.077, WTPR: 13.333, BTPR: 42.411
  Group 0 Mean TPR: 33.574
  Group 1 Mean TPR: 13.563
Round: 5 Method: dapperfl Mean_Acc: 31.072 Best_Acc: 31.072
Domain_Acc: [42.41, 39.47, 22.41, 20.0] Domain_BestAcc: [42.41, 42.11, 22.41, 23.33]
Prune local model 1, pr_ratio = [0.2, 0.2, 0.2, 0.2]
Prune local model 7, pr_ratio = [0.2, 0.2, 0.2, 0.2]
Prune local model 4, pr_ratio = [0.2, 0.2, 0.2, 0.2]
Prune local model 8, pr_ratio = [0.2, 0.2, 0.2, 0.2]
Prune local model 5, pr_ratio = [0.2, 0.2, 0.2, 0.2]
Prune local model 6, pr_ratio = [0.2, 0.2, 0.2, 0.2]
Prune local model 3, pr_ratio = [0.2, 0.2, 0.2, 0.2]
Prune local model 9, pr_ratio = [0.2, 0.2, 0.2, 0.2]
Prune local model 2, pr_ratio = [0.2, 0.2, 0.2, 0.2]
Prune local model 0, pr_ratio = [0.2, 0.2, 0.2, 0.2]
Round 6 - Lambda values: {0: 0.9951401150814092, 1: 0.004859884918590876}
Round 6 - Aggregated risks: {0: 2.281893066378789, 1: 2.424509286880493}
Round 6 – LOCAL TPR pre-agg per client: ['0.100', '0.100', '0.119', '0.460', '0.380', '0.380', '0.380', '0.460', '0.119', '0.100']
Round 6 – TPR per Domain: 0:0.100, 1:0.100, 2:0.119, 3:0.460, 4:0.380, 5:0.380, 6:0.380, 7:0.460, 8:0.119, 9:0.100
DapperFL MW Metrics - TPRD: 34.247, WTPR: 12.069, BTPR: 46.316
  Group 0 Mean TPR: 32.489
  Group 1 Mean TPR: 13.563
Round: 6 Method: dapperfl Mean_Acc: 28.92 Best_Acc: 31.072
Domain_Acc: [40.62, 46.32, 12.07, 16.67] Domain_BestAcc: [42.41, 46.32, 22.41, 23.33]
Prune local model 5, pr_ratio = [0.2, 0.2, 0.2, 0.2]
Prune local model 0, pr_ratio = [0.2, 0.2, 0.2, 0.2]
Prune local model 4, pr_ratio = [0.2, 0.2, 0.2, 0.2]
Prune local model 7, pr_ratio = [0.2, 0.2, 0.2, 0.2]
Prune local model 9, pr_ratio = [0.2, 0.2, 0.2, 0.2]
Prune local model 8, pr_ratio = [0.2, 0.2, 0.2, 0.2]
Prune local model 6, pr_ratio = [0.2, 0.2, 0.2, 0.2]
Prune local model 1, pr_ratio = [0.2, 0.2, 0.2, 0.2]
Prune local model 2, pr_ratio = [0.2, 0.2, 0.2, 0.2]
Prune local model 3, pr_ratio = [0.2, 0.2, 0.2, 0.2]
Round 7 - Lambda values: {0: 0.9955659643599047, 1: 0.004434035640095324}
Round 7 - Aggregated risks: {0: 2.2076539047608943, 1: 3.1289783716201782}
Round 7 – LOCAL TPR pre-agg per client: ['0.150', '0.150', '0.232', '0.447', '0.447', '0.447', '0.447', '0.447', '0.232', '0.150']
Round 7 – TPR per Domain: 0:0.150, 1:0.150, 2:0.232, 3:0.447, 4:0.447, 5:0.447, 6:0.447, 7:0.447, 8:0.232, 9:0.150
DapperFL MW Metrics - TPRD: 31.756, WTPR: 13.333, BTPR: 45.089
  Group 0 Mean TPR: 36.728
  Group 1 Mean TPR: 13.563
Round: 7 Method: dapperfl Mean_Acc: 33.892 Best_Acc: 33.892
Domain_Acc: [45.09, 44.74, 22.41, 23.33] Domain_BestAcc: [45.09, 46.32, 22.41, 23.33]
Prune local model 6, pr_ratio = [0.2, 0.2, 0.2, 0.2]
Prune local model 5, pr_ratio = [0.2, 0.2, 0.2, 0.2]
Prune local model 9, pr_ratio = [0.2, 0.2, 0.2, 0.2]
Prune local model 3, pr_ratio = [0.2, 0.2, 0.2, 0.2]
Prune local model 2, pr_ratio = [0.2, 0.2, 0.2, 0.2]
Prune local model 4, pr_ratio = [0.2, 0.2, 0.2, 0.2]
Prune local model 7, pr_ratio = [0.2, 0.2, 0.2, 0.2]
Prune local model 1, pr_ratio = [0.2, 0.2, 0.2, 0.2]
Prune local model 0, pr_ratio = [0.2, 0.2, 0.2, 0.2]
Prune local model 8, pr_ratio = [0.2, 0.2, 0.2, 0.2]
Round 8 - Lambda values: {0: 0.9957572778660139, 1: 0.004242722133986185}
Round 8 - Aggregated risks: {0: 2.409123401827034, 1: 2.852095603942871}
Round 8 – LOCAL TPR pre-agg per client: ['0.267', '0.267', '0.263', '0.581', '0.438', '0.438', '0.438', '0.581', '0.263', '0.267']
Round 8 – TPR per Domain: 0:0.267, 1:0.267, 2:0.263, 3:0.581, 4:0.438, 5:0.438, 6:0.438, 7:0.581, 8:0.263, 9:0.267
DapperFL MW Metrics - TPRD: 43.509, WTPR: 13.333, BTPR: 56.842
  Group 0 Mean TPR: 44.140
  Group 1 Mean TPR: 13.563
Round: 8 Method: dapperfl Mean_Acc: 41.243 Best_Acc: 41.243
Domain_Acc: [47.32, 56.84, 24.14, 36.67] Domain_BestAcc: [47.32, 56.84, 24.14, 36.67]
Prune local model 3, pr_ratio = [0.2, 0.2, 0.2, 0.2]
Prune local model 5, pr_ratio = [0.2, 0.2, 0.2, 0.2]
Prune local model 6, pr_ratio = [0.2, 0.2, 0.2, 0.2]
Prune local model 8, pr_ratio = [0.2, 0.2, 0.2, 0.2]
Prune local model 1, pr_ratio = [0.2, 0.2, 0.2, 0.2]
Prune local model 7, pr_ratio = [0.2, 0.2, 0.2, 0.2]
Prune local model 2, pr_ratio = [0.2, 0.2, 0.2, 0.2]
Prune local model 9, pr_ratio = [0.2, 0.2, 0.2, 0.2]
Prune local model 4, pr_ratio = [0.2, 0.2, 0.2, 0.2]
Prune local model 0, pr_ratio = [0.2, 0.2, 0.2, 0.2]
Round 9 - Lambda values: {0: 0.9959714275752878, 1: 0.004028572424712223}
Round 9 - Aggregated risks: {0: 3.00054627563733, 1: 3.520626664161682}
Round 9 – LOCAL TPR pre-agg per client: ['0.225', '0.225', '0.239', '0.587', '0.453', '0.453', '0.453', '0.587', '0.239', '0.225']
Round 9 – TPR per Domain: 0:0.225, 1:0.225, 2:0.239, 3:0.587, 4:0.453, 5:0.453, 6:0.453, 7:0.587, 8:0.239, 9:0.225
DapperFL MW Metrics - TPRD: 46.878, WTPR: 12.069, BTPR: 58.947
  Group 0 Mean TPR: 42.952
  Group 1 Mean TPR: 12.701
Round: 9 Method: dapperfl Mean_Acc: 39.782 Best_Acc: 41.243
Domain_Acc: [47.77, 58.95, 22.41, 30.0] Domain_BestAcc: [47.77, 58.95, 24.14, 36.67]
Prune local model 9, pr_ratio = [0.2, 0.2, 0.2, 0.2]
Prune local model 1, pr_ratio = [0.2, 0.2, 0.2, 0.2]
Prune local model 4, pr_ratio = [0.2, 0.2, 0.2, 0.2]
Prune local model 5, pr_ratio = [0.2, 0.2, 0.2, 0.2]
Prune local model 7, pr_ratio = [0.2, 0.2, 0.2, 0.2]
Prune local model 3, pr_ratio = [0.2, 0.2, 0.2, 0.2]
Prune local model 6, pr_ratio = [0.2, 0.2, 0.2, 0.2]
Prune local model 2, pr_ratio = [0.2, 0.2, 0.2, 0.2]
Prune local model 0, pr_ratio = [0.2, 0.2, 0.2, 0.2]
Prune local model 8, pr_ratio = [0.2, 0.2, 0.2, 0.2]
Round 10 - Lambda values: {0: 0.9960266203808249, 1: 0.003973379619175139}
Round 10 - Aggregated risks: {0: 2.866800365274388, 1: 3.005305051803589}
Round 10 – LOCAL TPR pre-agg per client: ['0.208', '0.208', '0.375', '0.550', '0.484', '0.484', '0.484', '0.550', '0.375', '0.208']
Round 10 – TPR per Domain: 0:0.208, 1:0.208, 2:0.375, 3:0.550, 4:0.484, 5:0.484, 6:0.484, 7:0.550, 8:0.375, 9:0.208
DapperFL MW Metrics - TPRD: 45.590, WTPR: 8.621, BTPR: 54.211
  Group 0 Mean TPR: 43.663
  Group 1 Mean TPR: 10.977
Round: 10 Method: dapperfl Mean_Acc: 41.885 Best_Acc: 41.885
Domain_Acc: [50.45, 54.21, 36.21, 26.67] Domain_BestAcc: [50.45, 58.95, 36.21, 36.67]
Prune local model 2, pr_ratio = [0.2, 0.2, 0.2, 0.2]
Prune local model 0, pr_ratio = [0.2, 0.2, 0.2, 0.2]
Prune local model 3, pr_ratio = [0.2, 0.2, 0.2, 0.2]
Prune local model 5, pr_ratio = [0.2, 0.2, 0.2, 0.2]
Prune local model 7, pr_ratio = [0.2, 0.2, 0.2, 0.2]
Prune local model 1, pr_ratio = [0.2, 0.2, 0.2, 0.2]
Prune local model 9, pr_ratio = [0.2, 0.2, 0.2, 0.2]
Prune local model 4, pr_ratio = [0.2, 0.2, 0.2, 0.2]
Prune local model 6, pr_ratio = [0.2, 0.2, 0.2, 0.2]
Prune local model 8, pr_ratio = [0.2, 0.2, 0.2, 0.2]
Round 11 - Lambda values: {0: 0.9963183974699973, 1: 0.003681602530002694}
Round 11 - Aggregated risks: {0: 3.0513730447836074, 1: 3.8169909715652466}
Round 11 – LOCAL TPR pre-agg per client: ['0.367', '0.367', '0.289', '0.539', '0.437', '0.437', '0.437', '0.539', '0.289', '0.367']
Round 11 – TPR per Domain: 0:0.367, 1:0.367, 2:0.289, 3:0.539, 4:0.437, 5:0.437, 6:0.437, 7:0.539, 8:0.289, 9:0.367
DapperFL MW Metrics - TPRD: 42.142, WTPR: 12.069, BTPR: 54.211
  Group 0 Mean TPR: 44.910
  Group 1 Mean TPR: 12.701
Round: 11 Method: dapperfl Mean_Acc: 42.668 Best_Acc: 42.668
Domain_Acc: [45.54, 54.21, 27.59, 43.33] Domain_BestAcc: [50.45, 58.95, 36.21, 43.33]
Prune local model 8, pr_ratio = [0.2, 0.2, 0.2, 0.2]
Prune local model 7, pr_ratio = [0.2, 0.2, 0.2, 0.2]
Prune local model 4, pr_ratio = [0.2, 0.2, 0.2, 0.2]
Prune local model 9, pr_ratio = [0.2, 0.2, 0.2, 0.2]
Prune local model 2, pr_ratio = [0.2, 0.2, 0.2, 0.2]
Prune local model 3, pr_ratio = [0.2, 0.2, 0.2, 0.2]
Prune local model 6, pr_ratio = [0.2, 0.2, 0.2, 0.2]
Prune local model 0, pr_ratio = [0.2, 0.2, 0.2, 0.2]
Prune local model 5, pr_ratio = [0.2, 0.2, 0.2, 0.2]
Prune local model 1, pr_ratio = [0.2, 0.2, 0.2, 0.2]
Round 12 - Lambda values: {0: 0.9966498615351199, 1: 0.003350138464880136}
Round 12 - Aggregated risks: {0: 2.0096317345420185, 1: 2.9564225673675537}
Round 12 – LOCAL TPR pre-agg per client: ['0.242', '0.242', '0.289', '0.678', '0.479', '0.479', '0.479', '0.678', '0.289', '0.242']
Round 12 – TPR per Domain: 0:0.242, 1:0.242, 2:0.289, 3:0.678, 4:0.479, 5:0.479, 6:0.479, 7:0.678, 8:0.289, 9:0.242
DapperFL MW Metrics - TPRD: 55.299, WTPR: 12.069, BTPR: 67.368
  Group 0 Mean TPR: 47.374
  Group 1 Mean TPR: 12.701
Round: 12 Method: dapperfl Mean_Acc: 44.573 Best_Acc: 44.573
Domain_Acc: [50.0, 67.37, 27.59, 33.33] Domain_BestAcc: [50.45, 67.37, 36.21, 43.33]
Prune local model 7, pr_ratio = [0.2, 0.2, 0.2, 0.2]
Prune local model 0, pr_ratio = [0.2, 0.2, 0.2, 0.2]
Prune local model 6, pr_ratio = [0.2, 0.2, 0.2, 0.2]
Prune local model 3, pr_ratio = [0.2, 0.2, 0.2, 0.2]
Prune local model 1, pr_ratio = [0.2, 0.2, 0.2, 0.2]
Prune local model 2, pr_ratio = [0.2, 0.2, 0.2, 0.2]
Prune local model 5, pr_ratio = [0.2, 0.2, 0.2, 0.2]
Prune local model 9, pr_ratio = [0.2, 0.2, 0.2, 0.2]
Prune local model 4, pr_ratio = [0.2, 0.2, 0.2, 0.2]
Prune local model 8, pr_ratio = [0.2, 0.2, 0.2, 0.2]
Round 13 - Lambda values: {0: 0.9942653750873814, 1: 0.005734624912618579}
Round 13 - Aggregated risks: {0: 8.077255697921803, 1: 2.6780953407287598}
Round 13 – LOCAL TPR pre-agg per client: ['0.267', '0.267', '0.335', '0.622', '0.517', '0.517', '0.517', '0.622', '0.335', '0.267']
Round 13 – TPR per Domain: 0:0.267, 1:0.267, 2:0.335, 3:0.622, 4:0.517, 5:0.517, 6:0.517, 7:0.622, 8:0.335, 9:0.267
DapperFL MW Metrics - TPRD: 51.760, WTPR: 10.345, BTPR: 62.105
  Group 0 Mean TPR: 49.045
  Group 1 Mean TPR: 11.839
Round: 13 Method: dapperfl Mean_Acc: 46.39 Best_Acc: 46.39
Domain_Acc: [54.02, 62.11, 32.76, 36.67] Domain_BestAcc: [54.02, 67.37, 36.21, 43.33]
Prune local model 4, pr_ratio = [0.2, 0.2, 0.2, 0.2]
Prune local model 6, pr_ratio = [0.2, 0.2, 0.2, 0.2]
Prune local model 3, pr_ratio = [0.2, 0.2, 0.2, 0.2]
Prune local model 0, pr_ratio = [0.2, 0.2, 0.2, 0.2]
Prune local model 8, pr_ratio = [0.2, 0.2, 0.2, 0.2]
Prune local model 7, pr_ratio = [0.2, 0.2, 0.2, 0.2]
Prune local model 5, pr_ratio = [0.2, 0.2, 0.2, 0.2]
Prune local model 2, pr_ratio = [0.2, 0.2, 0.2, 0.2]
Prune local model 9, pr_ratio = [0.2, 0.2, 0.2, 0.2]
Prune local model 1, pr_ratio = [0.2, 0.2, 0.2, 0.2]
Round 14 - Lambda values: {0: 0.9946989588393635, 1: 0.00530104116063646}
Round 14 - Aggregated risks: {0: 2.4157816839039894, 1: 3.206332564353943}
Round 14 – LOCAL TPR pre-agg per client: ['0.250', '0.250', '0.364', '0.581', '0.479', '0.479', '0.479', '0.581', '0.364', '0.250']
Round 14 – TPR per Domain: 0:0.250, 1:0.250, 2:0.364, 3:0.581, 4:0.479, 5:0.479, 6:0.479, 7:0.581, 8:0.364, 9:0.250
DapperFL MW Metrics - TPRD: 45.088, WTPR: 13.333, BTPR: 58.421
  Group 0 Mean TPR: 46.382
  Group 1 Mean TPR: 13.563
Round: 14 Method: dapperfl Mean_Acc: 44.603 Best_Acc: 46.39
Domain_Acc: [50.45, 58.42, 36.21, 33.33] Domain_BestAcc: [54.02, 67.37, 36.21, 43.33]
Prune local model 0, pr_ratio = [0.2, 0.2, 0.2, 0.2]
Prune local model 4, pr_ratio = [0.2, 0.2, 0.2, 0.2]
Prune local model 7, pr_ratio = [0.2, 0.2, 0.2, 0.2]
Prune local model 3, pr_ratio = [0.2, 0.2, 0.2, 0.2]
Prune local model 9, pr_ratio = [0.2, 0.2, 0.2, 0.2]
Prune local model 2, pr_ratio = [0.2, 0.2, 0.2, 0.2]
Prune local model 6, pr_ratio = [0.2, 0.2, 0.2, 0.2]
Prune local model 8, pr_ratio = [0.2, 0.2, 0.2, 0.2]
Prune local model 5, pr_ratio = [0.2, 0.2, 0.2, 0.2]
Prune local model 1, pr_ratio = [0.2, 0.2, 0.2, 0.2]
Round 15 - Lambda values: {0: 0.9950963939274488, 1: 0.004903606072551199}
Round 15 - Aggregated risks: {0: 2.028377886382622, 1: 2.811696410179138}
Round 15 – LOCAL TPR pre-agg per client: ['0.242', '0.242', '0.268', '0.620', '0.506', '0.506', '0.506', '0.620', '0.268', '0.242']
Round 15 – TPR per Domain: 0:0.242, 1:0.242, 2:0.268, 3:0.620, 4:0.506, 5:0.506, 6:0.506, 7:0.620, 8:0.268, 9:0.242
DapperFL MW Metrics - TPRD: 51.234, WTPR: 10.345, BTPR: 61.579
  Group 0 Mean TPR: 46.715
  Group 1 Mean TPR: 11.839
Round: 15 Method: dapperfl Mean_Acc: 43.362 Best_Acc: 46.39
Domain_Acc: [52.68, 61.58, 25.86, 33.33] Domain_BestAcc: [54.02, 67.37, 36.21, 43.33]
Prune local model 8, pr_ratio = [0.2, 0.2, 0.2, 0.2]
Prune local model 4, pr_ratio = [0.2, 0.2, 0.2, 0.2]
Prune local model 7, pr_ratio = [0.2, 0.2, 0.2, 0.2]
Prune local model 1, pr_ratio = [0.2, 0.2, 0.2, 0.2]
Prune local model 5, pr_ratio = [0.2, 0.2, 0.2, 0.2]
Prune local model 3, pr_ratio = [0.2, 0.2, 0.2, 0.2]
Prune local model 0, pr_ratio = [0.2, 0.2, 0.2, 0.2]
Prune local model 9, pr_ratio = [0.2, 0.2, 0.2, 0.2]
Prune local model 6, pr_ratio = [0.2, 0.2, 0.2, 0.2]
Prune local model 2, pr_ratio = [0.2, 0.2, 0.2, 0.2]
Round 16 - Lambda values: {0: 0.9949639753620975, 1: 0.005036024637902609}
Round 16 - Aggregated risks: {0: 3.6721387937712326, 1: 3.4043465852737427}
Round 16 – LOCAL TPR pre-agg per client: ['0.342', '0.342', '0.273', '0.621', '0.499', '0.499', '0.499', '0.621', '0.273', '0.342']
Round 16 – TPR per Domain: 0:0.342, 1:0.342, 2:0.273, 3:0.621, 4:0.499, 5:0.499, 6:0.499, 7:0.621, 8:0.273, 9:0.342
DapperFL MW Metrics - TPRD: 55.735, WTPR: 6.897, BTPR: 62.632
  Group 0 Mean TPR: 48.478
  Group 1 Mean TPR: 8.448
Round: 16 Method: dapperfl Mean_Acc: 45.18 Best_Acc: 46.39
Domain_Acc: [52.23, 62.63, 25.86, 40.0] Domain_BestAcc: [54.02, 67.37, 36.21, 43.33]
Prune local model 9, pr_ratio = [0.2, 0.2, 0.2, 0.2]
Prune local model 6, pr_ratio = [0.2, 0.2, 0.2, 0.2]
Prune local model 5, pr_ratio = [0.2, 0.2, 0.2, 0.2]
Prune local model 2, pr_ratio = [0.2, 0.2, 0.2, 0.2]
Prune local model 7, pr_ratio = [0.2, 0.2, 0.2, 0.2]
Prune local model 1, pr_ratio = [0.2, 0.2, 0.2, 0.2]
Prune local model 3, pr_ratio = [0.2, 0.2, 0.2, 0.2]
Prune local model 4, pr_ratio = [0.2, 0.2, 0.2, 0.2]
Prune local model 0, pr_ratio = [0.2, 0.2, 0.2, 0.2]
Prune local model 8, pr_ratio = [0.2, 0.2, 0.2, 0.2]
Round 17 - Lambda values: {0: 0.9955351480894175, 1: 0.004464851910582444}
Round 17 - Aggregated risks: {0: 1.7619244929516102, 1: 2.9714730978012085}
Round 17 – LOCAL TPR pre-agg per client: ['0.325', '0.325', '0.319', '0.593', '0.532', '0.532', '0.532', '0.593', '0.319', '0.325']
Round 17 – TPR per Domain: 0:0.325, 1:0.325, 2:0.319, 3:0.593, 4:0.532, 5:0.532, 6:0.532, 7:0.593, 8:0.319, 9:0.325
DapperFL MW Metrics - TPRD: 46.878, WTPR: 12.069, BTPR: 58.947
  Group 0 Mean TPR: 48.542
  Group 1 Mean TPR: 12.701
Round: 17 Method: dapperfl Mean_Acc: 45.502 Best_Acc: 46.39
Domain_Acc: [55.36, 58.95, 31.03, 36.67] Domain_BestAcc: [55.36, 67.37, 36.21, 43.33]
Prune local model 7, pr_ratio = [0.2, 0.2, 0.2, 0.2]
Prune local model 5, pr_ratio = [0.2, 0.2, 0.2, 0.2]
Prune local model 0, pr_ratio = [0.2, 0.2, 0.2, 0.2]
Prune local model 6, pr_ratio = [0.2, 0.2, 0.2, 0.2]
Prune local model 3, pr_ratio = [0.2, 0.2, 0.2, 0.2]
Prune local model 9, pr_ratio = [0.2, 0.2, 0.2, 0.2]
Prune local model 8, pr_ratio = [0.2, 0.2, 0.2, 0.2]
Prune local model 4, pr_ratio = [0.2, 0.2, 0.2, 0.2]
Prune local model 1, pr_ratio = [0.2, 0.2, 0.2, 0.2]
Prune local model 2, pr_ratio = [0.2, 0.2, 0.2, 0.2]
Round 18 - Lambda values: {0: 0.9962913218960042, 1: 0.0037086781039956987}
Round 18 - Aggregated risks: {0: 1.64391767133306, 1: 3.5071158409118652}
Round 18 – LOCAL TPR pre-agg per client: ['0.267', '0.267', '0.359', '0.585', '0.544', '0.544', '0.544', '0.585', '0.359', '0.267']
Round 18 – TPR per Domain: 0:0.267, 1:0.267, 2:0.359, 3:0.585, 4:0.544, 5:0.544, 6:0.544, 7:0.585, 8:0.359, 9:0.267
DapperFL MW Metrics - TPRD: 55.088, WTPR: 3.333, BTPR: 58.421
  Group 0 Mean TPR: 48.343
  Group 1 Mean TPR: 5.115
Round: 18 Method: dapperfl Mean_Acc: 45.62 Best_Acc: 46.39
Domain_Acc: [56.25, 58.42, 34.48, 33.33] Domain_BestAcc: [56.25, 67.37, 36.21, 43.33]
Prune local model 5, pr_ratio = [0.2, 0.2, 0.2, 0.2]
Prune local model 9, pr_ratio = [0.2, 0.2, 0.2, 0.2]
Prune local model 2, pr_ratio = [0.2, 0.2, 0.2, 0.2]
Prune local model 1, pr_ratio = [0.2, 0.2, 0.2, 0.2]
Prune local model 3, pr_ratio = [0.2, 0.2, 0.2, 0.2]
Prune local model 8, pr_ratio = [0.2, 0.2, 0.2, 0.2]
Prune local model 4, pr_ratio = [0.2, 0.2, 0.2, 0.2]
Prune local model 0, pr_ratio = [0.2, 0.2, 0.2, 0.2]
Prune local model 7, pr_ratio = [0.2, 0.2, 0.2, 0.2]
Prune local model 6, pr_ratio = [0.2, 0.2, 0.2, 0.2]
Round 19 - Lambda values: {0: 0.9970569857036409, 1: 0.0029430142963590778}
Round 19 - Aggregated risks: {0: 1.6725738066304603, 1: 3.9926677942276}
Round 19 – LOCAL TPR pre-agg per client: ['0.242', '0.242', '0.305', '0.623', '0.549', '0.549', '0.549', '0.623', '0.305', '0.242']
Round 19 – TPR per Domain: 0:0.242, 1:0.242, 2:0.305, 3:0.623, 4:0.549, 5:0.549, 6:0.549, 7:0.623, 8:0.305, 9:0.242
DapperFL MW Metrics - TPRD: 54.912, WTPR: 6.667, BTPR: 61.579
  Group 0 Mean TPR: 48.486
  Group 1 Mean TPR: 6.782
Round: 19 Method: dapperfl Mean_Acc: 45.117 Best_Acc: 46.39
Domain_Acc: [56.25, 61.58, 29.31, 33.33] Domain_BestAcc: [56.25, 67.37, 36.21, 43.33]
Prune local model 8, pr_ratio = [0.2, 0.2, 0.2, 0.2]
Prune local model 5, pr_ratio = [0.2, 0.2, 0.2, 0.2]
Prune local model 6, pr_ratio = [0.2, 0.2, 0.2, 0.2]
Prune local model 4, pr_ratio = [0.2, 0.2, 0.2, 0.2]
Prune local model 7, pr_ratio = [0.2, 0.2, 0.2, 0.2]
Prune local model 0, pr_ratio = [0.2, 0.2, 0.2, 0.2]
Prune local model 2, pr_ratio = [0.2, 0.2, 0.2, 0.2]
Prune local model 1, pr_ratio = [0.2, 0.2, 0.2, 0.2]
Prune local model 3, pr_ratio = [0.2, 0.2, 0.2, 0.2]
Prune local model 9, pr_ratio = [0.2, 0.2, 0.2, 0.2]
Round 20 - Lambda values: {0: 0.9975640388305954, 1: 0.002435961169404664}
Round 20 - Aggregated risks: {0: 1.9855931977475052, 1: 3.8816065788269043}
Round 20 – LOCAL TPR pre-agg per client: ['0.242', '0.242', '0.309', '0.603', '0.557', '0.557', '0.557', '0.603', '0.309', '0.242']
Round 20 – TPR per Domain: 0:0.242, 1:0.242, 2:0.309, 3:0.603, 4:0.557, 5:0.557, 6:0.557, 7:0.603, 8:0.309, 9:0.242
DapperFL MW Metrics - TPRD: 46.667, WTPR: 13.333, BTPR: 60.000
  Group 0 Mean TPR: 48.593
  Group 1 Mean TPR: 13.563
Round: 20 Method: dapperfl Mean_Acc: 45.058 Best_Acc: 46.39
Domain_Acc: [57.59, 60.0, 29.31, 33.33] Domain_BestAcc: [57.59, 67.37, 36.21, 43.33]
Prune local model 0, pr_ratio = [0.2, 0.2, 0.2, 0.2]
Prune local model 6, pr_ratio = [0.2, 0.2, 0.2, 0.2]
Prune local model 7, pr_ratio = [0.2, 0.2, 0.2, 0.2]
Prune local model 5, pr_ratio = [0.2, 0.2, 0.2, 0.2]
Prune local model 4, pr_ratio = [0.2, 0.2, 0.2, 0.2]
Prune local model 9, pr_ratio = [0.2, 0.2, 0.2, 0.2]
Prune local model 1, pr_ratio = [0.2, 0.2, 0.2, 0.2]
Prune local model 8, pr_ratio = [0.2, 0.2, 0.2, 0.2]
Prune local model 2, pr_ratio = [0.2, 0.2, 0.2, 0.2]
Prune local model 3, pr_ratio = [0.2, 0.2, 0.2, 0.2]
Round 21 - Lambda values: {0: 0.9981453895249401, 1: 0.0018546104750598326}
Round 21 - Aggregated risks: {0: 1.4070550772213972, 1: 4.139548301696777}
Round 21 – LOCAL TPR pre-agg per client: ['0.250', '0.250', '0.313', '0.535', '0.540', '0.540', '0.540', '0.535', '0.313', '0.250']
Round 21 – TPR per Domain: 0:0.250, 1:0.250, 2:0.313, 3:0.535, 4:0.540, 5:0.540, 6:0.540, 7:0.535, 8:0.313, 9:0.250
DapperFL MW Metrics - TPRD: 48.690, WTPR: 6.667, BTPR: 55.357
  Group 0 Mean TPR: 45.344
  Group 1 Mean TPR: 6.782
Round: 21 Method: dapperfl Mean_Acc: 42.088 Best_Acc: 46.39
Domain_Acc: [55.36, 53.68, 29.31, 30.0] Domain_BestAcc: [57.59, 67.37, 36.21, 43.33]
Prune local model 4, pr_ratio = [0.2, 0.2, 0.2, 0.2]
Prune local model 2, pr_ratio = [0.2, 0.2, 0.2, 0.2]
Prune local model 1, pr_ratio = [0.2, 0.2, 0.2, 0.2]
Prune local model 6, pr_ratio = [0.2, 0.2, 0.2, 0.2]
Prune local model 8, pr_ratio = [0.2, 0.2, 0.2, 0.2]
Prune local model 7, pr_ratio = [0.2, 0.2, 0.2, 0.2]
Prune local model 5, pr_ratio = [0.2, 0.2, 0.2, 0.2]
Prune local model 9, pr_ratio = [0.2, 0.2, 0.2, 0.2]
Prune local model 0, pr_ratio = [0.2, 0.2, 0.2, 0.2]
Prune local model 3, pr_ratio = [0.2, 0.2, 0.2, 0.2]
Round 22 - Lambda values: {0: 0.9984613686379592, 1: 0.001538631362040826}
Round 22 - Aggregated risks: {0: 2.544925200373101, 1: 4.41590428352356}
Round 22 – LOCAL TPR pre-agg per client: ['0.292', '0.292', '0.253', '0.594', '0.566', '0.566', '0.566', '0.594', '0.253', '0.292']
Round 22 – TPR per Domain: 0:0.292, 1:0.292, 2:0.253, 3:0.594, 4:0.566, 5:0.566, 6:0.566, 7:0.594, 8:0.253, 9:0.292
DapperFL MW Metrics - TPRD: 53.333, WTPR: 6.667, BTPR: 60.000
  Group 0 Mean TPR: 49.115
  Group 1 Mean TPR: 6.782
Round: 22 Method: dapperfl Mean_Acc: 44.823 Best_Acc: 46.39
Domain_Acc: [58.48, 60.0, 24.14, 36.67] Domain_BestAcc: [58.48, 67.37, 36.21, 43.33]
Prune local model 4, pr_ratio = [0.2, 0.2, 0.2, 0.2]
Prune local model 5, pr_ratio = [0.2, 0.2, 0.2, 0.2]
Prune local model 2, pr_ratio = [0.2, 0.2, 0.2, 0.2]
Prune local model 0, pr_ratio = [0.2, 0.2, 0.2, 0.2]
Prune local model 3, pr_ratio = [0.2, 0.2, 0.2, 0.2]
Prune local model 6, pr_ratio = [0.2, 0.2, 0.2, 0.2]
Prune local model 7, pr_ratio = [0.2, 0.2, 0.2, 0.2]
Prune local model 1, pr_ratio = [0.2, 0.2, 0.2, 0.2]
Prune local model 9, pr_ratio = [0.2, 0.2, 0.2, 0.2]
Prune local model 8, pr_ratio = [0.2, 0.2, 0.2, 0.2]
Round 23 - Lambda values: {0: 0.9986467230560414, 1: 0.0013532769439585416}
Round 23 - Aggregated risks: {0: 2.3861168280449814, 1: 3.6716158390045166}
Round 23 – LOCAL TPR pre-agg per client: ['0.342', '0.342', '0.349', '0.723', '0.557', '0.557', '0.557', '0.723', '0.349', '0.342']
Round 23 – TPR per Domain: 0:0.342, 1:0.342, 2:0.349, 3:0.723, 4:0.557, 5:0.557, 6:0.557, 7:0.723, 8:0.349, 9:0.342
DapperFL MW Metrics - TPRD: 65.209, WTPR: 6.897, BTPR: 72.105
  Group 0 Mean TPR: 53.933
  Group 1 Mean TPR: 8.448
Round: 23 Method: dapperfl Mean_Acc: 51.045 Best_Acc: 51.045
Domain_Acc: [57.59, 72.11, 34.48, 40.0] Domain_BestAcc: [58.48, 72.11, 36.21, 43.33]
Prune local model 1, pr_ratio = [0.2, 0.2, 0.2, 0.2]
Prune local model 5, pr_ratio = [0.2, 0.2, 0.2, 0.2]
Prune local model 8, pr_ratio = [0.2, 0.2, 0.2, 0.2]
Prune local model 6, pr_ratio = [0.2, 0.2, 0.2, 0.2]
Prune local model 2, pr_ratio = [0.2, 0.2, 0.2, 0.2]
Prune local model 3, pr_ratio = [0.2, 0.2, 0.2, 0.2]
Prune local model 7, pr_ratio = [0.2, 0.2, 0.2, 0.2]
Prune local model 4, pr_ratio = [0.2, 0.2, 0.2, 0.2]
Prune local model 0, pr_ratio = [0.2, 0.2, 0.2, 0.2]
Prune local model 9, pr_ratio = [0.2, 0.2, 0.2, 0.2]
Round 24 - Lambda values: {0: 0.9989233396973667, 1: 0.001076660302633269}
Round 24 - Aggregated risks: {0: 2.2984724457458645, 1: 4.587892770767212}
Round 24 – LOCAL TPR pre-agg per client: ['0.275', '0.275', '0.332', '0.645', '0.560', '0.560', '0.560', '0.645', '0.332', '0.275']
Round 24 – TPR per Domain: 0:0.275, 1:0.275, 2:0.332, 3:0.645, 4:0.560, 5:0.560, 6:0.560, 7:0.645, 8:0.332, 9:0.275
DapperFL MW Metrics - TPRD: 57.544, WTPR: 6.667, BTPR: 64.211
  Group 0 Mean TPR: 50.244
  Group 1 Mean TPR: 6.782
Round: 24 Method: dapperfl Mean_Acc: 47.085 Best_Acc: 51.045
Domain_Acc: [58.04, 64.21, 32.76, 33.33] Domain_BestAcc: [58.48, 72.11, 36.21, 43.33]
Prune local model 6, pr_ratio = [0.2, 0.2, 0.2, 0.2]
Prune local model 1, pr_ratio = [0.2, 0.2, 0.2, 0.2]
Prune local model 3, pr_ratio = [0.2, 0.2, 0.2, 0.2]
Prune local model 9, pr_ratio = [0.2, 0.2, 0.2, 0.2]
Prune local model 7, pr_ratio = [0.2, 0.2, 0.2, 0.2]
Prune local model 2, pr_ratio = [0.2, 0.2, 0.2, 0.2]
Prune local model 8, pr_ratio = [0.2, 0.2, 0.2, 0.2]
Prune local model 5, pr_ratio = [0.2, 0.2, 0.2, 0.2]
Prune local model 4, pr_ratio = [0.2, 0.2, 0.2, 0.2]
Prune local model 0, pr_ratio = [0.2, 0.2, 0.2, 0.2]
Round 25 - Lambda values: {0: 0.9991069587827822, 1: 0.000893041217217724}
Round 25 - Aggregated risks: {0: 2.1224261319342506, 1: 3.994128942489624}
Round 25 – LOCAL TPR pre-agg per client: ['0.442', '0.442', '0.258', '0.541', '0.549', '0.549', '0.549', '0.541', '0.258', '0.442']
Round 25 – TPR per Domain: 0:0.442, 1:0.442, 2:0.258, 3:0.541, 4:0.549, 5:0.549, 6:0.549, 7:0.541, 8:0.258, 9:0.442
DapperFL MW Metrics - TPRD: 51.524, WTPR: 5.172, BTPR: 56.696
  Group 0 Mean TPR: 49.582
  Group 1 Mean TPR: 9.253
Round: 25 Method: dapperfl Mean_Acc: 45.728 Best_Acc: 51.045
Domain_Acc: [56.7, 53.68, 25.86, 46.67] Domain_BestAcc: [58.48, 72.11, 36.21, 46.67]
Prune local model 3, pr_ratio = [0.2, 0.2, 0.2, 0.2]
Prune local model 5, pr_ratio = [0.2, 0.2, 0.2, 0.2]
Prune local model 9, pr_ratio = [0.2, 0.2, 0.2, 0.2]
Prune local model 4, pr_ratio = [0.2, 0.2, 0.2, 0.2]
Prune local model 0, pr_ratio = [0.2, 0.2, 0.2, 0.2]
Prune local model 2, pr_ratio = [0.2, 0.2, 0.2, 0.2]
Prune local model 8, pr_ratio = [0.2, 0.2, 0.2, 0.2]
Prune local model 6, pr_ratio = [0.2, 0.2, 0.2, 0.2]
Prune local model 1, pr_ratio = [0.2, 0.2, 0.2, 0.2]
Prune local model 7, pr_ratio = [0.2, 0.2, 0.2, 0.2]
Round 26 - Lambda values: {0: 0.9992951946481313, 1: 0.0007048053518687325}
Round 26 - Aggregated risks: {0: 1.6909987267399087, 1: 4.059993267059326}
Round 26 – LOCAL TPR pre-agg per client: ['0.292', '0.292', '0.176', '0.725', '0.575', '0.575', '0.575', '0.725', '0.176', '0.292']
Round 26 – TPR per Domain: 0:0.292, 1:0.292, 2:0.176, 3:0.725, 4:0.575, 5:0.575, 6:0.575, 7:0.725, 8:0.176, 9:0.292
DapperFL MW Metrics - TPRD: 65.439, WTPR: 6.667, BTPR: 72.105
  Group 0 Mean TPR: 51.112
  Group 1 Mean TPR: 6.782
Round: 26 Method: dapperfl Mean_Acc: 46.015 Best_Acc: 51.045
Domain_Acc: [58.04, 72.11, 17.24, 36.67] Domain_BestAcc: [58.48, 72.11, 36.21, 46.67]
Prune local model 6, pr_ratio = [0.2, 0.2, 0.2, 0.2]
Prune local model 1, pr_ratio = [0.2, 0.2, 0.2, 0.2]
Prune local model 8, pr_ratio = [0.2, 0.2, 0.2, 0.2]
Prune local model 2, pr_ratio = [0.2, 0.2, 0.2, 0.2]
Prune local model 4, pr_ratio = [0.2, 0.2, 0.2, 0.2]
Prune local model 5, pr_ratio = [0.2, 0.2, 0.2, 0.2]
Prune local model 0, pr_ratio = [0.2, 0.2, 0.2, 0.2]
Prune local model 9, pr_ratio = [0.2, 0.2, 0.2, 0.2]
Prune local model 3, pr_ratio = [0.2, 0.2, 0.2, 0.2]
Prune local model 7, pr_ratio = [0.2, 0.2, 0.2, 0.2]
Round 27 - Lambda values: {0: 0.9994832599318729, 1: 0.0005167400681271}
Round 27 - Aggregated risks: {0: 1.1376950810732605, 1: 4.243393778800964}
Round 27 – LOCAL TPR pre-agg per client: ['0.350', '0.350', '0.422', '0.665', '0.574', '0.574', '0.574', '0.665', '0.422', '0.350']
Round 27 – TPR per Domain: 0:0.350, 1:0.350, 2:0.422, 3:0.665, 4:0.574, 5:0.574, 6:0.574, 7:0.665, 8:0.422, 9:0.350
DapperFL MW Metrics - TPRD: 59.123, WTPR: 6.667, BTPR: 65.789
  Group 0 Mean TPR: 52.717
  Group 1 Mean TPR: 6.782
Round: 27 Method: dapperfl Mean_Acc: 50.58 Best_Acc: 51.045
Domain_Acc: [58.48, 65.79, 41.38, 36.67] Domain_BestAcc: [58.48, 72.11, 41.38, 46.67]
Prune local model 3, pr_ratio = [0.2, 0.2, 0.2, 0.2]
Prune local model 9, pr_ratio = [0.2, 0.2, 0.2, 0.2]
Prune local model 4, pr_ratio = [0.2, 0.2, 0.2, 0.2]
Prune local model 8, pr_ratio = [0.2, 0.2, 0.2, 0.2]
Prune local model 6, pr_ratio = [0.2, 0.2, 0.2, 0.2]
Prune local model 2, pr_ratio = [0.2, 0.2, 0.2, 0.2]
Prune local model 0, pr_ratio = [0.2, 0.2, 0.2, 0.2]
Prune local model 7, pr_ratio = [0.2, 0.2, 0.2, 0.2]
Prune local model 5, pr_ratio = [0.2, 0.2, 0.2, 0.2]
Prune local model 1, pr_ratio = [0.2, 0.2, 0.2, 0.2]
Round 28 - Lambda values: {0: 0.9996077216231044, 1: 0.0003922783768956071}
Round 28 - Aggregated risks: {0: 1.4504327479996528, 1: 4.20736038684845}
Round 28 – LOCAL TPR pre-agg per client: ['0.367', '0.367', '0.253', '0.709', '0.615', '0.615', '0.615', '0.709', '0.253', '0.367']
Round 28 – TPR per Domain: 0:0.367, 1:0.367, 2:0.253, 3:0.709, 4:0.615, 5:0.615, 6:0.615, 7:0.709, 8:0.253, 9:0.367
DapperFL MW Metrics - TPRD: 63.860, WTPR: 6.667, BTPR: 70.526
  Group 0 Mean TPR: 53.919
  Group 1 Mean TPR: 6.782
Round: 28 Method: dapperfl Mean_Acc: 49.18 Best_Acc: 51.045
Domain_Acc: [62.05, 70.53, 24.14, 40.0] Domain_BestAcc: [62.05, 72.11, 41.38, 46.67]
Prune local model 6, pr_ratio = [0.2, 0.2, 0.2, 0.2]
Prune local model 7, pr_ratio = [0.2, 0.2, 0.2, 0.2]
Prune local model 1, pr_ratio = [0.2, 0.2, 0.2, 0.2]
Prune local model 8, pr_ratio = [0.2, 0.2, 0.2, 0.2]
Prune local model 5, pr_ratio = [0.2, 0.2, 0.2, 0.2]
Prune local model 2, pr_ratio = [0.2, 0.2, 0.2, 0.2]
Prune local model 4, pr_ratio = [0.2, 0.2, 0.2, 0.2]
Prune local model 9, pr_ratio = [0.2, 0.2, 0.2, 0.2]
Prune local model 0, pr_ratio = [0.2, 0.2, 0.2, 0.2]
Prune local model 3, pr_ratio = [0.2, 0.2, 0.2, 0.2]
Round 29 - Lambda values: {0: 0.9997093626176149, 1: 0.0002906373823851811}
Round 29 - Aggregated risks: {0: 2.345260308170271, 1: 5.345230579376221}
Round 29 – LOCAL TPR pre-agg per client: ['0.350', '0.350', '0.212', '0.687', '0.561', '0.561', '0.561', '0.687', '0.212', '0.350']
Round 29 – TPR per Domain: 0:0.350, 1:0.350, 2:0.212, 3:0.687, 4:0.561, 5:0.561, 6:0.561, 7:0.687, 8:0.212, 9:0.350
DapperFL MW Metrics - TPRD: 59.800, WTPR: 8.621, BTPR: 68.421
  Group 0 Mean TPR: 50.622
  Group 1 Mean TPR: 9.310
Round: 29 Method: dapperfl Mean_Acc: 45.955 Best_Acc: 51.045
Domain_Acc: [58.04, 68.42, 20.69, 36.67] Domain_BestAcc: [62.05, 72.11, 41.38, 46.67]
Prune local model 7, pr_ratio = [0.2, 0.2, 0.2, 0.2]
Prune local model 8, pr_ratio = [0.2, 0.2, 0.2, 0.2]
Prune local model 1, pr_ratio = [0.2, 0.2, 0.2, 0.2]
Prune local model 5, pr_ratio = [0.2, 0.2, 0.2, 0.2]
Prune local model 3, pr_ratio = [0.2, 0.2, 0.2, 0.2]
Prune local model 6, pr_ratio = [0.2, 0.2, 0.2, 0.2]
Prune local model 2, pr_ratio = [0.2, 0.2, 0.2, 0.2]
Prune local model 0, pr_ratio = [0.2, 0.2, 0.2, 0.2]
Prune local model 9, pr_ratio = [0.2, 0.2, 0.2, 0.2]
Prune local model 4, pr_ratio = [0.2, 0.2, 0.2, 0.2]
Round 30 - Lambda values: {0: 0.9997732683902223, 1: 0.00022673160977770428}
Round 30 - Aggregated risks: {0: 1.8842918483794309, 1: 4.368025064468384}
Round 30 – LOCAL TPR pre-agg per client: ['0.317', '0.317', '0.342', '0.724', '0.574', '0.574', '0.574', '0.724', '0.342', '0.317']
Round 30 – TPR per Domain: 0:0.317, 1:0.317, 2:0.342, 3:0.724, 4:0.574, 5:0.574, 6:0.574, 7:0.724, 8:0.342, 9:0.317
DapperFL MW Metrics - TPRD: 65.439, WTPR: 6.667, BTPR: 72.105
  Group 0 Mean TPR: 52.385
  Group 1 Mean TPR: 6.782
Round: 30 Method: dapperfl Mean_Acc: 49.17 Best_Acc: 51.045
Domain_Acc: [58.48, 72.11, 32.76, 33.33] Domain_BestAcc: [62.05, 72.11, 41.38, 46.67]
Prune local model 5, pr_ratio = [0.2, 0.2, 0.2, 0.2]
Prune local model 7, pr_ratio = [0.2, 0.2, 0.2, 0.2]
Prune local model 9, pr_ratio = [0.2, 0.2, 0.2, 0.2]
Prune local model 2, pr_ratio = [0.2, 0.2, 0.2, 0.2]
Prune local model 0, pr_ratio = [0.2, 0.2, 0.2, 0.2]
Prune local model 8, pr_ratio = [0.2, 0.2, 0.2, 0.2]
Prune local model 4, pr_ratio = [0.2, 0.2, 0.2, 0.2]
Prune local model 3, pr_ratio = [0.2, 0.2, 0.2, 0.2]
Prune local model 1, pr_ratio = [0.2, 0.2, 0.2, 0.2]
Prune local model 6, pr_ratio = [0.2, 0.2, 0.2, 0.2]
Round 31 - Lambda values: {0: 0.9998338242524076, 1: 0.00016617574759236382}
Round 31 - Aggregated risks: {0: 1.7515059397890675, 1: 4.85932195186615}
Round 31 – LOCAL TPR pre-agg per client: ['0.342', '0.342', '0.350', '0.661', '0.586', '0.586', '0.586', '0.661', '0.350', '0.342']
Round 31 – TPR per Domain: 0:0.342, 1:0.342, 2:0.350, 3:0.661, 4:0.586, 5:0.586, 6:0.586, 7:0.661, 8:0.350, 9:0.342
DapperFL MW Metrics - TPRD: 58.596, WTPR: 6.667, BTPR: 65.263
  Group 0 Mean TPR: 53.227
  Group 1 Mean TPR: 6.782
Round: 31 Method: dapperfl Mean_Acc: 50.002 Best_Acc: 51.045
Domain_Acc: [60.27, 65.26, 34.48, 40.0] Domain_BestAcc: [62.05, 72.11, 41.38, 46.67]
Prune local model 7, pr_ratio = [0.2, 0.2, 0.2, 0.2]
Prune local model 5, pr_ratio = [0.2, 0.2, 0.2, 0.2]
Prune local model 8, pr_ratio = [0.2, 0.2, 0.2, 0.2]
Prune local model 0, pr_ratio = [0.2, 0.2, 0.2, 0.2]
Prune local model 9, pr_ratio = [0.2, 0.2, 0.2, 0.2]
Prune local model 4, pr_ratio = [0.2, 0.2, 0.2, 0.2]
Prune local model 6, pr_ratio = [0.2, 0.2, 0.2, 0.2]
Prune local model 3, pr_ratio = [0.2, 0.2, 0.2, 0.2]
Prune local model 2, pr_ratio = [0.2, 0.2, 0.2, 0.2]
Prune local model 1, pr_ratio = [0.2, 0.2, 0.2, 0.2]
Round 32 - Lambda values: {0: 0.9998709321523698, 1: 0.0001290678476301841}
Round 32 - Aggregated risks: {0: 1.572897157549758, 1: 4.100345611572266}
Round 32 – LOCAL TPR pre-agg per client: ['0.400', '0.400', '0.371', '0.751', '0.534', '0.534', '0.534', '0.751', '0.371', '0.400']
Round 32 – TPR per Domain: 0:0.400, 1:0.400, 2:0.371, 3:0.751, 4:0.534, 5:0.534, 6:0.534, 7:0.751, 8:0.371, 9:0.400
DapperFL MW Metrics - TPRD: 68.070, WTPR: 6.667, BTPR: 74.737
  Group 0 Mean TPR: 53.586
  Group 1 Mean TPR: 6.782
Round: 32 Method: dapperfl Mean_Acc: 51.032 Best_Acc: 51.045
Domain_Acc: [54.91, 74.74, 34.48, 40.0] Domain_BestAcc: [62.05, 74.74, 41.38, 46.67]
Prune local model 1, pr_ratio = [0.2, 0.2, 0.2, 0.2]
Prune local model 5, pr_ratio = [0.2, 0.2, 0.2, 0.2]
Prune local model 9, pr_ratio = [0.2, 0.2, 0.2, 0.2]
Prune local model 2, pr_ratio = [0.2, 0.2, 0.2, 0.2]
Prune local model 6, pr_ratio = [0.2, 0.2, 0.2, 0.2]
Prune local model 0, pr_ratio = [0.2, 0.2, 0.2, 0.2]
Prune local model 8, pr_ratio = [0.2, 0.2, 0.2, 0.2]
Prune local model 3, pr_ratio = [0.2, 0.2, 0.2, 0.2]
Prune local model 4, pr_ratio = [0.2, 0.2, 0.2, 0.2]
Prune local model 7, pr_ratio = [0.2, 0.2, 0.2, 0.2]
Round 33 - Lambda values: {0: 0.999902313133526, 1: 9.768686647406212e-05}
Round 33 - Aggregated risks: {0: 2.284204627836955, 1: 5.070229411125183}
Round 33 – LOCAL TPR pre-agg per client: ['0.492', '0.492', '0.306', '0.715', '0.588', '0.588', '0.588', '0.715', '0.306', '0.492']
Round 33 – TPR per Domain: 0:0.492, 1:0.492, 2:0.306, 3:0.715, 4:0.588, 5:0.588, 6:0.588, 7:0.715, 8:0.306, 9:0.492
DapperFL MW Metrics - TPRD: 64.156, WTPR: 6.897, BTPR: 71.053
  Group 0 Mean TPR: 56.527
  Group 1 Mean TPR: 8.448
Round: 33 Method: dapperfl Mean_Acc: 52.658 Best_Acc: 52.658
Domain_Acc: [60.27, 71.05, 29.31, 50.0] Domain_BestAcc: [62.05, 74.74, 41.38, 50.0]
Prune local model 0, pr_ratio = [0.2, 0.2, 0.2, 0.2]
Prune local model 2, pr_ratio = [0.2, 0.2, 0.2, 0.2]
Prune local model 3, pr_ratio = [0.2, 0.2, 0.2, 0.2]
Prune local model 4, pr_ratio = [0.2, 0.2, 0.2, 0.2]
Prune local model 9, pr_ratio = [0.2, 0.2, 0.2, 0.2]
Prune local model 6, pr_ratio = [0.2, 0.2, 0.2, 0.2]
Prune local model 1, pr_ratio = [0.2, 0.2, 0.2, 0.2]
Prune local model 5, pr_ratio = [0.2, 0.2, 0.2, 0.2]
Prune local model 7, pr_ratio = [0.2, 0.2, 0.2, 0.2]
Prune local model 8, pr_ratio = [0.2, 0.2, 0.2, 0.2]
Round 34 - Lambda values: {0: 0.9999274681981821, 1: 7.253180181796008e-05}
Round 34 - Aggregated risks: {0: 1.4161054451598987, 1: 4.393777132034302}
Round 34 – LOCAL TPR pre-agg per client: ['0.425', '0.425', '0.337', '0.656', '0.592', '0.592', '0.592', '0.656', '0.337', '0.425']
Round 34 – TPR per Domain: 0:0.425, 1:0.425, 2:0.337, 3:0.656, 4:0.592, 5:0.592, 6:0.592, 7:0.656, 8:0.337, 9:0.425
DapperFL MW Metrics - TPRD: 58.070, WTPR: 6.667, BTPR: 64.737
  Group 0 Mean TPR: 54.215
  Group 1 Mean TPR: 6.782
Round: 34 Method: dapperfl Mean_Acc: 50.61 Best_Acc: 52.658
Domain_Acc: [61.61, 64.74, 32.76, 43.33] Domain_BestAcc: [62.05, 74.74, 41.38, 50.0]
Prune local model 3, pr_ratio = [0.2, 0.2, 0.2, 0.2]
Prune local model 9, pr_ratio = [0.2, 0.2, 0.2, 0.2]
Prune local model 4, pr_ratio = [0.2, 0.2, 0.2, 0.2]
Prune local model 1, pr_ratio = [0.2, 0.2, 0.2, 0.2]
Prune local model 8, pr_ratio = [0.2, 0.2, 0.2, 0.2]
Prune local model 2, pr_ratio = [0.2, 0.2, 0.2, 0.2]
Prune local model 0, pr_ratio = [0.2, 0.2, 0.2, 0.2]
Prune local model 7, pr_ratio = [0.2, 0.2, 0.2, 0.2]
Prune local model 5, pr_ratio = [0.2, 0.2, 0.2, 0.2]
Prune local model 6, pr_ratio = [0.2, 0.2, 0.2, 0.2]
Round 35 - Lambda values: {0: 0.9999475400507536, 1: 5.245994924640819e-05}
Round 35 - Aggregated risks: {0: 1.1979064480184107, 1: 4.4378582239151}
Round 35 – LOCAL TPR pre-agg per client: ['0.267', '0.267', '0.269', '0.756', '0.567', '0.567', '0.567', '0.756', '0.269', '0.267']
Round 35 – TPR per Domain: 0:0.267, 1:0.267, 2:0.269, 3:0.756, 4:0.567, 5:0.567, 6:0.567, 7:0.756, 8:0.269, 9:0.267
DapperFL MW Metrics - TPRD: 68.596, WTPR: 6.667, BTPR: 75.263
  Group 0 Mean TPR: 51.978
  Group 1 Mean TPR: 6.782
Round: 35 Method: dapperfl Mean_Acc: 48.01 Best_Acc: 52.658
Domain_Acc: [57.59, 75.26, 25.86, 33.33] Domain_BestAcc: [62.05, 75.26, 41.38, 50.0]
Prune local model 0, pr_ratio = [0.2, 0.2, 0.2, 0.2]
Prune local model 9, pr_ratio = [0.2, 0.2, 0.2, 0.2]
Prune local model 3, pr_ratio = [0.2, 0.2, 0.2, 0.2]
Prune local model 8, pr_ratio = [0.2, 0.2, 0.2, 0.2]
Prune local model 2, pr_ratio = [0.2, 0.2, 0.2, 0.2]
Prune local model 5, pr_ratio = [0.2, 0.2, 0.2, 0.2]
Prune local model 6, pr_ratio = [0.2, 0.2, 0.2, 0.2]
Prune local model 4, pr_ratio = [0.2, 0.2, 0.2, 0.2]
Prune local model 1, pr_ratio = [0.2, 0.2, 0.2, 0.2]
Prune local model 7, pr_ratio = [0.2, 0.2, 0.2, 0.2]
Round 36 - Lambda values: {0: 0.9999621941359271, 1: 3.780586407288026e-05}
Round 36 - Aggregated risks: {0: 1.0587589193380889, 1: 4.334763288497925}
Round 36 – LOCAL TPR pre-agg per client: ['0.367', '0.367', '0.330', '0.801', '0.604', '0.604', '0.604', '0.801', '0.330', '0.367']
Round 36 – TPR per Domain: 0:0.367, 1:0.367, 2:0.330, 3:0.801, 4:0.604, 5:0.604, 6:0.604, 7:0.801, 8:0.330, 9:0.367
DapperFL MW Metrics - TPRD: 66.667, WTPR: 13.333, BTPR: 80.000
  Group 0 Mean TPR: 57.317
  Group 1 Mean TPR: 13.563
Round: 36 Method: dapperfl Mean_Acc: 53.382 Best_Acc: 53.382
Domain_Acc: [62.5, 80.0, 31.03, 40.0] Domain_BestAcc: [62.5, 80.0, 41.38, 50.0]
Prune local model 0, pr_ratio = [0.2, 0.2, 0.2, 0.2]
Prune local model 7, pr_ratio = [0.2, 0.2, 0.2, 0.2]
Prune local model 4, pr_ratio = [0.2, 0.2, 0.2, 0.2]
Prune local model 8, pr_ratio = [0.2, 0.2, 0.2, 0.2]
Prune local model 6, pr_ratio = [0.2, 0.2, 0.2, 0.2]
Prune local model 9, pr_ratio = [0.2, 0.2, 0.2, 0.2]
Prune local model 1, pr_ratio = [0.2, 0.2, 0.2, 0.2]
Prune local model 2, pr_ratio = [0.2, 0.2, 0.2, 0.2]
Prune local model 3, pr_ratio = [0.2, 0.2, 0.2, 0.2]
Prune local model 5, pr_ratio = [0.2, 0.2, 0.2, 0.2]
Round 37 - Lambda values: {0: 0.9999721153839225, 1: 2.788461607740656e-05}
Round 37 - Aggregated risks: {0: 0.9983189988675069, 1: 4.042309045791626}
Round 37 – LOCAL TPR pre-agg per client: ['0.358', '0.358', '0.300', '0.741', '0.571', '0.571', '0.571', '0.741', '0.300', '0.358']
Round 37 – TPR per Domain: 0:0.358, 1:0.358, 2:0.300, 3:0.741, 4:0.571, 5:0.571, 6:0.571, 7:0.741, 8:0.300, 9:0.358
DapperFL MW Metrics - TPRD: 67.018, WTPR: 6.667, BTPR: 73.684
  Group 0 Mean TPR: 53.134
  Group 1 Mean TPR: 7.644
Round: 37 Method: dapperfl Mean_Acc: 49.218 Best_Acc: 53.382
Domain_Acc: [58.93, 73.68, 27.59, 36.67] Domain_BestAcc: [62.5, 80.0, 41.38, 50.0]
Prune local model 5, pr_ratio = [0.2, 0.2, 0.2, 0.2]
Prune local model 3, pr_ratio = [0.2, 0.2, 0.2, 0.2]
Prune local model 6, pr_ratio = [0.2, 0.2, 0.2, 0.2]
Prune local model 9, pr_ratio = [0.2, 0.2, 0.2, 0.2]
Prune local model 7, pr_ratio = [0.2, 0.2, 0.2, 0.2]
Prune local model 8, pr_ratio = [0.2, 0.2, 0.2, 0.2]
Prune local model 1, pr_ratio = [0.2, 0.2, 0.2, 0.2]
Prune local model 0, pr_ratio = [0.2, 0.2, 0.2, 0.2]
Prune local model 2, pr_ratio = [0.2, 0.2, 0.2, 0.2]
Prune local model 4, pr_ratio = [0.2, 0.2, 0.2, 0.2]
Round 38 - Lambda values: {0: 0.9999771229603347, 1: 2.287703966532043e-05}
Round 38 - Aggregated risks: {0: 1.722934654400182, 1: 3.702398419380188}
Round 38 – LOCAL TPR pre-agg per client: ['0.483', '0.483', '0.392', '0.701', '0.607', '0.607', '0.607', '0.701', '0.392', '0.483']
Round 38 – TPR per Domain: 0:0.483, 1:0.483, 2:0.392, 3:0.701, 4:0.607, 5:0.607, 6:0.607, 7:0.701, 8:0.392, 9:0.483
DapperFL MW Metrics - TPRD: 62.807, WTPR: 6.667, BTPR: 69.474
  Group 0 Mean TPR: 57.047
  Group 1 Mean TPR: 6.782
Round: 38 Method: dapperfl Mean_Acc: 54.03 Best_Acc: 54.03
Domain_Acc: [62.05, 69.47, 37.93, 46.67] Domain_BestAcc: [62.5, 80.0, 41.38, 50.0]
Prune local model 2, pr_ratio = [0.2, 0.2, 0.2, 0.2]
Prune local model 4, pr_ratio = [0.2, 0.2, 0.2, 0.2]
Prune local model 7, pr_ratio = [0.2, 0.2, 0.2, 0.2]
Prune local model 3, pr_ratio = [0.2, 0.2, 0.2, 0.2]
Prune local model 5, pr_ratio = [0.2, 0.2, 0.2, 0.2]
Prune local model 6, pr_ratio = [0.2, 0.2, 0.2, 0.2]
Prune local model 1, pr_ratio = [0.2, 0.2, 0.2, 0.2]
Prune local model 8, pr_ratio = [0.2, 0.2, 0.2, 0.2]
Prune local model 0, pr_ratio = [0.2, 0.2, 0.2, 0.2]
Prune local model 9, pr_ratio = [0.2, 0.2, 0.2, 0.2]
Round 39 - Lambda values: {0: 0.9999863458609995, 1: 1.3654139000392629e-05}
Round 39 - Aggregated risks: {0: 0.6160785214355105, 1: 5.777081489562988}
Round 39 – LOCAL TPR pre-agg per client: ['0.292', '0.292', '0.187', '0.780', '0.568', '0.568', '0.568', '0.780', '0.187', '0.292']
Round 39 – TPR per Domain: 0:0.292, 1:0.292, 2:0.187, 3:0.780, 4:0.568, 5:0.568, 6:0.568, 7:0.780, 8:0.187, 9:0.292
DapperFL MW Metrics - TPRD: 71.228, WTPR: 6.667, BTPR: 77.895
  Group 0 Mean TPR: 52.559
  Group 1 Mean TPR: 6.782
Round: 39 Method: dapperfl Mean_Acc: 47.46 Best_Acc: 54.03
Domain_Acc: [58.04, 77.89, 17.24, 36.67] Domain_BestAcc: [62.5, 80.0, 41.38, 50.0]
Prune local model 4, pr_ratio = [0.2, 0.2, 0.2, 0.2]
Prune local model 6, pr_ratio = [0.2, 0.2, 0.2, 0.2]
Prune local model 1, pr_ratio = [0.2, 0.2, 0.2, 0.2]
Prune local model 0, pr_ratio = [0.2, 0.2, 0.2, 0.2]
Prune local model 9, pr_ratio = [0.2, 0.2, 0.2, 0.2]
Prune local model 3, pr_ratio = [0.2, 0.2, 0.2, 0.2]
Prune local model 7, pr_ratio = [0.2, 0.2, 0.2, 0.2]
Prune local model 5, pr_ratio = [0.2, 0.2, 0.2, 0.2]
Prune local model 2, pr_ratio = [0.2, 0.2, 0.2, 0.2]
Prune local model 8, pr_ratio = [0.2, 0.2, 0.2, 0.2]
Round 40 - Lambda values: {0: 0.9999900455347155, 1: 9.954465284546131e-06}
Round 40 - Aggregated risks: {0: 1.399441218470125, 1: 4.559692978858948}
Round 40 – LOCAL TPR pre-agg per client: ['0.517', '0.517', '0.325', '0.705', '0.584', '0.584', '0.584', '0.705', '0.325', '0.517']
Round 40 – TPR per Domain: 0:0.517, 1:0.517, 2:0.325, 3:0.705, 4:0.584, 5:0.584, 6:0.584, 7:0.705, 8:0.325, 9:0.517
DapperFL MW Metrics - TPRD: 63.333, WTPR: 6.667, BTPR: 70.000
  Group 0 Mean TPR: 56.930
  Group 1 Mean TPR: 7.644
Round: 40 Method: dapperfl Mean_Acc: 53.115 Best_Acc: 54.03
Domain_Acc: [59.82, 70.0, 29.31, 53.33] Domain_BestAcc: [62.5, 80.0, 41.38, 53.33]
Prune local model 5, pr_ratio = [0.2, 0.2, 0.2, 0.2]
Prune local model 3, pr_ratio = [0.2, 0.2, 0.2, 0.2]
Prune local model 9, pr_ratio = [0.2, 0.2, 0.2, 0.2]
Prune local model 2, pr_ratio = [0.2, 0.2, 0.2, 0.2]
Prune local model 8, pr_ratio = [0.2, 0.2, 0.2, 0.2]
Prune local model 6, pr_ratio = [0.2, 0.2, 0.2, 0.2]
Prune local model 1, pr_ratio = [0.2, 0.2, 0.2, 0.2]
Prune local model 7, pr_ratio = [0.2, 0.2, 0.2, 0.2]
Prune local model 0, pr_ratio = [0.2, 0.2, 0.2, 0.2]
Prune local model 4, pr_ratio = [0.2, 0.2, 0.2, 0.2]
Round 41 - Lambda values: {0: 0.9999924295798545, 1: 7.570420145559876e-06}
Round 41 - Aggregated risks: {0: 1.103406682939282, 1: 3.841157078742981}
Round 41 – LOCAL TPR pre-agg per client: ['0.267', '0.267', '0.240', '0.760', '0.578', '0.578', '0.578', '0.760', '0.240', '0.267']
Round 41 – TPR per Domain: 0:0.267, 1:0.267, 2:0.240, 3:0.760, 4:0.578, 5:0.578, 6:0.578, 7:0.760, 8:0.240, 9:0.267
DapperFL MW Metrics - TPRD: 69.123, WTPR: 6.667, BTPR: 75.789
  Group 0 Mean TPR: 51.846
  Group 1 Mean TPR: 6.782
Round: 41 Method: dapperfl Mean_Acc: 47.392 Best_Acc: 54.03
Domain_Acc: [58.04, 75.79, 22.41, 33.33] Domain_BestAcc: [62.5, 80.0, 41.38, 53.33]
Prune local model 1, pr_ratio = [0.2, 0.2, 0.2, 0.2]
Prune local model 8, pr_ratio = [0.2, 0.2, 0.2, 0.2]
Prune local model 2, pr_ratio = [0.2, 0.2, 0.2, 0.2]
Prune local model 7, pr_ratio = [0.2, 0.2, 0.2, 0.2]
Prune local model 9, pr_ratio = [0.2, 0.2, 0.2, 0.2]
Prune local model 0, pr_ratio = [0.2, 0.2, 0.2, 0.2]
Prune local model 6, pr_ratio = [0.2, 0.2, 0.2, 0.2]
Prune local model 5, pr_ratio = [0.2, 0.2, 0.2, 0.2]
Prune local model 4, pr_ratio = [0.2, 0.2, 0.2, 0.2]
Prune local model 3, pr_ratio = [0.2, 0.2, 0.2, 0.2]
Round 42 - Lambda values: {0: 0.999994921121356, 1: 5.078878644069931e-06}
Round 42 - Aggregated risks: {0: 1.1497577724007253, 1: 5.1413633823394775}
Round 42 – LOCAL TPR pre-agg per client: ['0.392', '0.392', '0.310', '0.746', '0.598', '0.598', '0.598', '0.746', '0.310', '0.392']
Round 42 – TPR per Domain: 0:0.392, 1:0.392, 2:0.310, 3:0.746, 4:0.598, 5:0.598, 6:0.598, 7:0.746, 8:0.310, 9:0.392
DapperFL MW Metrics - TPRD: 67.544, WTPR: 6.667, BTPR: 74.211
  Group 0 Mean TPR: 55.818
  Group 1 Mean TPR: 8.506
Round: 42 Method: dapperfl Mean_Acc: 51.89 Best_Acc: 54.03
Domain_Acc: [60.71, 74.21, 29.31, 43.33] Domain_BestAcc: [62.5, 80.0, 41.38, 53.33]
Prune local model 5, pr_ratio = [0.2, 0.2, 0.2, 0.2]
Prune local model 9, pr_ratio = [0.2, 0.2, 0.2, 0.2]
Prune local model 6, pr_ratio = [0.2, 0.2, 0.2, 0.2]
Prune local model 2, pr_ratio = [0.2, 0.2, 0.2, 0.2]
Prune local model 4, pr_ratio = [0.2, 0.2, 0.2, 0.2]
Prune local model 8, pr_ratio = [0.2, 0.2, 0.2, 0.2]
Prune local model 3, pr_ratio = [0.2, 0.2, 0.2, 0.2]
Prune local model 1, pr_ratio = [0.2, 0.2, 0.2, 0.2]
Prune local model 0, pr_ratio = [0.2, 0.2, 0.2, 0.2]
Prune local model 7, pr_ratio = [0.2, 0.2, 0.2, 0.2]
Round 43 - Lambda values: {0: 0.9999965996888734, 1: 3.4003111266505414e-06}
Round 43 - Aggregated risks: {0: 0.7087169076608613, 1: 4.720969319343567}
Round 43 – LOCAL TPR pre-agg per client: ['0.467', '0.467', '0.272', '0.722', '0.613', '0.613', '0.613', '0.722', '0.272', '0.467']
Round 43 – TPR per Domain: 0:0.467, 1:0.467, 2:0.272, 3:0.722, 4:0.613, 5:0.613, 6:0.613, 7:0.722, 8:0.272, 9:0.467
DapperFL MW Metrics - TPRD: 64.912, WTPR: 6.667, BTPR: 71.579
  Group 0 Mean TPR: 57.232
  Group 1 Mean TPR: 7.644
Round: 43 Method: dapperfl Mean_Acc: 52.598 Best_Acc: 54.03
Domain_Acc: [62.95, 71.58, 25.86, 50.0] Domain_BestAcc: [62.95, 80.0, 41.38, 53.33]
Prune local model 0, pr_ratio = [0.2, 0.2, 0.2, 0.2]
Prune local model 1, pr_ratio = [0.2, 0.2, 0.2, 0.2]
Prune local model 8, pr_ratio = [0.2, 0.2, 0.2, 0.2]
Prune local model 4, pr_ratio = [0.2, 0.2, 0.2, 0.2]
Prune local model 9, pr_ratio = [0.2, 0.2, 0.2, 0.2]
Prune local model 7, pr_ratio = [0.2, 0.2, 0.2, 0.2]
Prune local model 6, pr_ratio = [0.2, 0.2, 0.2, 0.2]
Prune local model 5, pr_ratio = [0.2, 0.2, 0.2, 0.2]
Prune local model 2, pr_ratio = [0.2, 0.2, 0.2, 0.2]
Prune local model 3, pr_ratio = [0.2, 0.2, 0.2, 0.2]
Round 44 - Lambda values: {0: 0.9999975464337838, 1: 2.453566216185151e-06}
Round 44 - Aggregated risks: {0: 0.9359540129133124, 1: 4.199207186698914}
Round 44 – LOCAL TPR pre-agg per client: ['0.375', '0.375', '0.329', '0.756', '0.577', '0.577', '0.577', '0.756', '0.329', '0.375']
Round 44 – TPR per Domain: 0:0.375, 1:0.375, 2:0.329, 3:0.756, 4:0.577, 5:0.577, 6:0.577, 7:0.756, 8:0.329, 9:0.375
DapperFL MW Metrics - TPRD: 68.596, WTPR: 6.667, BTPR: 75.263
  Group 0 Mean TPR: 54.961
  Group 1 Mean TPR: 6.782
Round: 44 Method: dapperfl Mean_Acc: 51.418 Best_Acc: 54.03
Domain_Acc: [59.38, 75.26, 31.03, 40.0] Domain_BestAcc: [62.95, 80.0, 41.38, 53.33]
Prune local model 4, pr_ratio = [0.2, 0.2, 0.2, 0.2]
Prune local model 3, pr_ratio = [0.2, 0.2, 0.2, 0.2]
Prune local model 0, pr_ratio = [0.2, 0.2, 0.2, 0.2]
Prune local model 2, pr_ratio = [0.2, 0.2, 0.2, 0.2]
Prune local model 1, pr_ratio = [0.2, 0.2, 0.2, 0.2]
Prune local model 9, pr_ratio = [0.2, 0.2, 0.2, 0.2]
Prune local model 6, pr_ratio = [0.2, 0.2, 0.2, 0.2]
Prune local model 7, pr_ratio = [0.2, 0.2, 0.2, 0.2]
Prune local model 8, pr_ratio = [0.2, 0.2, 0.2, 0.2]
Prune local model 5, pr_ratio = [0.2, 0.2, 0.2, 0.2]
Round 45 - Lambda values: {0: 0.9999984379581797, 1: 1.562041820421137e-06}
Round 45 - Aggregated risks: {0: 0.6017548430301012, 1: 5.11725115776062}
Round 45 – LOCAL TPR pre-agg per client: ['0.292', '0.292', '0.265', '0.727', '0.592', '0.592', '0.592', '0.727', '0.265', '0.292']
Round 45 – TPR per Domain: 0:0.292, 1:0.292, 2:0.265, 3:0.727, 4:0.592, 5:0.592, 6:0.592, 7:0.727, 8:0.265, 9:0.292
DapperFL MW Metrics - TPRD: 65.439, WTPR: 6.667, BTPR: 72.105
  Group 0 Mean TPR: 53.194
  Group 1 Mean TPR: 6.782
Round: 45 Method: dapperfl Mean_Acc: 48.838 Best_Acc: 54.03
Domain_Acc: [60.71, 72.11, 25.86, 36.67] Domain_BestAcc: [62.95, 80.0, 41.38, 53.33]
Prune local model 7, pr_ratio = [0.2, 0.2, 0.2, 0.2]
Prune local model 1, pr_ratio = [0.2, 0.2, 0.2, 0.2]
Prune local model 8, pr_ratio = [0.2, 0.2, 0.2, 0.2]
Prune local model 9, pr_ratio = [0.2, 0.2, 0.2, 0.2]
Prune local model 0, pr_ratio = [0.2, 0.2, 0.2, 0.2]
Prune local model 5, pr_ratio = [0.2, 0.2, 0.2, 0.2]
Prune local model 6, pr_ratio = [0.2, 0.2, 0.2, 0.2]
Prune local model 2, pr_ratio = [0.2, 0.2, 0.2, 0.2]
Prune local model 3, pr_ratio = [0.2, 0.2, 0.2, 0.2]
Prune local model 4, pr_ratio = [0.2, 0.2, 0.2, 0.2]
Round 46 - Lambda values: {0: 0.9999989959506119, 1: 1.0040493881666288e-06}
Round 46 - Aggregated risks: {0: 0.7107309010102907, 1: 5.130262613296509}
Round 46 – LOCAL TPR pre-agg per client: ['0.442', '0.442', '0.329', '0.776', '0.626', '0.626', '0.626', '0.776', '0.329', '0.442']
Round 46 – TPR per Domain: 0:0.442, 1:0.442, 2:0.329, 3:0.776, 4:0.626, 5:0.626, 6:0.626, 7:0.776, 8:0.329, 9:0.442
DapperFL MW Metrics - TPRD: 70.702, WTPR: 6.667, BTPR: 77.368
  Group 0 Mean TPR: 58.660
  Group 1 Mean TPR: 7.644
Round: 46 Method: dapperfl Mean_Acc: 54.615 Best_Acc: 54.615
Domain_Acc: [63.39, 77.37, 31.03, 46.67] Domain_BestAcc: [63.39, 80.0, 41.38, 53.33]
Prune local model 8, pr_ratio = [0.2, 0.2, 0.2, 0.2]
Prune local model 3, pr_ratio = [0.2, 0.2, 0.2, 0.2]
Prune local model 4, pr_ratio = [0.2, 0.2, 0.2, 0.2]
Prune local model 7, pr_ratio = [0.2, 0.2, 0.2, 0.2]
Prune local model 5, pr_ratio = [0.2, 0.2, 0.2, 0.2]
Prune local model 9, pr_ratio = [0.2, 0.2, 0.2, 0.2]
Prune local model 6, pr_ratio = [0.2, 0.2, 0.2, 0.2]
Prune local model 0, pr_ratio = [0.2, 0.2, 0.2, 0.2]
Prune local model 1, pr_ratio = [0.2, 0.2, 0.2, 0.2]
Prune local model 2, pr_ratio = [0.2, 0.2, 0.2, 0.2]
Round 47 - Lambda values: {0: 0.9999993994725606, 1: 6.0052743954003e-07}
Round 47 - Aggregated risks: {0: 0.9087112689676667, 1: 6.0485968589782715}
Round 47 – LOCAL TPR pre-agg per client: ['0.317', '0.317', '0.326', '0.745', '0.589', '0.589', '0.589', '0.745', '0.326', '0.317']
Round 47 – TPR per Domain: 0:0.317, 1:0.317, 2:0.326, 3:0.745, 4:0.589, 5:0.589, 6:0.589, 7:0.745, 8:0.326, 9:0.317
DapperFL MW Metrics - TPRD: 67.544, WTPR: 6.667, BTPR: 74.211
  Group 0 Mean TPR: 54.199
  Group 1 Mean TPR: 6.782
Round: 47 Method: dapperfl Mean_Acc: 50.545 Best_Acc: 54.615
Domain_Acc: [60.27, 74.21, 31.03, 36.67] Domain_BestAcc: [63.39, 80.0, 41.38, 53.33]
Prune local model 4, pr_ratio = [0.2, 0.2, 0.2, 0.2]
Prune local model 2, pr_ratio = [0.2, 0.2, 0.2, 0.2]
Prune local model 0, pr_ratio = [0.2, 0.2, 0.2, 0.2]
Prune local model 7, pr_ratio = [0.2, 0.2, 0.2, 0.2]
Prune local model 8, pr_ratio = [0.2, 0.2, 0.2, 0.2]
Prune local model 1, pr_ratio = [0.2, 0.2, 0.2, 0.2]
Prune local model 3, pr_ratio = [0.2, 0.2, 0.2, 0.2]
Prune local model 9, pr_ratio = [0.2, 0.2, 0.2, 0.2]
Prune local model 6, pr_ratio = [0.2, 0.2, 0.2, 0.2]
Prune local model 5, pr_ratio = [0.2, 0.2, 0.2, 0.2]
Round 48 - Lambda values: {0: 0.9999995766721458, 1: 4.2332785431253966e-07}
Round 48 - Aggregated risks: {0: 0.8138510068305123, 1: 4.310466647148132}
Round 48 – LOCAL TPR pre-agg per client: ['0.375', '0.375', '0.367', '0.711', '0.617', '0.617', '0.617', '0.711', '0.367', '0.375']
Round 48 – TPR per Domain: 0:0.375, 1:0.375, 2:0.367, 3:0.711, 4:0.617, 5:0.617, 6:0.617, 7:0.711, 8:0.367, 9:0.375
DapperFL MW Metrics - TPRD: 63.860, WTPR: 6.667, BTPR: 70.526
  Group 0 Mean TPR: 56.380
  Group 1 Mean TPR: 6.782
Round: 48 Method: dapperfl Mean_Acc: 52.823 Best_Acc: 54.615
Domain_Acc: [62.95, 70.53, 34.48, 43.33] Domain_BestAcc: [63.39, 80.0, 41.38, 53.33]
Prune local model 3, pr_ratio = [0.2, 0.2, 0.2, 0.2]
Prune local model 7, pr_ratio = [0.2, 0.2, 0.2, 0.2]
Prune local model 1, pr_ratio = [0.2, 0.2, 0.2, 0.2]
Prune local model 6, pr_ratio = [0.2, 0.2, 0.2, 0.2]
Prune local model 2, pr_ratio = [0.2, 0.2, 0.2, 0.2]
Prune local model 5, pr_ratio = [0.2, 0.2, 0.2, 0.2]
Prune local model 0, pr_ratio = [0.2, 0.2, 0.2, 0.2]
Prune local model 9, pr_ratio = [0.2, 0.2, 0.2, 0.2]
Prune local model 4, pr_ratio = [0.2, 0.2, 0.2, 0.2]
Prune local model 8, pr_ratio = [0.2, 0.2, 0.2, 0.2]
Round 49 - Lambda values: {0: 0.9999997048870656, 1: 2.9511293436248447e-07}
Round 49 - Aggregated risks: {0: 0.5726854831721581, 1: 4.180575132369995}
Round 49 – LOCAL TPR pre-agg per client: ['0.467', '0.467', '0.425', '0.802', '0.661', '0.661', '0.661', '0.802', '0.425', '0.467']
Round 49 – TPR per Domain: 0:0.467, 1:0.467, 2:0.425, 3:0.802, 4:0.661, 5:0.661, 6:0.661, 7:0.802, 8:0.425, 9:0.467
DapperFL MW Metrics - TPRD: 73.333, WTPR: 6.667, BTPR: 80.000
  Group 0 Mean TPR: 62.784
  Group 1 Mean TPR: 6.782
Round: 49 Method: dapperfl Mean_Acc: 59.585 Best_Acc: 59.585
Domain_Acc: [66.96, 80.0, 41.38, 50.0] Domain_BestAcc: [66.96, 80.0, 41.38, 53.33]
Prune local model 9, pr_ratio = [0.2, 0.2, 0.2, 0.2]
Prune local model 3, pr_ratio = [0.2, 0.2, 0.2, 0.2]
Prune local model 5, pr_ratio = [0.2, 0.2, 0.2, 0.2]
Prune local model 1, pr_ratio = [0.2, 0.2, 0.2, 0.2]
Prune local model 7, pr_ratio = [0.2, 0.2, 0.2, 0.2]
Prune local model 8, pr_ratio = [0.2, 0.2, 0.2, 0.2]
Prune local model 0, pr_ratio = [0.2, 0.2, 0.2, 0.2]
Prune local model 4, pr_ratio = [0.2, 0.2, 0.2, 0.2]
Prune local model 6, pr_ratio = [0.2, 0.2, 0.2, 0.2]
Prune local model 2, pr_ratio = [0.2, 0.2, 0.2, 0.2]
Round 50 - Lambda values: {0: 0.9999997898277131, 1: 2.1017228682280933e-07}
Round 50 - Aggregated risks: {0: 1.0474886290205219, 1: 4.441794514656067}
Round 50 – LOCAL TPR pre-agg per client: ['0.317', '0.317', '0.332', '0.792', '0.612', '0.612', '0.612', '0.792', '0.332', '0.317']
Round 50 – TPR per Domain: 0:0.317, 1:0.317, 2:0.332, 3:0.792, 4:0.612, 5:0.612, 6:0.612, 7:0.792, 8:0.332, 9:0.317
DapperFL MW Metrics - TPRD: 72.281, WTPR: 6.667, BTPR: 78.947
  Group 0 Mean TPR: 57.437
  Group 1 Mean TPR: 6.782
Round: 50 Method: dapperfl Mean_Acc: 53.665 Best_Acc: 59.585
Domain_Acc: [62.95, 78.95, 32.76, 40.0] Domain_BestAcc: [66.96, 80.0, 41.38, 53.33]
Prune local model 0, pr_ratio = [0.2, 0.2, 0.2, 0.2]
Prune local model 5, pr_ratio = [0.2, 0.2, 0.2, 0.2]
Prune local model 8, pr_ratio = [0.2, 0.2, 0.2, 0.2]
Prune local model 1, pr_ratio = [0.2, 0.2, 0.2, 0.2]
Prune local model 2, pr_ratio = [0.2, 0.2, 0.2, 0.2]
Prune local model 3, pr_ratio = [0.2, 0.2, 0.2, 0.2]
Prune local model 7, pr_ratio = [0.2, 0.2, 0.2, 0.2]
Prune local model 4, pr_ratio = [0.2, 0.2, 0.2, 0.2]
Prune local model 6, pr_ratio = [0.2, 0.2, 0.2, 0.2]
Prune local model 9, pr_ratio = [0.2, 0.2, 0.2, 0.2]
Round 51 - Lambda values: {0: 0.9999998708674628, 1: 1.2913253719246075e-07}
Round 51 - Aggregated risks: {0: 0.7557039495312738, 1: 5.626587867736816}
Round 51 – LOCAL TPR pre-agg per client: ['0.300', '0.300', '0.297', '0.787', '0.618', '0.618', '0.618', '0.787', '0.297', '0.300']
Round 51 – TPR per Domain: 0:0.300, 1:0.300, 2:0.297, 3:0.787, 4:0.618, 5:0.618, 6:0.618, 7:0.787, 8:0.297, 9:0.300
DapperFL MW Metrics - TPRD: 71.754, WTPR: 6.667, BTPR: 78.421
  Group 0 Mean TPR: 55.873
  Group 1 Mean TPR: 6.782
Round: 51 Method: dapperfl Mean_Acc: 51.725 Best_Acc: 59.585
Domain_Acc: [62.5, 78.42, 29.31, 36.67] Domain_BestAcc: [66.96, 80.0, 41.38, 53.33]
Prune local model 4, pr_ratio = [0.2, 0.2, 0.2, 0.2]
Prune local model 1, pr_ratio = [0.2, 0.2, 0.2, 0.2]
Prune local model 3, pr_ratio = [0.2, 0.2, 0.2, 0.2]
Prune local model 8, pr_ratio = [0.2, 0.2, 0.2, 0.2]
Prune local model 7, pr_ratio = [0.2, 0.2, 0.2, 0.2]
Prune local model 6, pr_ratio = [0.2, 0.2, 0.2, 0.2]
Prune local model 5, pr_ratio = [0.2, 0.2, 0.2, 0.2]
Prune local model 0, pr_ratio = [0.2, 0.2, 0.2, 0.2]
Prune local model 2, pr_ratio = [0.2, 0.2, 0.2, 0.2]
Prune local model 9, pr_ratio = [0.2, 0.2, 0.2, 0.2]
Round 52 - Lambda values: {0: 0.999999921518303, 1: 7.848169708291279e-08}
Round 52 - Aggregated risks: {0: 0.7673262231997866, 1: 5.747065305709839}
Round 52 – LOCAL TPR pre-agg per client: ['0.350', '0.350', '0.359', '0.752', '0.582', '0.582', '0.582', '0.752', '0.359', '0.350']
Round 52 – TPR per Domain: 0:0.350, 1:0.350, 2:0.359, 3:0.752, 4:0.582, 5:0.582, 6:0.582, 7:0.752, 8:0.359, 9:0.350
DapperFL MW Metrics - TPRD: 68.070, WTPR: 6.667, BTPR: 74.737
  Group 0 Mean TPR: 55.595
  Group 1 Mean TPR: 6.782
Round: 52 Method: dapperfl Mean_Acc: 52.372 Best_Acc: 59.585
Domain_Acc: [60.27, 74.74, 34.48, 40.0] Domain_BestAcc: [66.96, 80.0, 41.38, 53.33]
Prune local model 9, pr_ratio = [0.2, 0.2, 0.2, 0.2]
Prune local model 8, pr_ratio = [0.2, 0.2, 0.2, 0.2]
Prune local model 1, pr_ratio = [0.2, 0.2, 0.2, 0.2]
Prune local model 4, pr_ratio = [0.2, 0.2, 0.2, 0.2]
Prune local model 2, pr_ratio = [0.2, 0.2, 0.2, 0.2]
Prune local model 7, pr_ratio = [0.2, 0.2, 0.2, 0.2]
Prune local model 6, pr_ratio = [0.2, 0.2, 0.2, 0.2]
Prune local model 3, pr_ratio = [0.2, 0.2, 0.2, 0.2]
Prune local model 0, pr_ratio = [0.2, 0.2, 0.2, 0.2]
Prune local model 5, pr_ratio = [0.2, 0.2, 0.2, 0.2]
Round 53 - Lambda values: {0: 0.9999999412639985, 1: 5.873600147738319e-08}
Round 53 - Aggregated risks: {0: 1.0903541376883552, 1: 3.9884802103042603}
Round 53 – LOCAL TPR pre-agg per client: ['0.325', '0.325', '0.337', '0.777', '0.622', '0.622', '0.622', '0.777', '0.337', '0.325']
Round 53 – TPR per Domain: 0:0.325, 1:0.325, 2:0.337, 3:0.777, 4:0.622, 5:0.622, 6:0.622, 7:0.777, 8:0.337, 9:0.325
DapperFL MW Metrics - TPRD: 70.702, WTPR: 6.667, BTPR: 77.368
  Group 0 Mean TPR: 55.993
  Group 1 Mean TPR: 6.782
Round: 53 Method: dapperfl Mean_Acc: 52.005 Best_Acc: 59.585
Domain_Acc: [62.95, 77.37, 31.03, 36.67] Domain_BestAcc: [66.96, 80.0, 41.38, 53.33]
Prune local model 6, pr_ratio = [0.2, 0.2, 0.2, 0.2]
Prune local model 5, pr_ratio = [0.2, 0.2, 0.2, 0.2]
Prune local model 8, pr_ratio = [0.2, 0.2, 0.2, 0.2]
Prune local model 2, pr_ratio = [0.2, 0.2, 0.2, 0.2]
Prune local model 7, pr_ratio = [0.2, 0.2, 0.2, 0.2]
Prune local model 9, pr_ratio = [0.2, 0.2, 0.2, 0.2]
Prune local model 1, pr_ratio = [0.2, 0.2, 0.2, 0.2]
Prune local model 3, pr_ratio = [0.2, 0.2, 0.2, 0.2]
Prune local model 4, pr_ratio = [0.2, 0.2, 0.2, 0.2]
Prune local model 0, pr_ratio = [0.2, 0.2, 0.2, 0.2]
Round 54 - Lambda values: {0: 0.9999999683311223, 1: 3.166887780768214e-08}
Round 54 - Aggregated risks: {0: 0.7303417249134406, 1: 6.907526254653931}
Round 54 – LOCAL TPR pre-agg per client: ['0.292', '0.292', '0.273', '0.751', '0.588', '0.588', '0.588', '0.751', '0.273', '0.292']
Round 54 – TPR per Domain: 0:0.292, 1:0.292, 2:0.273, 3:0.751, 4:0.588, 5:0.588, 6:0.588, 7:0.751, 8:0.273, 9:0.292
DapperFL MW Metrics - TPRD: 69.564, WTPR: 5.172, BTPR: 74.737
  Group 0 Mean TPR: 53.349
  Group 1 Mean TPR: 5.920
Round: 54 Method: dapperfl Mean_Acc: 49.163 Best_Acc: 59.585
Domain_Acc: [59.38, 74.74, 25.86, 36.67] Domain_BestAcc: [66.96, 80.0, 41.38, 53.33]
Prune local model 4, pr_ratio = [0.2, 0.2, 0.2, 0.2]
Prune local model 7, pr_ratio = [0.2, 0.2, 0.2, 0.2]
Prune local model 9, pr_ratio = [0.2, 0.2, 0.2, 0.2]
Prune local model 0, pr_ratio = [0.2, 0.2, 0.2, 0.2]
Prune local model 3, pr_ratio = [0.2, 0.2, 0.2, 0.2]
Prune local model 2, pr_ratio = [0.2, 0.2, 0.2, 0.2]
Prune local model 6, pr_ratio = [0.2, 0.2, 0.2, 0.2]
Prune local model 8, pr_ratio = [0.2, 0.2, 0.2, 0.2]
Prune local model 1, pr_ratio = [0.2, 0.2, 0.2, 0.2]
Prune local model 5, pr_ratio = [0.2, 0.2, 0.2, 0.2]
Round 55 - Lambda values: {0: 0.9999999781439788, 1: 2.1856021142906986e-08}
Round 55 - Aggregated risks: {0: 1.3729875561311842, 1: 5.081567406654358}
Round 55 – LOCAL TPR pre-agg per client: ['0.417', '0.417', '0.314', '0.766', '0.572', '0.572', '0.572', '0.766', '0.314', '0.417']
Round 55 – TPR per Domain: 0:0.417, 1:0.417, 2:0.314, 3:0.766, 4:0.572, 5:0.572, 6:0.572, 7:0.766, 8:0.314, 9:0.417
DapperFL MW Metrics - TPRD: 69.649, WTPR: 6.667, BTPR: 76.316
  Group 0 Mean TPR: 55.842
  Group 1 Mean TPR: 6.782
Round: 55 Method: dapperfl Mean_Acc: 52.085 Best_Acc: 59.585
Domain_Acc: [59.38, 76.32, 29.31, 43.33] Domain_BestAcc: [66.96, 80.0, 41.38, 53.33]
Prune local model 0, pr_ratio = [0.2, 0.2, 0.2, 0.2]
Prune local model 1, pr_ratio = [0.2, 0.2, 0.2, 0.2]
Prune local model 5, pr_ratio = [0.2, 0.2, 0.2, 0.2]
Prune local model 9, pr_ratio = [0.2, 0.2, 0.2, 0.2]
Prune local model 2, pr_ratio = [0.2, 0.2, 0.2, 0.2]
Prune local model 6, pr_ratio = [0.2, 0.2, 0.2, 0.2]
Prune local model 8, pr_ratio = [0.2, 0.2, 0.2, 0.2]
Prune local model 7, pr_ratio = [0.2, 0.2, 0.2, 0.2]
Prune local model 4, pr_ratio = [0.2, 0.2, 0.2, 0.2]
Prune local model 3, pr_ratio = [0.2, 0.2, 0.2, 0.2]
Round 56 - Lambda values: {0: 0.999999983273346, 1: 1.6726653922027124e-08}
Round 56 - Aggregated risks: {0: 1.2708931462213873, 1: 3.9456228017807007}
Round 56 – LOCAL TPR pre-agg per client: ['0.300', '0.300', '0.327', '0.751', '0.576', '0.576', '0.576', '0.751', '0.327', '0.300']
Round 56 – TPR per Domain: 0:0.300, 1:0.300, 2:0.327, 3:0.751, 4:0.576, 5:0.576, 6:0.576, 7:0.751, 8:0.327, 9:0.300
DapperFL MW Metrics - TPRD: 68.070, WTPR: 6.667, BTPR: 74.737
  Group 0 Mean TPR: 53.159
  Group 1 Mean TPR: 6.782
Round: 56 Method: dapperfl Mean_Acc: 49.895 Best_Acc: 59.585
Domain_Acc: [57.14, 74.74, 31.03, 36.67] Domain_BestAcc: [66.96, 80.0, 41.38, 53.33]
Prune local model 4, pr_ratio = [0.2, 0.2, 0.2, 0.2]
Prune local model 8, pr_ratio = [0.2, 0.2, 0.2, 0.2]
Prune local model 0, pr_ratio = [0.2, 0.2, 0.2, 0.2]
Prune local model 7, pr_ratio = [0.2, 0.2, 0.2, 0.2]
Prune local model 1, pr_ratio = [0.2, 0.2, 0.2, 0.2]
Prune local model 3, pr_ratio = [0.2, 0.2, 0.2, 0.2]
Prune local model 5, pr_ratio = [0.2, 0.2, 0.2, 0.2]
Prune local model 2, pr_ratio = [0.2, 0.2, 0.2, 0.2]
Prune local model 6, pr_ratio = [0.2, 0.2, 0.2, 0.2]
Prune local model 9, pr_ratio = [0.2, 0.2, 0.2, 0.2]
Round 57 - Lambda values: {0: 0.9999999887592388, 1: 1.1240761162020013e-08}
Round 57 - Aggregated risks: {0: 0.9831647619039595, 1: 4.957734107971191}
Round 57 – LOCAL TPR pre-agg per client: ['0.267', '0.267', '0.293', '0.803', '0.614', '0.614', '0.614', '0.803', '0.293', '0.267']
Round 57 – TPR per Domain: 0:0.267, 1:0.267, 2:0.293, 3:0.803, 4:0.614, 5:0.614, 6:0.614, 7:0.803, 8:0.293, 9:0.267
DapperFL MW Metrics - TPRD: 69.655, WTPR: 10.345, BTPR: 80.000
  Group 0 Mean TPR: 55.219
  Group 1 Mean TPR: 11.839
Round: 57 Method: dapperfl Mean_Acc: 50.855 Best_Acc: 59.585
Domain_Acc: [62.5, 80.0, 27.59, 33.33] Domain_BestAcc: [66.96, 80.0, 41.38, 53.33]
Prune local model 8, pr_ratio = [0.2, 0.2, 0.2, 0.2]
Prune local model 7, pr_ratio = [0.2, 0.2, 0.2, 0.2]
Prune local model 3, pr_ratio = [0.2, 0.2, 0.2, 0.2]
Prune local model 2, pr_ratio = [0.2, 0.2, 0.2, 0.2]
Prune local model 1, pr_ratio = [0.2, 0.2, 0.2, 0.2]
Prune local model 4, pr_ratio = [0.2, 0.2, 0.2, 0.2]
Prune local model 9, pr_ratio = [0.2, 0.2, 0.2, 0.2]
Prune local model 0, pr_ratio = [0.2, 0.2, 0.2, 0.2]
Prune local model 5, pr_ratio = [0.2, 0.2, 0.2, 0.2]
Prune local model 6, pr_ratio = [0.2, 0.2, 0.2, 0.2]
Round 58 - Lambda values: {0: 0.9999999927685462, 1: 7.231453737946018e-09}
Round 58 - Aggregated risks: {0: 0.9442199007683151, 1: 5.355284690856934}
Round 58 – LOCAL TPR pre-agg per client: ['0.342', '0.342', '0.351', '0.786', '0.617', '0.617', '0.617', '0.786', '0.351', '0.342']
Round 58 – TPR per Domain: 0:0.342, 1:0.342, 2:0.351, 3:0.786, 4:0.617, 5:0.617, 6:0.617, 7:0.786, 8:0.351, 9:0.342
DapperFL MW Metrics - TPRD: 71.754, WTPR: 6.667, BTPR: 78.421
  Group 0 Mean TPR: 57.353
  Group 1 Mean TPR: 6.782
Round: 58 Method: dapperfl Mean_Acc: 53.85 Best_Acc: 59.585
Domain_Acc: [62.5, 78.42, 34.48, 40.0] Domain_BestAcc: [66.96, 80.0, 41.38, 53.33]
Prune local model 7, pr_ratio = [0.2, 0.2, 0.2, 0.2]
Prune local model 4, pr_ratio = [0.2, 0.2, 0.2, 0.2]
Prune local model 2, pr_ratio = [0.2, 0.2, 0.2, 0.2]
Prune local model 9, pr_ratio = [0.2, 0.2, 0.2, 0.2]
Prune local model 5, pr_ratio = [0.2, 0.2, 0.2, 0.2]
Prune local model 3, pr_ratio = [0.2, 0.2, 0.2, 0.2]
Prune local model 8, pr_ratio = [0.2, 0.2, 0.2, 0.2]
Prune local model 0, pr_ratio = [0.2, 0.2, 0.2, 0.2]
Prune local model 6, pr_ratio = [0.2, 0.2, 0.2, 0.2]
Prune local model 1, pr_ratio = [0.2, 0.2, 0.2, 0.2]
Round 59 - Lambda values: {0: 0.9999999950427704, 1: 4.957229671330102e-09}
Round 59 - Aggregated risks: {0: 0.4816870956450483, 1: 4.257617473602295}
Round 59 – LOCAL TPR pre-agg per client: ['0.342', '0.342', '0.293', '0.818', '0.607', '0.607', '0.607', '0.818', '0.293', '0.342']
Round 59 – TPR per Domain: 0:0.342, 1:0.342, 2:0.293, 3:0.818, 4:0.607, 5:0.607, 6:0.607, 7:0.818, 8:0.293, 9:0.342
DapperFL MW Metrics - TPRD: 74.912, WTPR: 6.667, BTPR: 81.579
  Group 0 Mean TPR: 56.946
  Group 1 Mean TPR: 6.782
Round: 59 Method: dapperfl Mean_Acc: 52.695 Best_Acc: 59.585
Domain_Acc: [61.61, 81.58, 27.59, 40.0] Domain_BestAcc: [66.96, 81.58, 41.38, 53.33]
Prune local model 4, pr_ratio = [0.2, 0.2, 0.2, 0.2]
Prune local model 8, pr_ratio = [0.2, 0.2, 0.2, 0.2]
Prune local model 9, pr_ratio = [0.2, 0.2, 0.2, 0.2]
Prune local model 3, pr_ratio = [0.2, 0.2, 0.2, 0.2]
Prune local model 5, pr_ratio = [0.2, 0.2, 0.2, 0.2]
Prune local model 0, pr_ratio = [0.2, 0.2, 0.2, 0.2]
Prune local model 7, pr_ratio = [0.2, 0.2, 0.2, 0.2]
Prune local model 1, pr_ratio = [0.2, 0.2, 0.2, 0.2]
Prune local model 6, pr_ratio = [0.2, 0.2, 0.2, 0.2]
Prune local model 2, pr_ratio = [0.2, 0.2, 0.2, 0.2]
Round 60 - Lambda values: {0: 0.999999996861915, 1: 3.1380849685845835e-09}
Round 60 - Aggregated risks: {0: 0.45379103992824305, 1: 5.026134252548218}
Round 60 – LOCAL TPR pre-agg per client: ['0.350', '0.350', '0.383', '0.792', '0.606', '0.606', '0.606', '0.792', '0.383', '0.350']
Round 60 – TPR per Domain: 0:0.350, 1:0.350, 2:0.383, 3:0.792, 4:0.606, 5:0.606, 6:0.606, 7:0.792, 8:0.383, 9:0.350
DapperFL MW Metrics - TPRD: 70.327, WTPR: 8.621, BTPR: 78.947
  Group 0 Mean TPR: 57.748
  Group 1 Mean TPR: 9.310
Round: 60 Method: dapperfl Mean_Acc: 54.732 Best_Acc: 59.585
Domain_Acc: [62.05, 78.95, 37.93, 40.0] Domain_BestAcc: [66.96, 81.58, 41.38, 53.33]
Prune local model 7, pr_ratio = [0.2, 0.2, 0.2, 0.2]
Prune local model 6, pr_ratio = [0.2, 0.2, 0.2, 0.2]
Prune local model 4, pr_ratio = [0.2, 0.2, 0.2, 0.2]
Prune local model 1, pr_ratio = [0.2, 0.2, 0.2, 0.2]
Prune local model 8, pr_ratio = [0.2, 0.2, 0.2, 0.2]
Prune local model 3, pr_ratio = [0.2, 0.2, 0.2, 0.2]
Prune local model 2, pr_ratio = [0.2, 0.2, 0.2, 0.2]
Prune local model 9, pr_ratio = [0.2, 0.2, 0.2, 0.2]
Prune local model 5, pr_ratio = [0.2, 0.2, 0.2, 0.2]
Prune local model 0, pr_ratio = [0.2, 0.2, 0.2, 0.2]
Round 61 - Lambda values: {0: 0.9999999982115743, 1: 1.7884257132851698e-09}
Round 61 - Aggregated risks: {0: 0.4978734822080479, 1: 6.120643377304077}
Round 61 – LOCAL TPR pre-agg per client: ['0.425', '0.425', '0.377', '0.761', '0.646', '0.646', '0.646', '0.761', '0.377', '0.425']
Round 61 – TPR per Domain: 0:0.425, 1:0.425, 2:0.377, 3:0.761, 4:0.646, 5:0.646, 6:0.646, 7:0.761, 8:0.377, 9:0.425
DapperFL MW Metrics - TPRD: 69.123, WTPR: 6.667, BTPR: 75.789
  Group 0 Mean TPR: 59.797
  Group 1 Mean TPR: 7.644
Round: 61 Method: dapperfl Mean_Acc: 56.393 Best_Acc: 59.585
Domain_Acc: [65.18, 75.79, 37.93, 46.67] Domain_BestAcc: [66.96, 81.58, 41.38, 53.33]
Prune local model 5, pr_ratio = [0.2, 0.2, 0.2, 0.2]
Prune local model 1, pr_ratio = [0.2, 0.2, 0.2, 0.2]
Prune local model 9, pr_ratio = [0.2, 0.2, 0.2, 0.2]
Prune local model 6, pr_ratio = [0.2, 0.2, 0.2, 0.2]
Prune local model 3, pr_ratio = [0.2, 0.2, 0.2, 0.2]
Prune local model 2, pr_ratio = [0.2, 0.2, 0.2, 0.2]
Prune local model 7, pr_ratio = [0.2, 0.2, 0.2, 0.2]
Prune local model 0, pr_ratio = [0.2, 0.2, 0.2, 0.2]
Prune local model 8, pr_ratio = [0.2, 0.2, 0.2, 0.2]
Prune local model 4, pr_ratio = [0.2, 0.2, 0.2, 0.2]
Round 62 - Lambda values: {0: 0.9999999988354945, 1: 1.164505487132529e-09}
Round 62 - Aggregated risks: {0: 0.5243737164234981, 1: 4.814765930175781}
Round 62 – LOCAL TPR pre-agg per client: ['0.317', '0.317', '0.392', '0.787', '0.628', '0.628', '0.628', '0.787', '0.392', '0.317']
Round 62 – TPR per Domain: 0:0.317, 1:0.317, 2:0.392, 3:0.787, 4:0.628, 5:0.628, 6:0.628, 7:0.787, 8:0.392, 9:0.317
DapperFL MW Metrics - TPRD: 71.754, WTPR: 6.667, BTPR: 78.421
  Group 0 Mean TPR: 57.453
  Group 1 Mean TPR: 6.782
Round: 62 Method: dapperfl Mean_Acc: 54.215 Best_Acc: 59.585
Domain_Acc: [63.84, 78.42, 37.93, 36.67] Domain_BestAcc: [66.96, 81.58, 41.38, 53.33]
Prune local model 7, pr_ratio = [0.2, 0.2, 0.2, 0.2]
Prune local model 9, pr_ratio = [0.2, 0.2, 0.2, 0.2]
Prune local model 6, pr_ratio = [0.2, 0.2, 0.2, 0.2]
Prune local model 3, pr_ratio = [0.2, 0.2, 0.2, 0.2]
Prune local model 4, pr_ratio = [0.2, 0.2, 0.2, 0.2]
Prune local model 2, pr_ratio = [0.2, 0.2, 0.2, 0.2]
Prune local model 8, pr_ratio = [0.2, 0.2, 0.2, 0.2]
Prune local model 5, pr_ratio = [0.2, 0.2, 0.2, 0.2]
Prune local model 1, pr_ratio = [0.2, 0.2, 0.2, 0.2]
Prune local model 0, pr_ratio = [0.2, 0.2, 0.2, 0.2]
Round 63 - Lambda values: {0: 0.9999999992616923, 1: 7.383078008701031e-10}
Round 63 - Aggregated risks: {0: 0.883811375942829, 1: 5.440721273422241}
Round 63 – LOCAL TPR pre-agg per client: ['0.442', '0.442', '0.451', '0.781', '0.627', '0.627', '0.627', '0.781', '0.451', '0.442']
Round 63 – TPR per Domain: 0:0.442, 1:0.442, 2:0.451, 3:0.781, 4:0.627, 5:0.627, 6:0.627, 7:0.781, 8:0.451, 9:0.442
DapperFL MW Metrics - TPRD: 72.722, WTPR: 5.172, BTPR: 77.895
  Group 0 Mean TPR: 60.967
  Group 1 Mean TPR: 5.920
Round: 63 Method: dapperfl Mean_Acc: 58.485 Best_Acc: 59.585
Domain_Acc: [62.95, 77.89, 43.1, 50.0] Domain_BestAcc: [66.96, 81.58, 43.1, 53.33]
Prune local model 8, pr_ratio = [0.2, 0.2, 0.2, 0.2]
Prune local model 1, pr_ratio = [0.2, 0.2, 0.2, 0.2]
Prune local model 6, pr_ratio = [0.2, 0.2, 0.2, 0.2]
Prune local model 0, pr_ratio = [0.2, 0.2, 0.2, 0.2]
Prune local model 5, pr_ratio = [0.2, 0.2, 0.2, 0.2]
Prune local model 2, pr_ratio = [0.2, 0.2, 0.2, 0.2]
Prune local model 9, pr_ratio = [0.2, 0.2, 0.2, 0.2]
Prune local model 4, pr_ratio = [0.2, 0.2, 0.2, 0.2]
Prune local model 3, pr_ratio = [0.2, 0.2, 0.2, 0.2]
Prune local model 7, pr_ratio = [0.2, 0.2, 0.2, 0.2]
Round 64 - Lambda values: {0: 0.9999999995124718, 1: 4.875283059321845e-10}
Round 64 - Aggregated risks: {0: 1.5725430936244524, 1: 5.722667694091797}
Round 64 – LOCAL TPR pre-agg per client: ['0.317', '0.317', '0.363', '0.762', '0.635', '0.635', '0.635', '0.762', '0.363', '0.317']
Round 64 – TPR per Domain: 0:0.317, 1:0.317, 2:0.363, 3:0.762, 4:0.635, 5:0.635, 6:0.635, 7:0.762, 8:0.363, 9:0.317
DapperFL MW Metrics - TPRD: 69.123, WTPR: 6.667, BTPR: 75.789
  Group 0 Mean TPR: 57.082
  Group 1 Mean TPR: 6.782
Round: 64 Method: dapperfl Mean_Acc: 53.463 Best_Acc: 59.585
Domain_Acc: [65.18, 75.79, 36.21, 36.67] Domain_BestAcc: [66.96, 81.58, 43.1, 53.33]
Prune local model 9, pr_ratio = [0.2, 0.2, 0.2, 0.2]
Prune local model 1, pr_ratio = [0.2, 0.2, 0.2, 0.2]
Prune local model 2, pr_ratio = [0.2, 0.2, 0.2, 0.2]
Prune local model 5, pr_ratio = [0.2, 0.2, 0.2, 0.2]
Prune local model 8, pr_ratio = [0.2, 0.2, 0.2, 0.2]
Prune local model 4, pr_ratio = [0.2, 0.2, 0.2, 0.2]
Prune local model 6, pr_ratio = [0.2, 0.2, 0.2, 0.2]
Prune local model 3, pr_ratio = [0.2, 0.2, 0.2, 0.2]
Prune local model 7, pr_ratio = [0.2, 0.2, 0.2, 0.2]
Prune local model 0, pr_ratio = [0.2, 0.2, 0.2, 0.2]
Round 65 - Lambda values: {0: 0.9999999996452452, 1: 3.547547198714996e-10}
Round 65 - Aggregated risks: {0: 0.5101845489873997, 1: 3.689401865005493}
Round 65 – LOCAL TPR pre-agg per client: ['0.317', '0.317', '0.331', '0.782', '0.622', '0.622', '0.622', '0.782', '0.331', '0.317']
Round 65 – TPR per Domain: 0:0.317, 1:0.317, 2:0.331, 3:0.782, 4:0.622, 5:0.622, 6:0.622, 7:0.782, 8:0.331, 9:0.317
DapperFL MW Metrics - TPRD: 71.228, WTPR: 6.667, BTPR: 77.895
  Group 0 Mean TPR: 56.675
  Group 1 Mean TPR: 6.782
Round: 65 Method: dapperfl Mean_Acc: 52.79 Best_Acc: 59.585
Domain_Acc: [63.84, 77.89, 32.76, 36.67] Domain_BestAcc: [66.96, 81.58, 43.1, 53.33]
Prune local model 6, pr_ratio = [0.2, 0.2, 0.2, 0.2]
Prune local model 9, pr_ratio = [0.2, 0.2, 0.2, 0.2]
Prune local model 4, pr_ratio = [0.2, 0.2, 0.2, 0.2]
Prune local model 2, pr_ratio = [0.2, 0.2, 0.2, 0.2]
Prune local model 0, pr_ratio = [0.2, 0.2, 0.2, 0.2]
Prune local model 1, pr_ratio = [0.2, 0.2, 0.2, 0.2]
Prune local model 5, pr_ratio = [0.2, 0.2, 0.2, 0.2]
Prune local model 3, pr_ratio = [0.2, 0.2, 0.2, 0.2]
Prune local model 8, pr_ratio = [0.2, 0.2, 0.2, 0.2]
Prune local model 7, pr_ratio = [0.2, 0.2, 0.2, 0.2]
Round 66 - Lambda values: {0: 0.9999999997643865, 1: 2.356134903337135e-10}
Round 66 - Aggregated risks: {0: 0.7525636414909752, 1: 4.844902753829956}
Round 66 – LOCAL TPR pre-agg per client: ['0.367', '0.367', '0.298', '0.797', '0.618', '0.618', '0.618', '0.797', '0.298', '0.367']
Round 66 – TPR per Domain: 0:0.367, 1:0.367, 2:0.298, 3:0.797, 4:0.618, 5:0.618, 6:0.618, 7:0.797, 8:0.298, 9:0.367
DapperFL MW Metrics - TPRD: 72.807, WTPR: 6.667, BTPR: 79.474
  Group 0 Mean TPR: 56.754
  Group 1 Mean TPR: 6.782
Round: 66 Method: dapperfl Mean_Acc: 52.39 Best_Acc: 59.585
Domain_Acc: [62.5, 79.47, 27.59, 40.0] Domain_BestAcc: [66.96, 81.58, 43.1, 53.33]
Prune local model 6, pr_ratio = [0.2, 0.2, 0.2, 0.2]
Prune local model 4, pr_ratio = [0.2, 0.2, 0.2, 0.2]
Prune local model 0, pr_ratio = [0.2, 0.2, 0.2, 0.2]
Prune local model 8, pr_ratio = [0.2, 0.2, 0.2, 0.2]
Prune local model 2, pr_ratio = [0.2, 0.2, 0.2, 0.2]
Prune local model 7, pr_ratio = [0.2, 0.2, 0.2, 0.2]
Prune local model 1, pr_ratio = [0.2, 0.2, 0.2, 0.2]
Prune local model 5, pr_ratio = [0.2, 0.2, 0.2, 0.2]
Prune local model 3, pr_ratio = [0.2, 0.2, 0.2, 0.2]
Prune local model 9, pr_ratio = [0.2, 0.2, 0.2, 0.2]
Round 67 - Lambda values: {0: 0.9999999998399713, 1: 1.600286467182182e-10}
Round 67 - Aggregated risks: {0: 0.4940397553416191, 1: 4.362438440322876}
Round 67 – LOCAL TPR pre-agg per client: ['0.442', '0.442', '0.369', '0.782', '0.643', '0.643', '0.643', '0.782', '0.369', '0.442']
Round 67 – TPR per Domain: 0:0.442, 1:0.442, 2:0.369, 3:0.782, 4:0.643, 5:0.643, 6:0.643, 7:0.782, 8:0.369, 9:0.442
DapperFL MW Metrics - TPRD: 71.228, WTPR: 6.667, BTPR: 77.895
  Group 0 Mean TPR: 60.108
  Group 1 Mean TPR: 6.782
Round: 67 Method: dapperfl Mean_Acc: 56.488 Best_Acc: 59.585
Domain_Acc: [65.18, 77.89, 36.21, 46.67] Domain_BestAcc: [66.96, 81.58, 43.1, 53.33]
Prune local model 3, pr_ratio = [0.2, 0.2, 0.2, 0.2]
Prune local model 7, pr_ratio = [0.2, 0.2, 0.2, 0.2]
Prune local model 5, pr_ratio = [0.2, 0.2, 0.2, 0.2]
Prune local model 0, pr_ratio = [0.2, 0.2, 0.2, 0.2]
Prune local model 1, pr_ratio = [0.2, 0.2, 0.2, 0.2]
Prune local model 6, pr_ratio = [0.2, 0.2, 0.2, 0.2]
Prune local model 9, pr_ratio = [0.2, 0.2, 0.2, 0.2]
Prune local model 8, pr_ratio = [0.2, 0.2, 0.2, 0.2]
Prune local model 2, pr_ratio = [0.2, 0.2, 0.2, 0.2]
Prune local model 4, pr_ratio = [0.2, 0.2, 0.2, 0.2]
Round 68 - Lambda values: {0: 0.9999999998987101, 1: 1.012899067566541e-10}
Round 68 - Aggregated risks: {0: 0.4120756489336637, 1: 4.98573637008667}
Round 68 – LOCAL TPR pre-agg per client: ['0.267', '0.267', '0.384', '0.807', '0.625', '0.625', '0.625', '0.807', '0.384', '0.267']
Round 68 – TPR per Domain: 0:0.267, 1:0.267, 2:0.384, 3:0.807, 4:0.625, 5:0.625, 6:0.625, 7:0.807, 8:0.384, 9:0.267
DapperFL MW Metrics - TPRD: 73.860, WTPR: 6.667, BTPR: 80.526
  Group 0 Mean TPR: 56.931
  Group 1 Mean TPR: 6.782
Round: 68 Method: dapperfl Mean_Acc: 53.478 Best_Acc: 59.585
Domain_Acc: [63.84, 80.53, 36.21, 33.33] Domain_BestAcc: [66.96, 81.58, 43.1, 53.33]
Prune local model 6, pr_ratio = [0.2, 0.2, 0.2, 0.2]
Prune local model 0, pr_ratio = [0.2, 0.2, 0.2, 0.2]
Prune local model 7, pr_ratio = [0.2, 0.2, 0.2, 0.2]
Prune local model 2, pr_ratio = [0.2, 0.2, 0.2, 0.2]
Prune local model 5, pr_ratio = [0.2, 0.2, 0.2, 0.2]
Prune local model 4, pr_ratio = [0.2, 0.2, 0.2, 0.2]
Prune local model 3, pr_ratio = [0.2, 0.2, 0.2, 0.2]
Prune local model 1, pr_ratio = [0.2, 0.2, 0.2, 0.2]
Prune local model 8, pr_ratio = [0.2, 0.2, 0.2, 0.2]
Prune local model 9, pr_ratio = [0.2, 0.2, 0.2, 0.2]
Round 69 - Lambda values: {0: 0.9999999999372197, 1: 6.278028803819852e-11}
Round 69 - Aggregated risks: {0: 0.4743284270498372, 1: 5.257784724235535}
Round 69 – LOCAL TPR pre-agg per client: ['0.267', '0.267', '0.307', '0.802', '0.594', '0.594', '0.594', '0.802', '0.307', '0.267']
Round 69 – TPR per Domain: 0:0.267, 1:0.267, 2:0.307, 3:0.802, 4:0.594, 5:0.594, 6:0.594, 7:0.802, 8:0.307, 9:0.267
DapperFL MW Metrics - TPRD: 73.333, WTPR: 6.667, BTPR: 80.000
  Group 0 Mean TPR: 54.598
  Group 1 Mean TPR: 6.782
Round: 69 Method: dapperfl Mean_Acc: 50.728 Best_Acc: 59.585
Domain_Acc: [60.27, 80.0, 29.31, 33.33] Domain_BestAcc: [66.96, 81.58, 43.1, 53.33]
Prune local model 5, pr_ratio = [0.2, 0.2, 0.2, 0.2]
Prune local model 0, pr_ratio = [0.2, 0.2, 0.2, 0.2]
Prune local model 8, pr_ratio = [0.2, 0.2, 0.2, 0.2]
Prune local model 9, pr_ratio = [0.2, 0.2, 0.2, 0.2]
Prune local model 2, pr_ratio = [0.2, 0.2, 0.2, 0.2]
Prune local model 3, pr_ratio = [0.2, 0.2, 0.2, 0.2]
Prune local model 1, pr_ratio = [0.2, 0.2, 0.2, 0.2]
Prune local model 4, pr_ratio = [0.2, 0.2, 0.2, 0.2]
Prune local model 6, pr_ratio = [0.2, 0.2, 0.2, 0.2]
Prune local model 7, pr_ratio = [0.2, 0.2, 0.2, 0.2]
Round 70 - Lambda values: {0: 0.9999999999591818, 1: 4.081820275954379e-11}
Round 70 - Aggregated risks: {0: 0.6582605929884034, 1: 4.9633907079696655}
Round 70 – LOCAL TPR pre-agg per client: ['0.400', '0.400', '0.373', '0.827', '0.664', '0.664', '0.664', '0.827', '0.373', '0.400']
Round 70 – TPR per Domain: 0:0.400, 1:0.400, 2:0.373, 3:0.827, 4:0.664, 5:0.664, 6:0.664, 7:0.827, 8:0.373, 9:0.400
DapperFL MW Metrics - TPRD: 75.965, WTPR: 6.667, BTPR: 82.632
  Group 0 Mean TPR: 61.081
  Group 1 Mean TPR: 6.782
Round: 70 Method: dapperfl Mean_Acc: 56.962 Best_Acc: 59.585
Domain_Acc: [67.41, 82.63, 34.48, 43.33] Domain_BestAcc: [67.41, 82.63, 43.1, 53.33]
Prune local model 7, pr_ratio = [0.2, 0.2, 0.2, 0.2]
Prune local model 5, pr_ratio = [0.2, 0.2, 0.2, 0.2]
Prune local model 3, pr_ratio = [0.2, 0.2, 0.2, 0.2]
Prune local model 2, pr_ratio = [0.2, 0.2, 0.2, 0.2]
Prune local model 1, pr_ratio = [0.2, 0.2, 0.2, 0.2]
Prune local model 4, pr_ratio = [0.2, 0.2, 0.2, 0.2]
Prune local model 0, pr_ratio = [0.2, 0.2, 0.2, 0.2]
Prune local model 8, pr_ratio = [0.2, 0.2, 0.2, 0.2]
Prune local model 9, pr_ratio = [0.2, 0.2, 0.2, 0.2]
Prune local model 6, pr_ratio = [0.2, 0.2, 0.2, 0.2]
Round 71 - Lambda values: {0: 0.9999999999731078, 1: 2.6892148267852763e-11}
Round 71 - Aggregated risks: {0: 0.5289603984883632, 1: 4.701898097991943}
Round 71 – LOCAL TPR pre-agg per client: ['0.467', '0.467', '0.433', '0.817', '0.625', '0.625', '0.625', '0.817', '0.433', '0.467']
Round 71 – TPR per Domain: 0:0.467, 1:0.467, 2:0.433, 3:0.817, 4:0.625, 5:0.625, 6:0.625, 7:0.817, 8:0.433, 9:0.467
DapperFL MW Metrics - TPRD: 74.912, WTPR: 6.667, BTPR: 81.579
  Group 0 Mean TPR: 62.007
  Group 1 Mean TPR: 6.782
Round: 71 Method: dapperfl Mean_Acc: 59.2 Best_Acc: 59.585
Domain_Acc: [63.84, 81.58, 41.38, 50.0] Domain_BestAcc: [67.41, 82.63, 43.1, 53.33]
Prune local model 5, pr_ratio = [0.2, 0.2, 0.2, 0.2]
Prune local model 6, pr_ratio = [0.2, 0.2, 0.2, 0.2]
Prune local model 7, pr_ratio = [0.2, 0.2, 0.2, 0.2]
Prune local model 1, pr_ratio = [0.2, 0.2, 0.2, 0.2]
Prune local model 4, pr_ratio = [0.2, 0.2, 0.2, 0.2]
Prune local model 9, pr_ratio = [0.2, 0.2, 0.2, 0.2]
Prune local model 3, pr_ratio = [0.2, 0.2, 0.2, 0.2]
Prune local model 0, pr_ratio = [0.2, 0.2, 0.2, 0.2]
Prune local model 8, pr_ratio = [0.2, 0.2, 0.2, 0.2]
Prune local model 2, pr_ratio = [0.2, 0.2, 0.2, 0.2]
Round 72 - Lambda values: {0: 0.9999999999831823, 1: 1.68176100455121e-11}
Round 72 - Aggregated risks: {0: 0.21836655502936733, 1: 4.912444591522217}
Round 72 – LOCAL TPR pre-agg per client: ['0.317', '0.317', '0.434', '0.807', '0.638', '0.638', '0.638', '0.807', '0.434', '0.317']
Round 72 – TPR per Domain: 0:0.317, 1:0.317, 2:0.434, 3:0.807, 4:0.638, 5:0.638, 6:0.638, 7:0.807, 8:0.434, 9:0.317
DapperFL MW Metrics - TPRD: 73.860, WTPR: 6.667, BTPR: 80.526
  Group 0 Mean TPR: 58.913
  Group 1 Mean TPR: 6.782
Round: 72 Method: dapperfl Mean_Acc: 55.94 Best_Acc: 59.585
Domain_Acc: [65.18, 80.53, 41.38, 36.67] Domain_BestAcc: [67.41, 82.63, 43.1, 53.33]
Prune local model 1, pr_ratio = [0.2, 0.2, 0.2, 0.2]
Prune local model 6, pr_ratio = [0.2, 0.2, 0.2, 0.2]
Prune local model 2, pr_ratio = [0.2, 0.2, 0.2, 0.2]
Prune local model 7, pr_ratio = [0.2, 0.2, 0.2, 0.2]
Prune local model 4, pr_ratio = [0.2, 0.2, 0.2, 0.2]
Prune local model 8, pr_ratio = [0.2, 0.2, 0.2, 0.2]
Prune local model 5, pr_ratio = [0.2, 0.2, 0.2, 0.2]
Prune local model 9, pr_ratio = [0.2, 0.2, 0.2, 0.2]
Prune local model 3, pr_ratio = [0.2, 0.2, 0.2, 0.2]
Prune local model 0, pr_ratio = [0.2, 0.2, 0.2, 0.2]
Round 73 - Lambda values: {0: 0.9999999999893991, 1: 1.0600840466354575e-11}
Round 73 - Aggregated risks: {0: 0.6315235938410375, 1: 5.246456265449524}
Round 73 – LOCAL TPR pre-agg per client: ['0.342', '0.342', '0.315', '0.817', '0.626', '0.626', '0.626', '0.817', '0.315', '0.342']
Round 73 – TPR per Domain: 0:0.342, 1:0.342, 2:0.315, 3:0.817, 4:0.626, 5:0.626, 6:0.626, 7:0.817, 8:0.315, 9:0.342
DapperFL MW Metrics - TPRD: 74.912, WTPR: 6.667, BTPR: 81.579
  Group 0 Mean TPR: 58.712
  Group 1 Mean TPR: 6.782
Round: 73 Method: dapperfl Mean_Acc: 54.722 Best_Acc: 59.585
Domain_Acc: [62.95, 81.58, 31.03, 43.33] Domain_BestAcc: [67.41, 82.63, 43.1, 53.33]
Prune local model 9, pr_ratio = [0.2, 0.2, 0.2, 0.2]
Prune local model 0, pr_ratio = [0.2, 0.2, 0.2, 0.2]
Prune local model 4, pr_ratio = [0.2, 0.2, 0.2, 0.2]
Prune local model 6, pr_ratio = [0.2, 0.2, 0.2, 0.2]
Prune local model 5, pr_ratio = [0.2, 0.2, 0.2, 0.2]
Prune local model 3, pr_ratio = [0.2, 0.2, 0.2, 0.2]
Prune local model 2, pr_ratio = [0.2, 0.2, 0.2, 0.2]
Prune local model 8, pr_ratio = [0.2, 0.2, 0.2, 0.2]
Prune local model 1, pr_ratio = [0.2, 0.2, 0.2, 0.2]
Prune local model 7, pr_ratio = [0.2, 0.2, 0.2, 0.2]
Round 74 - Lambda values: {0: 0.9999999999931747, 1: 6.825340791266612e-12}
Round 74 - Aggregated risks: {0: 0.8738945391270354, 1: 5.276804685592651}
Round 74 – LOCAL TPR pre-agg per client: ['0.367', '0.367', '0.323', '0.797', '0.619', '0.619', '0.619', '0.797', '0.323', '0.367']
Round 74 – TPR per Domain: 0:0.367, 1:0.367, 2:0.323, 3:0.797, 4:0.619, 5:0.619, 6:0.619, 7:0.797, 8:0.323, 9:0.367
DapperFL MW Metrics - TPRD: 72.807, WTPR: 6.667, BTPR: 79.474
  Group 0 Mean TPR: 57.018
  Group 1 Mean TPR: 6.782
Round: 74 Method: dapperfl Mean_Acc: 53.137 Best_Acc: 59.585
Domain_Acc: [62.05, 79.47, 31.03, 40.0] Domain_BestAcc: [67.41, 82.63, 43.1, 53.33]
Prune local model 1, pr_ratio = [0.2, 0.2, 0.2, 0.2]
Prune local model 0, pr_ratio = [0.2, 0.2, 0.2, 0.2]
Prune local model 8, pr_ratio = [0.2, 0.2, 0.2, 0.2]
Prune local model 4, pr_ratio = [0.2, 0.2, 0.2, 0.2]
Prune local model 2, pr_ratio = [0.2, 0.2, 0.2, 0.2]
Prune local model 7, pr_ratio = [0.2, 0.2, 0.2, 0.2]
Prune local model 3, pr_ratio = [0.2, 0.2, 0.2, 0.2]
Prune local model 9, pr_ratio = [0.2, 0.2, 0.2, 0.2]
Prune local model 5, pr_ratio = [0.2, 0.2, 0.2, 0.2]
Prune local model 6, pr_ratio = [0.2, 0.2, 0.2, 0.2]
Round 75 - Lambda values: {0: 0.9999999999960967, 1: 3.903353722628072e-12}
Round 75 - Aggregated risks: {0: 0.27095457877767637, 1: 5.859016180038452}
Round 75 – LOCAL TPR pre-agg per client: ['0.392', '0.392', '0.406', '0.802', '0.630', '0.630', '0.630', '0.802', '0.406', '0.392']
Round 75 – TPR per Domain: 0:0.392, 1:0.392, 2:0.406, 3:0.802, 4:0.630, 5:0.630, 6:0.630, 7:0.802, 8:0.406, 9:0.392
DapperFL MW Metrics - TPRD: 73.333, WTPR: 6.667, BTPR: 80.000
  Group 0 Mean TPR: 60.731
  Group 1 Mean TPR: 6.782
Round: 75 Method: dapperfl Mean_Acc: 57.655 Best_Acc: 59.585
Domain_Acc: [64.29, 80.0, 39.66, 46.67] Domain_BestAcc: [67.41, 82.63, 43.1, 53.33]
Prune local model 5, pr_ratio = [0.2, 0.2, 0.2, 0.2]
Prune local model 0, pr_ratio = [0.2, 0.2, 0.2, 0.2]
Prune local model 4, pr_ratio = [0.2, 0.2, 0.2, 0.2]
Prune local model 7, pr_ratio = [0.2, 0.2, 0.2, 0.2]
Prune local model 2, pr_ratio = [0.2, 0.2, 0.2, 0.2]
Prune local model 6, pr_ratio = [0.2, 0.2, 0.2, 0.2]
Prune local model 1, pr_ratio = [0.2, 0.2, 0.2, 0.2]
Prune local model 3, pr_ratio = [0.2, 0.2, 0.2, 0.2]
Prune local model 9, pr_ratio = [0.2, 0.2, 0.2, 0.2]
Prune local model 8, pr_ratio = [0.2, 0.2, 0.2, 0.2]
Round 76 - Lambda values: {0: 0.9999999999973544, 1: 2.6455457241655607e-12}
Round 76 - Aggregated risks: {0: 0.5044692225754039, 1: 4.394056677818298}
Round 76 – LOCAL TPR pre-agg per client: ['0.467', '0.467', '0.410', '0.803', '0.610', '0.610', '0.610', '0.803', '0.410', '0.467']
Round 76 – TPR per Domain: 0:0.467, 1:0.467, 2:0.410, 3:0.803, 4:0.610, 5:0.610, 6:0.610, 7:0.803, 8:0.410, 9:0.467
DapperFL MW Metrics - TPRD: 73.333, WTPR: 6.667, BTPR: 80.000
  Group 0 Mean TPR: 60.894
  Group 1 Mean TPR: 6.782
Round: 76 Method: dapperfl Mean_Acc: 58.04 Best_Acc: 59.585
Domain_Acc: [62.5, 80.0, 39.66, 50.0] Domain_BestAcc: [67.41, 82.63, 43.1, 53.33]
Prune local model 3, pr_ratio = [0.2, 0.2, 0.2, 0.2]
Prune local model 8, pr_ratio = [0.2, 0.2, 0.2, 0.2]
Prune local model 0, pr_ratio = [0.2, 0.2, 0.2, 0.2]
Prune local model 6, pr_ratio = [0.2, 0.2, 0.2, 0.2]
Prune local model 1, pr_ratio = [0.2, 0.2, 0.2, 0.2]
Prune local model 4, pr_ratio = [0.2, 0.2, 0.2, 0.2]
Prune local model 5, pr_ratio = [0.2, 0.2, 0.2, 0.2]
Prune local model 9, pr_ratio = [0.2, 0.2, 0.2, 0.2]
Prune local model 7, pr_ratio = [0.2, 0.2, 0.2, 0.2]
Prune local model 2, pr_ratio = [0.2, 0.2, 0.2, 0.2]
Round 77 - Lambda values: {0: 0.9999999999983036, 1: 1.6963729917411328e-12}
Round 77 - Aggregated risks: {0: 0.6069462611153145, 1: 5.050795555114746}
Round 77 – LOCAL TPR pre-agg per client: ['0.392', '0.392', '0.372', '0.817', '0.636', '0.636', '0.636', '0.817', '0.372', '0.392']
Round 77 – TPR per Domain: 0:0.392, 1:0.392, 2:0.372, 3:0.817, 4:0.636, 5:0.636, 6:0.636, 7:0.817, 8:0.372, 9:0.392
DapperFL MW Metrics - TPRD: 74.912, WTPR: 6.667, BTPR: 81.579
  Group 0 Mean TPR: 60.028
  Group 1 Mean TPR: 6.782
Round: 77 Method: dapperfl Mean_Acc: 56.463 Best_Acc: 59.585
Domain_Acc: [64.73, 81.58, 36.21, 43.33] Domain_BestAcc: [67.41, 82.63, 43.1, 53.33]
Prune local model 6, pr_ratio = [0.2, 0.2, 0.2, 0.2]
Prune local model 2, pr_ratio = [0.2, 0.2, 0.2, 0.2]
Prune local model 4, pr_ratio = [0.2, 0.2, 0.2, 0.2]
Prune local model 3, pr_ratio = [0.2, 0.2, 0.2, 0.2]
Prune local model 9, pr_ratio = [0.2, 0.2, 0.2, 0.2]
Prune local model 5, pr_ratio = [0.2, 0.2, 0.2, 0.2]
Prune local model 7, pr_ratio = [0.2, 0.2, 0.2, 0.2]
Prune local model 1, pr_ratio = [0.2, 0.2, 0.2, 0.2]
Prune local model 8, pr_ratio = [0.2, 0.2, 0.2, 0.2]
Prune local model 0, pr_ratio = [0.2, 0.2, 0.2, 0.2]
Round 78 - Lambda values: {0: 0.9999999999989249, 1: 1.0751733286306246e-12}
Round 78 - Aggregated risks: {0: 0.43794468237805184, 1: 4.998050212860107}
Round 78 – LOCAL TPR pre-agg per client: ['0.492', '0.492', '0.398', '0.782', '0.671', '0.671', '0.671', '0.782', '0.398', '0.492']
Round 78 – TPR per Domain: 0:0.492, 1:0.492, 2:0.398, 3:0.782, 4:0.671, 5:0.671, 6:0.671, 7:0.782, 8:0.398, 9:0.492
DapperFL MW Metrics - TPRD: 67.895, WTPR: 10.000, BTPR: 77.895
  Group 0 Mean TPR: 63.043
  Group 1 Mean TPR: 10.172
Round: 78 Method: dapperfl Mean_Acc: 59.573 Best_Acc: 59.585
Domain_Acc: [67.41, 77.89, 39.66, 53.33] Domain_BestAcc: [67.41, 82.63, 43.1, 53.33]
Prune local model 5, pr_ratio = [0.2, 0.2, 0.2, 0.2]
Prune local model 6, pr_ratio = [0.2, 0.2, 0.2, 0.2]
Prune local model 1, pr_ratio = [0.2, 0.2, 0.2, 0.2]
Prune local model 2, pr_ratio = [0.2, 0.2, 0.2, 0.2]
Prune local model 3, pr_ratio = [0.2, 0.2, 0.2, 0.2]
Prune local model 8, pr_ratio = [0.2, 0.2, 0.2, 0.2]
Prune local model 7, pr_ratio = [0.2, 0.2, 0.2, 0.2]
Prune local model 9, pr_ratio = [0.2, 0.2, 0.2, 0.2]
Prune local model 0, pr_ratio = [0.2, 0.2, 0.2, 0.2]
Prune local model 4, pr_ratio = [0.2, 0.2, 0.2, 0.2]
Round 79 - Lambda values: {0: 0.9999999999992898, 1: 7.101075865537137e-13}
Round 79 - Aggregated risks: {0: 0.5092662222281302, 1: 4.6574729681015015}
Round 79 – LOCAL TPR pre-agg per client: ['0.292', '0.292', '0.331', '0.787', '0.610', '0.610', '0.610', '0.787', '0.331', '0.292']
Round 79 – TPR per Domain: 0:0.292, 1:0.292, 2:0.331, 3:0.787, 4:0.610, 5:0.610, 6:0.610, 7:0.787, 8:0.331, 9:0.292
DapperFL MW Metrics - TPRD: 71.754, WTPR: 6.667, BTPR: 78.421
  Group 0 Mean TPR: 55.969
  Group 1 Mean TPR: 7.644
Round: 79 Method: dapperfl Mean_Acc: 52.365 Best_Acc: 59.585
Domain_Acc: [61.61, 78.42, 32.76, 36.67] Domain_BestAcc: [67.41, 82.63, 43.1, 53.33]
Prune local model 5, pr_ratio = [0.2, 0.2, 0.2, 0.2]
Prune local model 4, pr_ratio = [0.2, 0.2, 0.2, 0.2]
Prune local model 8, pr_ratio = [0.2, 0.2, 0.2, 0.2]
Prune local model 9, pr_ratio = [0.2, 0.2, 0.2, 0.2]
Prune local model 6, pr_ratio = [0.2, 0.2, 0.2, 0.2]
Prune local model 2, pr_ratio = [0.2, 0.2, 0.2, 0.2]
Prune local model 1, pr_ratio = [0.2, 0.2, 0.2, 0.2]
Prune local model 0, pr_ratio = [0.2, 0.2, 0.2, 0.2]
Prune local model 3, pr_ratio = [0.2, 0.2, 0.2, 0.2]
Prune local model 7, pr_ratio = [0.2, 0.2, 0.2, 0.2]
Round 80 - Lambda values: {0: 0.9999999999995757, 1: 4.2438069223936555e-13}
Round 80 - Aggregated risks: {0: 0.4831950505120815, 1: 5.6310508251190186}
Round 80 – LOCAL TPR pre-agg per client: ['0.442', '0.442', '0.385', '0.822', '0.639', '0.639', '0.639', '0.822', '0.385', '0.442']
Round 80 – TPR per Domain: 0:0.442, 1:0.442, 2:0.385, 3:0.822, 4:0.639, 5:0.639, 6:0.639, 7:0.822, 8:0.385, 9:0.442
DapperFL MW Metrics - TPRD: 75.439, WTPR: 6.667, BTPR: 82.105
  Group 0 Mean TPR: 62.042
  Group 1 Mean TPR: 6.782
Round: 80 Method: dapperfl Mean_Acc: 58.692 Best_Acc: 59.585
Domain_Acc: [64.73, 82.11, 37.93, 50.0] Domain_BestAcc: [67.41, 82.63, 43.1, 53.33]
Prune local model 8, pr_ratio = [0.2, 0.2, 0.2, 0.2]
Prune local model 2, pr_ratio = [0.2, 0.2, 0.2, 0.2]
Prune local model 6, pr_ratio = [0.2, 0.2, 0.2, 0.2]
Prune local model 3, pr_ratio = [0.2, 0.2, 0.2, 0.2]
Prune local model 4, pr_ratio = [0.2, 0.2, 0.2, 0.2]
Prune local model 9, pr_ratio = [0.2, 0.2, 0.2, 0.2]
Prune local model 5, pr_ratio = [0.2, 0.2, 0.2, 0.2]
Prune local model 0, pr_ratio = [0.2, 0.2, 0.2, 0.2]
Prune local model 7, pr_ratio = [0.2, 0.2, 0.2, 0.2]
Prune local model 1, pr_ratio = [0.2, 0.2, 0.2, 0.2]
Round 81 - Lambda values: {0: 0.9999999999997486, 1: 2.5127671465270784e-13}
Round 81 - Aggregated risks: {0: 0.4686875068322959, 1: 5.70944881439209}
Round 81 – LOCAL TPR pre-agg per client: ['0.317', '0.317', '0.290', '0.802', '0.625', '0.625', '0.625', '0.802', '0.290', '0.317']
Round 81 – TPR per Domain: 0:0.317, 1:0.317, 2:0.290, 3:0.802, 4:0.625, 5:0.625, 6:0.625, 7:0.802, 8:0.290, 9:0.317
DapperFL MW Metrics - TPRD: 73.333, WTPR: 6.667, BTPR: 80.000
  Group 0 Mean TPR: 56.220
  Group 1 Mean TPR: 6.782
Round: 81 Method: dapperfl Mean_Acc: 51.802 Best_Acc: 59.585
Domain_Acc: [62.95, 80.0, 27.59, 36.67] Domain_BestAcc: [67.41, 82.63, 43.1, 53.33]
Prune local model 7, pr_ratio = [0.2, 0.2, 0.2, 0.2]
Prune local model 2, pr_ratio = [0.2, 0.2, 0.2, 0.2]
Prune local model 5, pr_ratio = [0.2, 0.2, 0.2, 0.2]
Prune local model 3, pr_ratio = [0.2, 0.2, 0.2, 0.2]
Prune local model 1, pr_ratio = [0.2, 0.2, 0.2, 0.2]
Prune local model 8, pr_ratio = [0.2, 0.2, 0.2, 0.2]
Prune local model 6, pr_ratio = [0.2, 0.2, 0.2, 0.2]
Prune local model 9, pr_ratio = [0.2, 0.2, 0.2, 0.2]
Prune local model 4, pr_ratio = [0.2, 0.2, 0.2, 0.2]
Prune local model 0, pr_ratio = [0.2, 0.2, 0.2, 0.2]
Round 82 - Lambda values: {0: 0.9999999999998416, 1: 1.5844949070169483e-13}
Round 82 - Aggregated risks: {0: 0.854375639605882, 1: 5.465564727783203}
Round 82 – LOCAL TPR pre-agg per client: ['0.442', '0.442', '0.315', '0.776', '0.619', '0.619', '0.619', '0.776', '0.315', '0.442']
Round 82 – TPR per Domain: 0:0.442, 1:0.442, 2:0.315, 3:0.776, 4:0.619, 5:0.619, 6:0.619, 7:0.776, 8:0.315, 9:0.442
DapperFL MW Metrics - TPRD: 70.702, WTPR: 6.667, BTPR: 77.368
  Group 0 Mean TPR: 58.110
  Group 1 Mean TPR: 6.782
Round: 82 Method: dapperfl Mean_Acc: 53.963 Best_Acc: 59.585
Domain_Acc: [62.5, 77.37, 29.31, 46.67] Domain_BestAcc: [67.41, 82.63, 43.1, 53.33]
Prune local model 8, pr_ratio = [0.2, 0.2, 0.2, 0.2]
Prune local model 0, pr_ratio = [0.2, 0.2, 0.2, 0.2]
Prune local model 4, pr_ratio = [0.2, 0.2, 0.2, 0.2]
Prune local model 2, pr_ratio = [0.2, 0.2, 0.2, 0.2]
Prune local model 3, pr_ratio = [0.2, 0.2, 0.2, 0.2]
Prune local model 7, pr_ratio = [0.2, 0.2, 0.2, 0.2]
Prune local model 1, pr_ratio = [0.2, 0.2, 0.2, 0.2]
Prune local model 9, pr_ratio = [0.2, 0.2, 0.2, 0.2]
Prune local model 6, pr_ratio = [0.2, 0.2, 0.2, 0.2]
Prune local model 5, pr_ratio = [0.2, 0.2, 0.2, 0.2]
Round 83 - Lambda values: {0: 0.9999999999998989, 1: 1.0115736632124748e-13}
Round 83 - Aggregated risks: {0: 0.4457280409086177, 1: 4.933312892913818}
Round 83 – LOCAL TPR pre-agg per client: ['0.292', '0.292', '0.369', '0.796', '0.633', '0.633', '0.633', '0.796', '0.369', '0.292']
Round 83 – TPR per Domain: 0:0.292, 1:0.292, 2:0.369, 3:0.796, 4:0.633, 5:0.633, 6:0.633, 7:0.796, 8:0.369, 9:0.292
DapperFL MW Metrics - TPRD: 72.807, WTPR: 6.667, BTPR: 79.474
  Group 0 Mean TPR: 57.453
  Group 1 Mean TPR: 6.782
Round: 83 Method: dapperfl Mean_Acc: 53.727 Best_Acc: 59.585
Domain_Acc: [64.29, 79.47, 34.48, 36.67] Domain_BestAcc: [67.41, 82.63, 43.1, 53.33]
Prune local model 2, pr_ratio = [0.2, 0.2, 0.2, 0.2]
Prune local model 8, pr_ratio = [0.2, 0.2, 0.2, 0.2]
Prune local model 0, pr_ratio = [0.2, 0.2, 0.2, 0.2]
Prune local model 6, pr_ratio = [0.2, 0.2, 0.2, 0.2]
Prune local model 3, pr_ratio = [0.2, 0.2, 0.2, 0.2]
Prune local model 9, pr_ratio = [0.2, 0.2, 0.2, 0.2]
Prune local model 4, pr_ratio = [0.2, 0.2, 0.2, 0.2]
Prune local model 5, pr_ratio = [0.2, 0.2, 0.2, 0.2]
Prune local model 7, pr_ratio = [0.2, 0.2, 0.2, 0.2]
Prune local model 1, pr_ratio = [0.2, 0.2, 0.2, 0.2]
Round 84 - Lambda values: {0: 0.9999999999999327, 1: 6.729104022975138e-14}
Round 84 - Aggregated risks: {0: 0.7557858351392934, 1: 4.83228874206543}
Round 84 – LOCAL TPR pre-agg per client: ['0.517', '0.517', '0.373', '0.807', '0.658', '0.658', '0.658', '0.807', '0.373', '0.517']
Round 84 – TPR per Domain: 0:0.517, 1:0.517, 2:0.373, 3:0.807, 4:0.658, 5:0.658, 6:0.658, 7:0.807, 8:0.373, 9:0.517
DapperFL MW Metrics - TPRD: 73.860, WTPR: 6.667, BTPR: 80.526
  Group 0 Mean TPR: 62.935
  Group 1 Mean TPR: 6.782
Round: 84 Method: dapperfl Mean_Acc: 59.148 Best_Acc: 59.585
Domain_Acc: [66.52, 80.53, 36.21, 53.33] Domain_BestAcc: [67.41, 82.63, 43.1, 53.33]
Prune local model 1, pr_ratio = [0.2, 0.2, 0.2, 0.2]
Prune local model 8, pr_ratio = [0.2, 0.2, 0.2, 0.2]
Prune local model 9, pr_ratio = [0.2, 0.2, 0.2, 0.2]
Prune local model 3, pr_ratio = [0.2, 0.2, 0.2, 0.2]
Prune local model 5, pr_ratio = [0.2, 0.2, 0.2, 0.2]
Prune local model 7, pr_ratio = [0.2, 0.2, 0.2, 0.2]
Prune local model 6, pr_ratio = [0.2, 0.2, 0.2, 0.2]
Prune local model 0, pr_ratio = [0.2, 0.2, 0.2, 0.2]
Prune local model 2, pr_ratio = [0.2, 0.2, 0.2, 0.2]
Prune local model 4, pr_ratio = [0.2, 0.2, 0.2, 0.2]
Round 85 - Lambda values: {0: 0.9999999999999553, 1: 4.472175694914128e-14}
Round 85 - Aggregated risks: {0: 0.5168966792398891, 1: 4.602566480636597}
Round 85 – LOCAL TPR pre-agg per client: ['0.317', '0.317', '0.377', '0.792', '0.655', '0.655', '0.655', '0.792', '0.377', '0.317']
Round 85 – TPR per Domain: 0:0.317, 1:0.317, 2:0.377, 3:0.792, 4:0.655, 5:0.655, 6:0.655, 7:0.792, 8:0.377, 9:0.317
DapperFL MW Metrics - TPRD: 72.281, WTPR: 6.667, BTPR: 78.947
  Group 0 Mean TPR: 58.991
  Group 1 Mean TPR: 6.782
Round: 85 Method: dapperfl Mean_Acc: 54.988 Best_Acc: 59.585
Domain_Acc: [66.52, 78.95, 34.48, 40.0] Domain_BestAcc: [67.41, 82.63, 43.1, 53.33]
Prune local model 7, pr_ratio = [0.2, 0.2, 0.2, 0.2]
Prune local model 9, pr_ratio = [0.2, 0.2, 0.2, 0.2]
Prune local model 4, pr_ratio = [0.2, 0.2, 0.2, 0.2]
Prune local model 1, pr_ratio = [0.2, 0.2, 0.2, 0.2]
Prune local model 0, pr_ratio = [0.2, 0.2, 0.2, 0.2]
Prune local model 2, pr_ratio = [0.2, 0.2, 0.2, 0.2]
Prune local model 6, pr_ratio = [0.2, 0.2, 0.2, 0.2]
Prune local model 8, pr_ratio = [0.2, 0.2, 0.2, 0.2]
Prune local model 5, pr_ratio = [0.2, 0.2, 0.2, 0.2]
Prune local model 3, pr_ratio = [0.2, 0.2, 0.2, 0.2]
Round 86 - Lambda values: {0: 0.999999999999969, 1: 3.097863792336322e-14}
Round 86 - Aggregated risks: {0: 0.32670143593064593, 1: 3.998323917388916}
Round 86 – LOCAL TPR pre-agg per client: ['0.342', '0.342', '0.340', '0.792', '0.636', '0.636', '0.636', '0.792', '0.340', '0.342']
Round 86 – TPR per Domain: 0:0.342, 1:0.342, 2:0.340, 3:0.792, 4:0.636, 5:0.636, 6:0.636, 7:0.792, 8:0.340, 9:0.342
DapperFL MW Metrics - TPRD: 72.281, WTPR: 6.667, BTPR: 78.947
  Group 0 Mean TPR: 58.106
  Group 1 Mean TPR: 6.782
Round: 86 Method: dapperfl Mean_Acc: 54.11 Best_Acc: 59.585
Domain_Acc: [64.73, 78.95, 32.76, 40.0] Domain_BestAcc: [67.41, 82.63, 43.1, 53.33]
Prune local model 5, pr_ratio = [0.2, 0.2, 0.2, 0.2]
Prune local model 2, pr_ratio = [0.2, 0.2, 0.2, 0.2]
Prune local model 3, pr_ratio = [0.2, 0.2, 0.2, 0.2]
Prune local model 6, pr_ratio = [0.2, 0.2, 0.2, 0.2]
Prune local model 1, pr_ratio = [0.2, 0.2, 0.2, 0.2]
Prune local model 9, pr_ratio = [0.2, 0.2, 0.2, 0.2]
Prune local model 4, pr_ratio = [0.2, 0.2, 0.2, 0.2]
Prune local model 8, pr_ratio = [0.2, 0.2, 0.2, 0.2]
Prune local model 7, pr_ratio = [0.2, 0.2, 0.2, 0.2]
Prune local model 0, pr_ratio = [0.2, 0.2, 0.2, 0.2]
Round 87 - Lambda values: {0: 0.9999999999999805, 1: 1.9538963618226453e-14}
Round 87 - Aggregated risks: {0: 0.3474953547318073, 1: 4.9563679695129395}
Round 87 – LOCAL TPR pre-agg per client: ['0.467', '0.467', '0.360', '0.782', '0.625', '0.625', '0.625', '0.782', '0.360', '0.467']
Round 87 – TPR per Domain: 0:0.467, 1:0.467, 2:0.360, 3:0.782, 4:0.625, 5:0.625, 6:0.625, 7:0.782, 8:0.360, 9:0.467
DapperFL MW Metrics - TPRD: 71.228, WTPR: 6.667, BTPR: 77.895
  Group 0 Mean TPR: 60.722
  Group 1 Mean TPR: 6.782
Round: 87 Method: dapperfl Mean_Acc: 57.162 Best_Acc: 59.585
Domain_Acc: [62.95, 77.89, 34.48, 53.33] Domain_BestAcc: [67.41, 82.63, 43.1, 53.33]
Prune local model 6, pr_ratio = [0.2, 0.2, 0.2, 0.2]
Prune local model 0, pr_ratio = [0.2, 0.2, 0.2, 0.2]
Prune local model 2, pr_ratio = [0.2, 0.2, 0.2, 0.2]
Prune local model 5, pr_ratio = [0.2, 0.2, 0.2, 0.2]
Prune local model 3, pr_ratio = [0.2, 0.2, 0.2, 0.2]
Prune local model 1, pr_ratio = [0.2, 0.2, 0.2, 0.2]
Prune local model 7, pr_ratio = [0.2, 0.2, 0.2, 0.2]
Prune local model 9, pr_ratio = [0.2, 0.2, 0.2, 0.2]
Prune local model 4, pr_ratio = [0.2, 0.2, 0.2, 0.2]
Prune local model 8, pr_ratio = [0.2, 0.2, 0.2, 0.2]
Round 88 - Lambda values: {0: 0.9999999999999878, 1: 1.2227361630779051e-14}
Round 88 - Aggregated risks: {0: 0.37212870843250667, 1: 5.0594727993011475}
Round 88 – LOCAL TPR pre-agg per client: ['0.417', '0.417', '0.369', '0.832', '0.649', '0.649', '0.649', '0.832', '0.369', '0.417']
Round 88 – TPR per Domain: 0:0.417, 1:0.417, 2:0.369, 3:0.832, 4:0.649, 5:0.649, 6:0.649, 7:0.832, 8:0.369, 9:0.417
DapperFL MW Metrics - TPRD: 76.491, WTPR: 6.667, BTPR: 83.158
  Group 0 Mean TPR: 61.591
  Group 1 Mean TPR: 6.782
Round: 88 Method: dapperfl Mean_Acc: 57.915 Best_Acc: 59.585
Domain_Acc: [65.62, 83.16, 36.21, 46.67] Domain_BestAcc: [67.41, 83.16, 43.1, 53.33]
Prune local model 3, pr_ratio = [0.2, 0.2, 0.2, 0.2]
Prune local model 8, pr_ratio = [0.2, 0.2, 0.2, 0.2]
Prune local model 4, pr_ratio = [0.2, 0.2, 0.2, 0.2]
Prune local model 0, pr_ratio = [0.2, 0.2, 0.2, 0.2]
Prune local model 2, pr_ratio = [0.2, 0.2, 0.2, 0.2]
Prune local model 9, pr_ratio = [0.2, 0.2, 0.2, 0.2]
Prune local model 5, pr_ratio = [0.2, 0.2, 0.2, 0.2]
Prune local model 7, pr_ratio = [0.2, 0.2, 0.2, 0.2]
Prune local model 1, pr_ratio = [0.2, 0.2, 0.2, 0.2]
Prune local model 6, pr_ratio = [0.2, 0.2, 0.2, 0.2]
Round 89 - Lambda values: {0: 0.9999999999999927, 1: 7.327193428444714e-15}
Round 89 - Aggregated risks: {0: 0.33153278409549625, 1: 5.452369213104248}
Round 89 – LOCAL TPR pre-agg per client: ['0.317', '0.317', '0.389', '0.822', '0.647', '0.647', '0.647', '0.822', '0.389', '0.317']
Round 89 – TPR per Domain: 0:0.317, 1:0.317, 2:0.389, 3:0.822, 4:0.647, 5:0.647, 6:0.647, 7:0.822, 8:0.389, 9:0.317
DapperFL MW Metrics - TPRD: 75.439, WTPR: 6.667, BTPR: 82.105
  Group 0 Mean TPR: 59.662
  Group 1 Mean TPR: 6.782
Round: 89 Method: dapperfl Mean_Acc: 55.985 Best_Acc: 59.585
Domain_Acc: [65.62, 82.11, 36.21, 40.0] Domain_BestAcc: [67.41, 83.16, 43.1, 53.33]
Prune local model 7, pr_ratio = [0.2, 0.2, 0.2, 0.2]
Prune local model 0, pr_ratio = [0.2, 0.2, 0.2, 0.2]
Prune local model 4, pr_ratio = [0.2, 0.2, 0.2, 0.2]
Prune local model 8, pr_ratio = [0.2, 0.2, 0.2, 0.2]
Prune local model 1, pr_ratio = [0.2, 0.2, 0.2, 0.2]
Prune local model 6, pr_ratio = [0.2, 0.2, 0.2, 0.2]
Prune local model 5, pr_ratio = [0.2, 0.2, 0.2, 0.2]
Prune local model 9, pr_ratio = [0.2, 0.2, 0.2, 0.2]
Prune local model 3, pr_ratio = [0.2, 0.2, 0.2, 0.2]
Prune local model 2, pr_ratio = [0.2, 0.2, 0.2, 0.2]
Round 90 - Lambda values: {0: 0.9999999999999953, 1: 4.612499733794355e-15}
Round 90 - Aggregated risks: {0: 0.4199099700421424, 1: 5.048135995864868}
Round 90 – LOCAL TPR pre-agg per client: ['0.392', '0.392', '0.364', '0.796', '0.641', '0.641', '0.641', '0.796', '0.364', '0.392']
Round 90 – TPR per Domain: 0:0.392, 1:0.392, 2:0.364, 3:0.796, 4:0.641, 5:0.641, 6:0.641, 7:0.796, 8:0.364, 9:0.392
DapperFL MW Metrics - TPRD: 72.807, WTPR: 6.667, BTPR: 79.474
  Group 0 Mean TPR: 60.336
  Group 1 Mean TPR: 6.782
Round: 90 Method: dapperfl Mean_Acc: 56.77 Best_Acc: 59.585
Domain_Acc: [64.73, 79.47, 36.21, 46.67] Domain_BestAcc: [67.41, 83.16, 43.1, 53.33]
Prune local model 5, pr_ratio = [0.2, 0.2, 0.2, 0.2]
Prune local model 0, pr_ratio = [0.2, 0.2, 0.2, 0.2]
Prune local model 4, pr_ratio = [0.2, 0.2, 0.2, 0.2]
Prune local model 1, pr_ratio = [0.2, 0.2, 0.2, 0.2]
Prune local model 8, pr_ratio = [0.2, 0.2, 0.2, 0.2]
Prune local model 9, pr_ratio = [0.2, 0.2, 0.2, 0.2]
Prune local model 7, pr_ratio = [0.2, 0.2, 0.2, 0.2]
Prune local model 6, pr_ratio = [0.2, 0.2, 0.2, 0.2]
Prune local model 3, pr_ratio = [0.2, 0.2, 0.2, 0.2]
Prune local model 2, pr_ratio = [0.2, 0.2, 0.2, 0.2]
Round 91 - Lambda values: {0: 0.9999999999999973, 1: 2.7481412158079418e-15}
Round 91 - Aggregated risks: {0: 0.592490310785807, 1: 5.770942211151123}
Round 91 – LOCAL TPR pre-agg per client: ['0.342', '0.342', '0.402', '0.763', '0.593', '0.593', '0.593', '0.763', '0.402', '0.342']
Round 91 – TPR per Domain: 0:0.342, 1:0.342, 2:0.402, 3:0.763, 4:0.593, 5:0.593, 6:0.593, 7:0.763, 8:0.402, 9:0.342
DapperFL MW Metrics - TPRD: 69.123, WTPR: 6.667, BTPR: 75.789
  Group 0 Mean TPR: 57.554
  Group 1 Mean TPR: 6.782
Round: 91 Method: dapperfl Mean_Acc: 55.192 Best_Acc: 59.585
Domain_Acc: [60.27, 75.79, 41.38, 43.33] Domain_BestAcc: [67.41, 83.16, 43.1, 53.33]
Prune local model 2, pr_ratio = [0.2, 0.2, 0.2, 0.2]
Prune local model 3, pr_ratio = [0.2, 0.2, 0.2, 0.2]
Prune local model 5, pr_ratio = [0.2, 0.2, 0.2, 0.2]
Prune local model 8, pr_ratio = [0.2, 0.2, 0.2, 0.2]
Prune local model 7, pr_ratio = [0.2, 0.2, 0.2, 0.2]
Prune local model 6, pr_ratio = [0.2, 0.2, 0.2, 0.2]
Prune local model 4, pr_ratio = [0.2, 0.2, 0.2, 0.2]
Prune local model 0, pr_ratio = [0.2, 0.2, 0.2, 0.2]
Prune local model 1, pr_ratio = [0.2, 0.2, 0.2, 0.2]
Prune local model 9, pr_ratio = [0.2, 0.2, 0.2, 0.2]
Round 92 - Lambda values: {0: 0.9999999999999981, 1: 1.8172845265741157e-15}
Round 92 - Aggregated risks: {0: 0.31449629964413084, 1: 4.450310230255127}
Round 92 – LOCAL TPR pre-agg per client: ['0.467', '0.467', '0.423', '0.802', '0.643', '0.643', '0.643', '0.802', '0.423', '0.467']
Round 92 – TPR per Domain: 0:0.467, 1:0.467, 2:0.423, 3:0.802, 4:0.643, 5:0.643, 6:0.643, 7:0.802, 8:0.423, 9:0.467
DapperFL MW Metrics - TPRD: 73.333, WTPR: 6.667, BTPR: 80.000
  Group 0 Mean TPR: 62.282
  Group 1 Mean TPR: 6.782
Round: 92 Method: dapperfl Mean_Acc: 59.25 Best_Acc: 59.585
Domain_Acc: [65.62, 80.0, 41.38, 50.0] Domain_BestAcc: [67.41, 83.16, 43.1, 53.33]
Prune local model 9, pr_ratio = [0.2, 0.2, 0.2, 0.2]
Prune local model 8, pr_ratio = [0.2, 0.2, 0.2, 0.2]
Prune local model 6, pr_ratio = [0.2, 0.2, 0.2, 0.2]
Prune local model 7, pr_ratio = [0.2, 0.2, 0.2, 0.2]
Prune local model 3, pr_ratio = [0.2, 0.2, 0.2, 0.2]
Prune local model 0, pr_ratio = [0.2, 0.2, 0.2, 0.2]
Prune local model 5, pr_ratio = [0.2, 0.2, 0.2, 0.2]
Prune local model 4, pr_ratio = [0.2, 0.2, 0.2, 0.2]
Prune local model 2, pr_ratio = [0.2, 0.2, 0.2, 0.2]
Prune local model 1, pr_ratio = [0.2, 0.2, 0.2, 0.2]
Round 93 - Lambda values: {0: 0.9999999999999988, 1: 1.248499287585537e-15}
Round 93 - Aggregated risks: {0: 0.3896153671539404, 1: 4.14362645149231}
Round 93 – LOCAL TPR pre-agg per client: ['0.342', '0.342', '0.384', '0.818', '0.627', '0.627', '0.627', '0.818', '0.384', '0.342']
Round 93 – TPR per Domain: 0:0.342, 1:0.342, 2:0.384, 3:0.818, 4:0.627, 5:0.627, 6:0.627, 7:0.818, 8:0.384, 9:0.342
DapperFL MW Metrics - TPRD: 74.912, WTPR: 6.667, BTPR: 81.579
  Group 0 Mean TPR: 58.908
  Group 1 Mean TPR: 6.782
Round: 93 Method: dapperfl Mean_Acc: 55.725 Best_Acc: 59.585
Domain_Acc: [63.39, 81.58, 37.93, 40.0] Domain_BestAcc: [67.41, 83.16, 43.1, 53.33]
Prune local model 3, pr_ratio = [0.2, 0.2, 0.2, 0.2]
Prune local model 5, pr_ratio = [0.2, 0.2, 0.2, 0.2]
Prune local model 7, pr_ratio = [0.2, 0.2, 0.2, 0.2]
Prune local model 8, pr_ratio = [0.2, 0.2, 0.2, 0.2]
Prune local model 0, pr_ratio = [0.2, 0.2, 0.2, 0.2]
Prune local model 9, pr_ratio = [0.2, 0.2, 0.2, 0.2]
Prune local model 1, pr_ratio = [0.2, 0.2, 0.2, 0.2]
Prune local model 6, pr_ratio = [0.2, 0.2, 0.2, 0.2]
Prune local model 2, pr_ratio = [0.2, 0.2, 0.2, 0.2]
Prune local model 4, pr_ratio = [0.2, 0.2, 0.2, 0.2]
Round 94 - Lambda values: {0: 0.9999999999999992, 1: 7.624322895113504e-16}
Round 94 - Aggregated risks: {0: 0.2543217355289379, 1: 5.186160087585449}
Round 94 – LOCAL TPR pre-agg per client: ['0.342', '0.342', '0.376', '0.817', '0.630', '0.630', '0.630', '0.817', '0.376', '0.342']
Round 94 – TPR per Domain: 0:0.342, 1:0.342, 2:0.376, 3:0.817, 4:0.630, 5:0.630, 6:0.630, 7:0.817, 8:0.376, 9:0.342
DapperFL MW Metrics - TPRD: 74.912, WTPR: 6.667, BTPR: 81.579
  Group 0 Mean TPR: 58.526
  Group 1 Mean TPR: 6.782
Round: 94 Method: dapperfl Mean_Acc: 55.185 Best_Acc: 59.585
Domain_Acc: [62.95, 81.58, 36.21, 40.0] Domain_BestAcc: [67.41, 83.16, 43.1, 53.33]
Prune local model 4, pr_ratio = [0.2, 0.2, 0.2, 0.2]
Prune local model 8, pr_ratio = [0.2, 0.2, 0.2, 0.2]
Prune local model 1, pr_ratio = [0.2, 0.2, 0.2, 0.2]
Prune local model 0, pr_ratio = [0.2, 0.2, 0.2, 0.2]
Prune local model 5, pr_ratio = [0.2, 0.2, 0.2, 0.2]
Prune local model 7, pr_ratio = [0.2, 0.2, 0.2, 0.2]
Prune local model 2, pr_ratio = [0.2, 0.2, 0.2, 0.2]
Prune local model 6, pr_ratio = [0.2, 0.2, 0.2, 0.2]
Prune local model 3, pr_ratio = [0.2, 0.2, 0.2, 0.2]
Prune local model 9, pr_ratio = [0.2, 0.2, 0.2, 0.2]
Round 95 - Lambda values: {0: 0.9999999999999996, 1: 4.528316613557718e-16}
Round 95 - Aggregated risks: {0: 0.2885313094511529, 1: 5.498463869094849}
Round 95 – LOCAL TPR pre-agg per client: ['0.342', '0.342', '0.398', '0.787', '0.633', '0.633', '0.633', '0.787', '0.398', '0.342']
Round 95 – TPR per Domain: 0:0.342, 1:0.342, 2:0.398, 3:0.787, 4:0.633, 5:0.633, 6:0.633, 7:0.787, 8:0.398, 9:0.342
DapperFL MW Metrics - TPRD: 71.754, WTPR: 6.667, BTPR: 78.421
  Group 0 Mean TPR: 58.502
  Group 1 Mean TPR: 6.782
Round: 95 Method: dapperfl Mean_Acc: 55.48 Best_Acc: 59.585
Domain_Acc: [63.84, 78.42, 39.66, 40.0] Domain_BestAcc: [67.41, 83.16, 43.1, 53.33]
Prune local model 6, pr_ratio = [0.2, 0.2, 0.2, 0.2]
Prune local model 0, pr_ratio = [0.2, 0.2, 0.2, 0.2]
Prune local model 3, pr_ratio = [0.2, 0.2, 0.2, 0.2]
Prune local model 1, pr_ratio = [0.2, 0.2, 0.2, 0.2]
Prune local model 9, pr_ratio = [0.2, 0.2, 0.2, 0.2]
Prune local model 5, pr_ratio = [0.2, 0.2, 0.2, 0.2]
Prune local model 7, pr_ratio = [0.2, 0.2, 0.2, 0.2]
Prune local model 2, pr_ratio = [0.2, 0.2, 0.2, 0.2]
Prune local model 8, pr_ratio = [0.2, 0.2, 0.2, 0.2]
Prune local model 4, pr_ratio = [0.2, 0.2, 0.2, 0.2]
Round 96 - Lambda values: {0: 0.9999999999999998, 1: 2.7325129449842224e-16}
Round 96 - Aggregated risks: {0: 0.25668373542253353, 1: 5.307969570159912}
Round 96 – LOCAL TPR pre-agg per client: ['0.417', '0.417', '0.384', '0.786', '0.632', '0.632', '0.632', '0.786', '0.384', '0.417']
Round 96 – TPR per Domain: 0:0.417, 1:0.417, 2:0.384, 3:0.786, 4:0.632, 5:0.632, 6:0.632, 7:0.786, 8:0.384, 9:0.417
DapperFL MW Metrics - TPRD: 71.754, WTPR: 6.667, BTPR: 78.421
  Group 0 Mean TPR: 59.953
  Group 1 Mean TPR: 6.782
Round: 96 Method: dapperfl Mean_Acc: 56.715 Best_Acc: 59.585
Domain_Acc: [63.84, 78.42, 37.93, 46.67] Domain_BestAcc: [67.41, 83.16, 43.1, 53.33]
Prune local model 4, pr_ratio = [0.2, 0.2, 0.2, 0.2]
Prune local model 3, pr_ratio = [0.2, 0.2, 0.2, 0.2]
Prune local model 9, pr_ratio = [0.2, 0.2, 0.2, 0.2]
Prune local model 1, pr_ratio = [0.2, 0.2, 0.2, 0.2]
Prune local model 8, pr_ratio = [0.2, 0.2, 0.2, 0.2]
Prune local model 2, pr_ratio = [0.2, 0.2, 0.2, 0.2]
Prune local model 0, pr_ratio = [0.2, 0.2, 0.2, 0.2]
Prune local model 6, pr_ratio = [0.2, 0.2, 0.2, 0.2]
Prune local model 5, pr_ratio = [0.2, 0.2, 0.2, 0.2]
Prune local model 7, pr_ratio = [0.2, 0.2, 0.2, 0.2]
Round 97 - Lambda values: {0: 0.9999999999999999, 1: 1.7310374301157197e-16}
Round 97 - Aggregated risks: {0: 0.4267062096493546, 1: 4.991714000701904}
Round 97 – LOCAL TPR pre-agg per client: ['0.292', '0.292', '0.438', '0.817', '0.640', '0.640', '0.640', '0.817', '0.438', '0.292']
Round 97 – TPR per Domain: 0:0.292, 1:0.292, 2:0.438, 3:0.817, 4:0.640, 5:0.640, 6:0.640, 7:0.817, 8:0.438, 9:0.292
DapperFL MW Metrics - TPRD: 74.912, WTPR: 6.667, BTPR: 81.579
  Group 0 Mean TPR: 59.224
  Group 1 Mean TPR: 6.782
Round: 97 Method: dapperfl Mean_Acc: 56.52 Best_Acc: 59.585
Domain_Acc: [64.73, 81.58, 43.1, 36.67] Domain_BestAcc: [67.41, 83.16, 43.1, 53.33]
Prune local model 9, pr_ratio = [0.2, 0.2, 0.2, 0.2]
Prune local model 1, pr_ratio = [0.2, 0.2, 0.2, 0.2]
Prune local model 7, pr_ratio = [0.2, 0.2, 0.2, 0.2]
Prune local model 8, pr_ratio = [0.2, 0.2, 0.2, 0.2]
Prune local model 5, pr_ratio = [0.2, 0.2, 0.2, 0.2]
Prune local model 0, pr_ratio = [0.2, 0.2, 0.2, 0.2]
Prune local model 4, pr_ratio = [0.2, 0.2, 0.2, 0.2]
Prune local model 3, pr_ratio = [0.2, 0.2, 0.2, 0.2]
Prune local model 2, pr_ratio = [0.2, 0.2, 0.2, 0.2]
Prune local model 6, pr_ratio = [0.2, 0.2, 0.2, 0.2]
Round 98 - Lambda values: {0: 0.9999999999999999, 1: 1.0602674830015516e-16}
Round 98 - Aggregated risks: {0: 0.3121371716801786, 1: 5.214133977890015}
Round 98 – LOCAL TPR pre-agg per client: ['0.342', '0.342', '0.398', '0.787', '0.644', '0.644', '0.644', '0.787', '0.398', '0.342']
Round 98 – TPR per Domain: 0:0.342, 1:0.342, 2:0.398, 3:0.787, 4:0.644, 5:0.644, 6:0.644, 7:0.787, 8:0.398, 9:0.342
DapperFL MW Metrics - TPRD: 71.754, WTPR: 6.667, BTPR: 78.421
  Group 0 Mean TPR: 59.004
  Group 1 Mean TPR: 6.782
Round: 98 Method: dapperfl Mean_Acc: 55.815 Best_Acc: 59.585
Domain_Acc: [65.18, 78.42, 39.66, 40.0] Domain_BestAcc: [67.41, 83.16, 43.1, 53.33]
Prune local model 4, pr_ratio = [0.2, 0.2, 0.2, 0.2]
Prune local model 1, pr_ratio = [0.2, 0.2, 0.2, 0.2]
Prune local model 5, pr_ratio = [0.2, 0.2, 0.2, 0.2]
Prune local model 6, pr_ratio = [0.2, 0.2, 0.2, 0.2]
Prune local model 7, pr_ratio = [0.2, 0.2, 0.2, 0.2]
Prune local model 9, pr_ratio = [0.2, 0.2, 0.2, 0.2]
Prune local model 0, pr_ratio = [0.2, 0.2, 0.2, 0.2]
Prune local model 8, pr_ratio = [0.2, 0.2, 0.2, 0.2]
Prune local model 2, pr_ratio = [0.2, 0.2, 0.2, 0.2]
Prune local model 3, pr_ratio = [0.2, 0.2, 0.2, 0.2]
Round 99 - Lambda values: {0: 0.9999999999999999, 1: 6.817976482966317e-17}
Round 99 - Aggregated risks: {0: 0.2786792890310421, 1: 4.694115161895752}
Round 99 – LOCAL TPR pre-agg per client: ['0.442', '0.442', '0.430', '0.767', '0.654', '0.654', '0.654', '0.767', '0.430', '0.442']
Round 99 – TPR per Domain: 0:0.442, 1:0.442, 2:0.430, 3:0.767, 4:0.654, 5:0.654, 6:0.654, 7:0.767, 8:0.430, 9:0.442
DapperFL MW Metrics - TPRD: 69.649, WTPR: 6.667, BTPR: 76.316
  Group 0 Mean TPR: 60.695
  Group 1 Mean TPR: 6.782
Round: 99 Method: dapperfl Mean_Acc: 57.61 Best_Acc: 59.585
Domain_Acc: [66.07, 76.32, 41.38, 46.67] Domain_BestAcc: [67.41, 83.16, 43.1, 53.33]

Final DapperFL MW Group Fairness Metrics:
  TPRD (TPR Discrepancy): 69.6491
  WTPR (Worst-case TPR): 6.6667
  BTPR (Best-case TPR): 76.3158
  TPRSD (TPR Std Dev): 24.4787
  Group 0 Mean TPR: 60.6948
  Group 0 Min TPR: 41.3793
  Group 0 Client Count: 8
  Group 1 Mean TPR: 6.7816
  Group 1 Min TPR: 6.6667
  Group 1 Client Count: 2

============================================================
MW Fairness Training Summary
============================================================
Total Rounds: 100
Final Mean Accuracy: 57.610%
Final TPRD: 69.6491
Minimum TPRD: 4.9123
Average TPRD: 62.8863
TPRD Improvement: -64.7368

Logs saved to: mw_logs
  - Metrics: mw_logs/dapperfl_fl_officecaltech_20250524_164242_metrics.csv
  - Lambda values: mw_logs/dapperfl_fl_officecaltech_20250524_164242_lambda.csv
  - Configuration: mw_logs/dapperfl_fl_officecaltech_20250524_164242_config.json
  - Custom metrics: mw_logs/dapperfl_fl_officecaltech_20250524_164242_custom.csv
  - Client mapping: mw_logs/dapperfl_fl_officecaltech_20250524_164242_client_mapping.json
============================================================
Analyzing gradient distributions...
Extracting gradients from 9...
Found layer: linear
Extracting gradients from 10...
Found layer: linear
Correlation between 9 and 10: -0.02
Visualizations saved to visualizations/gradient_correlation_9_10.png and visualizations/paper_gradient_corr_9_10.png
Extracting gradients from 1...
Found layer: linear
Extracting gradients from 2...
Found layer: linear
Correlation between 1 and 2: 0.02
Visualizations saved to visualizations/gradient_correlation_1_2.png and visualizations/paper_gradient_corr_1_2.png
2025-05-24 17:07:36
