Namespace(prefix='', communication_epoch=100, local_epoch=5, parti_num=20, model='dapperfl', dataset='fl_officecaltech', pr_strategy='0.2', backbone='resnet18', alpha=0.9, alpha_min=0.1, epsilon=0.2, reg_coeff=0.01, wandb=0, device_id=0, seed=1234, rand_dataset=1, learning_decay=False, averaing='weight', online_ratio=1, mu=0.1, input_dim=28, noise_var=0.0, group_fairness=False, fairness_lr=0.01, num_groups=2, noise_clients=[], analyze_gradients=False, csv_log=False, local_lr=0.01, local_batch_size=64, pr_ratios=['0', '0.2', '0.4', '0.6', '0.8'], arch='res18')
2025-05-25 23:02:11
{'dslr': 6, 'webcam': 5, 'amazon': 5, 'caltech': 4}
['dslr', 'dslr', 'webcam', 'amazon', 'caltech', 'caltech', 'caltech', 'amazon', 'dslr', 'amazon', 'dslr', 'amazon', 'webcam', 'webcam', 'dslr', 'webcam', 'caltech', 'amazon', 'webcam', 'dslr']
Prune local model 18, pr_ratio = [0.2, 0.2, 0.2, 0.2]
Prune local model 6, pr_ratio = [0.2, 0.2, 0.2, 0.2]
Prune local model 16, pr_ratio = [0.2, 0.2, 0.2, 0.2]
Prune local model 0, pr_ratio = [0.2, 0.2, 0.2, 0.2]
Prune local model 8, pr_ratio = [0.2, 0.2, 0.2, 0.2]
Prune local model 7, pr_ratio = [0.2, 0.2, 0.2, 0.2]
Prune local model 9, pr_ratio = [0.2, 0.2, 0.2, 0.2]
Prune local model 12, pr_ratio = [0.2, 0.2, 0.2, 0.2]
Prune local model 2, pr_ratio = [0.2, 0.2, 0.2, 0.2]
Prune local model 19, pr_ratio = [0.2, 0.2, 0.2, 0.2]
Prune local model 14, pr_ratio = [0.2, 0.2, 0.2, 0.2]
Prune local model 10, pr_ratio = [0.2, 0.2, 0.2, 0.2]
Prune local model 17, pr_ratio = [0.2, 0.2, 0.2, 0.2]
Prune local model 4, pr_ratio = [0.2, 0.2, 0.2, 0.2]
Prune local model 11, pr_ratio = [0.2, 0.2, 0.2, 0.2]
Prune local model 3, pr_ratio = [0.2, 0.2, 0.2, 0.2]
Prune local model 13, pr_ratio = [0.2, 0.2, 0.2, 0.2]
Prune local model 1, pr_ratio = [0.2, 0.2, 0.2, 0.2]
Prune local model 15, pr_ratio = [0.2, 0.2, 0.2, 0.2]
Prune local model 5, pr_ratio = [0.2, 0.2, 0.2, 0.2]
Round 0 – LOCAL TPR pre-agg per client: ['0.100', '0.100', '0.100', '0.100', '0.100', '0.100', '0.100', '0.100', '0.100', '0.100', '0.100', '0.100', '0.100', '0.100', '0.100', '0.100', '0.100', '0.100', '0.100', '0.100']
Round 0 – TPR per Domain: 0:0.100, 1:0.100, 2:0.100, 3:0.100, 4:0.100, 5:0.100, 6:0.100, 7:0.100, 8:0.100, 9:0.100, 10:0.100, 11:0.100, 12:0.100, 13:0.100, 14:0.100, 15:0.100, 16:0.100, 17:0.100, 18:0.100, 19:0.100
Round: 0 Method: dapperfl Mean_Acc: 10.048 Best_Acc: 10.048
Domain_Acc: [9.82, 8.42, 8.62, 13.33] Domain_BestAcc: [9.82, 8.42, 8.62, 13.33]
Prune local model 8, pr_ratio = [0.2, 0.2, 0.2, 0.2]
Prune local model 14, pr_ratio = [0.2, 0.2, 0.2, 0.2]
Prune local model 17, pr_ratio = [0.2, 0.2, 0.2, 0.2]
Prune local model 4, pr_ratio = [0.2, 0.2, 0.2, 0.2]
Prune local model 13, pr_ratio = [0.2, 0.2, 0.2, 0.2]
Prune local model 2, pr_ratio = [0.2, 0.2, 0.2, 0.2]
Prune local model 18, pr_ratio = [0.2, 0.2, 0.2, 0.2]
Prune local model 12, pr_ratio = [0.2, 0.2, 0.2, 0.2]
Prune local model 1, pr_ratio = [0.2, 0.2, 0.2, 0.2]
Prune local model 9, pr_ratio = [0.2, 0.2, 0.2, 0.2]
Prune local model 15, pr_ratio = [0.2, 0.2, 0.2, 0.2]
Prune local model 6, pr_ratio = [0.2, 0.2, 0.2, 0.2]
Prune local model 5, pr_ratio = [0.2, 0.2, 0.2, 0.2]
Prune local model 19, pr_ratio = [0.2, 0.2, 0.2, 0.2]
Prune local model 16, pr_ratio = [0.2, 0.2, 0.2, 0.2]
Prune local model 3, pr_ratio = [0.2, 0.2, 0.2, 0.2]
Prune local model 0, pr_ratio = [0.2, 0.2, 0.2, 0.2]
Prune local model 7, pr_ratio = [0.2, 0.2, 0.2, 0.2]
Prune local model 10, pr_ratio = [0.2, 0.2, 0.2, 0.2]
Prune local model 11, pr_ratio = [0.2, 0.2, 0.2, 0.2]
Round 1 – LOCAL TPR pre-agg per client: ['0.100', '0.100', '0.100', '0.100', '0.100', '0.100', '0.100', '0.100', '0.100', '0.100', '0.100', '0.100', '0.100', '0.100', '0.100', '0.100', '0.100', '0.100', '0.100', '0.100']
Round 1 – TPR per Domain: 0:0.100, 1:0.100, 2:0.100, 3:0.100, 4:0.100, 5:0.100, 6:0.100, 7:0.100, 8:0.100, 9:0.100, 10:0.100, 11:0.100, 12:0.100, 13:0.100, 14:0.100, 15:0.100, 16:0.100, 17:0.100, 18:0.100, 19:0.100
Round: 1 Method: dapperfl Mean_Acc: 10.048 Best_Acc: 10.048
Domain_Acc: [9.82, 8.42, 8.62, 13.33] Domain_BestAcc: [9.82, 8.42, 8.62, 13.33]
Prune local model 5, pr_ratio = [0.2, 0.2, 0.2, 0.2]
Prune local model 2, pr_ratio = [0.2, 0.2, 0.2, 0.2]
Prune local model 3, pr_ratio = [0.2, 0.2, 0.2, 0.2]
Prune local model 14, pr_ratio = [0.2, 0.2, 0.2, 0.2]
Prune local model 1, pr_ratio = [0.2, 0.2, 0.2, 0.2]
Prune local model 4, pr_ratio = [0.2, 0.2, 0.2, 0.2]
Prune local model 6, pr_ratio = [0.2, 0.2, 0.2, 0.2]
Prune local model 16, pr_ratio = [0.2, 0.2, 0.2, 0.2]
Prune local model 0, pr_ratio = [0.2, 0.2, 0.2, 0.2]
Prune local model 7, pr_ratio = [0.2, 0.2, 0.2, 0.2]
Prune local model 9, pr_ratio = [0.2, 0.2, 0.2, 0.2]
Prune local model 17, pr_ratio = [0.2, 0.2, 0.2, 0.2]
Prune local model 19, pr_ratio = [0.2, 0.2, 0.2, 0.2]
Prune local model 10, pr_ratio = [0.2, 0.2, 0.2, 0.2]
Prune local model 13, pr_ratio = [0.2, 0.2, 0.2, 0.2]
Prune local model 11, pr_ratio = [0.2, 0.2, 0.2, 0.2]
Prune local model 15, pr_ratio = [0.2, 0.2, 0.2, 0.2]
Prune local model 12, pr_ratio = [0.2, 0.2, 0.2, 0.2]
Prune local model 18, pr_ratio = [0.2, 0.2, 0.2, 0.2]
Prune local model 8, pr_ratio = [0.2, 0.2, 0.2, 0.2]
Round 2 – LOCAL TPR pre-agg per client: ['0.100', '0.100', '0.100', '0.170', '0.137', '0.137', '0.137', '0.170', '0.100', '0.170', '0.100', '0.170', '0.100', '0.100', '0.100', '0.100', '0.137', '0.170', '0.100', '0.100']
Round 2 – TPR per Domain: 0:0.100, 1:0.100, 2:0.100, 3:0.170, 4:0.137, 5:0.137, 6:0.137, 7:0.170, 8:0.100, 9:0.170, 10:0.100, 11:0.170, 12:0.100, 13:0.100, 14:0.100, 15:0.100, 16:0.137, 17:0.170, 18:0.100, 19:0.100
Round: 2 Method: dapperfl Mean_Acc: 12.822 Best_Acc: 12.822
Domain_Acc: [12.5, 16.84, 8.62, 13.33] Domain_BestAcc: [12.5, 16.84, 8.62, 13.33]
Prune local model 6, pr_ratio = [0.2, 0.2, 0.2, 0.2]
Prune local model 10, pr_ratio = [0.2, 0.2, 0.2, 0.2]
Prune local model 9, pr_ratio = [0.2, 0.2, 0.2, 0.2]
Prune local model 0, pr_ratio = [0.2, 0.2, 0.2, 0.2]
Prune local model 2, pr_ratio = [0.2, 0.2, 0.2, 0.2]
Prune local model 13, pr_ratio = [0.2, 0.2, 0.2, 0.2]
Prune local model 11, pr_ratio = [0.2, 0.2, 0.2, 0.2]
Prune local model 3, pr_ratio = [0.2, 0.2, 0.2, 0.2]
Prune local model 1, pr_ratio = [0.2, 0.2, 0.2, 0.2]
Prune local model 12, pr_ratio = [0.2, 0.2, 0.2, 0.2]
Prune local model 7, pr_ratio = [0.2, 0.2, 0.2, 0.2]
Prune local model 5, pr_ratio = [0.2, 0.2, 0.2, 0.2]
Prune local model 4, pr_ratio = [0.2, 0.2, 0.2, 0.2]
Prune local model 19, pr_ratio = [0.2, 0.2, 0.2, 0.2]
Prune local model 16, pr_ratio = [0.2, 0.2, 0.2, 0.2]
Prune local model 17, pr_ratio = [0.2, 0.2, 0.2, 0.2]
Prune local model 14, pr_ratio = [0.2, 0.2, 0.2, 0.2]
Prune local model 8, pr_ratio = [0.2, 0.2, 0.2, 0.2]
Prune local model 18, pr_ratio = [0.2, 0.2, 0.2, 0.2]
Prune local model 15, pr_ratio = [0.2, 0.2, 0.2, 0.2]
Round 3 – LOCAL TPR pre-agg per client: ['0.225', '0.225', '0.359', '0.515', '0.339', '0.339', '0.339', '0.515', '0.225', '0.515', '0.225', '0.515', '0.359', '0.359', '0.225', '0.359', '0.339', '0.515', '0.359', '0.225']
Round 3 – TPR per Domain: 0:0.225, 1:0.225, 2:0.359, 3:0.515, 4:0.339, 5:0.339, 6:0.339, 7:0.515, 8:0.225, 9:0.515, 10:0.225, 11:0.515, 12:0.359, 13:0.359, 14:0.225, 15:0.359, 16:0.339, 17:0.515, 18:0.359, 19:0.225
Round: 3 Method: dapperfl Mean_Acc: 37.312 Best_Acc: 37.312
Domain_Acc: [37.05, 51.05, 34.48, 26.67] Domain_BestAcc: [37.05, 51.05, 34.48, 26.67]
Prune local model 0, pr_ratio = [0.2, 0.2, 0.2, 0.2]
Prune local model 17, pr_ratio = [0.2, 0.2, 0.2, 0.2]
Prune local model 8, pr_ratio = [0.2, 0.2, 0.2, 0.2]
Prune local model 5, pr_ratio = [0.2, 0.2, 0.2, 0.2]
Prune local model 14, pr_ratio = [0.2, 0.2, 0.2, 0.2]
Prune local model 11, pr_ratio = [0.2, 0.2, 0.2, 0.2]
Prune local model 13, pr_ratio = [0.2, 0.2, 0.2, 0.2]
Prune local model 18, pr_ratio = [0.2, 0.2, 0.2, 0.2]
Prune local model 2, pr_ratio = [0.2, 0.2, 0.2, 0.2]
Prune local model 7, pr_ratio = [0.2, 0.2, 0.2, 0.2]
Prune local model 16, pr_ratio = [0.2, 0.2, 0.2, 0.2]
Prune local model 19, pr_ratio = [0.2, 0.2, 0.2, 0.2]
Prune local model 9, pr_ratio = [0.2, 0.2, 0.2, 0.2]
Prune local model 6, pr_ratio = [0.2, 0.2, 0.2, 0.2]
Prune local model 3, pr_ratio = [0.2, 0.2, 0.2, 0.2]
Prune local model 1, pr_ratio = [0.2, 0.2, 0.2, 0.2]
Prune local model 4, pr_ratio = [0.2, 0.2, 0.2, 0.2]
Prune local model 15, pr_ratio = [0.2, 0.2, 0.2, 0.2]
Prune local model 10, pr_ratio = [0.2, 0.2, 0.2, 0.2]
Prune local model 12, pr_ratio = [0.2, 0.2, 0.2, 0.2]
Round 4 – LOCAL TPR pre-agg per client: ['0.250', '0.250', '0.209', '0.542', '0.362', '0.362', '0.362', '0.542', '0.250', '0.542', '0.250', '0.542', '0.209', '0.209', '0.250', '0.209', '0.362', '0.542', '0.209', '0.250']
Round 4 – TPR per Domain: 0:0.250, 1:0.250, 2:0.209, 3:0.542, 4:0.362, 5:0.362, 6:0.362, 7:0.542, 8:0.250, 9:0.542, 10:0.250, 11:0.542, 12:0.209, 13:0.209, 14:0.250, 15:0.209, 16:0.362, 17:0.542, 18:0.209, 19:0.250
Round: 4 Method: dapperfl Mean_Acc: 35.485 Best_Acc: 37.312
Domain_Acc: [39.29, 53.68, 18.97, 30.0] Domain_BestAcc: [39.29, 53.68, 34.48, 30.0]
Prune local model 9, pr_ratio = [0.2, 0.2, 0.2, 0.2]
Prune local model 15, pr_ratio = [0.2, 0.2, 0.2, 0.2]
Prune local model 17, pr_ratio = [0.2, 0.2, 0.2, 0.2]
Prune local model 14, pr_ratio = [0.2, 0.2, 0.2, 0.2]
Prune local model 16, pr_ratio = [0.2, 0.2, 0.2, 0.2]
Prune local model 3, pr_ratio = [0.2, 0.2, 0.2, 0.2]
Prune local model 12, pr_ratio = [0.2, 0.2, 0.2, 0.2]
Prune local model 13, pr_ratio = [0.2, 0.2, 0.2, 0.2]
Prune local model 10, pr_ratio = [0.2, 0.2, 0.2, 0.2]
Prune local model 11, pr_ratio = [0.2, 0.2, 0.2, 0.2]
Prune local model 4, pr_ratio = [0.2, 0.2, 0.2, 0.2]
Prune local model 18, pr_ratio = [0.2, 0.2, 0.2, 0.2]
Prune local model 1, pr_ratio = [0.2, 0.2, 0.2, 0.2]
Prune local model 0, pr_ratio = [0.2, 0.2, 0.2, 0.2]
Prune local model 6, pr_ratio = [0.2, 0.2, 0.2, 0.2]
Prune local model 7, pr_ratio = [0.2, 0.2, 0.2, 0.2]
Prune local model 8, pr_ratio = [0.2, 0.2, 0.2, 0.2]
Prune local model 19, pr_ratio = [0.2, 0.2, 0.2, 0.2]
Prune local model 5, pr_ratio = [0.2, 0.2, 0.2, 0.2]
Prune local model 2, pr_ratio = [0.2, 0.2, 0.2, 0.2]
Round 5 – LOCAL TPR pre-agg per client: ['0.275', '0.275', '0.246', '0.593', '0.389', '0.389', '0.389', '0.593', '0.275', '0.593', '0.275', '0.593', '0.246', '0.246', '0.275', '0.246', '0.389', '0.593', '0.246', '0.275']
Round 5 – TPR per Domain: 0:0.275, 1:0.275, 2:0.246, 3:0.593, 4:0.389, 5:0.389, 6:0.389, 7:0.593, 8:0.275, 9:0.593, 10:0.275, 11:0.593, 12:0.246, 13:0.246, 14:0.275, 15:0.246, 16:0.389, 17:0.593, 18:0.246, 19:0.275
Round: 5 Method: dapperfl Mean_Acc: 39.388 Best_Acc: 39.388
Domain_Acc: [42.86, 58.95, 22.41, 33.33] Domain_BestAcc: [42.86, 58.95, 34.48, 33.33]
Prune local model 12, pr_ratio = [0.2, 0.2, 0.2, 0.2]
Prune local model 4, pr_ratio = [0.2, 0.2, 0.2, 0.2]
Prune local model 16, pr_ratio = [0.2, 0.2, 0.2, 0.2]
Prune local model 11, pr_ratio = [0.2, 0.2, 0.2, 0.2]
Prune local model 0, pr_ratio = [0.2, 0.2, 0.2, 0.2]
Prune local model 10, pr_ratio = [0.2, 0.2, 0.2, 0.2]
Prune local model 6, pr_ratio = [0.2, 0.2, 0.2, 0.2]
Prune local model 3, pr_ratio = [0.2, 0.2, 0.2, 0.2]
Prune local model 2, pr_ratio = [0.2, 0.2, 0.2, 0.2]
Prune local model 17, pr_ratio = [0.2, 0.2, 0.2, 0.2]
Prune local model 18, pr_ratio = [0.2, 0.2, 0.2, 0.2]
Prune local model 5, pr_ratio = [0.2, 0.2, 0.2, 0.2]
Prune local model 1, pr_ratio = [0.2, 0.2, 0.2, 0.2]
Prune local model 13, pr_ratio = [0.2, 0.2, 0.2, 0.2]
Prune local model 7, pr_ratio = [0.2, 0.2, 0.2, 0.2]
Prune local model 14, pr_ratio = [0.2, 0.2, 0.2, 0.2]
Prune local model 15, pr_ratio = [0.2, 0.2, 0.2, 0.2]
Prune local model 9, pr_ratio = [0.2, 0.2, 0.2, 0.2]
Prune local model 19, pr_ratio = [0.2, 0.2, 0.2, 0.2]
Prune local model 8, pr_ratio = [0.2, 0.2, 0.2, 0.2]
Round 6 – LOCAL TPR pre-agg per client: ['0.217', '0.217', '0.259', '0.651', '0.387', '0.387', '0.387', '0.651', '0.217', '0.651', '0.217', '0.651', '0.259', '0.259', '0.217', '0.259', '0.387', '0.651', '0.259', '0.217']
Round 6 – TPR per Domain: 0:0.217, 1:0.217, 2:0.259, 3:0.651, 4:0.387, 5:0.387, 6:0.387, 7:0.651, 8:0.217, 9:0.651, 10:0.217, 11:0.651, 12:0.259, 13:0.259, 14:0.217, 15:0.259, 16:0.387, 17:0.651, 18:0.259, 19:0.217
Round: 6 Method: dapperfl Mean_Acc: 38.542 Best_Acc: 39.388
Domain_Acc: [41.96, 64.74, 24.14, 23.33] Domain_BestAcc: [42.86, 64.74, 34.48, 33.33]
Prune local model 3, pr_ratio = [0.2, 0.2, 0.2, 0.2]
Prune local model 10, pr_ratio = [0.2, 0.2, 0.2, 0.2]
Prune local model 17, pr_ratio = [0.2, 0.2, 0.2, 0.2]
Prune local model 8, pr_ratio = [0.2, 0.2, 0.2, 0.2]
Prune local model 16, pr_ratio = [0.2, 0.2, 0.2, 0.2]
Prune local model 5, pr_ratio = [0.2, 0.2, 0.2, 0.2]
Prune local model 4, pr_ratio = [0.2, 0.2, 0.2, 0.2]
Prune local model 13, pr_ratio = [0.2, 0.2, 0.2, 0.2]
Prune local model 18, pr_ratio = [0.2, 0.2, 0.2, 0.2]
Prune local model 11, pr_ratio = [0.2, 0.2, 0.2, 0.2]
Prune local model 7, pr_ratio = [0.2, 0.2, 0.2, 0.2]
Prune local model 15, pr_ratio = [0.2, 0.2, 0.2, 0.2]
Prune local model 1, pr_ratio = [0.2, 0.2, 0.2, 0.2]
Prune local model 19, pr_ratio = [0.2, 0.2, 0.2, 0.2]
Prune local model 0, pr_ratio = [0.2, 0.2, 0.2, 0.2]
Prune local model 2, pr_ratio = [0.2, 0.2, 0.2, 0.2]
Prune local model 12, pr_ratio = [0.2, 0.2, 0.2, 0.2]
Prune local model 9, pr_ratio = [0.2, 0.2, 0.2, 0.2]
Prune local model 6, pr_ratio = [0.2, 0.2, 0.2, 0.2]
Prune local model 14, pr_ratio = [0.2, 0.2, 0.2, 0.2]
Round 7 – LOCAL TPR pre-agg per client: ['0.242', '0.242', '0.312', '0.622', '0.417', '0.417', '0.417', '0.622', '0.242', '0.622', '0.242', '0.622', '0.312', '0.312', '0.242', '0.312', '0.417', '0.622', '0.312', '0.242']
Round 7 – TPR per Domain: 0:0.242, 1:0.242, 2:0.312, 3:0.622, 4:0.417, 5:0.417, 6:0.417, 7:0.622, 8:0.242, 9:0.622, 10:0.242, 11:0.622, 12:0.312, 13:0.312, 14:0.242, 15:0.312, 16:0.417, 17:0.622, 18:0.312, 19:0.242
Round: 7 Method: dapperfl Mean_Acc: 40.683 Best_Acc: 40.683
Domain_Acc: [44.64, 62.11, 29.31, 26.67] Domain_BestAcc: [44.64, 64.74, 34.48, 33.33]
Prune local model 18, pr_ratio = [0.2, 0.2, 0.2, 0.2]
Prune local model 7, pr_ratio = [0.2, 0.2, 0.2, 0.2]
Prune local model 1, pr_ratio = [0.2, 0.2, 0.2, 0.2]
Prune local model 17, pr_ratio = [0.2, 0.2, 0.2, 0.2]
Prune local model 13, pr_ratio = [0.2, 0.2, 0.2, 0.2]
Prune local model 5, pr_ratio = [0.2, 0.2, 0.2, 0.2]
Prune local model 19, pr_ratio = [0.2, 0.2, 0.2, 0.2]
Prune local model 8, pr_ratio = [0.2, 0.2, 0.2, 0.2]
Prune local model 12, pr_ratio = [0.2, 0.2, 0.2, 0.2]
Prune local model 6, pr_ratio = [0.2, 0.2, 0.2, 0.2]
Prune local model 0, pr_ratio = [0.2, 0.2, 0.2, 0.2]
Prune local model 14, pr_ratio = [0.2, 0.2, 0.2, 0.2]
Prune local model 10, pr_ratio = [0.2, 0.2, 0.2, 0.2]
Prune local model 16, pr_ratio = [0.2, 0.2, 0.2, 0.2]
Prune local model 15, pr_ratio = [0.2, 0.2, 0.2, 0.2]
Prune local model 4, pr_ratio = [0.2, 0.2, 0.2, 0.2]
Prune local model 11, pr_ratio = [0.2, 0.2, 0.2, 0.2]
Prune local model 3, pr_ratio = [0.2, 0.2, 0.2, 0.2]
Prune local model 9, pr_ratio = [0.2, 0.2, 0.2, 0.2]
Prune local model 2, pr_ratio = [0.2, 0.2, 0.2, 0.2]
Round 8 – LOCAL TPR pre-agg per client: ['0.242', '0.242', '0.308', '0.682', '0.462', '0.462', '0.462', '0.682', '0.242', '0.682', '0.242', '0.682', '0.308', '0.308', '0.242', '0.308', '0.462', '0.682', '0.308', '0.242']
Round 8 – TPR per Domain: 0:0.242, 1:0.242, 2:0.308, 3:0.682, 4:0.462, 5:0.462, 6:0.462, 7:0.682, 8:0.242, 9:0.682, 10:0.242, 11:0.682, 12:0.308, 13:0.308, 14:0.242, 15:0.308, 16:0.462, 17:0.682, 18:0.308, 19:0.242
Round: 8 Method: dapperfl Mean_Acc: 43.245 Best_Acc: 43.245
Domain_Acc: [49.11, 67.89, 29.31, 26.67] Domain_BestAcc: [49.11, 67.89, 34.48, 33.33]
Prune local model 4, pr_ratio = [0.2, 0.2, 0.2, 0.2]
Prune local model 12, pr_ratio = [0.2, 0.2, 0.2, 0.2]
Prune local model 9, pr_ratio = [0.2, 0.2, 0.2, 0.2]
Prune local model 13, pr_ratio = [0.2, 0.2, 0.2, 0.2]
Prune local model 8, pr_ratio = [0.2, 0.2, 0.2, 0.2]
Prune local model 1, pr_ratio = [0.2, 0.2, 0.2, 0.2]
Prune local model 2, pr_ratio = [0.2, 0.2, 0.2, 0.2]
Prune local model 17, pr_ratio = [0.2, 0.2, 0.2, 0.2]
Prune local model 10, pr_ratio = [0.2, 0.2, 0.2, 0.2]
Prune local model 19, pr_ratio = [0.2, 0.2, 0.2, 0.2]
Prune local model 11, pr_ratio = [0.2, 0.2, 0.2, 0.2]
Prune local model 14, pr_ratio = [0.2, 0.2, 0.2, 0.2]
Prune local model 16, pr_ratio = [0.2, 0.2, 0.2, 0.2]
Prune local model 3, pr_ratio = [0.2, 0.2, 0.2, 0.2]
Prune local model 5, pr_ratio = [0.2, 0.2, 0.2, 0.2]
Prune local model 18, pr_ratio = [0.2, 0.2, 0.2, 0.2]
Prune local model 0, pr_ratio = [0.2, 0.2, 0.2, 0.2]
Prune local model 6, pr_ratio = [0.2, 0.2, 0.2, 0.2]
Prune local model 7, pr_ratio = [0.2, 0.2, 0.2, 0.2]
Prune local model 15, pr_ratio = [0.2, 0.2, 0.2, 0.2]
Round 9 – LOCAL TPR pre-agg per client: ['0.275', '0.275', '0.367', '0.687', '0.470', '0.470', '0.470', '0.687', '0.275', '0.687', '0.275', '0.687', '0.367', '0.367', '0.275', '0.367', '0.470', '0.687', '0.367', '0.275']
Round 9 – TPR per Domain: 0:0.275, 1:0.275, 2:0.367, 3:0.687, 4:0.470, 5:0.470, 6:0.470, 7:0.687, 8:0.275, 9:0.687, 10:0.275, 11:0.687, 12:0.367, 13:0.367, 14:0.275, 15:0.367, 16:0.470, 17:0.687, 18:0.367, 19:0.275
Round: 9 Method: dapperfl Mean_Acc: 46.578 Best_Acc: 46.578
Domain_Acc: [49.55, 68.95, 34.48, 33.33] Domain_BestAcc: [49.55, 68.95, 34.48, 33.33]
Prune local model 9, pr_ratio = [0.2, 0.2, 0.2, 0.2]
Prune local model 15, pr_ratio = [0.2, 0.2, 0.2, 0.2]
Prune local model 19, pr_ratio = [0.2, 0.2, 0.2, 0.2]
Prune local model 12, pr_ratio = [0.2, 0.2, 0.2, 0.2]
Prune local model 8, pr_ratio = [0.2, 0.2, 0.2, 0.2]
Prune local model 2, pr_ratio = [0.2, 0.2, 0.2, 0.2]
Prune local model 18, pr_ratio = [0.2, 0.2, 0.2, 0.2]
Prune local model 10, pr_ratio = [0.2, 0.2, 0.2, 0.2]
Prune local model 11, pr_ratio = [0.2, 0.2, 0.2, 0.2]
Prune local model 0, pr_ratio = [0.2, 0.2, 0.2, 0.2]
Prune local model 16, pr_ratio = [0.2, 0.2, 0.2, 0.2]
Prune local model 17, pr_ratio = [0.2, 0.2, 0.2, 0.2]
Prune local model 6, pr_ratio = [0.2, 0.2, 0.2, 0.2]
Prune local model 4, pr_ratio = [0.2, 0.2, 0.2, 0.2]
Prune local model 5, pr_ratio = [0.2, 0.2, 0.2, 0.2]
Prune local model 7, pr_ratio = [0.2, 0.2, 0.2, 0.2]
Prune local model 14, pr_ratio = [0.2, 0.2, 0.2, 0.2]
Prune local model 3, pr_ratio = [0.2, 0.2, 0.2, 0.2]
Prune local model 13, pr_ratio = [0.2, 0.2, 0.2, 0.2]
Prune local model 1, pr_ratio = [0.2, 0.2, 0.2, 0.2]
Round 10 – LOCAL TPR pre-agg per client: ['0.258', '0.258', '0.442', '0.684', '0.493', '0.493', '0.493', '0.684', '0.258', '0.684', '0.258', '0.684', '0.442', '0.442', '0.258', '0.442', '0.493', '0.684', '0.442', '0.258']
Round 10 – TPR per Domain: 0:0.258, 1:0.258, 2:0.442, 3:0.684, 4:0.493, 5:0.493, 6:0.493, 7:0.684, 8:0.258, 9:0.684, 10:0.258, 11:0.684, 12:0.442, 13:0.442, 14:0.258, 15:0.442, 16:0.493, 17:0.684, 18:0.442, 19:0.258
Round: 10 Method: dapperfl Mean_Acc: 48.438 Best_Acc: 48.438
Domain_Acc: [52.23, 68.42, 43.1, 30.0] Domain_BestAcc: [52.23, 68.95, 43.1, 33.33]
Prune local model 12, pr_ratio = [0.2, 0.2, 0.2, 0.2]
Prune local model 5, pr_ratio = [0.2, 0.2, 0.2, 0.2]
Prune local model 0, pr_ratio = [0.2, 0.2, 0.2, 0.2]
Prune local model 17, pr_ratio = [0.2, 0.2, 0.2, 0.2]
Prune local model 15, pr_ratio = [0.2, 0.2, 0.2, 0.2]
Prune local model 14, pr_ratio = [0.2, 0.2, 0.2, 0.2]
Prune local model 8, pr_ratio = [0.2, 0.2, 0.2, 0.2]
Prune local model 13, pr_ratio = [0.2, 0.2, 0.2, 0.2]
Prune local model 9, pr_ratio = [0.2, 0.2, 0.2, 0.2]
Prune local model 4, pr_ratio = [0.2, 0.2, 0.2, 0.2]
Prune local model 2, pr_ratio = [0.2, 0.2, 0.2, 0.2]
Prune local model 16, pr_ratio = [0.2, 0.2, 0.2, 0.2]
Prune local model 6, pr_ratio = [0.2, 0.2, 0.2, 0.2]
Prune local model 11, pr_ratio = [0.2, 0.2, 0.2, 0.2]
Prune local model 19, pr_ratio = [0.2, 0.2, 0.2, 0.2]
Prune local model 18, pr_ratio = [0.2, 0.2, 0.2, 0.2]
Prune local model 1, pr_ratio = [0.2, 0.2, 0.2, 0.2]
Prune local model 7, pr_ratio = [0.2, 0.2, 0.2, 0.2]
Prune local model 10, pr_ratio = [0.2, 0.2, 0.2, 0.2]
Prune local model 3, pr_ratio = [0.2, 0.2, 0.2, 0.2]
Round 11 – LOCAL TPR pre-agg per client: ['0.283', '0.283', '0.362', '0.732', '0.502', '0.502', '0.502', '0.732', '0.283', '0.732', '0.283', '0.732', '0.362', '0.362', '0.283', '0.362', '0.502', '0.732', '0.362', '0.283']
Round 11 – TPR per Domain: 0:0.283, 1:0.283, 2:0.362, 3:0.732, 4:0.502, 5:0.502, 6:0.502, 7:0.732, 8:0.283, 9:0.732, 10:0.283, 11:0.732, 12:0.362, 13:0.362, 14:0.283, 15:0.362, 16:0.502, 17:0.732, 18:0.362, 19:0.283
Round: 11 Method: dapperfl Mean_Acc: 48.412 Best_Acc: 48.438
Domain_Acc: [52.68, 73.16, 34.48, 33.33] Domain_BestAcc: [52.68, 73.16, 43.1, 33.33]
Prune local model 4, pr_ratio = [0.2, 0.2, 0.2, 0.2]
Prune local model 15, pr_ratio = [0.2, 0.2, 0.2, 0.2]
Prune local model 17, pr_ratio = [0.2, 0.2, 0.2, 0.2]
Prune local model 16, pr_ratio = [0.2, 0.2, 0.2, 0.2]
Prune local model 8, pr_ratio = [0.2, 0.2, 0.2, 0.2]
Prune local model 10, pr_ratio = [0.2, 0.2, 0.2, 0.2]
Prune local model 19, pr_ratio = [0.2, 0.2, 0.2, 0.2]
Prune local model 14, pr_ratio = [0.2, 0.2, 0.2, 0.2]
Prune local model 18, pr_ratio = [0.2, 0.2, 0.2, 0.2]
Prune local model 3, pr_ratio = [0.2, 0.2, 0.2, 0.2]
Prune local model 5, pr_ratio = [0.2, 0.2, 0.2, 0.2]
Prune local model 1, pr_ratio = [0.2, 0.2, 0.2, 0.2]
Prune local model 9, pr_ratio = [0.2, 0.2, 0.2, 0.2]
Prune local model 0, pr_ratio = [0.2, 0.2, 0.2, 0.2]
Prune local model 7, pr_ratio = [0.2, 0.2, 0.2, 0.2]
Prune local model 6, pr_ratio = [0.2, 0.2, 0.2, 0.2]
Prune local model 12, pr_ratio = [0.2, 0.2, 0.2, 0.2]
Prune local model 11, pr_ratio = [0.2, 0.2, 0.2, 0.2]
Prune local model 13, pr_ratio = [0.2, 0.2, 0.2, 0.2]
Prune local model 2, pr_ratio = [0.2, 0.2, 0.2, 0.2]
Round 12 – LOCAL TPR pre-agg per client: ['0.292', '0.292', '0.421', '0.754', '0.501', '0.501', '0.501', '0.754', '0.292', '0.754', '0.292', '0.754', '0.421', '0.421', '0.292', '0.421', '0.501', '0.754', '0.421', '0.292']
Round 12 – TPR per Domain: 0:0.292, 1:0.292, 2:0.421, 3:0.754, 4:0.501, 5:0.501, 6:0.501, 7:0.754, 8:0.292, 9:0.754, 10:0.292, 11:0.754, 12:0.421, 13:0.421, 14:0.292, 15:0.421, 16:0.501, 17:0.754, 18:0.421, 19:0.292
Round: 12 Method: dapperfl Mean_Acc: 50.55 Best_Acc: 50.55
Domain_Acc: [52.23, 75.26, 41.38, 33.33] Domain_BestAcc: [52.68, 75.26, 43.1, 33.33]
Prune local model 3, pr_ratio = [0.2, 0.2, 0.2, 0.2]
Prune local model 7, pr_ratio = [0.2, 0.2, 0.2, 0.2]
Prune local model 0, pr_ratio = [0.2, 0.2, 0.2, 0.2]
Prune local model 16, pr_ratio = [0.2, 0.2, 0.2, 0.2]
Prune local model 1, pr_ratio = [0.2, 0.2, 0.2, 0.2]
Prune local model 10, pr_ratio = [0.2, 0.2, 0.2, 0.2]
Prune local model 9, pr_ratio = [0.2, 0.2, 0.2, 0.2]
Prune local model 12, pr_ratio = [0.2, 0.2, 0.2, 0.2]
Prune local model 5, pr_ratio = [0.2, 0.2, 0.2, 0.2]
Prune local model 8, pr_ratio = [0.2, 0.2, 0.2, 0.2]
Prune local model 18, pr_ratio = [0.2, 0.2, 0.2, 0.2]
Prune local model 4, pr_ratio = [0.2, 0.2, 0.2, 0.2]
Prune local model 11, pr_ratio = [0.2, 0.2, 0.2, 0.2]
Prune local model 15, pr_ratio = [0.2, 0.2, 0.2, 0.2]
Prune local model 19, pr_ratio = [0.2, 0.2, 0.2, 0.2]
Prune local model 14, pr_ratio = [0.2, 0.2, 0.2, 0.2]
Prune local model 6, pr_ratio = [0.2, 0.2, 0.2, 0.2]
Prune local model 2, pr_ratio = [0.2, 0.2, 0.2, 0.2]
Prune local model 13, pr_ratio = [0.2, 0.2, 0.2, 0.2]
Prune local model 17, pr_ratio = [0.2, 0.2, 0.2, 0.2]
Round 13 – LOCAL TPR pre-agg per client: ['0.275', '0.275', '0.375', '0.742', '0.517', '0.517', '0.517', '0.742', '0.275', '0.742', '0.275', '0.742', '0.375', '0.375', '0.275', '0.375', '0.517', '0.742', '0.375', '0.275']
Round 13 – TPR per Domain: 0:0.275, 1:0.275, 2:0.375, 3:0.742, 4:0.517, 5:0.517, 6:0.517, 7:0.742, 8:0.275, 9:0.742, 10:0.275, 11:0.742, 12:0.375, 13:0.375, 14:0.275, 15:0.375, 16:0.517, 17:0.742, 18:0.375, 19:0.275
Round: 13 Method: dapperfl Mean_Acc: 49.552 Best_Acc: 50.55
Domain_Acc: [54.46, 74.21, 36.21, 33.33] Domain_BestAcc: [54.46, 75.26, 43.1, 33.33]
Prune local model 19, pr_ratio = [0.2, 0.2, 0.2, 0.2]
Prune local model 10, pr_ratio = [0.2, 0.2, 0.2, 0.2]
Prune local model 4, pr_ratio = [0.2, 0.2, 0.2, 0.2]
Prune local model 13, pr_ratio = [0.2, 0.2, 0.2, 0.2]
Prune local model 18, pr_ratio = [0.2, 0.2, 0.2, 0.2]
Prune local model 9, pr_ratio = [0.2, 0.2, 0.2, 0.2]
Prune local model 8, pr_ratio = [0.2, 0.2, 0.2, 0.2]
Prune local model 5, pr_ratio = [0.2, 0.2, 0.2, 0.2]
Prune local model 11, pr_ratio = [0.2, 0.2, 0.2, 0.2]
Prune local model 0, pr_ratio = [0.2, 0.2, 0.2, 0.2]
Prune local model 3, pr_ratio = [0.2, 0.2, 0.2, 0.2]
Prune local model 16, pr_ratio = [0.2, 0.2, 0.2, 0.2]
Prune local model 1, pr_ratio = [0.2, 0.2, 0.2, 0.2]
Prune local model 14, pr_ratio = [0.2, 0.2, 0.2, 0.2]
Prune local model 6, pr_ratio = [0.2, 0.2, 0.2, 0.2]
Prune local model 12, pr_ratio = [0.2, 0.2, 0.2, 0.2]
Prune local model 17, pr_ratio = [0.2, 0.2, 0.2, 0.2]
Prune local model 2, pr_ratio = [0.2, 0.2, 0.2, 0.2]
Prune local model 7, pr_ratio = [0.2, 0.2, 0.2, 0.2]
Prune local model 15, pr_ratio = [0.2, 0.2, 0.2, 0.2]
Round 14 – LOCAL TPR pre-agg per client: ['0.275', '0.275', '0.396', '0.745', '0.507', '0.507', '0.507', '0.745', '0.275', '0.745', '0.275', '0.745', '0.396', '0.396', '0.275', '0.396', '0.507', '0.745', '0.396', '0.275']
Round 14 – TPR per Domain: 0:0.275, 1:0.275, 2:0.396, 3:0.745, 4:0.507, 5:0.507, 6:0.507, 7:0.745, 8:0.275, 9:0.745, 10:0.275, 11:0.745, 12:0.396, 13:0.396, 14:0.275, 15:0.396, 16:0.507, 17:0.745, 18:0.396, 19:0.275
Round: 14 Method: dapperfl Mean_Acc: 49.78 Best_Acc: 50.55
Domain_Acc: [53.12, 74.74, 37.93, 33.33] Domain_BestAcc: [54.46, 75.26, 43.1, 33.33]
Prune local model 3, pr_ratio = [0.2, 0.2, 0.2, 0.2]
Prune local model 13, pr_ratio = [0.2, 0.2, 0.2, 0.2]
Prune local model 8, pr_ratio = [0.2, 0.2, 0.2, 0.2]
Prune local model 18, pr_ratio = [0.2, 0.2, 0.2, 0.2]
Prune local model 0, pr_ratio = [0.2, 0.2, 0.2, 0.2]
Prune local model 6, pr_ratio = [0.2, 0.2, 0.2, 0.2]
Prune local model 4, pr_ratio = [0.2, 0.2, 0.2, 0.2]
Prune local model 19, pr_ratio = [0.2, 0.2, 0.2, 0.2]
Prune local model 11, pr_ratio = [0.2, 0.2, 0.2, 0.2]
Prune local model 14, pr_ratio = [0.2, 0.2, 0.2, 0.2]
Prune local model 16, pr_ratio = [0.2, 0.2, 0.2, 0.2]
Prune local model 1, pr_ratio = [0.2, 0.2, 0.2, 0.2]
Prune local model 5, pr_ratio = [0.2, 0.2, 0.2, 0.2]
Prune local model 12, pr_ratio = [0.2, 0.2, 0.2, 0.2]
Prune local model 17, pr_ratio = [0.2, 0.2, 0.2, 0.2]
Prune local model 15, pr_ratio = [0.2, 0.2, 0.2, 0.2]
Prune local model 9, pr_ratio = [0.2, 0.2, 0.2, 0.2]
Prune local model 2, pr_ratio = [0.2, 0.2, 0.2, 0.2]
Prune local model 7, pr_ratio = [0.2, 0.2, 0.2, 0.2]
Prune local model 10, pr_ratio = [0.2, 0.2, 0.2, 0.2]
Round 15 – LOCAL TPR pre-agg per client: ['0.167', '0.167', '0.412', '0.744', '0.526', '0.526', '0.526', '0.744', '0.167', '0.744', '0.167', '0.744', '0.412', '0.412', '0.167', '0.412', '0.526', '0.744', '0.412', '0.167']
Round 15 – TPR per Domain: 0:0.167, 1:0.167, 2:0.412, 3:0.744, 4:0.526, 5:0.526, 6:0.526, 7:0.744, 8:0.167, 9:0.744, 10:0.167, 11:0.744, 12:0.412, 13:0.412, 14:0.167, 15:0.412, 16:0.526, 17:0.744, 18:0.412, 19:0.167
Round: 15 Method: dapperfl Mean_Acc: 48.25 Best_Acc: 50.55
Domain_Acc: [55.8, 74.21, 39.66, 23.33] Domain_BestAcc: [55.8, 75.26, 43.1, 33.33]
Prune local model 18, pr_ratio = [0.2, 0.2, 0.2, 0.2]
Prune local model 19, pr_ratio = [0.2, 0.2, 0.2, 0.2]
Prune local model 10, pr_ratio = [0.2, 0.2, 0.2, 0.2]
Prune local model 14, pr_ratio = [0.2, 0.2, 0.2, 0.2]
Prune local model 4, pr_ratio = [0.2, 0.2, 0.2, 0.2]
Prune local model 6, pr_ratio = [0.2, 0.2, 0.2, 0.2]
Prune local model 5, pr_ratio = [0.2, 0.2, 0.2, 0.2]
Prune local model 13, pr_ratio = [0.2, 0.2, 0.2, 0.2]
Prune local model 9, pr_ratio = [0.2, 0.2, 0.2, 0.2]
Prune local model 11, pr_ratio = [0.2, 0.2, 0.2, 0.2]
Prune local model 8, pr_ratio = [0.2, 0.2, 0.2, 0.2]
Prune local model 16, pr_ratio = [0.2, 0.2, 0.2, 0.2]
Prune local model 2, pr_ratio = [0.2, 0.2, 0.2, 0.2]
Prune local model 15, pr_ratio = [0.2, 0.2, 0.2, 0.2]
Prune local model 7, pr_ratio = [0.2, 0.2, 0.2, 0.2]
Prune local model 17, pr_ratio = [0.2, 0.2, 0.2, 0.2]
Prune local model 1, pr_ratio = [0.2, 0.2, 0.2, 0.2]
Prune local model 3, pr_ratio = [0.2, 0.2, 0.2, 0.2]
Prune local model 0, pr_ratio = [0.2, 0.2, 0.2, 0.2]
Prune local model 12, pr_ratio = [0.2, 0.2, 0.2, 0.2]
Round 16 – LOCAL TPR pre-agg per client: ['0.292', '0.292', '0.346', '0.754', '0.518', '0.518', '0.518', '0.754', '0.292', '0.754', '0.292', '0.754', '0.346', '0.346', '0.292', '0.346', '0.518', '0.754', '0.346', '0.292']
Round 16 – TPR per Domain: 0:0.292, 1:0.292, 2:0.346, 3:0.754, 4:0.518, 5:0.518, 6:0.518, 7:0.754, 8:0.292, 9:0.754, 10:0.292, 11:0.754, 12:0.346, 13:0.346, 14:0.292, 15:0.346, 16:0.518, 17:0.754, 18:0.346, 19:0.292
Round: 16 Method: dapperfl Mean_Acc: 49.787 Best_Acc: 50.55
Domain_Acc: [54.46, 75.26, 32.76, 36.67] Domain_BestAcc: [55.8, 75.26, 43.1, 36.67]
Prune local model 15, pr_ratio = [0.2, 0.2, 0.2, 0.2]
Prune local model 1, pr_ratio = [0.2, 0.2, 0.2, 0.2]
Prune local model 5, pr_ratio = [0.2, 0.2, 0.2, 0.2]
Prune local model 12, pr_ratio = [0.2, 0.2, 0.2, 0.2]
Prune local model 9, pr_ratio = [0.2, 0.2, 0.2, 0.2]
Prune local model 0, pr_ratio = [0.2, 0.2, 0.2, 0.2]
Prune local model 13, pr_ratio = [0.2, 0.2, 0.2, 0.2]
Prune local model 6, pr_ratio = [0.2, 0.2, 0.2, 0.2]
Prune local model 2, pr_ratio = [0.2, 0.2, 0.2, 0.2]
Prune local model 4, pr_ratio = [0.2, 0.2, 0.2, 0.2]
Prune local model 11, pr_ratio = [0.2, 0.2, 0.2, 0.2]
Prune local model 10, pr_ratio = [0.2, 0.2, 0.2, 0.2]
Prune local model 8, pr_ratio = [0.2, 0.2, 0.2, 0.2]
Prune local model 16, pr_ratio = [0.2, 0.2, 0.2, 0.2]
Prune local model 17, pr_ratio = [0.2, 0.2, 0.2, 0.2]
Prune local model 3, pr_ratio = [0.2, 0.2, 0.2, 0.2]
Prune local model 7, pr_ratio = [0.2, 0.2, 0.2, 0.2]
Prune local model 18, pr_ratio = [0.2, 0.2, 0.2, 0.2]
Prune local model 19, pr_ratio = [0.2, 0.2, 0.2, 0.2]
Prune local model 14, pr_ratio = [0.2, 0.2, 0.2, 0.2]
Round 17 – LOCAL TPR pre-agg per client: ['0.358', '0.358', '0.396', '0.713', '0.551', '0.551', '0.551', '0.713', '0.358', '0.713', '0.358', '0.713', '0.396', '0.396', '0.358', '0.396', '0.551', '0.713', '0.396', '0.358']
Round 17 – TPR per Domain: 0:0.358, 1:0.358, 2:0.396, 3:0.707, 4:0.551, 5:0.551, 6:0.551, 7:0.707, 8:0.358, 9:0.707, 10:0.358, 11:0.707, 12:0.396, 13:0.396, 14:0.358, 15:0.396, 16:0.551, 17:0.707, 18:0.396, 19:0.358
Round: 17 Method: dapperfl Mean_Acc: 52.457 Best_Acc: 52.457
Domain_Acc: [58.04, 70.53, 37.93, 43.33] Domain_BestAcc: [58.04, 75.26, 43.1, 43.33]
Prune local model 0, pr_ratio = [0.2, 0.2, 0.2, 0.2]
Prune local model 11, pr_ratio = [0.2, 0.2, 0.2, 0.2]
Prune local model 18, pr_ratio = [0.2, 0.2, 0.2, 0.2]
Prune local model 2, pr_ratio = [0.2, 0.2, 0.2, 0.2]
Prune local model 16, pr_ratio = [0.2, 0.2, 0.2, 0.2]
Prune local model 10, pr_ratio = [0.2, 0.2, 0.2, 0.2]
Prune local model 12, pr_ratio = [0.2, 0.2, 0.2, 0.2]
Prune local model 4, pr_ratio = [0.2, 0.2, 0.2, 0.2]
Prune local model 17, pr_ratio = [0.2, 0.2, 0.2, 0.2]
Prune local model 1, pr_ratio = [0.2, 0.2, 0.2, 0.2]
Prune local model 15, pr_ratio = [0.2, 0.2, 0.2, 0.2]
Prune local model 9, pr_ratio = [0.2, 0.2, 0.2, 0.2]
Prune local model 19, pr_ratio = [0.2, 0.2, 0.2, 0.2]
Prune local model 6, pr_ratio = [0.2, 0.2, 0.2, 0.2]
Prune local model 7, pr_ratio = [0.2, 0.2, 0.2, 0.2]
Prune local model 14, pr_ratio = [0.2, 0.2, 0.2, 0.2]
Prune local model 3, pr_ratio = [0.2, 0.2, 0.2, 0.2]
Prune local model 13, pr_ratio = [0.2, 0.2, 0.2, 0.2]
Prune local model 5, pr_ratio = [0.2, 0.2, 0.2, 0.2]
Prune local model 8, pr_ratio = [0.2, 0.2, 0.2, 0.2]
Round 18 – LOCAL TPR pre-agg per client: ['0.242', '0.242', '0.383', '0.751', '0.550', '0.550', '0.550', '0.751', '0.242', '0.751', '0.242', '0.751', '0.383', '0.383', '0.242', '0.383', '0.550', '0.751', '0.383', '0.242']
Round 18 – TPR per Domain: 0:0.242, 1:0.242, 2:0.383, 3:0.751, 4:0.550, 5:0.550, 6:0.550, 7:0.751, 8:0.242, 9:0.751, 10:0.242, 11:0.751, 12:0.383, 13:0.383, 14:0.242, 15:0.383, 16:0.550, 17:0.751, 18:0.383, 19:0.242
Round: 18 Method: dapperfl Mean_Acc: 50.598 Best_Acc: 52.457
Domain_Acc: [57.59, 75.26, 36.21, 33.33] Domain_BestAcc: [58.04, 75.26, 43.1, 43.33]
Prune local model 3, pr_ratio = [0.2, 0.2, 0.2, 0.2]
Prune local model 6, pr_ratio = [0.2, 0.2, 0.2, 0.2]
Prune local model 11, pr_ratio = [0.2, 0.2, 0.2, 0.2]
Prune local model 19, pr_ratio = [0.2, 0.2, 0.2, 0.2]
Prune local model 12, pr_ratio = [0.2, 0.2, 0.2, 0.2]
Prune local model 7, pr_ratio = [0.2, 0.2, 0.2, 0.2]
Prune local model 1, pr_ratio = [0.2, 0.2, 0.2, 0.2]
Prune local model 14, pr_ratio = [0.2, 0.2, 0.2, 0.2]
Prune local model 9, pr_ratio = [0.2, 0.2, 0.2, 0.2]
Prune local model 2, pr_ratio = [0.2, 0.2, 0.2, 0.2]
Prune local model 16, pr_ratio = [0.2, 0.2, 0.2, 0.2]
Prune local model 4, pr_ratio = [0.2, 0.2, 0.2, 0.2]
Prune local model 8, pr_ratio = [0.2, 0.2, 0.2, 0.2]
Prune local model 5, pr_ratio = [0.2, 0.2, 0.2, 0.2]
Prune local model 10, pr_ratio = [0.2, 0.2, 0.2, 0.2]
Prune local model 0, pr_ratio = [0.2, 0.2, 0.2, 0.2]
Prune local model 18, pr_ratio = [0.2, 0.2, 0.2, 0.2]
Prune local model 15, pr_ratio = [0.2, 0.2, 0.2, 0.2]
Prune local model 13, pr_ratio = [0.2, 0.2, 0.2, 0.2]
Prune local model 17, pr_ratio = [0.2, 0.2, 0.2, 0.2]
Round 19 – LOCAL TPR pre-agg per client: ['0.300', '0.300', '0.488', '0.757', '0.552', '0.552', '0.552', '0.757', '0.300', '0.757', '0.300', '0.757', '0.488', '0.488', '0.300', '0.488', '0.552', '0.757', '0.488', '0.300']
Round 19 – TPR per Domain: 0:0.300, 1:0.300, 2:0.488, 3:0.757, 4:0.552, 5:0.552, 6:0.552, 7:0.757, 8:0.300, 9:0.757, 10:0.300, 11:0.757, 12:0.488, 13:0.488, 14:0.300, 15:0.488, 16:0.552, 17:0.757, 18:0.488, 19:0.300
Round: 19 Method: dapperfl Mean_Acc: 55.415 Best_Acc: 55.415
Domain_Acc: [57.59, 75.79, 48.28, 40.0] Domain_BestAcc: [58.04, 75.79, 48.28, 43.33]
Prune local model 17, pr_ratio = [0.2, 0.2, 0.2, 0.2]
Prune local model 10, pr_ratio = [0.2, 0.2, 0.2, 0.2]
Prune local model 8, pr_ratio = [0.2, 0.2, 0.2, 0.2]
Prune local model 1, pr_ratio = [0.2, 0.2, 0.2, 0.2]
Prune local model 16, pr_ratio = [0.2, 0.2, 0.2, 0.2]
Prune local model 14, pr_ratio = [0.2, 0.2, 0.2, 0.2]
Prune local model 6, pr_ratio = [0.2, 0.2, 0.2, 0.2]
Prune local model 9, pr_ratio = [0.2, 0.2, 0.2, 0.2]
Prune local model 18, pr_ratio = [0.2, 0.2, 0.2, 0.2]
Prune local model 7, pr_ratio = [0.2, 0.2, 0.2, 0.2]
Prune local model 12, pr_ratio = [0.2, 0.2, 0.2, 0.2]
Prune local model 3, pr_ratio = [0.2, 0.2, 0.2, 0.2]
Prune local model 4, pr_ratio = [0.2, 0.2, 0.2, 0.2]
Prune local model 11, pr_ratio = [0.2, 0.2, 0.2, 0.2]
Prune local model 15, pr_ratio = [0.2, 0.2, 0.2, 0.2]
Prune local model 5, pr_ratio = [0.2, 0.2, 0.2, 0.2]
Prune local model 19, pr_ratio = [0.2, 0.2, 0.2, 0.2]
Prune local model 2, pr_ratio = [0.2, 0.2, 0.2, 0.2]
Prune local model 0, pr_ratio = [0.2, 0.2, 0.2, 0.2]
Prune local model 13, pr_ratio = [0.2, 0.2, 0.2, 0.2]
Round 20 – LOCAL TPR pre-agg per client: ['0.300', '0.300', '0.479', '0.752', '0.562', '0.562', '0.562', '0.752', '0.300', '0.752', '0.300', '0.752', '0.479', '0.479', '0.300', '0.479', '0.562', '0.752', '0.479', '0.300']
Round 20 – TPR per Domain: 0:0.300, 1:0.300, 2:0.479, 3:0.752, 4:0.562, 5:0.562, 6:0.562, 7:0.752, 8:0.300, 9:0.752, 10:0.300, 11:0.752, 12:0.479, 13:0.479, 14:0.300, 15:0.479, 16:0.562, 17:0.752, 18:0.479, 19:0.300
Round: 20 Method: dapperfl Mean_Acc: 54.353 Best_Acc: 55.415
Domain_Acc: [58.93, 75.26, 46.55, 36.67] Domain_BestAcc: [58.93, 75.79, 48.28, 43.33]
Prune local model 13, pr_ratio = [0.2, 0.2, 0.2, 0.2]
Prune local model 12, pr_ratio = [0.2, 0.2, 0.2, 0.2]
Prune local model 18, pr_ratio = [0.2, 0.2, 0.2, 0.2]
Prune local model 1, pr_ratio = [0.2, 0.2, 0.2, 0.2]
Prune local model 2, pr_ratio = [0.2, 0.2, 0.2, 0.2]
Prune local model 15, pr_ratio = [0.2, 0.2, 0.2, 0.2]
Prune local model 8, pr_ratio = [0.2, 0.2, 0.2, 0.2]
Prune local model 16, pr_ratio = [0.2, 0.2, 0.2, 0.2]
Prune local model 10, pr_ratio = [0.2, 0.2, 0.2, 0.2]
Prune local model 5, pr_ratio = [0.2, 0.2, 0.2, 0.2]
Prune local model 0, pr_ratio = [0.2, 0.2, 0.2, 0.2]
Prune local model 19, pr_ratio = [0.2, 0.2, 0.2, 0.2]
Prune local model 4, pr_ratio = [0.2, 0.2, 0.2, 0.2]
Prune local model 17, pr_ratio = [0.2, 0.2, 0.2, 0.2]
Prune local model 14, pr_ratio = [0.2, 0.2, 0.2, 0.2]
Prune local model 6, pr_ratio = [0.2, 0.2, 0.2, 0.2]
Prune local model 3, pr_ratio = [0.2, 0.2, 0.2, 0.2]
Prune local model 9, pr_ratio = [0.2, 0.2, 0.2, 0.2]
Prune local model 7, pr_ratio = [0.2, 0.2, 0.2, 0.2]
Prune local model 11, pr_ratio = [0.2, 0.2, 0.2, 0.2]
Round 21 – LOCAL TPR pre-agg per client: ['0.225', '0.225', '0.521', '0.740', '0.572', '0.572', '0.572', '0.740', '0.225', '0.740', '0.225', '0.740', '0.521', '0.521', '0.225', '0.521', '0.572', '0.740', '0.521', '0.225']
Round 21 – TPR per Domain: 0:0.225, 1:0.225, 2:0.521, 3:0.740, 4:0.572, 5:0.572, 6:0.572, 7:0.740, 8:0.225, 9:0.740, 10:0.225, 11:0.740, 12:0.521, 13:0.521, 14:0.225, 15:0.521, 16:0.572, 17:0.740, 18:0.521, 19:0.225
Round: 21 Method: dapperfl Mean_Acc: 54.32 Best_Acc: 55.415
Domain_Acc: [60.27, 73.68, 50.0, 33.33] Domain_BestAcc: [60.27, 75.79, 50.0, 43.33]
Prune local model 9, pr_ratio = [0.2, 0.2, 0.2, 0.2]
Prune local model 11, pr_ratio = [0.2, 0.2, 0.2, 0.2]
Prune local model 16, pr_ratio = [0.2, 0.2, 0.2, 0.2]
Prune local model 14, pr_ratio = [0.2, 0.2, 0.2, 0.2]
Prune local model 19, pr_ratio = [0.2, 0.2, 0.2, 0.2]
Prune local model 2, pr_ratio = [0.2, 0.2, 0.2, 0.2]
Prune local model 6, pr_ratio = [0.2, 0.2, 0.2, 0.2]
Prune local model 3, pr_ratio = [0.2, 0.2, 0.2, 0.2]
Prune local model 12, pr_ratio = [0.2, 0.2, 0.2, 0.2]
Prune local model 17, pr_ratio = [0.2, 0.2, 0.2, 0.2]
Prune local model 5, pr_ratio = [0.2, 0.2, 0.2, 0.2]
Prune local model 8, pr_ratio = [0.2, 0.2, 0.2, 0.2]
Prune local model 10, pr_ratio = [0.2, 0.2, 0.2, 0.2]
Prune local model 1, pr_ratio = [0.2, 0.2, 0.2, 0.2]
Prune local model 4, pr_ratio = [0.2, 0.2, 0.2, 0.2]
Prune local model 18, pr_ratio = [0.2, 0.2, 0.2, 0.2]
Prune local model 0, pr_ratio = [0.2, 0.2, 0.2, 0.2]
Prune local model 15, pr_ratio = [0.2, 0.2, 0.2, 0.2]
Prune local model 13, pr_ratio = [0.2, 0.2, 0.2, 0.2]
Prune local model 7, pr_ratio = [0.2, 0.2, 0.2, 0.2]
Round 22 – LOCAL TPR pre-agg per client: ['0.292', '0.292', '0.463', '0.739', '0.600', '0.600', '0.600', '0.739', '0.292', '0.739', '0.292', '0.739', '0.463', '0.463', '0.292', '0.463', '0.600', '0.739', '0.463', '0.292']
Round 22 – TPR per Domain: 0:0.292, 1:0.292, 2:0.463, 3:0.739, 4:0.600, 5:0.600, 6:0.600, 7:0.739, 8:0.292, 9:0.739, 10:0.292, 11:0.739, 12:0.463, 13:0.463, 14:0.292, 15:0.463, 16:0.600, 17:0.739, 18:0.463, 19:0.292
Round: 22 Method: dapperfl Mean_Acc: 53.988 Best_Acc: 55.415
Domain_Acc: [62.5, 73.68, 43.1, 36.67] Domain_BestAcc: [62.5, 75.79, 50.0, 43.33]
Prune local model 13, pr_ratio = [0.2, 0.2, 0.2, 0.2]
Prune local model 5, pr_ratio = [0.2, 0.2, 0.2, 0.2]
Prune local model 1, pr_ratio = [0.2, 0.2, 0.2, 0.2]
Prune local model 14, pr_ratio = [0.2, 0.2, 0.2, 0.2]
Prune local model 6, pr_ratio = [0.2, 0.2, 0.2, 0.2]
Prune local model 15, pr_ratio = [0.2, 0.2, 0.2, 0.2]
Prune local model 12, pr_ratio = [0.2, 0.2, 0.2, 0.2]
Prune local model 2, pr_ratio = [0.2, 0.2, 0.2, 0.2]
Prune local model 10, pr_ratio = [0.2, 0.2, 0.2, 0.2]
Prune local model 4, pr_ratio = [0.2, 0.2, 0.2, 0.2]
Prune local model 11, pr_ratio = [0.2, 0.2, 0.2, 0.2]
Prune local model 9, pr_ratio = [0.2, 0.2, 0.2, 0.2]
Prune local model 0, pr_ratio = [0.2, 0.2, 0.2, 0.2]
Prune local model 16, pr_ratio = [0.2, 0.2, 0.2, 0.2]
Prune local model 8, pr_ratio = [0.2, 0.2, 0.2, 0.2]
Prune local model 7, pr_ratio = [0.2, 0.2, 0.2, 0.2]
Prune local model 17, pr_ratio = [0.2, 0.2, 0.2, 0.2]
Prune local model 3, pr_ratio = [0.2, 0.2, 0.2, 0.2]
Prune local model 19, pr_ratio = [0.2, 0.2, 0.2, 0.2]
Prune local model 18, pr_ratio = [0.2, 0.2, 0.2, 0.2]
Round 23 – LOCAL TPR pre-agg per client: ['0.242', '0.242', '0.396', '0.778', '0.581', '0.581', '0.581', '0.778', '0.242', '0.778', '0.242', '0.778', '0.396', '0.396', '0.242', '0.396', '0.581', '0.778', '0.396', '0.242']
Round 23 – TPR per Domain: 0:0.242, 1:0.242, 2:0.396, 3:0.778, 4:0.581, 5:0.581, 6:0.581, 7:0.778, 8:0.242, 9:0.778, 10:0.242, 11:0.778, 12:0.396, 13:0.396, 14:0.242, 15:0.396, 16:0.581, 17:0.778, 18:0.396, 19:0.242
Round: 23 Method: dapperfl Mean_Acc: 52.035 Best_Acc: 55.415
Domain_Acc: [60.71, 77.89, 36.21, 33.33] Domain_BestAcc: [62.5, 77.89, 50.0, 43.33]
Prune local model 1, pr_ratio = [0.2, 0.2, 0.2, 0.2]
Prune local model 18, pr_ratio = [0.2, 0.2, 0.2, 0.2]
Prune local model 15, pr_ratio = [0.2, 0.2, 0.2, 0.2]
Prune local model 7, pr_ratio = [0.2, 0.2, 0.2, 0.2]
Prune local model 8, pr_ratio = [0.2, 0.2, 0.2, 0.2]
Prune local model 9, pr_ratio = [0.2, 0.2, 0.2, 0.2]
Prune local model 12, pr_ratio = [0.2, 0.2, 0.2, 0.2]
Prune local model 19, pr_ratio = [0.2, 0.2, 0.2, 0.2]
Prune local model 5, pr_ratio = [0.2, 0.2, 0.2, 0.2]
Prune local model 4, pr_ratio = [0.2, 0.2, 0.2, 0.2]
Prune local model 0, pr_ratio = [0.2, 0.2, 0.2, 0.2]
Prune local model 16, pr_ratio = [0.2, 0.2, 0.2, 0.2]
Prune local model 6, pr_ratio = [0.2, 0.2, 0.2, 0.2]
Prune local model 11, pr_ratio = [0.2, 0.2, 0.2, 0.2]
Prune local model 17, pr_ratio = [0.2, 0.2, 0.2, 0.2]
Prune local model 13, pr_ratio = [0.2, 0.2, 0.2, 0.2]
Prune local model 2, pr_ratio = [0.2, 0.2, 0.2, 0.2]
Prune local model 10, pr_ratio = [0.2, 0.2, 0.2, 0.2]
Prune local model 14, pr_ratio = [0.2, 0.2, 0.2, 0.2]
Prune local model 3, pr_ratio = [0.2, 0.2, 0.2, 0.2]
Round 24 – LOCAL TPR pre-agg per client: ['0.292', '0.292', '0.408', '0.805', '0.566', '0.566', '0.566', '0.805', '0.292', '0.805', '0.292', '0.805', '0.408', '0.408', '0.292', '0.408', '0.566', '0.805', '0.408', '0.292']
Round 24 – TPR per Domain: 0:0.292, 1:0.292, 2:0.408, 3:0.805, 4:0.566, 5:0.566, 6:0.566, 7:0.805, 8:0.292, 9:0.805, 10:0.292, 11:0.805, 12:0.408, 13:0.408, 14:0.292, 15:0.408, 16:0.566, 17:0.805, 18:0.408, 19:0.292
Round: 24 Method: dapperfl Mean_Acc: 54.06 Best_Acc: 55.415
Domain_Acc: [59.38, 80.53, 39.66, 36.67] Domain_BestAcc: [62.5, 80.53, 50.0, 43.33]
Prune local model 3, pr_ratio = [0.2, 0.2, 0.2, 0.2]
Prune local model 6, pr_ratio = [0.2, 0.2, 0.2, 0.2]
Prune local model 0, pr_ratio = [0.2, 0.2, 0.2, 0.2]
Prune local model 1, pr_ratio = [0.2, 0.2, 0.2, 0.2]
Prune local model 5, pr_ratio = [0.2, 0.2, 0.2, 0.2]
Prune local model 18, pr_ratio = [0.2, 0.2, 0.2, 0.2]
Prune local model 11, pr_ratio = [0.2, 0.2, 0.2, 0.2]
Prune local model 8, pr_ratio = [0.2, 0.2, 0.2, 0.2]
Prune local model 15, pr_ratio = [0.2, 0.2, 0.2, 0.2]
Prune local model 13, pr_ratio = [0.2, 0.2, 0.2, 0.2]
Prune local model 17, pr_ratio = [0.2, 0.2, 0.2, 0.2]
Prune local model 9, pr_ratio = [0.2, 0.2, 0.2, 0.2]
Prune local model 7, pr_ratio = [0.2, 0.2, 0.2, 0.2]
Prune local model 16, pr_ratio = [0.2, 0.2, 0.2, 0.2]
Prune local model 12, pr_ratio = [0.2, 0.2, 0.2, 0.2]
Prune local model 19, pr_ratio = [0.2, 0.2, 0.2, 0.2]
Prune local model 2, pr_ratio = [0.2, 0.2, 0.2, 0.2]
Prune local model 10, pr_ratio = [0.2, 0.2, 0.2, 0.2]
Prune local model 4, pr_ratio = [0.2, 0.2, 0.2, 0.2]
Prune local model 14, pr_ratio = [0.2, 0.2, 0.2, 0.2]
Round 25 – LOCAL TPR pre-agg per client: ['0.375', '0.375', '0.426', '0.772', '0.568', '0.568', '0.568', '0.772', '0.375', '0.772', '0.375', '0.772', '0.426', '0.426', '0.375', '0.426', '0.568', '0.772', '0.426', '0.375']
Round 25 – TPR per Domain: 0:0.375, 1:0.375, 2:0.426, 3:0.772, 4:0.568, 5:0.568, 6:0.568, 7:0.772, 8:0.375, 9:0.772, 10:0.375, 11:0.772, 12:0.426, 13:0.426, 14:0.375, 15:0.426, 16:0.568, 17:0.772, 18:0.426, 19:0.375
Round: 25 Method: dapperfl Mean_Acc: 55.365 Best_Acc: 55.415
Domain_Acc: [59.38, 77.37, 41.38, 43.33] Domain_BestAcc: [62.5, 80.53, 50.0, 43.33]
Prune local model 6, pr_ratio = [0.2, 0.2, 0.2, 0.2]
Prune local model 19, pr_ratio = [0.2, 0.2, 0.2, 0.2]
Prune local model 0, pr_ratio = [0.2, 0.2, 0.2, 0.2]
Prune local model 1, pr_ratio = [0.2, 0.2, 0.2, 0.2]
Prune local model 18, pr_ratio = [0.2, 0.2, 0.2, 0.2]
Prune local model 11, pr_ratio = [0.2, 0.2, 0.2, 0.2]
Prune local model 10, pr_ratio = [0.2, 0.2, 0.2, 0.2]
Prune local model 14, pr_ratio = [0.2, 0.2, 0.2, 0.2]
Prune local model 5, pr_ratio = [0.2, 0.2, 0.2, 0.2]
Prune local model 15, pr_ratio = [0.2, 0.2, 0.2, 0.2]
Prune local model 17, pr_ratio = [0.2, 0.2, 0.2, 0.2]
Prune local model 4, pr_ratio = [0.2, 0.2, 0.2, 0.2]
Prune local model 16, pr_ratio = [0.2, 0.2, 0.2, 0.2]
Prune local model 13, pr_ratio = [0.2, 0.2, 0.2, 0.2]
Prune local model 8, pr_ratio = [0.2, 0.2, 0.2, 0.2]
Prune local model 3, pr_ratio = [0.2, 0.2, 0.2, 0.2]
Prune local model 2, pr_ratio = [0.2, 0.2, 0.2, 0.2]
Prune local model 7, pr_ratio = [0.2, 0.2, 0.2, 0.2]
Prune local model 9, pr_ratio = [0.2, 0.2, 0.2, 0.2]
Prune local model 12, pr_ratio = [0.2, 0.2, 0.2, 0.2]
Round 26 – LOCAL TPR pre-agg per client: ['0.350', '0.350', '0.454', '0.800', '0.559', '0.559', '0.559', '0.800', '0.350', '0.800', '0.350', '0.800', '0.454', '0.454', '0.350', '0.454', '0.559', '0.800', '0.454', '0.350']
Round 26 – TPR per Domain: 0:0.350, 1:0.350, 2:0.454, 3:0.800, 4:0.559, 5:0.559, 6:0.559, 7:0.800, 8:0.350, 9:0.800, 10:0.350, 11:0.800, 12:0.454, 13:0.454, 14:0.350, 15:0.454, 16:0.559, 17:0.800, 18:0.454, 19:0.350
Round: 26 Method: dapperfl Mean_Acc: 56.117 Best_Acc: 56.117
Domain_Acc: [58.04, 80.0, 43.1, 43.33] Domain_BestAcc: [62.5, 80.53, 50.0, 43.33]
Prune local model 0, pr_ratio = [0.2, 0.2, 0.2, 0.2]
Prune local model 6, pr_ratio = [0.2, 0.2, 0.2, 0.2]
Prune local model 2, pr_ratio = [0.2, 0.2, 0.2, 0.2]
Prune local model 17, pr_ratio = [0.2, 0.2, 0.2, 0.2]
Prune local model 14, pr_ratio = [0.2, 0.2, 0.2, 0.2]
Prune local model 5, pr_ratio = [0.2, 0.2, 0.2, 0.2]
Prune local model 10, pr_ratio = [0.2, 0.2, 0.2, 0.2]
Prune local model 18, pr_ratio = [0.2, 0.2, 0.2, 0.2]
Prune local model 7, pr_ratio = [0.2, 0.2, 0.2, 0.2]
Prune local model 12, pr_ratio = [0.2, 0.2, 0.2, 0.2]
Prune local model 13, pr_ratio = [0.2, 0.2, 0.2, 0.2]
Prune local model 8, pr_ratio = [0.2, 0.2, 0.2, 0.2]
Prune local model 19, pr_ratio = [0.2, 0.2, 0.2, 0.2]
Prune local model 3, pr_ratio = [0.2, 0.2, 0.2, 0.2]
Prune local model 4, pr_ratio = [0.2, 0.2, 0.2, 0.2]
Prune local model 16, pr_ratio = [0.2, 0.2, 0.2, 0.2]
Prune local model 11, pr_ratio = [0.2, 0.2, 0.2, 0.2]
Prune local model 1, pr_ratio = [0.2, 0.2, 0.2, 0.2]
Prune local model 9, pr_ratio = [0.2, 0.2, 0.2, 0.2]
Prune local model 15, pr_ratio = [0.2, 0.2, 0.2, 0.2]
Round 27 – LOCAL TPR pre-agg per client: ['0.267', '0.267', '0.604', '0.754', '0.578', '0.578', '0.578', '0.754', '0.267', '0.754', '0.267', '0.754', '0.604', '0.604', '0.267', '0.604', '0.578', '0.754', '0.604', '0.267']
Round 27 – TPR per Domain: 0:0.267, 1:0.267, 2:0.604, 3:0.754, 4:0.578, 5:0.578, 6:0.578, 7:0.754, 8:0.267, 9:0.754, 10:0.267, 11:0.754, 12:0.604, 13:0.604, 14:0.267, 15:0.604, 16:0.578, 17:0.754, 18:0.604, 19:0.267
Round: 27 Method: dapperfl Mean_Acc: 57.385 Best_Acc: 57.385
Domain_Acc: [60.71, 75.26, 56.9, 36.67] Domain_BestAcc: [62.5, 80.53, 56.9, 43.33]
Prune local model 2, pr_ratio = [0.2, 0.2, 0.2, 0.2]
Prune local model 10, pr_ratio = [0.2, 0.2, 0.2, 0.2]
Prune local model 0, pr_ratio = [0.2, 0.2, 0.2, 0.2]
Prune local model 8, pr_ratio = [0.2, 0.2, 0.2, 0.2]
Prune local model 1, pr_ratio = [0.2, 0.2, 0.2, 0.2]
Prune local model 19, pr_ratio = [0.2, 0.2, 0.2, 0.2]
Prune local model 14, pr_ratio = [0.2, 0.2, 0.2, 0.2]
Prune local model 3, pr_ratio = [0.2, 0.2, 0.2, 0.2]
Prune local model 9, pr_ratio = [0.2, 0.2, 0.2, 0.2]
Prune local model 7, pr_ratio = [0.2, 0.2, 0.2, 0.2]
Prune local model 15, pr_ratio = [0.2, 0.2, 0.2, 0.2]
Prune local model 13, pr_ratio = [0.2, 0.2, 0.2, 0.2]
Prune local model 18, pr_ratio = [0.2, 0.2, 0.2, 0.2]
Prune local model 11, pr_ratio = [0.2, 0.2, 0.2, 0.2]
Prune local model 16, pr_ratio = [0.2, 0.2, 0.2, 0.2]
Prune local model 6, pr_ratio = [0.2, 0.2, 0.2, 0.2]
Prune local model 12, pr_ratio = [0.2, 0.2, 0.2, 0.2]
Prune local model 17, pr_ratio = [0.2, 0.2, 0.2, 0.2]
Prune local model 4, pr_ratio = [0.2, 0.2, 0.2, 0.2]
Prune local model 5, pr_ratio = [0.2, 0.2, 0.2, 0.2]
Round 28 – LOCAL TPR pre-agg per client: ['0.342', '0.342', '0.542', '0.795', '0.600', '0.600', '0.600', '0.795', '0.342', '0.795', '0.342', '0.795', '0.542', '0.542', '0.342', '0.542', '0.600', '0.795', '0.542', '0.342']
Round 28 – TPR per Domain: 0:0.342, 1:0.342, 2:0.542, 3:0.795, 4:0.600, 5:0.600, 6:0.600, 7:0.795, 8:0.342, 9:0.795, 10:0.342, 11:0.795, 12:0.542, 13:0.542, 14:0.342, 15:0.542, 16:0.600, 17:0.795, 18:0.542, 19:0.342
Round: 28 Method: dapperfl Mean_Acc: 59.255 Best_Acc: 59.255
Domain_Acc: [62.5, 79.47, 51.72, 43.33] Domain_BestAcc: [62.5, 80.53, 56.9, 43.33]
Prune local model 18, pr_ratio = [0.2, 0.2, 0.2, 0.2]
Prune local model 5, pr_ratio = [0.2, 0.2, 0.2, 0.2]
Prune local model 14, pr_ratio = [0.2, 0.2, 0.2, 0.2]
Prune local model 2, pr_ratio = [0.2, 0.2, 0.2, 0.2]
Prune local model 8, pr_ratio = [0.2, 0.2, 0.2, 0.2]
Prune local model 11, pr_ratio = [0.2, 0.2, 0.2, 0.2]
Prune local model 12, pr_ratio = [0.2, 0.2, 0.2, 0.2]
Prune local model 9, pr_ratio = [0.2, 0.2, 0.2, 0.2]
Prune local model 7, pr_ratio = [0.2, 0.2, 0.2, 0.2]
Prune local model 1, pr_ratio = [0.2, 0.2, 0.2, 0.2]
Prune local model 6, pr_ratio = [0.2, 0.2, 0.2, 0.2]
Prune local model 13, pr_ratio = [0.2, 0.2, 0.2, 0.2]
Prune local model 15, pr_ratio = [0.2, 0.2, 0.2, 0.2]
Prune local model 3, pr_ratio = [0.2, 0.2, 0.2, 0.2]
Prune local model 19, pr_ratio = [0.2, 0.2, 0.2, 0.2]
Prune local model 0, pr_ratio = [0.2, 0.2, 0.2, 0.2]
Prune local model 4, pr_ratio = [0.2, 0.2, 0.2, 0.2]
Prune local model 17, pr_ratio = [0.2, 0.2, 0.2, 0.2]
Prune local model 16, pr_ratio = [0.2, 0.2, 0.2, 0.2]
Prune local model 10, pr_ratio = [0.2, 0.2, 0.2, 0.2]
Round 29 – LOCAL TPR pre-agg per client: ['0.350', '0.350', '0.447', '0.758', '0.611', '0.611', '0.611', '0.758', '0.350', '0.758', '0.350', '0.758', '0.447', '0.447', '0.350', '0.447', '0.611', '0.758', '0.447', '0.350']
Round 29 – TPR per Domain: 0:0.350, 1:0.350, 2:0.447, 3:0.758, 4:0.611, 5:0.611, 6:0.611, 7:0.758, 8:0.350, 9:0.758, 10:0.350, 11:0.758, 12:0.447, 13:0.447, 14:0.350, 15:0.447, 16:0.611, 17:0.758, 18:0.447, 19:0.350
Round: 29 Method: dapperfl Mean_Acc: 56.402 Best_Acc: 59.255
Domain_Acc: [63.39, 75.79, 43.1, 43.33] Domain_BestAcc: [63.39, 80.53, 56.9, 43.33]
Prune local model 5, pr_ratio = [0.2, 0.2, 0.2, 0.2]
Prune local model 8, pr_ratio = [0.2, 0.2, 0.2, 0.2]
Prune local model 19, pr_ratio = [0.2, 0.2, 0.2, 0.2]
Prune local model 16, pr_ratio = [0.2, 0.2, 0.2, 0.2]
Prune local model 1, pr_ratio = [0.2, 0.2, 0.2, 0.2]
Prune local model 17, pr_ratio = [0.2, 0.2, 0.2, 0.2]
Prune local model 18, pr_ratio = [0.2, 0.2, 0.2, 0.2]
Prune local model 0, pr_ratio = [0.2, 0.2, 0.2, 0.2]
Prune local model 9, pr_ratio = [0.2, 0.2, 0.2, 0.2]
Prune local model 7, pr_ratio = [0.2, 0.2, 0.2, 0.2]
Prune local model 6, pr_ratio = [0.2, 0.2, 0.2, 0.2]
Prune local model 3, pr_ratio = [0.2, 0.2, 0.2, 0.2]
Prune local model 14, pr_ratio = [0.2, 0.2, 0.2, 0.2]
Prune local model 10, pr_ratio = [0.2, 0.2, 0.2, 0.2]
Prune local model 11, pr_ratio = [0.2, 0.2, 0.2, 0.2]
Prune local model 2, pr_ratio = [0.2, 0.2, 0.2, 0.2]
Prune local model 13, pr_ratio = [0.2, 0.2, 0.2, 0.2]
Prune local model 4, pr_ratio = [0.2, 0.2, 0.2, 0.2]
Prune local model 12, pr_ratio = [0.2, 0.2, 0.2, 0.2]
Prune local model 15, pr_ratio = [0.2, 0.2, 0.2, 0.2]
Round 30 – LOCAL TPR pre-agg per client: ['0.300', '0.300', '0.504', '0.810', '0.588', '0.588', '0.588', '0.810', '0.300', '0.810', '0.300', '0.810', '0.504', '0.504', '0.300', '0.504', '0.588', '0.810', '0.504', '0.300']
Round 30 – TPR per Domain: 0:0.300, 1:0.300, 2:0.504, 3:0.810, 4:0.588, 5:0.588, 6:0.588, 7:0.810, 8:0.300, 9:0.810, 10:0.300, 11:0.810, 12:0.504, 13:0.504, 14:0.300, 15:0.504, 16:0.588, 17:0.810, 18:0.504, 19:0.300
Round: 30 Method: dapperfl Mean_Acc: 56.79 Best_Acc: 59.255
Domain_Acc: [61.16, 81.05, 48.28, 36.67] Domain_BestAcc: [63.39, 81.05, 56.9, 43.33]
Prune local model 8, pr_ratio = [0.2, 0.2, 0.2, 0.2]
Prune local model 3, pr_ratio = [0.2, 0.2, 0.2, 0.2]
Prune local model 4, pr_ratio = [0.2, 0.2, 0.2, 0.2]
Prune local model 14, pr_ratio = [0.2, 0.2, 0.2, 0.2]
Prune local model 10, pr_ratio = [0.2, 0.2, 0.2, 0.2]
Prune local model 13, pr_ratio = [0.2, 0.2, 0.2, 0.2]
Prune local model 5, pr_ratio = [0.2, 0.2, 0.2, 0.2]
Prune local model 1, pr_ratio = [0.2, 0.2, 0.2, 0.2]
Prune local model 19, pr_ratio = [0.2, 0.2, 0.2, 0.2]
Prune local model 11, pr_ratio = [0.2, 0.2, 0.2, 0.2]
Prune local model 12, pr_ratio = [0.2, 0.2, 0.2, 0.2]
Prune local model 6, pr_ratio = [0.2, 0.2, 0.2, 0.2]
Prune local model 16, pr_ratio = [0.2, 0.2, 0.2, 0.2]
Prune local model 7, pr_ratio = [0.2, 0.2, 0.2, 0.2]
Prune local model 15, pr_ratio = [0.2, 0.2, 0.2, 0.2]
Prune local model 9, pr_ratio = [0.2, 0.2, 0.2, 0.2]
Prune local model 2, pr_ratio = [0.2, 0.2, 0.2, 0.2]
Prune local model 18, pr_ratio = [0.2, 0.2, 0.2, 0.2]
Prune local model 0, pr_ratio = [0.2, 0.2, 0.2, 0.2]
Prune local model 17, pr_ratio = [0.2, 0.2, 0.2, 0.2]
Round 31 – LOCAL TPR pre-agg per client: ['0.392', '0.392', '0.496', '0.797', '0.608', '0.608', '0.608', '0.797', '0.392', '0.797', '0.392', '0.797', '0.496', '0.496', '0.392', '0.496', '0.608', '0.797', '0.496', '0.392']
Round 31 – TPR per Domain: 0:0.392, 1:0.392, 2:0.496, 3:0.797, 4:0.604, 5:0.604, 6:0.604, 7:0.797, 8:0.392, 9:0.797, 10:0.392, 11:0.797, 12:0.496, 13:0.496, 14:0.392, 15:0.496, 16:0.604, 17:0.797, 18:0.496, 19:0.392
Round: 31 Method: dapperfl Mean_Acc: 58.207 Best_Acc: 59.255
Domain_Acc: [62.95, 80.0, 46.55, 43.33] Domain_BestAcc: [63.39, 81.05, 56.9, 43.33]
Prune local model 16, pr_ratio = [0.2, 0.2, 0.2, 0.2]
Prune local model 2, pr_ratio = [0.2, 0.2, 0.2, 0.2]
Prune local model 17, pr_ratio = [0.2, 0.2, 0.2, 0.2]
Prune local model 14, pr_ratio = [0.2, 0.2, 0.2, 0.2]
Prune local model 8, pr_ratio = [0.2, 0.2, 0.2, 0.2]
Prune local model 10, pr_ratio = [0.2, 0.2, 0.2, 0.2]
Prune local model 15, pr_ratio = [0.2, 0.2, 0.2, 0.2]
Prune local model 11, pr_ratio = [0.2, 0.2, 0.2, 0.2]
Prune local model 5, pr_ratio = [0.2, 0.2, 0.2, 0.2]
Prune local model 19, pr_ratio = [0.2, 0.2, 0.2, 0.2]
Prune local model 3, pr_ratio = [0.2, 0.2, 0.2, 0.2]
Prune local model 6, pr_ratio = [0.2, 0.2, 0.2, 0.2]
Prune local model 12, pr_ratio = [0.2, 0.2, 0.2, 0.2]
Prune local model 7, pr_ratio = [0.2, 0.2, 0.2, 0.2]
Prune local model 9, pr_ratio = [0.2, 0.2, 0.2, 0.2]
Prune local model 13, pr_ratio = [0.2, 0.2, 0.2, 0.2]
Prune local model 1, pr_ratio = [0.2, 0.2, 0.2, 0.2]
Prune local model 0, pr_ratio = [0.2, 0.2, 0.2, 0.2]
Prune local model 18, pr_ratio = [0.2, 0.2, 0.2, 0.2]
Prune local model 4, pr_ratio = [0.2, 0.2, 0.2, 0.2]
Round 32 – LOCAL TPR pre-agg per client: ['0.267', '0.267', '0.492', '0.769', '0.613', '0.613', '0.613', '0.769', '0.267', '0.769', '0.267', '0.769', '0.492', '0.492', '0.267', '0.492', '0.613', '0.769', '0.492', '0.267']
Round 32 – TPR per Domain: 0:0.267, 1:0.267, 2:0.492, 3:0.769, 4:0.613, 5:0.613, 6:0.613, 7:0.769, 8:0.267, 9:0.769, 10:0.267, 11:0.769, 12:0.492, 13:0.492, 14:0.267, 15:0.492, 16:0.613, 17:0.769, 18:0.492, 19:0.267
Round: 32 Method: dapperfl Mean_Acc: 55.863 Best_Acc: 59.255
Domain_Acc: [63.39, 76.84, 46.55, 36.67] Domain_BestAcc: [63.39, 81.05, 56.9, 43.33]
Prune local model 14, pr_ratio = [0.2, 0.2, 0.2, 0.2]
Prune local model 7, pr_ratio = [0.2, 0.2, 0.2, 0.2]
Prune local model 8, pr_ratio = [0.2, 0.2, 0.2, 0.2]
Prune local model 17, pr_ratio = [0.2, 0.2, 0.2, 0.2]
Prune local model 13, pr_ratio = [0.2, 0.2, 0.2, 0.2]
Prune local model 2, pr_ratio = [0.2, 0.2, 0.2, 0.2]
Prune local model 0, pr_ratio = [0.2, 0.2, 0.2, 0.2]
Prune local model 5, pr_ratio = [0.2, 0.2, 0.2, 0.2]
Prune local model 9, pr_ratio = [0.2, 0.2, 0.2, 0.2]
Prune local model 3, pr_ratio = [0.2, 0.2, 0.2, 0.2]
Prune local model 10, pr_ratio = [0.2, 0.2, 0.2, 0.2]
Prune local model 1, pr_ratio = [0.2, 0.2, 0.2, 0.2]
Prune local model 4, pr_ratio = [0.2, 0.2, 0.2, 0.2]
Prune local model 18, pr_ratio = [0.2, 0.2, 0.2, 0.2]
Prune local model 16, pr_ratio = [0.2, 0.2, 0.2, 0.2]
Prune local model 11, pr_ratio = [0.2, 0.2, 0.2, 0.2]
Prune local model 6, pr_ratio = [0.2, 0.2, 0.2, 0.2]
Prune local model 12, pr_ratio = [0.2, 0.2, 0.2, 0.2]
Prune local model 15, pr_ratio = [0.2, 0.2, 0.2, 0.2]
Prune local model 19, pr_ratio = [0.2, 0.2, 0.2, 0.2]
Round 33 – LOCAL TPR pre-agg per client: ['0.400', '0.400', '0.472', '0.820', '0.581', '0.581', '0.581', '0.820', '0.400', '0.820', '0.400', '0.820', '0.472', '0.472', '0.400', '0.472', '0.581', '0.820', '0.472', '0.400']
Round 33 – TPR per Domain: 0:0.400, 1:0.400, 2:0.472, 3:0.820, 4:0.581, 5:0.581, 6:0.581, 7:0.820, 8:0.400, 9:0.820, 10:0.400, 11:0.820, 12:0.472, 13:0.472, 14:0.400, 15:0.472, 16:0.581, 17:0.820, 18:0.472, 19:0.400
Round: 33 Method: dapperfl Mean_Acc: 58.47 Best_Acc: 59.255
Domain_Acc: [60.27, 82.11, 44.83, 46.67] Domain_BestAcc: [63.39, 82.11, 56.9, 46.67]
Prune local model 7, pr_ratio = [0.2, 0.2, 0.2, 0.2]
Prune local model 14, pr_ratio = [0.2, 0.2, 0.2, 0.2]
Prune local model 13, pr_ratio = [0.2, 0.2, 0.2, 0.2]
Prune local model 5, pr_ratio = [0.2, 0.2, 0.2, 0.2]
Prune local model 1, pr_ratio = [0.2, 0.2, 0.2, 0.2]
Prune local model 12, pr_ratio = [0.2, 0.2, 0.2, 0.2]
Prune local model 2, pr_ratio = [0.2, 0.2, 0.2, 0.2]
Prune local model 11, pr_ratio = [0.2, 0.2, 0.2, 0.2]
Prune local model 6, pr_ratio = [0.2, 0.2, 0.2, 0.2]
Prune local model 8, pr_ratio = [0.2, 0.2, 0.2, 0.2]
Prune local model 18, pr_ratio = [0.2, 0.2, 0.2, 0.2]
Prune local model 10, pr_ratio = [0.2, 0.2, 0.2, 0.2]
Prune local model 15, pr_ratio = [0.2, 0.2, 0.2, 0.2]
Prune local model 0, pr_ratio = [0.2, 0.2, 0.2, 0.2]
Prune local model 4, pr_ratio = [0.2, 0.2, 0.2, 0.2]
Prune local model 3, pr_ratio = [0.2, 0.2, 0.2, 0.2]
Prune local model 19, pr_ratio = [0.2, 0.2, 0.2, 0.2]
Prune local model 17, pr_ratio = [0.2, 0.2, 0.2, 0.2]
Prune local model 16, pr_ratio = [0.2, 0.2, 0.2, 0.2]
Prune local model 9, pr_ratio = [0.2, 0.2, 0.2, 0.2]
Round 34 – LOCAL TPR pre-agg per client: ['0.267', '0.267', '0.630', '0.800', '0.629', '0.629', '0.629', '0.800', '0.267', '0.800', '0.267', '0.800', '0.630', '0.630', '0.267', '0.630', '0.629', '0.800', '0.630', '0.267']
Round 34 – TPR per Domain: 0:0.267, 1:0.267, 2:0.630, 3:0.800, 4:0.629, 5:0.629, 6:0.629, 7:0.800, 8:0.267, 9:0.800, 10:0.267, 11:0.800, 12:0.630, 13:0.630, 14:0.267, 15:0.630, 16:0.629, 17:0.800, 18:0.630, 19:0.267
Round: 34 Method: dapperfl Mean_Acc: 60.435 Best_Acc: 60.435
Domain_Acc: [64.73, 80.0, 60.34, 36.67] Domain_BestAcc: [64.73, 82.11, 60.34, 46.67]
Prune local model 0, pr_ratio = [0.2, 0.2, 0.2, 0.2]
Prune local model 10, pr_ratio = [0.2, 0.2, 0.2, 0.2]
Prune local model 19, pr_ratio = [0.2, 0.2, 0.2, 0.2]
Prune local model 8, pr_ratio = [0.2, 0.2, 0.2, 0.2]
Prune local model 5, pr_ratio = [0.2, 0.2, 0.2, 0.2]
Prune local model 9, pr_ratio = [0.2, 0.2, 0.2, 0.2]
Prune local model 7, pr_ratio = [0.2, 0.2, 0.2, 0.2]
Prune local model 16, pr_ratio = [0.2, 0.2, 0.2, 0.2]
Prune local model 6, pr_ratio = [0.2, 0.2, 0.2, 0.2]
Prune local model 15, pr_ratio = [0.2, 0.2, 0.2, 0.2]
Prune local model 12, pr_ratio = [0.2, 0.2, 0.2, 0.2]
Prune local model 2, pr_ratio = [0.2, 0.2, 0.2, 0.2]
Prune local model 18, pr_ratio = [0.2, 0.2, 0.2, 0.2]
Prune local model 4, pr_ratio = [0.2, 0.2, 0.2, 0.2]
Prune local model 17, pr_ratio = [0.2, 0.2, 0.2, 0.2]
Prune local model 3, pr_ratio = [0.2, 0.2, 0.2, 0.2]
Prune local model 1, pr_ratio = [0.2, 0.2, 0.2, 0.2]
Prune local model 11, pr_ratio = [0.2, 0.2, 0.2, 0.2]
Prune local model 14, pr_ratio = [0.2, 0.2, 0.2, 0.2]
Prune local model 13, pr_ratio = [0.2, 0.2, 0.2, 0.2]
Round 35 – LOCAL TPR pre-agg per client: ['0.317', '0.317', '0.483', '0.779', '0.607', '0.607', '0.607', '0.779', '0.317', '0.779', '0.317', '0.779', '0.483', '0.483', '0.317', '0.483', '0.607', '0.779', '0.483', '0.317']
Round 35 – TPR per Domain: 0:0.317, 1:0.317, 2:0.483, 3:0.779, 4:0.607, 5:0.607, 6:0.607, 7:0.779, 8:0.317, 9:0.779, 10:0.317, 11:0.779, 12:0.483, 13:0.483, 14:0.317, 15:0.483, 16:0.607, 17:0.779, 18:0.483, 19:0.317
Round: 35 Method: dapperfl Mean_Acc: 56.418 Best_Acc: 60.435
Domain_Acc: [62.95, 77.89, 44.83, 40.0] Domain_BestAcc: [64.73, 82.11, 60.34, 46.67]
Prune local model 17, pr_ratio = [0.2, 0.2, 0.2, 0.2]
Prune local model 1, pr_ratio = [0.2, 0.2, 0.2, 0.2]
Prune local model 11, pr_ratio = [0.2, 0.2, 0.2, 0.2]
Prune local model 15, pr_ratio = [0.2, 0.2, 0.2, 0.2]
Prune local model 6, pr_ratio = [0.2, 0.2, 0.2, 0.2]
Prune local model 9, pr_ratio = [0.2, 0.2, 0.2, 0.2]
Prune local model 14, pr_ratio = [0.2, 0.2, 0.2, 0.2]
Prune local model 0, pr_ratio = [0.2, 0.2, 0.2, 0.2]
Prune local model 8, pr_ratio = [0.2, 0.2, 0.2, 0.2]
Prune local model 2, pr_ratio = [0.2, 0.2, 0.2, 0.2]
Prune local model 5, pr_ratio = [0.2, 0.2, 0.2, 0.2]
Prune local model 19, pr_ratio = [0.2, 0.2, 0.2, 0.2]
Prune local model 18, pr_ratio = [0.2, 0.2, 0.2, 0.2]
Prune local model 12, pr_ratio = [0.2, 0.2, 0.2, 0.2]
Prune local model 10, pr_ratio = [0.2, 0.2, 0.2, 0.2]
Prune local model 7, pr_ratio = [0.2, 0.2, 0.2, 0.2]
Prune local model 16, pr_ratio = [0.2, 0.2, 0.2, 0.2]
Prune local model 4, pr_ratio = [0.2, 0.2, 0.2, 0.2]
Prune local model 13, pr_ratio = [0.2, 0.2, 0.2, 0.2]
Prune local model 3, pr_ratio = [0.2, 0.2, 0.2, 0.2]
Round 36 – LOCAL TPR pre-agg per client: ['0.367', '0.367', '0.525', '0.805', '0.581', '0.581', '0.581', '0.805', '0.367', '0.805', '0.367', '0.805', '0.525', '0.525', '0.367', '0.525', '0.581', '0.805', '0.525', '0.367']
Round 36 – TPR per Domain: 0:0.367, 1:0.367, 2:0.525, 3:0.805, 4:0.581, 5:0.581, 6:0.581, 7:0.805, 8:0.367, 9:0.805, 10:0.367, 11:0.805, 12:0.525, 13:0.525, 14:0.367, 15:0.525, 16:0.581, 17:0.805, 18:0.525, 19:0.367
Round: 36 Method: dapperfl Mean_Acc: 58.755 Best_Acc: 60.435
Domain_Acc: [61.16, 80.53, 50.0, 43.33] Domain_BestAcc: [64.73, 82.11, 60.34, 46.67]
Prune local model 11, pr_ratio = [0.2, 0.2, 0.2, 0.2]
Prune local model 19, pr_ratio = [0.2, 0.2, 0.2, 0.2]
Prune local model 15, pr_ratio = [0.2, 0.2, 0.2, 0.2]
Prune local model 5, pr_ratio = [0.2, 0.2, 0.2, 0.2]
Prune local model 13, pr_ratio = [0.2, 0.2, 0.2, 0.2]
Prune local model 18, pr_ratio = [0.2, 0.2, 0.2, 0.2]
Prune local model 4, pr_ratio = [0.2, 0.2, 0.2, 0.2]
Prune local model 10, pr_ratio = [0.2, 0.2, 0.2, 0.2]
Prune local model 17, pr_ratio = [0.2, 0.2, 0.2, 0.2]
Prune local model 16, pr_ratio = [0.2, 0.2, 0.2, 0.2]
Prune local model 7, pr_ratio = [0.2, 0.2, 0.2, 0.2]
Prune local model 9, pr_ratio = [0.2, 0.2, 0.2, 0.2]
Prune local model 8, pr_ratio = [0.2, 0.2, 0.2, 0.2]
Prune local model 14, pr_ratio = [0.2, 0.2, 0.2, 0.2]
Prune local model 3, pr_ratio = [0.2, 0.2, 0.2, 0.2]
Prune local model 1, pr_ratio = [0.2, 0.2, 0.2, 0.2]
Prune local model 12, pr_ratio = [0.2, 0.2, 0.2, 0.2]
Prune local model 2, pr_ratio = [0.2, 0.2, 0.2, 0.2]
Prune local model 0, pr_ratio = [0.2, 0.2, 0.2, 0.2]
Prune local model 6, pr_ratio = [0.2, 0.2, 0.2, 0.2]
Round 37 – LOCAL TPR pre-agg per client: ['0.467', '0.467', '0.525', '0.840', '0.606', '0.606', '0.606', '0.840', '0.467', '0.840', '0.467', '0.840', '0.525', '0.525', '0.467', '0.525', '0.606', '0.840', '0.525', '0.467']
Round 37 – TPR per Domain: 0:0.467, 1:0.467, 2:0.525, 3:0.840, 4:0.606, 5:0.606, 6:0.606, 7:0.840, 8:0.467, 9:0.840, 10:0.467, 11:0.840, 12:0.525, 13:0.525, 14:0.467, 15:0.525, 16:0.606, 17:0.840, 18:0.525, 19:0.467
Round: 37 Method: dapperfl Mean_Acc: 62.51 Best_Acc: 62.51
Domain_Acc: [62.5, 84.21, 50.0, 53.33] Domain_BestAcc: [64.73, 84.21, 60.34, 53.33]
Prune local model 3, pr_ratio = [0.2, 0.2, 0.2, 0.2]
Prune local model 1, pr_ratio = [0.2, 0.2, 0.2, 0.2]
Prune local model 15, pr_ratio = [0.2, 0.2, 0.2, 0.2]
Prune local model 10, pr_ratio = [0.2, 0.2, 0.2, 0.2]
Prune local model 2, pr_ratio = [0.2, 0.2, 0.2, 0.2]
Prune local model 14, pr_ratio = [0.2, 0.2, 0.2, 0.2]
Prune local model 16, pr_ratio = [0.2, 0.2, 0.2, 0.2]
Prune local model 4, pr_ratio = [0.2, 0.2, 0.2, 0.2]
Prune local model 19, pr_ratio = [0.2, 0.2, 0.2, 0.2]
Prune local model 5, pr_ratio = [0.2, 0.2, 0.2, 0.2]
Prune local model 12, pr_ratio = [0.2, 0.2, 0.2, 0.2]
Prune local model 13, pr_ratio = [0.2, 0.2, 0.2, 0.2]
Prune local model 8, pr_ratio = [0.2, 0.2, 0.2, 0.2]
Prune local model 18, pr_ratio = [0.2, 0.2, 0.2, 0.2]
Prune local model 17, pr_ratio = [0.2, 0.2, 0.2, 0.2]
Prune local model 7, pr_ratio = [0.2, 0.2, 0.2, 0.2]
Prune local model 11, pr_ratio = [0.2, 0.2, 0.2, 0.2]
Prune local model 6, pr_ratio = [0.2, 0.2, 0.2, 0.2]
Prune local model 9, pr_ratio = [0.2, 0.2, 0.2, 0.2]
Prune local model 0, pr_ratio = [0.2, 0.2, 0.2, 0.2]
Round 38 – LOCAL TPR pre-agg per client: ['0.350', '0.350', '0.551', '0.785', '0.603', '0.603', '0.603', '0.785', '0.350', '0.785', '0.350', '0.785', '0.551', '0.551', '0.350', '0.551', '0.603', '0.785', '0.551', '0.350']
Round 38 – TPR per Domain: 0:0.350, 1:0.350, 2:0.551, 3:0.785, 4:0.603, 5:0.603, 6:0.603, 7:0.785, 8:0.350, 9:0.785, 10:0.350, 11:0.785, 12:0.551, 13:0.551, 14:0.350, 15:0.551, 16:0.603, 17:0.785, 18:0.551, 19:0.350
Round: 38 Method: dapperfl Mean_Acc: 59.425 Best_Acc: 62.51
Domain_Acc: [62.5, 78.42, 53.45, 43.33] Domain_BestAcc: [64.73, 84.21, 60.34, 53.33]
Prune local model 2, pr_ratio = [0.2, 0.2, 0.2, 0.2]
Prune local model 18, pr_ratio = [0.2, 0.2, 0.2, 0.2]
Prune local model 6, pr_ratio = [0.2, 0.2, 0.2, 0.2]
Prune local model 5, pr_ratio = [0.2, 0.2, 0.2, 0.2]
Prune local model 10, pr_ratio = [0.2, 0.2, 0.2, 0.2]
Prune local model 17, pr_ratio = [0.2, 0.2, 0.2, 0.2]
Prune local model 16, pr_ratio = [0.2, 0.2, 0.2, 0.2]
Prune local model 4, pr_ratio = [0.2, 0.2, 0.2, 0.2]
Prune local model 15, pr_ratio = [0.2, 0.2, 0.2, 0.2]
Prune local model 19, pr_ratio = [0.2, 0.2, 0.2, 0.2]
Prune local model 14, pr_ratio = [0.2, 0.2, 0.2, 0.2]
Prune local model 1, pr_ratio = [0.2, 0.2, 0.2, 0.2]
Prune local model 11, pr_ratio = [0.2, 0.2, 0.2, 0.2]
Prune local model 9, pr_ratio = [0.2, 0.2, 0.2, 0.2]
Prune local model 7, pr_ratio = [0.2, 0.2, 0.2, 0.2]
Prune local model 13, pr_ratio = [0.2, 0.2, 0.2, 0.2]
Prune local model 0, pr_ratio = [0.2, 0.2, 0.2, 0.2]
Prune local model 8, pr_ratio = [0.2, 0.2, 0.2, 0.2]
Prune local model 12, pr_ratio = [0.2, 0.2, 0.2, 0.2]
Prune local model 3, pr_ratio = [0.2, 0.2, 0.2, 0.2]
Round 39 – LOCAL TPR pre-agg per client: ['0.417', '0.417', '0.484', '0.803', '0.607', '0.607', '0.607', '0.803', '0.417', '0.803', '0.417', '0.803', '0.484', '0.484', '0.417', '0.484', '0.607', '0.803', '0.484', '0.417']
Round 39 – TPR per Domain: 0:0.417, 1:0.417, 2:0.484, 3:0.803, 4:0.607, 5:0.607, 6:0.607, 7:0.803, 8:0.417, 9:0.803, 10:0.417, 11:0.803, 12:0.484, 13:0.484, 14:0.417, 15:0.484, 16:0.607, 17:0.803, 18:0.484, 19:0.417
Round: 39 Method: dapperfl Mean_Acc: 59.175 Best_Acc: 62.51
Domain_Acc: [62.95, 80.53, 46.55, 46.67] Domain_BestAcc: [64.73, 84.21, 60.34, 53.33]
Prune local model 9, pr_ratio = [0.2, 0.2, 0.2, 0.2]
Prune local model 17, pr_ratio = [0.2, 0.2, 0.2, 0.2]
Prune local model 2, pr_ratio = [0.2, 0.2, 0.2, 0.2]
Prune local model 8, pr_ratio = [0.2, 0.2, 0.2, 0.2]
Prune local model 11, pr_ratio = [0.2, 0.2, 0.2, 0.2]
Prune local model 15, pr_ratio = [0.2, 0.2, 0.2, 0.2]
Prune local model 10, pr_ratio = [0.2, 0.2, 0.2, 0.2]
Prune local model 3, pr_ratio = [0.2, 0.2, 0.2, 0.2]
Prune local model 0, pr_ratio = [0.2, 0.2, 0.2, 0.2]
Prune local model 14, pr_ratio = [0.2, 0.2, 0.2, 0.2]
Prune local model 6, pr_ratio = [0.2, 0.2, 0.2, 0.2]
Prune local model 4, pr_ratio = [0.2, 0.2, 0.2, 0.2]
Prune local model 12, pr_ratio = [0.2, 0.2, 0.2, 0.2]
Prune local model 19, pr_ratio = [0.2, 0.2, 0.2, 0.2]
Prune local model 1, pr_ratio = [0.2, 0.2, 0.2, 0.2]
Prune local model 5, pr_ratio = [0.2, 0.2, 0.2, 0.2]
Prune local model 18, pr_ratio = [0.2, 0.2, 0.2, 0.2]
Prune local model 13, pr_ratio = [0.2, 0.2, 0.2, 0.2]
Prune local model 7, pr_ratio = [0.2, 0.2, 0.2, 0.2]
Prune local model 16, pr_ratio = [0.2, 0.2, 0.2, 0.2]
Round 40 – LOCAL TPR pre-agg per client: ['0.300', '0.300', '0.463', '0.814', '0.606', '0.606', '0.606', '0.814', '0.300', '0.814', '0.300', '0.814', '0.463', '0.463', '0.300', '0.463', '0.606', '0.814', '0.463', '0.300']
Round 40 – TPR per Domain: 0:0.300, 1:0.300, 2:0.463, 3:0.814, 4:0.606, 5:0.606, 6:0.606, 7:0.814, 8:0.300, 9:0.814, 10:0.300, 11:0.814, 12:0.463, 13:0.463, 14:0.300, 15:0.463, 16:0.606, 17:0.814, 18:0.463, 19:0.300
Round: 40 Method: dapperfl Mean_Acc: 57.34 Best_Acc: 62.51
Domain_Acc: [62.95, 81.58, 44.83, 40.0] Domain_BestAcc: [64.73, 84.21, 60.34, 53.33]
Prune local model 14, pr_ratio = [0.2, 0.2, 0.2, 0.2]
Prune local model 17, pr_ratio = [0.2, 0.2, 0.2, 0.2]
Prune local model 16, pr_ratio = [0.2, 0.2, 0.2, 0.2]
Prune local model 0, pr_ratio = [0.2, 0.2, 0.2, 0.2]
Prune local model 9, pr_ratio = [0.2, 0.2, 0.2, 0.2]
Prune local model 6, pr_ratio = [0.2, 0.2, 0.2, 0.2]
Prune local model 15, pr_ratio = [0.2, 0.2, 0.2, 0.2]
Prune local model 8, pr_ratio = [0.2, 0.2, 0.2, 0.2]
Prune local model 7, pr_ratio = [0.2, 0.2, 0.2, 0.2]
Prune local model 4, pr_ratio = [0.2, 0.2, 0.2, 0.2]
Prune local model 13, pr_ratio = [0.2, 0.2, 0.2, 0.2]
Prune local model 3, pr_ratio = [0.2, 0.2, 0.2, 0.2]
Prune local model 1, pr_ratio = [0.2, 0.2, 0.2, 0.2]
Prune local model 19, pr_ratio = [0.2, 0.2, 0.2, 0.2]
Prune local model 11, pr_ratio = [0.2, 0.2, 0.2, 0.2]
Prune local model 5, pr_ratio = [0.2, 0.2, 0.2, 0.2]
Prune local model 18, pr_ratio = [0.2, 0.2, 0.2, 0.2]
Prune local model 12, pr_ratio = [0.2, 0.2, 0.2, 0.2]
Prune local model 10, pr_ratio = [0.2, 0.2, 0.2, 0.2]
Prune local model 2, pr_ratio = [0.2, 0.2, 0.2, 0.2]
Round 41 – LOCAL TPR pre-agg per client: ['0.292', '0.292', '0.538', '0.795', '0.620', '0.620', '0.620', '0.795', '0.292', '0.795', '0.292', '0.795', '0.538', '0.538', '0.292', '0.538', '0.620', '0.795', '0.538', '0.292']
Round 41 – TPR per Domain: 0:0.292, 1:0.292, 2:0.538, 3:0.795, 4:0.620, 5:0.620, 6:0.620, 7:0.795, 8:0.292, 9:0.795, 10:0.292, 11:0.795, 12:0.538, 13:0.538, 14:0.292, 15:0.538, 16:0.620, 17:0.795, 18:0.538, 19:0.292
Round: 41 Method: dapperfl Mean_Acc: 57.495 Best_Acc: 62.51
Domain_Acc: [63.84, 79.47, 50.0, 36.67] Domain_BestAcc: [64.73, 84.21, 60.34, 53.33]
Prune local model 11, pr_ratio = [0.2, 0.2, 0.2, 0.2]
Prune local model 10, pr_ratio = [0.2, 0.2, 0.2, 0.2]
Prune local model 17, pr_ratio = [0.2, 0.2, 0.2, 0.2]
Prune local model 18, pr_ratio = [0.2, 0.2, 0.2, 0.2]
Prune local model 6, pr_ratio = [0.2, 0.2, 0.2, 0.2]
Prune local model 1, pr_ratio = [0.2, 0.2, 0.2, 0.2]
Prune local model 14, pr_ratio = [0.2, 0.2, 0.2, 0.2]
Prune local model 16, pr_ratio = [0.2, 0.2, 0.2, 0.2]
Prune local model 7, pr_ratio = [0.2, 0.2, 0.2, 0.2]
Prune local model 13, pr_ratio = [0.2, 0.2, 0.2, 0.2]
Prune local model 2, pr_ratio = [0.2, 0.2, 0.2, 0.2]
Prune local model 3, pr_ratio = [0.2, 0.2, 0.2, 0.2]
Prune local model 0, pr_ratio = [0.2, 0.2, 0.2, 0.2]
Prune local model 4, pr_ratio = [0.2, 0.2, 0.2, 0.2]
Prune local model 8, pr_ratio = [0.2, 0.2, 0.2, 0.2]
Prune local model 15, pr_ratio = [0.2, 0.2, 0.2, 0.2]
Prune local model 12, pr_ratio = [0.2, 0.2, 0.2, 0.2]
Prune local model 5, pr_ratio = [0.2, 0.2, 0.2, 0.2]
Prune local model 19, pr_ratio = [0.2, 0.2, 0.2, 0.2]
Prune local model 9, pr_ratio = [0.2, 0.2, 0.2, 0.2]
Round 42 – LOCAL TPR pre-agg per client: ['0.325', '0.325', '0.554', '0.821', '0.614', '0.614', '0.614', '0.821', '0.325', '0.821', '0.325', '0.821', '0.554', '0.554', '0.325', '0.554', '0.614', '0.821', '0.554', '0.325']
Round 42 – TPR per Domain: 0:0.325, 1:0.325, 2:0.554, 3:0.821, 4:0.614, 5:0.614, 6:0.614, 7:0.821, 8:0.325, 9:0.821, 10:0.325, 11:0.821, 12:0.554, 13:0.554, 14:0.325, 15:0.554, 16:0.614, 17:0.821, 18:0.554, 19:0.325
Round: 42 Method: dapperfl Mean_Acc: 59.628 Best_Acc: 62.51
Domain_Acc: [62.95, 82.11, 53.45, 40.0] Domain_BestAcc: [64.73, 84.21, 60.34, 53.33]
Prune local model 7, pr_ratio = [0.2, 0.2, 0.2, 0.2]
Prune local model 1, pr_ratio = [0.2, 0.2, 0.2, 0.2]
Prune local model 3, pr_ratio = [0.2, 0.2, 0.2, 0.2]
Prune local model 19, pr_ratio = [0.2, 0.2, 0.2, 0.2]
Prune local model 13, pr_ratio = [0.2, 0.2, 0.2, 0.2]
Prune local model 5, pr_ratio = [0.2, 0.2, 0.2, 0.2]
Prune local model 17, pr_ratio = [0.2, 0.2, 0.2, 0.2]
Prune local model 16, pr_ratio = [0.2, 0.2, 0.2, 0.2]
Prune local model 11, pr_ratio = [0.2, 0.2, 0.2, 0.2]
Prune local model 10, pr_ratio = [0.2, 0.2, 0.2, 0.2]
Prune local model 6, pr_ratio = [0.2, 0.2, 0.2, 0.2]
Prune local model 18, pr_ratio = [0.2, 0.2, 0.2, 0.2]
Prune local model 9, pr_ratio = [0.2, 0.2, 0.2, 0.2]
Prune local model 12, pr_ratio = [0.2, 0.2, 0.2, 0.2]
Prune local model 4, pr_ratio = [0.2, 0.2, 0.2, 0.2]
Prune local model 8, pr_ratio = [0.2, 0.2, 0.2, 0.2]
Prune local model 14, pr_ratio = [0.2, 0.2, 0.2, 0.2]
Prune local model 15, pr_ratio = [0.2, 0.2, 0.2, 0.2]
Prune local model 0, pr_ratio = [0.2, 0.2, 0.2, 0.2]
Prune local model 2, pr_ratio = [0.2, 0.2, 0.2, 0.2]
Round 43 – LOCAL TPR pre-agg per client: ['0.342', '0.342', '0.480', '0.806', '0.618', '0.618', '0.618', '0.806', '0.342', '0.806', '0.342', '0.806', '0.480', '0.480', '0.342', '0.480', '0.618', '0.806', '0.480', '0.342']
Round 43 – TPR per Domain: 0:0.342, 1:0.342, 2:0.480, 3:0.806, 4:0.618, 5:0.618, 6:0.618, 7:0.806, 8:0.342, 9:0.806, 10:0.342, 11:0.806, 12:0.480, 13:0.480, 14:0.342, 15:0.480, 16:0.618, 17:0.806, 18:0.480, 19:0.342
Round: 43 Method: dapperfl Mean_Acc: 57.3 Best_Acc: 62.51
Domain_Acc: [63.84, 80.53, 44.83, 40.0] Domain_BestAcc: [64.73, 84.21, 60.34, 53.33]
Prune local model 4, pr_ratio = [0.2, 0.2, 0.2, 0.2]
Prune local model 11, pr_ratio = [0.2, 0.2, 0.2, 0.2]
Prune local model 9, pr_ratio = [0.2, 0.2, 0.2, 0.2]
Prune local model 1, pr_ratio = [0.2, 0.2, 0.2, 0.2]
Prune local model 19, pr_ratio = [0.2, 0.2, 0.2, 0.2]
Prune local model 3, pr_ratio = [0.2, 0.2, 0.2, 0.2]
Prune local model 6, pr_ratio = [0.2, 0.2, 0.2, 0.2]
Prune local model 16, pr_ratio = [0.2, 0.2, 0.2, 0.2]
Prune local model 10, pr_ratio = [0.2, 0.2, 0.2, 0.2]
Prune local model 17, pr_ratio = [0.2, 0.2, 0.2, 0.2]
Prune local model 0, pr_ratio = [0.2, 0.2, 0.2, 0.2]
Prune local model 2, pr_ratio = [0.2, 0.2, 0.2, 0.2]
Prune local model 5, pr_ratio = [0.2, 0.2, 0.2, 0.2]
Prune local model 15, pr_ratio = [0.2, 0.2, 0.2, 0.2]
Prune local model 8, pr_ratio = [0.2, 0.2, 0.2, 0.2]
Prune local model 14, pr_ratio = [0.2, 0.2, 0.2, 0.2]
Prune local model 7, pr_ratio = [0.2, 0.2, 0.2, 0.2]
Prune local model 13, pr_ratio = [0.2, 0.2, 0.2, 0.2]
Prune local model 12, pr_ratio = [0.2, 0.2, 0.2, 0.2]
Prune local model 18, pr_ratio = [0.2, 0.2, 0.2, 0.2]
Round 44 – LOCAL TPR pre-agg per client: ['0.350', '0.350', '0.537', '0.811', '0.581', '0.581', '0.581', '0.811', '0.350', '0.811', '0.350', '0.811', '0.537', '0.537', '0.350', '0.537', '0.581', '0.811', '0.537', '0.350']
Round 44 – TPR per Domain: 0:0.350, 1:0.350, 2:0.537, 3:0.811, 4:0.581, 5:0.581, 6:0.581, 7:0.811, 8:0.350, 9:0.811, 10:0.350, 11:0.811, 12:0.537, 13:0.537, 14:0.350, 15:0.537, 16:0.581, 17:0.811, 18:0.537, 19:0.350
Round: 44 Method: dapperfl Mean_Acc: 59.202 Best_Acc: 62.51
Domain_Acc: [60.71, 81.05, 51.72, 43.33] Domain_BestAcc: [64.73, 84.21, 60.34, 53.33]
Prune local model 6, pr_ratio = [0.2, 0.2, 0.2, 0.2]
Prune local model 14, pr_ratio = [0.2, 0.2, 0.2, 0.2]
Prune local model 10, pr_ratio = [0.2, 0.2, 0.2, 0.2]
Prune local model 4, pr_ratio = [0.2, 0.2, 0.2, 0.2]
Prune local model 9, pr_ratio = [0.2, 0.2, 0.2, 0.2]
Prune local model 8, pr_ratio = [0.2, 0.2, 0.2, 0.2]
Prune local model 18, pr_ratio = [0.2, 0.2, 0.2, 0.2]
Prune local model 17, pr_ratio = [0.2, 0.2, 0.2, 0.2]
Prune local model 7, pr_ratio = [0.2, 0.2, 0.2, 0.2]
Prune local model 2, pr_ratio = [0.2, 0.2, 0.2, 0.2]
Prune local model 1, pr_ratio = [0.2, 0.2, 0.2, 0.2]
Prune local model 0, pr_ratio = [0.2, 0.2, 0.2, 0.2]
Prune local model 5, pr_ratio = [0.2, 0.2, 0.2, 0.2]
Prune local model 11, pr_ratio = [0.2, 0.2, 0.2, 0.2]
Prune local model 13, pr_ratio = [0.2, 0.2, 0.2, 0.2]
Prune local model 12, pr_ratio = [0.2, 0.2, 0.2, 0.2]
Prune local model 3, pr_ratio = [0.2, 0.2, 0.2, 0.2]
Prune local model 19, pr_ratio = [0.2, 0.2, 0.2, 0.2]
Prune local model 15, pr_ratio = [0.2, 0.2, 0.2, 0.2]
Prune local model 16, pr_ratio = [0.2, 0.2, 0.2, 0.2]
Round 45 – LOCAL TPR pre-agg per client: ['0.333', '0.333', '0.554', '0.775', '0.599', '0.599', '0.599', '0.775', '0.333', '0.775', '0.333', '0.775', '0.554', '0.554', '0.333', '0.554', '0.599', '0.775', '0.554', '0.333']
Round 45 – TPR per Domain: 0:0.333, 1:0.333, 2:0.554, 3:0.775, 4:0.599, 5:0.599, 6:0.599, 7:0.775, 8:0.333, 9:0.775, 10:0.333, 11:0.775, 12:0.554, 13:0.554, 14:0.333, 15:0.554, 16:0.599, 17:0.775, 18:0.554, 19:0.333
Round: 45 Method: dapperfl Mean_Acc: 58.33 Best_Acc: 62.51
Domain_Acc: [62.5, 77.37, 53.45, 40.0] Domain_BestAcc: [64.73, 84.21, 60.34, 53.33]
Prune local model 8, pr_ratio = [0.2, 0.2, 0.2, 0.2]
Prune local model 1, pr_ratio = [0.2, 0.2, 0.2, 0.2]
Prune local model 4, pr_ratio = [0.2, 0.2, 0.2, 0.2]
Prune local model 10, pr_ratio = [0.2, 0.2, 0.2, 0.2]
Prune local model 6, pr_ratio = [0.2, 0.2, 0.2, 0.2]
Prune local model 11, pr_ratio = [0.2, 0.2, 0.2, 0.2]
Prune local model 14, pr_ratio = [0.2, 0.2, 0.2, 0.2]
Prune local model 13, pr_ratio = [0.2, 0.2, 0.2, 0.2]
Prune local model 7, pr_ratio = [0.2, 0.2, 0.2, 0.2]
Prune local model 19, pr_ratio = [0.2, 0.2, 0.2, 0.2]
Prune local model 12, pr_ratio = [0.2, 0.2, 0.2, 0.2]
Prune local model 5, pr_ratio = [0.2, 0.2, 0.2, 0.2]
Prune local model 15, pr_ratio = [0.2, 0.2, 0.2, 0.2]
Prune local model 2, pr_ratio = [0.2, 0.2, 0.2, 0.2]
Prune local model 16, pr_ratio = [0.2, 0.2, 0.2, 0.2]
Prune local model 3, pr_ratio = [0.2, 0.2, 0.2, 0.2]
Prune local model 17, pr_ratio = [0.2, 0.2, 0.2, 0.2]
Prune local model 9, pr_ratio = [0.2, 0.2, 0.2, 0.2]
Prune local model 0, pr_ratio = [0.2, 0.2, 0.2, 0.2]
Prune local model 18, pr_ratio = [0.2, 0.2, 0.2, 0.2]
Round 46 – LOCAL TPR pre-agg per client: ['0.350', '0.350', '0.543', '0.789', '0.622', '0.622', '0.622', '0.789', '0.350', '0.789', '0.350', '0.789', '0.543', '0.543', '0.350', '0.543', '0.622', '0.789', '0.543', '0.350']
Round 46 – TPR per Domain: 0:0.350, 1:0.350, 2:0.543, 3:0.789, 4:0.622, 5:0.622, 6:0.622, 7:0.789, 8:0.350, 9:0.789, 10:0.350, 11:0.789, 12:0.543, 13:0.543, 14:0.350, 15:0.543, 16:0.622, 17:0.789, 18:0.543, 19:0.350
Round: 46 Method: dapperfl Mean_Acc: 60.005 Best_Acc: 62.51
Domain_Acc: [64.29, 78.95, 53.45, 43.33] Domain_BestAcc: [64.73, 84.21, 60.34, 53.33]
Prune local model 9, pr_ratio = [0.2, 0.2, 0.2, 0.2]
Prune local model 17, pr_ratio = [0.2, 0.2, 0.2, 0.2]
Prune local model 19, pr_ratio = [0.2, 0.2, 0.2, 0.2]
Prune local model 4, pr_ratio = [0.2, 0.2, 0.2, 0.2]
Prune local model 8, pr_ratio = [0.2, 0.2, 0.2, 0.2]
Prune local model 11, pr_ratio = [0.2, 0.2, 0.2, 0.2]
Prune local model 16, pr_ratio = [0.2, 0.2, 0.2, 0.2]
Prune local model 18, pr_ratio = [0.2, 0.2, 0.2, 0.2]
Prune local model 5, pr_ratio = [0.2, 0.2, 0.2, 0.2]
Prune local model 10, pr_ratio = [0.2, 0.2, 0.2, 0.2]
Prune local model 12, pr_ratio = [0.2, 0.2, 0.2, 0.2]
Prune local model 15, pr_ratio = [0.2, 0.2, 0.2, 0.2]
Prune local model 0, pr_ratio = [0.2, 0.2, 0.2, 0.2]
Prune local model 14, pr_ratio = [0.2, 0.2, 0.2, 0.2]
Prune local model 7, pr_ratio = [0.2, 0.2, 0.2, 0.2]
Prune local model 1, pr_ratio = [0.2, 0.2, 0.2, 0.2]
Prune local model 2, pr_ratio = [0.2, 0.2, 0.2, 0.2]
Prune local model 3, pr_ratio = [0.2, 0.2, 0.2, 0.2]
Prune local model 13, pr_ratio = [0.2, 0.2, 0.2, 0.2]
Prune local model 6, pr_ratio = [0.2, 0.2, 0.2, 0.2]
Round 47 – LOCAL TPR pre-agg per client: ['0.350', '0.350', '0.571', '0.825', '0.618', '0.618', '0.618', '0.825', '0.350', '0.825', '0.350', '0.825', '0.571', '0.571', '0.350', '0.571', '0.618', '0.825', '0.571', '0.350']
Round 47 – TPR per Domain: 0:0.350, 1:0.350, 2:0.571, 3:0.825, 4:0.618, 5:0.618, 6:0.618, 7:0.825, 8:0.350, 9:0.825, 10:0.350, 11:0.825, 12:0.571, 13:0.571, 14:0.350, 15:0.571, 16:0.618, 17:0.825, 18:0.571, 19:0.350
Round: 47 Method: dapperfl Mean_Acc: 61.13 Best_Acc: 62.51
Domain_Acc: [63.39, 82.63, 55.17, 43.33] Domain_BestAcc: [64.73, 84.21, 60.34, 53.33]
Prune local model 5, pr_ratio = [0.2, 0.2, 0.2, 0.2]
Prune local model 4, pr_ratio = [0.2, 0.2, 0.2, 0.2]
Prune local model 14, pr_ratio = [0.2, 0.2, 0.2, 0.2]
Prune local model 0, pr_ratio = [0.2, 0.2, 0.2, 0.2]
Prune local model 6, pr_ratio = [0.2, 0.2, 0.2, 0.2]
Prune local model 3, pr_ratio = [0.2, 0.2, 0.2, 0.2]
Prune local model 9, pr_ratio = [0.2, 0.2, 0.2, 0.2]
Prune local model 12, pr_ratio = [0.2, 0.2, 0.2, 0.2]
Prune local model 15, pr_ratio = [0.2, 0.2, 0.2, 0.2]
Prune local model 8, pr_ratio = [0.2, 0.2, 0.2, 0.2]
Prune local model 11, pr_ratio = [0.2, 0.2, 0.2, 0.2]
Prune local model 2, pr_ratio = [0.2, 0.2, 0.2, 0.2]
Prune local model 13, pr_ratio = [0.2, 0.2, 0.2, 0.2]
Prune local model 1, pr_ratio = [0.2, 0.2, 0.2, 0.2]
Prune local model 16, pr_ratio = [0.2, 0.2, 0.2, 0.2]
Prune local model 7, pr_ratio = [0.2, 0.2, 0.2, 0.2]
Prune local model 18, pr_ratio = [0.2, 0.2, 0.2, 0.2]
Prune local model 19, pr_ratio = [0.2, 0.2, 0.2, 0.2]
Prune local model 17, pr_ratio = [0.2, 0.2, 0.2, 0.2]
Prune local model 10, pr_ratio = [0.2, 0.2, 0.2, 0.2]
Round 48 – LOCAL TPR pre-agg per client: ['0.350', '0.350', '0.558', '0.765', '0.627', '0.627', '0.627', '0.765', '0.350', '0.765', '0.350', '0.765', '0.558', '0.558', '0.350', '0.558', '0.627', '0.765', '0.558', '0.350']
Round 48 – TPR per Domain: 0:0.350, 1:0.350, 2:0.558, 3:0.765, 4:0.627, 5:0.627, 6:0.627, 7:0.765, 8:0.350, 9:0.765, 10:0.350, 11:0.765, 12:0.558, 13:0.558, 14:0.350, 15:0.558, 16:0.627, 17:0.765, 18:0.558, 19:0.350
Round: 48 Method: dapperfl Mean_Acc: 59.57 Best_Acc: 62.51
Domain_Acc: [65.18, 76.32, 53.45, 43.33] Domain_BestAcc: [65.18, 84.21, 60.34, 53.33]
Prune local model 16, pr_ratio = [0.2, 0.2, 0.2, 0.2]
Prune local model 1, pr_ratio = [0.2, 0.2, 0.2, 0.2]
Prune local model 19, pr_ratio = [0.2, 0.2, 0.2, 0.2]
Prune local model 5, pr_ratio = [0.2, 0.2, 0.2, 0.2]
Prune local model 8, pr_ratio = [0.2, 0.2, 0.2, 0.2]
Prune local model 3, pr_ratio = [0.2, 0.2, 0.2, 0.2]
Prune local model 2, pr_ratio = [0.2, 0.2, 0.2, 0.2]
Prune local model 10, pr_ratio = [0.2, 0.2, 0.2, 0.2]
Prune local model 18, pr_ratio = [0.2, 0.2, 0.2, 0.2]
Prune local model 4, pr_ratio = [0.2, 0.2, 0.2, 0.2]
Prune local model 6, pr_ratio = [0.2, 0.2, 0.2, 0.2]
Prune local model 7, pr_ratio = [0.2, 0.2, 0.2, 0.2]
Prune local model 15, pr_ratio = [0.2, 0.2, 0.2, 0.2]
Prune local model 0, pr_ratio = [0.2, 0.2, 0.2, 0.2]
Prune local model 13, pr_ratio = [0.2, 0.2, 0.2, 0.2]
Prune local model 14, pr_ratio = [0.2, 0.2, 0.2, 0.2]
Prune local model 12, pr_ratio = [0.2, 0.2, 0.2, 0.2]
Prune local model 9, pr_ratio = [0.2, 0.2, 0.2, 0.2]
Prune local model 17, pr_ratio = [0.2, 0.2, 0.2, 0.2]
Prune local model 11, pr_ratio = [0.2, 0.2, 0.2, 0.2]
Round 49 – LOCAL TPR pre-agg per client: ['0.292', '0.292', '0.518', '0.825', '0.600', '0.600', '0.600', '0.825', '0.292', '0.825', '0.292', '0.825', '0.518', '0.518', '0.292', '0.518', '0.600', '0.825', '0.518', '0.292']
Round 49 – TPR per Domain: 0:0.292, 1:0.292, 2:0.518, 3:0.825, 4:0.600, 5:0.600, 6:0.600, 7:0.825, 8:0.292, 9:0.825, 10:0.292, 11:0.825, 12:0.518, 13:0.518, 14:0.292, 15:0.518, 16:0.600, 17:0.825, 18:0.518, 19:0.292
Round: 49 Method: dapperfl Mean_Acc: 58.56 Best_Acc: 62.51
Domain_Acc: [61.61, 82.63, 50.0, 40.0] Domain_BestAcc: [65.18, 84.21, 60.34, 53.33]
Prune local model 12, pr_ratio = [0.2, 0.2, 0.2, 0.2]
Prune local model 14, pr_ratio = [0.2, 0.2, 0.2, 0.2]
Prune local model 17, pr_ratio = [0.2, 0.2, 0.2, 0.2]
Prune local model 0, pr_ratio = [0.2, 0.2, 0.2, 0.2]
Prune local model 6, pr_ratio = [0.2, 0.2, 0.2, 0.2]
Prune local model 10, pr_ratio = [0.2, 0.2, 0.2, 0.2]
Prune local model 13, pr_ratio = [0.2, 0.2, 0.2, 0.2]
Prune local model 8, pr_ratio = [0.2, 0.2, 0.2, 0.2]
Prune local model 1, pr_ratio = [0.2, 0.2, 0.2, 0.2]
Prune local model 4, pr_ratio = [0.2, 0.2, 0.2, 0.2]
Prune local model 18, pr_ratio = [0.2, 0.2, 0.2, 0.2]
Prune local model 5, pr_ratio = [0.2, 0.2, 0.2, 0.2]
Prune local model 11, pr_ratio = [0.2, 0.2, 0.2, 0.2]
Prune local model 19, pr_ratio = [0.2, 0.2, 0.2, 0.2]
Prune local model 9, pr_ratio = [0.2, 0.2, 0.2, 0.2]
Prune local model 3, pr_ratio = [0.2, 0.2, 0.2, 0.2]
Prune local model 7, pr_ratio = [0.2, 0.2, 0.2, 0.2]
Prune local model 16, pr_ratio = [0.2, 0.2, 0.2, 0.2]
Prune local model 15, pr_ratio = [0.2, 0.2, 0.2, 0.2]
Prune local model 2, pr_ratio = [0.2, 0.2, 0.2, 0.2]
Round 50 – LOCAL TPR pre-agg per client: ['0.400', '0.400', '0.613', '0.830', '0.623', '0.623', '0.623', '0.830', '0.400', '0.830', '0.400', '0.830', '0.613', '0.613', '0.400', '0.613', '0.623', '0.830', '0.613', '0.400']
Round 50 – TPR per Domain: 0:0.400, 1:0.400, 2:0.613, 3:0.830, 4:0.623, 5:0.623, 6:0.623, 7:0.830, 8:0.400, 9:0.830, 10:0.400, 11:0.830, 12:0.613, 13:0.613, 14:0.400, 15:0.613, 16:0.623, 17:0.830, 18:0.613, 19:0.400
Round: 50 Method: dapperfl Mean_Acc: 63.725 Best_Acc: 63.725
Domain_Acc: [64.73, 83.16, 60.34, 46.67] Domain_BestAcc: [65.18, 84.21, 60.34, 53.33]
Prune local model 3, pr_ratio = [0.2, 0.2, 0.2, 0.2]
Prune local model 7, pr_ratio = [0.2, 0.2, 0.2, 0.2]
Prune local model 11, pr_ratio = [0.2, 0.2, 0.2, 0.2]
Prune local model 13, pr_ratio = [0.2, 0.2, 0.2, 0.2]
Prune local model 5, pr_ratio = [0.2, 0.2, 0.2, 0.2]
Prune local model 4, pr_ratio = [0.2, 0.2, 0.2, 0.2]
Prune local model 12, pr_ratio = [0.2, 0.2, 0.2, 0.2]
Prune local model 10, pr_ratio = [0.2, 0.2, 0.2, 0.2]
Prune local model 18, pr_ratio = [0.2, 0.2, 0.2, 0.2]
Prune local model 2, pr_ratio = [0.2, 0.2, 0.2, 0.2]
Prune local model 15, pr_ratio = [0.2, 0.2, 0.2, 0.2]
Prune local model 14, pr_ratio = [0.2, 0.2, 0.2, 0.2]
Prune local model 16, pr_ratio = [0.2, 0.2, 0.2, 0.2]
Prune local model 9, pr_ratio = [0.2, 0.2, 0.2, 0.2]
Prune local model 17, pr_ratio = [0.2, 0.2, 0.2, 0.2]
Prune local model 19, pr_ratio = [0.2, 0.2, 0.2, 0.2]
Prune local model 6, pr_ratio = [0.2, 0.2, 0.2, 0.2]
Prune local model 1, pr_ratio = [0.2, 0.2, 0.2, 0.2]
Prune local model 8, pr_ratio = [0.2, 0.2, 0.2, 0.2]
Prune local model 0, pr_ratio = [0.2, 0.2, 0.2, 0.2]
Round 51 – LOCAL TPR pre-agg per client: ['0.367', '0.367', '0.560', '0.806', '0.611', '0.611', '0.611', '0.806', '0.367', '0.806', '0.367', '0.806', '0.560', '0.560', '0.367', '0.560', '0.611', '0.806', '0.560', '0.367']
Round 51 – TPR per Domain: 0:0.367, 1:0.367, 2:0.560, 3:0.806, 4:0.611, 5:0.611, 6:0.611, 7:0.806, 8:0.367, 9:0.806, 10:0.367, 11:0.806, 12:0.560, 13:0.560, 14:0.367, 15:0.560, 16:0.611, 17:0.806, 18:0.560, 19:0.367
Round: 51 Method: dapperfl Mean_Acc: 60.175 Best_Acc: 63.725
Domain_Acc: [63.39, 80.53, 53.45, 43.33] Domain_BestAcc: [65.18, 84.21, 60.34, 53.33]
Prune local model 3, pr_ratio = [0.2, 0.2, 0.2, 0.2]
Prune local model 13, pr_ratio = [0.2, 0.2, 0.2, 0.2]
Prune local model 4, pr_ratio = [0.2, 0.2, 0.2, 0.2]
Prune local model 18, pr_ratio = [0.2, 0.2, 0.2, 0.2]
Prune local model 9, pr_ratio = [0.2, 0.2, 0.2, 0.2]
Prune local model 5, pr_ratio = [0.2, 0.2, 0.2, 0.2]
Prune local model 17, pr_ratio = [0.2, 0.2, 0.2, 0.2]
Prune local model 0, pr_ratio = [0.2, 0.2, 0.2, 0.2]
Prune local model 15, pr_ratio = [0.2, 0.2, 0.2, 0.2]
Prune local model 6, pr_ratio = [0.2, 0.2, 0.2, 0.2]
Prune local model 16, pr_ratio = [0.2, 0.2, 0.2, 0.2]
Prune local model 10, pr_ratio = [0.2, 0.2, 0.2, 0.2]
Prune local model 19, pr_ratio = [0.2, 0.2, 0.2, 0.2]
Prune local model 7, pr_ratio = [0.2, 0.2, 0.2, 0.2]
Prune local model 8, pr_ratio = [0.2, 0.2, 0.2, 0.2]
Prune local model 12, pr_ratio = [0.2, 0.2, 0.2, 0.2]
Prune local model 2, pr_ratio = [0.2, 0.2, 0.2, 0.2]
Prune local model 11, pr_ratio = [0.2, 0.2, 0.2, 0.2]
Prune local model 1, pr_ratio = [0.2, 0.2, 0.2, 0.2]
Prune local model 14, pr_ratio = [0.2, 0.2, 0.2, 0.2]
Round 52 – LOCAL TPR pre-agg per client: ['0.417', '0.417', '0.583', '0.841', '0.588', '0.588', '0.588', '0.841', '0.417', '0.841', '0.417', '0.841', '0.583', '0.583', '0.417', '0.583', '0.588', '0.841', '0.583', '0.417']
Round 52 – TPR per Domain: 0:0.417, 1:0.417, 2:0.583, 3:0.841, 4:0.588, 5:0.588, 6:0.588, 7:0.841, 8:0.417, 9:0.841, 10:0.417, 11:0.841, 12:0.583, 13:0.583, 14:0.417, 15:0.583, 16:0.588, 17:0.841, 18:0.583, 19:0.417
Round: 52 Method: dapperfl Mean_Acc: 62.748 Best_Acc: 63.725
Domain_Acc: [61.61, 84.21, 55.17, 50.0] Domain_BestAcc: [65.18, 84.21, 60.34, 53.33]
Prune local model 9, pr_ratio = [0.2, 0.2, 0.2, 0.2]
Prune local model 1, pr_ratio = [0.2, 0.2, 0.2, 0.2]
Prune local model 6, pr_ratio = [0.2, 0.2, 0.2, 0.2]
Prune local model 18, pr_ratio = [0.2, 0.2, 0.2, 0.2]
Prune local model 14, pr_ratio = [0.2, 0.2, 0.2, 0.2]
Prune local model 10, pr_ratio = [0.2, 0.2, 0.2, 0.2]
Prune local model 7, pr_ratio = [0.2, 0.2, 0.2, 0.2]
Prune local model 16, pr_ratio = [0.2, 0.2, 0.2, 0.2]
Prune local model 0, pr_ratio = [0.2, 0.2, 0.2, 0.2]
Prune local model 11, pr_ratio = [0.2, 0.2, 0.2, 0.2]
Prune local model 5, pr_ratio = [0.2, 0.2, 0.2, 0.2]
Prune local model 15, pr_ratio = [0.2, 0.2, 0.2, 0.2]
Prune local model 12, pr_ratio = [0.2, 0.2, 0.2, 0.2]
Prune local model 4, pr_ratio = [0.2, 0.2, 0.2, 0.2]
Prune local model 13, pr_ratio = [0.2, 0.2, 0.2, 0.2]
Prune local model 19, pr_ratio = [0.2, 0.2, 0.2, 0.2]
Prune local model 2, pr_ratio = [0.2, 0.2, 0.2, 0.2]
Prune local model 17, pr_ratio = [0.2, 0.2, 0.2, 0.2]
Prune local model 3, pr_ratio = [0.2, 0.2, 0.2, 0.2]
Prune local model 8, pr_ratio = [0.2, 0.2, 0.2, 0.2]
Round 53 – LOCAL TPR pre-agg per client: ['0.300', '0.300', '0.626', '0.841', '0.625', '0.625', '0.625', '0.841', '0.300', '0.841', '0.300', '0.841', '0.626', '0.626', '0.300', '0.626', '0.625', '0.841', '0.626', '0.300']
Round 53 – TPR per Domain: 0:0.300, 1:0.300, 2:0.626, 3:0.841, 4:0.625, 5:0.625, 6:0.625, 7:0.841, 8:0.300, 9:0.841, 10:0.300, 11:0.841, 12:0.626, 13:0.626, 14:0.300, 15:0.626, 16:0.625, 17:0.841, 18:0.626, 19:0.300
Round: 53 Method: dapperfl Mean_Acc: 62.752 Best_Acc: 63.725
Domain_Acc: [64.73, 84.21, 62.07, 40.0] Domain_BestAcc: [65.18, 84.21, 62.07, 53.33]
Prune local model 7, pr_ratio = [0.2, 0.2, 0.2, 0.2]
Prune local model 12, pr_ratio = [0.2, 0.2, 0.2, 0.2]
Prune local model 2, pr_ratio = [0.2, 0.2, 0.2, 0.2]
Prune local model 16, pr_ratio = [0.2, 0.2, 0.2, 0.2]
Prune local model 6, pr_ratio = [0.2, 0.2, 0.2, 0.2]
Prune local model 1, pr_ratio = [0.2, 0.2, 0.2, 0.2]
Prune local model 18, pr_ratio = [0.2, 0.2, 0.2, 0.2]
Prune local model 10, pr_ratio = [0.2, 0.2, 0.2, 0.2]
Prune local model 13, pr_ratio = [0.2, 0.2, 0.2, 0.2]
Prune local model 5, pr_ratio = [0.2, 0.2, 0.2, 0.2]
Prune local model 3, pr_ratio = [0.2, 0.2, 0.2, 0.2]
Prune local model 14, pr_ratio = [0.2, 0.2, 0.2, 0.2]
Prune local model 4, pr_ratio = [0.2, 0.2, 0.2, 0.2]
Prune local model 8, pr_ratio = [0.2, 0.2, 0.2, 0.2]
Prune local model 0, pr_ratio = [0.2, 0.2, 0.2, 0.2]
Prune local model 11, pr_ratio = [0.2, 0.2, 0.2, 0.2]
Prune local model 17, pr_ratio = [0.2, 0.2, 0.2, 0.2]
Prune local model 15, pr_ratio = [0.2, 0.2, 0.2, 0.2]
Prune local model 9, pr_ratio = [0.2, 0.2, 0.2, 0.2]
Prune local model 19, pr_ratio = [0.2, 0.2, 0.2, 0.2]
Round 54 – LOCAL TPR pre-agg per client: ['0.367', '0.367', '0.604', '0.815', '0.674', '0.674', '0.674', '0.815', '0.367', '0.815', '0.367', '0.815', '0.604', '0.604', '0.367', '0.604', '0.674', '0.815', '0.604', '0.367']
Round 54 – TPR per Domain: 0:0.367, 1:0.367, 2:0.604, 3:0.815, 4:0.674, 5:0.674, 6:0.674, 7:0.815, 8:0.367, 9:0.815, 10:0.367, 11:0.815, 12:0.604, 13:0.604, 14:0.367, 15:0.604, 16:0.674, 17:0.815, 18:0.604, 19:0.367
Round: 54 Method: dapperfl Mean_Acc: 63.07 Best_Acc: 63.725
Domain_Acc: [68.75, 81.58, 58.62, 43.33] Domain_BestAcc: [68.75, 84.21, 62.07, 53.33]
Prune local model 19, pr_ratio = [0.2, 0.2, 0.2, 0.2]
Prune local model 18, pr_ratio = [0.2, 0.2, 0.2, 0.2]
Prune local model 6, pr_ratio = [0.2, 0.2, 0.2, 0.2]
Prune local model 0, pr_ratio = [0.2, 0.2, 0.2, 0.2]
Prune local model 9, pr_ratio = [0.2, 0.2, 0.2, 0.2]
Prune local model 11, pr_ratio = [0.2, 0.2, 0.2, 0.2]
Prune local model 3, pr_ratio = [0.2, 0.2, 0.2, 0.2]
Prune local model 2, pr_ratio = [0.2, 0.2, 0.2, 0.2]
Prune local model 14, pr_ratio = [0.2, 0.2, 0.2, 0.2]
Prune local model 1, pr_ratio = [0.2, 0.2, 0.2, 0.2]
Prune local model 12, pr_ratio = [0.2, 0.2, 0.2, 0.2]
Prune local model 17, pr_ratio = [0.2, 0.2, 0.2, 0.2]
Prune local model 7, pr_ratio = [0.2, 0.2, 0.2, 0.2]
Prune local model 10, pr_ratio = [0.2, 0.2, 0.2, 0.2]
Prune local model 13, pr_ratio = [0.2, 0.2, 0.2, 0.2]
Prune local model 8, pr_ratio = [0.2, 0.2, 0.2, 0.2]
Prune local model 16, pr_ratio = [0.2, 0.2, 0.2, 0.2]
Prune local model 15, pr_ratio = [0.2, 0.2, 0.2, 0.2]
Prune local model 5, pr_ratio = [0.2, 0.2, 0.2, 0.2]
Prune local model 4, pr_ratio = [0.2, 0.2, 0.2, 0.2]
Round 55 – LOCAL TPR pre-agg per client: ['0.300', '0.300', '0.626', '0.810', '0.634', '0.634', '0.634', '0.810', '0.300', '0.810', '0.300', '0.810', '0.626', '0.626', '0.300', '0.626', '0.634', '0.810', '0.626', '0.300']
Round 55 – TPR per Domain: 0:0.300, 1:0.300, 2:0.626, 3:0.810, 4:0.634, 5:0.634, 6:0.634, 7:0.810, 8:0.300, 9:0.810, 10:0.300, 11:0.810, 12:0.626, 13:0.626, 14:0.300, 15:0.626, 16:0.634, 17:0.810, 18:0.626, 19:0.300
Round: 55 Method: dapperfl Mean_Acc: 62.298 Best_Acc: 63.725
Domain_Acc: [66.07, 81.05, 62.07, 40.0] Domain_BestAcc: [68.75, 84.21, 62.07, 53.33]
Prune local model 11, pr_ratio = [0.2, 0.2, 0.2, 0.2]
Prune local model 14, pr_ratio = [0.2, 0.2, 0.2, 0.2]
Prune local model 10, pr_ratio = [0.2, 0.2, 0.2, 0.2]
Prune local model 1, pr_ratio = [0.2, 0.2, 0.2, 0.2]
Prune local model 3, pr_ratio = [0.2, 0.2, 0.2, 0.2]
Prune local model 19, pr_ratio = [0.2, 0.2, 0.2, 0.2]
Prune local model 9, pr_ratio = [0.2, 0.2, 0.2, 0.2]
Prune local model 12, pr_ratio = [0.2, 0.2, 0.2, 0.2]
Prune local model 6, pr_ratio = [0.2, 0.2, 0.2, 0.2]
Prune local model 17, pr_ratio = [0.2, 0.2, 0.2, 0.2]
Prune local model 18, pr_ratio = [0.2, 0.2, 0.2, 0.2]
Prune local model 8, pr_ratio = [0.2, 0.2, 0.2, 0.2]
Prune local model 13, pr_ratio = [0.2, 0.2, 0.2, 0.2]
Prune local model 16, pr_ratio = [0.2, 0.2, 0.2, 0.2]
Prune local model 4, pr_ratio = [0.2, 0.2, 0.2, 0.2]
Prune local model 0, pr_ratio = [0.2, 0.2, 0.2, 0.2]
Prune local model 15, pr_ratio = [0.2, 0.2, 0.2, 0.2]
Prune local model 7, pr_ratio = [0.2, 0.2, 0.2, 0.2]
Prune local model 2, pr_ratio = [0.2, 0.2, 0.2, 0.2]
Prune local model 5, pr_ratio = [0.2, 0.2, 0.2, 0.2]
Round 56 – LOCAL TPR pre-agg per client: ['0.392', '0.392', '0.621', '0.830', '0.637', '0.637', '0.637', '0.830', '0.392', '0.830', '0.392', '0.830', '0.621', '0.621', '0.392', '0.621', '0.637', '0.830', '0.621', '0.392']
Round 56 – TPR per Domain: 0:0.392, 1:0.392, 2:0.621, 3:0.830, 4:0.637, 5:0.637, 6:0.637, 7:0.830, 8:0.392, 9:0.830, 10:0.392, 11:0.830, 12:0.621, 13:0.621, 14:0.392, 15:0.621, 16:0.637, 17:0.830, 18:0.621, 19:0.392
Round: 56 Method: dapperfl Mean_Acc: 62.683 Best_Acc: 63.725
Domain_Acc: [65.62, 83.16, 58.62, 43.33] Domain_BestAcc: [68.75, 84.21, 62.07, 53.33]
Prune local model 2, pr_ratio = [0.2, 0.2, 0.2, 0.2]
Prune local model 19, pr_ratio = [0.2, 0.2, 0.2, 0.2]
Prune local model 16, pr_ratio = [0.2, 0.2, 0.2, 0.2]
Prune local model 8, pr_ratio = [0.2, 0.2, 0.2, 0.2]
Prune local model 4, pr_ratio = [0.2, 0.2, 0.2, 0.2]
Prune local model 1, pr_ratio = [0.2, 0.2, 0.2, 0.2]
Prune local model 6, pr_ratio = [0.2, 0.2, 0.2, 0.2]
Prune local model 17, pr_ratio = [0.2, 0.2, 0.2, 0.2]
Prune local model 11, pr_ratio = [0.2, 0.2, 0.2, 0.2]
Prune local model 10, pr_ratio = [0.2, 0.2, 0.2, 0.2]
Prune local model 18, pr_ratio = [0.2, 0.2, 0.2, 0.2]
Prune local model 3, pr_ratio = [0.2, 0.2, 0.2, 0.2]
Prune local model 7, pr_ratio = [0.2, 0.2, 0.2, 0.2]
Prune local model 5, pr_ratio = [0.2, 0.2, 0.2, 0.2]
Prune local model 0, pr_ratio = [0.2, 0.2, 0.2, 0.2]
Prune local model 9, pr_ratio = [0.2, 0.2, 0.2, 0.2]
Prune local model 14, pr_ratio = [0.2, 0.2, 0.2, 0.2]
Prune local model 13, pr_ratio = [0.2, 0.2, 0.2, 0.2]
Prune local model 15, pr_ratio = [0.2, 0.2, 0.2, 0.2]
Prune local model 12, pr_ratio = [0.2, 0.2, 0.2, 0.2]
Round 57 – LOCAL TPR pre-agg per client: ['0.375', '0.375', '0.638', '0.811', '0.617', '0.617', '0.617', '0.811', '0.375', '0.811', '0.375', '0.811', '0.638', '0.638', '0.375', '0.638', '0.617', '0.811', '0.638', '0.375']
Round 57 – TPR per Domain: 0:0.375, 1:0.375, 2:0.638, 3:0.811, 4:0.617, 5:0.617, 6:0.617, 7:0.811, 8:0.375, 9:0.811, 10:0.375, 11:0.811, 12:0.638, 13:0.638, 14:0.375, 15:0.638, 16:0.617, 17:0.811, 18:0.638, 19:0.375
Round: 57 Method: dapperfl Mean_Acc: 62.685 Best_Acc: 63.725
Domain_Acc: [64.29, 81.05, 62.07, 43.33] Domain_BestAcc: [68.75, 84.21, 62.07, 53.33]
Prune local model 6, pr_ratio = [0.2, 0.2, 0.2, 0.2]
Prune local model 3, pr_ratio = [0.2, 0.2, 0.2, 0.2]
Prune local model 19, pr_ratio = [0.2, 0.2, 0.2, 0.2]
Prune local model 7, pr_ratio = [0.2, 0.2, 0.2, 0.2]
Prune local model 9, pr_ratio = [0.2, 0.2, 0.2, 0.2]
Prune local model 16, pr_ratio = [0.2, 0.2, 0.2, 0.2]
Prune local model 17, pr_ratio = [0.2, 0.2, 0.2, 0.2]
Prune local model 15, pr_ratio = [0.2, 0.2, 0.2, 0.2]
Prune local model 4, pr_ratio = [0.2, 0.2, 0.2, 0.2]
Prune local model 1, pr_ratio = [0.2, 0.2, 0.2, 0.2]
Prune local model 14, pr_ratio = [0.2, 0.2, 0.2, 0.2]
Prune local model 2, pr_ratio = [0.2, 0.2, 0.2, 0.2]
Prune local model 12, pr_ratio = [0.2, 0.2, 0.2, 0.2]
Prune local model 5, pr_ratio = [0.2, 0.2, 0.2, 0.2]
Prune local model 18, pr_ratio = [0.2, 0.2, 0.2, 0.2]
Prune local model 10, pr_ratio = [0.2, 0.2, 0.2, 0.2]
Prune local model 13, pr_ratio = [0.2, 0.2, 0.2, 0.2]
Prune local model 11, pr_ratio = [0.2, 0.2, 0.2, 0.2]
Prune local model 8, pr_ratio = [0.2, 0.2, 0.2, 0.2]
Prune local model 0, pr_ratio = [0.2, 0.2, 0.2, 0.2]
Round 58 – LOCAL TPR pre-agg per client: ['0.375', '0.375', '0.622', '0.832', '0.647', '0.647', '0.647', '0.832', '0.375', '0.832', '0.375', '0.832', '0.622', '0.622', '0.375', '0.622', '0.647', '0.832', '0.622', '0.375']
Round 58 – TPR per Domain: 0:0.375, 1:0.375, 2:0.622, 3:0.832, 4:0.647, 5:0.647, 6:0.647, 7:0.832, 8:0.375, 9:0.832, 10:0.375, 11:0.832, 12:0.622, 13:0.622, 14:0.375, 15:0.622, 16:0.647, 17:0.832, 18:0.622, 19:0.375
Round: 58 Method: dapperfl Mean_Acc: 63.88 Best_Acc: 63.88
Domain_Acc: [66.96, 83.16, 62.07, 43.33] Domain_BestAcc: [68.75, 84.21, 62.07, 53.33]
Prune local model 8, pr_ratio = [0.2, 0.2, 0.2, 0.2]
Prune local model 3, pr_ratio = [0.2, 0.2, 0.2, 0.2]
Prune local model 18, pr_ratio = [0.2, 0.2, 0.2, 0.2]
Prune local model 12, pr_ratio = [0.2, 0.2, 0.2, 0.2]
Prune local model 4, pr_ratio = [0.2, 0.2, 0.2, 0.2]
Prune local model 0, pr_ratio = [0.2, 0.2, 0.2, 0.2]
Prune local model 7, pr_ratio = [0.2, 0.2, 0.2, 0.2]
Prune local model 1, pr_ratio = [0.2, 0.2, 0.2, 0.2]
Prune local model 13, pr_ratio = [0.2, 0.2, 0.2, 0.2]
Prune local model 5, pr_ratio = [0.2, 0.2, 0.2, 0.2]
Prune local model 9, pr_ratio = [0.2, 0.2, 0.2, 0.2]
Prune local model 17, pr_ratio = [0.2, 0.2, 0.2, 0.2]
Prune local model 2, pr_ratio = [0.2, 0.2, 0.2, 0.2]
Prune local model 14, pr_ratio = [0.2, 0.2, 0.2, 0.2]
Prune local model 6, pr_ratio = [0.2, 0.2, 0.2, 0.2]
Prune local model 11, pr_ratio = [0.2, 0.2, 0.2, 0.2]
Prune local model 10, pr_ratio = [0.2, 0.2, 0.2, 0.2]
Prune local model 16, pr_ratio = [0.2, 0.2, 0.2, 0.2]
Prune local model 19, pr_ratio = [0.2, 0.2, 0.2, 0.2]
Prune local model 15, pr_ratio = [0.2, 0.2, 0.2, 0.2]
Round 59 – LOCAL TPR pre-agg per client: ['0.292', '0.292', '0.473', '0.831', '0.640', '0.640', '0.640', '0.831', '0.292', '0.831', '0.292', '0.831', '0.473', '0.473', '0.292', '0.473', '0.640', '0.831', '0.473', '0.292']
Round 59 – TPR per Domain: 0:0.292, 1:0.292, 2:0.473, 3:0.831, 4:0.640, 5:0.640, 6:0.640, 7:0.831, 8:0.292, 9:0.831, 10:0.292, 11:0.831, 12:0.473, 13:0.473, 14:0.292, 15:0.473, 16:0.640, 17:0.831, 18:0.473, 19:0.292
Round: 59 Method: dapperfl Mean_Acc: 58.293 Best_Acc: 63.88
Domain_Acc: [65.18, 83.16, 44.83, 40.0] Domain_BestAcc: [68.75, 84.21, 62.07, 53.33]
Prune local model 12, pr_ratio = [0.2, 0.2, 0.2, 0.2]
Prune local model 16, pr_ratio = [0.2, 0.2, 0.2, 0.2]
Prune local model 14, pr_ratio = [0.2, 0.2, 0.2, 0.2]
Prune local model 8, pr_ratio = [0.2, 0.2, 0.2, 0.2]
Prune local model 10, pr_ratio = [0.2, 0.2, 0.2, 0.2]
Prune local model 13, pr_ratio = [0.2, 0.2, 0.2, 0.2]
Prune local model 4, pr_ratio = [0.2, 0.2, 0.2, 0.2]
Prune local model 9, pr_ratio = [0.2, 0.2, 0.2, 0.2]
Prune local model 19, pr_ratio = [0.2, 0.2, 0.2, 0.2]
Prune local model 7, pr_ratio = [0.2, 0.2, 0.2, 0.2]
Prune local model 3, pr_ratio = [0.2, 0.2, 0.2, 0.2]
Prune local model 6, pr_ratio = [0.2, 0.2, 0.2, 0.2]
Prune local model 17, pr_ratio = [0.2, 0.2, 0.2, 0.2]
Prune local model 1, pr_ratio = [0.2, 0.2, 0.2, 0.2]
Prune local model 18, pr_ratio = [0.2, 0.2, 0.2, 0.2]
Prune local model 0, pr_ratio = [0.2, 0.2, 0.2, 0.2]
Prune local model 15, pr_ratio = [0.2, 0.2, 0.2, 0.2]
Prune local model 11, pr_ratio = [0.2, 0.2, 0.2, 0.2]
Prune local model 5, pr_ratio = [0.2, 0.2, 0.2, 0.2]
Prune local model 2, pr_ratio = [0.2, 0.2, 0.2, 0.2]
Round 60 – LOCAL TPR pre-agg per client: ['0.392', '0.392', '0.576', '0.791', '0.627', '0.627', '0.627', '0.791', '0.392', '0.791', '0.392', '0.791', '0.576', '0.576', '0.392', '0.576', '0.627', '0.791', '0.576', '0.392']
Round 60 – TPR per Domain: 0:0.392, 1:0.392, 2:0.576, 3:0.791, 4:0.627, 5:0.627, 6:0.627, 7:0.791, 8:0.392, 9:0.791, 10:0.392, 11:0.791, 12:0.576, 13:0.576, 14:0.392, 15:0.576, 16:0.627, 17:0.791, 18:0.576, 19:0.392
Round: 60 Method: dapperfl Mean_Acc: 61.493 Best_Acc: 63.88
Domain_Acc: [65.18, 78.95, 55.17, 46.67] Domain_BestAcc: [68.75, 84.21, 62.07, 53.33]
Prune local model 9, pr_ratio = [0.2, 0.2, 0.2, 0.2]
Prune local model 6, pr_ratio = [0.2, 0.2, 0.2, 0.2]
Prune local model 17, pr_ratio = [0.2, 0.2, 0.2, 0.2]
Prune local model 16, pr_ratio = [0.2, 0.2, 0.2, 0.2]
Prune local model 4, pr_ratio = [0.2, 0.2, 0.2, 0.2]
Prune local model 0, pr_ratio = [0.2, 0.2, 0.2, 0.2]
Prune local model 13, pr_ratio = [0.2, 0.2, 0.2, 0.2]
Prune local model 1, pr_ratio = [0.2, 0.2, 0.2, 0.2]
Prune local model 11, pr_ratio = [0.2, 0.2, 0.2, 0.2]
Prune local model 2, pr_ratio = [0.2, 0.2, 0.2, 0.2]
Prune local model 19, pr_ratio = [0.2, 0.2, 0.2, 0.2]
Prune local model 3, pr_ratio = [0.2, 0.2, 0.2, 0.2]
Prune local model 10, pr_ratio = [0.2, 0.2, 0.2, 0.2]
Prune local model 7, pr_ratio = [0.2, 0.2, 0.2, 0.2]
Prune local model 18, pr_ratio = [0.2, 0.2, 0.2, 0.2]
Prune local model 8, pr_ratio = [0.2, 0.2, 0.2, 0.2]
Prune local model 5, pr_ratio = [0.2, 0.2, 0.2, 0.2]
Prune local model 14, pr_ratio = [0.2, 0.2, 0.2, 0.2]
Prune local model 15, pr_ratio = [0.2, 0.2, 0.2, 0.2]
Prune local model 12, pr_ratio = [0.2, 0.2, 0.2, 0.2]
Round 61 – LOCAL TPR pre-agg per client: ['0.342', '0.342', '0.561', '0.831', '0.642', '0.642', '0.642', '0.831', '0.342', '0.831', '0.342', '0.831', '0.561', '0.561', '0.342', '0.561', '0.642', '0.831', '0.561', '0.342']
Round 61 – TPR per Domain: 0:0.342, 1:0.342, 2:0.561, 3:0.831, 4:0.642, 5:0.642, 6:0.642, 7:0.831, 8:0.342, 9:0.831, 10:0.342, 11:0.831, 12:0.561, 13:0.561, 14:0.342, 15:0.561, 16:0.642, 17:0.831, 18:0.561, 19:0.342
Round: 61 Method: dapperfl Mean_Acc: 61.82 Best_Acc: 63.88
Domain_Acc: [65.62, 83.16, 55.17, 43.33] Domain_BestAcc: [68.75, 84.21, 62.07, 53.33]
Prune local model 19, pr_ratio = [0.2, 0.2, 0.2, 0.2]
Prune local model 18, pr_ratio = [0.2, 0.2, 0.2, 0.2]
Prune local model 4, pr_ratio = [0.2, 0.2, 0.2, 0.2]
Prune local model 11, pr_ratio = [0.2, 0.2, 0.2, 0.2]
Prune local model 14, pr_ratio = [0.2, 0.2, 0.2, 0.2]
Prune local model 0, pr_ratio = [0.2, 0.2, 0.2, 0.2]
Prune local model 15, pr_ratio = [0.2, 0.2, 0.2, 0.2]
Prune local model 10, pr_ratio = [0.2, 0.2, 0.2, 0.2]
Prune local model 5, pr_ratio = [0.2, 0.2, 0.2, 0.2]
Prune local model 1, pr_ratio = [0.2, 0.2, 0.2, 0.2]
Prune local model 6, pr_ratio = [0.2, 0.2, 0.2, 0.2]
Prune local model 2, pr_ratio = [0.2, 0.2, 0.2, 0.2]
Prune local model 3, pr_ratio = [0.2, 0.2, 0.2, 0.2]
Prune local model 16, pr_ratio = [0.2, 0.2, 0.2, 0.2]
Prune local model 7, pr_ratio = [0.2, 0.2, 0.2, 0.2]
Prune local model 13, pr_ratio = [0.2, 0.2, 0.2, 0.2]
Prune local model 17, pr_ratio = [0.2, 0.2, 0.2, 0.2]
Prune local model 9, pr_ratio = [0.2, 0.2, 0.2, 0.2]
Prune local model 8, pr_ratio = [0.2, 0.2, 0.2, 0.2]
Prune local model 12, pr_ratio = [0.2, 0.2, 0.2, 0.2]
Round 62 – LOCAL TPR pre-agg per client: ['0.417', '0.417', '0.568', '0.830', '0.640', '0.640', '0.640', '0.830', '0.417', '0.830', '0.417', '0.830', '0.568', '0.568', '0.417', '0.568', '0.640', '0.830', '0.568', '0.417']
Round 62 – TPR per Domain: 0:0.417, 1:0.417, 2:0.568, 3:0.830, 4:0.640, 5:0.640, 6:0.640, 7:0.830, 8:0.417, 9:0.830, 10:0.417, 11:0.830, 12:0.568, 13:0.568, 14:0.417, 15:0.568, 16:0.640, 17:0.830, 18:0.568, 19:0.417
Round: 62 Method: dapperfl Mean_Acc: 63.6 Best_Acc: 63.88
Domain_Acc: [66.07, 83.16, 55.17, 50.0] Domain_BestAcc: [68.75, 84.21, 62.07, 53.33]
Prune local model 0, pr_ratio = [0.2, 0.2, 0.2, 0.2]
Prune local model 7, pr_ratio = [0.2, 0.2, 0.2, 0.2]
Prune local model 17, pr_ratio = [0.2, 0.2, 0.2, 0.2]
Prune local model 4, pr_ratio = [0.2, 0.2, 0.2, 0.2]
Prune local model 13, pr_ratio = [0.2, 0.2, 0.2, 0.2]
Prune local model 15, pr_ratio = [0.2, 0.2, 0.2, 0.2]
Prune local model 12, pr_ratio = [0.2, 0.2, 0.2, 0.2]
Prune local model 3, pr_ratio = [0.2, 0.2, 0.2, 0.2]
Prune local model 10, pr_ratio = [0.2, 0.2, 0.2, 0.2]
Prune local model 11, pr_ratio = [0.2, 0.2, 0.2, 0.2]
Prune local model 19, pr_ratio = [0.2, 0.2, 0.2, 0.2]
Prune local model 8, pr_ratio = [0.2, 0.2, 0.2, 0.2]
Prune local model 18, pr_ratio = [0.2, 0.2, 0.2, 0.2]
Prune local model 1, pr_ratio = [0.2, 0.2, 0.2, 0.2]
Prune local model 5, pr_ratio = [0.2, 0.2, 0.2, 0.2]
Prune local model 16, pr_ratio = [0.2, 0.2, 0.2, 0.2]
Prune local model 6, pr_ratio = [0.2, 0.2, 0.2, 0.2]
Prune local model 14, pr_ratio = [0.2, 0.2, 0.2, 0.2]
Prune local model 9, pr_ratio = [0.2, 0.2, 0.2, 0.2]
Prune local model 2, pr_ratio = [0.2, 0.2, 0.2, 0.2]
Round 63 – LOCAL TPR pre-agg per client: ['0.300', '0.300', '0.531', '0.821', '0.628', '0.628', '0.628', '0.821', '0.300', '0.821', '0.300', '0.821', '0.531', '0.531', '0.300', '0.531', '0.628', '0.821', '0.531', '0.300']
Round 63 – TPR per Domain: 0:0.300, 1:0.300, 2:0.531, 3:0.821, 4:0.628, 5:0.628, 6:0.628, 7:0.821, 8:0.300, 9:0.821, 10:0.300, 11:0.821, 12:0.531, 13:0.531, 14:0.300, 15:0.531, 16:0.628, 17:0.821, 18:0.531, 19:0.300
Round: 63 Method: dapperfl Mean_Acc: 58.698 Best_Acc: 63.88
Domain_Acc: [64.29, 82.11, 51.72, 36.67] Domain_BestAcc: [68.75, 84.21, 62.07, 53.33]
Prune local model 4, pr_ratio = [0.2, 0.2, 0.2, 0.2]
Prune local model 12, pr_ratio = [0.2, 0.2, 0.2, 0.2]
Prune local model 5, pr_ratio = [0.2, 0.2, 0.2, 0.2]
Prune local model 7, pr_ratio = [0.2, 0.2, 0.2, 0.2]
Prune local model 6, pr_ratio = [0.2, 0.2, 0.2, 0.2]
Prune local model 1, pr_ratio = [0.2, 0.2, 0.2, 0.2]
Prune local model 0, pr_ratio = [0.2, 0.2, 0.2, 0.2]
Prune local model 2, pr_ratio = [0.2, 0.2, 0.2, 0.2]
Prune local model 9, pr_ratio = [0.2, 0.2, 0.2, 0.2]
Prune local model 17, pr_ratio = [0.2, 0.2, 0.2, 0.2]
Prune local model 10, pr_ratio = [0.2, 0.2, 0.2, 0.2]
Prune local model 15, pr_ratio = [0.2, 0.2, 0.2, 0.2]
Prune local model 8, pr_ratio = [0.2, 0.2, 0.2, 0.2]
Prune local model 18, pr_ratio = [0.2, 0.2, 0.2, 0.2]
Prune local model 13, pr_ratio = [0.2, 0.2, 0.2, 0.2]
Prune local model 19, pr_ratio = [0.2, 0.2, 0.2, 0.2]
Prune local model 11, pr_ratio = [0.2, 0.2, 0.2, 0.2]
Prune local model 16, pr_ratio = [0.2, 0.2, 0.2, 0.2]
Prune local model 14, pr_ratio = [0.2, 0.2, 0.2, 0.2]
Prune local model 3, pr_ratio = [0.2, 0.2, 0.2, 0.2]
Round 64 – LOCAL TPR pre-agg per client: ['0.325', '0.325', '0.659', '0.816', '0.665', '0.665', '0.665', '0.816', '0.325', '0.816', '0.325', '0.816', '0.659', '0.659', '0.325', '0.659', '0.665', '0.816', '0.659', '0.325']
Round 64 – TPR per Domain: 0:0.325, 1:0.325, 2:0.659, 3:0.816, 4:0.665, 5:0.665, 6:0.665, 7:0.816, 8:0.325, 9:0.816, 10:0.325, 11:0.816, 12:0.659, 13:0.659, 14:0.325, 15:0.659, 16:0.665, 17:0.816, 18:0.659, 19:0.325
Round: 64 Method: dapperfl Mean_Acc: 63.53 Best_Acc: 63.88
Domain_Acc: [68.75, 81.58, 63.79, 40.0] Domain_BestAcc: [68.75, 84.21, 63.79, 53.33]
Prune local model 5, pr_ratio = [0.2, 0.2, 0.2, 0.2]
Prune local model 2, pr_ratio = [0.2, 0.2, 0.2, 0.2]
Prune local model 8, pr_ratio = [0.2, 0.2, 0.2, 0.2]
Prune local model 13, pr_ratio = [0.2, 0.2, 0.2, 0.2]
Prune local model 16, pr_ratio = [0.2, 0.2, 0.2, 0.2]
Prune local model 7, pr_ratio = [0.2, 0.2, 0.2, 0.2]
Prune local model 15, pr_ratio = [0.2, 0.2, 0.2, 0.2]
Prune local model 10, pr_ratio = [0.2, 0.2, 0.2, 0.2]
Prune local model 11, pr_ratio = [0.2, 0.2, 0.2, 0.2]
Prune local model 9, pr_ratio = [0.2, 0.2, 0.2, 0.2]
Prune local model 3, pr_ratio = [0.2, 0.2, 0.2, 0.2]
Prune local model 0, pr_ratio = [0.2, 0.2, 0.2, 0.2]
Prune local model 1, pr_ratio = [0.2, 0.2, 0.2, 0.2]
Prune local model 12, pr_ratio = [0.2, 0.2, 0.2, 0.2]
Prune local model 4, pr_ratio = [0.2, 0.2, 0.2, 0.2]
Prune local model 17, pr_ratio = [0.2, 0.2, 0.2, 0.2]
Prune local model 18, pr_ratio = [0.2, 0.2, 0.2, 0.2]
Prune local model 14, pr_ratio = [0.2, 0.2, 0.2, 0.2]
Prune local model 6, pr_ratio = [0.2, 0.2, 0.2, 0.2]
Prune local model 19, pr_ratio = [0.2, 0.2, 0.2, 0.2]
Round 65 – LOCAL TPR pre-agg per client: ['0.400', '0.400', '0.609', '0.846', '0.647', '0.647', '0.647', '0.846', '0.400', '0.846', '0.400', '0.846', '0.609', '0.609', '0.400', '0.609', '0.647', '0.846', '0.609', '0.400']
Round 65 – TPR per Domain: 0:0.400, 1:0.400, 2:0.609, 3:0.846, 4:0.647, 5:0.647, 6:0.647, 7:0.846, 8:0.400, 9:0.846, 10:0.400, 11:0.846, 12:0.609, 13:0.609, 14:0.400, 15:0.609, 16:0.647, 17:0.846, 18:0.609, 19:0.400
Round: 65 Method: dapperfl Mean_Acc: 63.732 Best_Acc: 63.88
Domain_Acc: [66.52, 84.74, 60.34, 43.33] Domain_BestAcc: [68.75, 84.74, 63.79, 53.33]
Prune local model 17, pr_ratio = [0.2, 0.2, 0.2, 0.2]
Prune local model 9, pr_ratio = [0.2, 0.2, 0.2, 0.2]
Prune local model 4, pr_ratio = [0.2, 0.2, 0.2, 0.2]
Prune local model 14, pr_ratio = [0.2, 0.2, 0.2, 0.2]
Prune local model 15, pr_ratio = [0.2, 0.2, 0.2, 0.2]
Prune local model 6, pr_ratio = [0.2, 0.2, 0.2, 0.2]
Prune local model 13, pr_ratio = [0.2, 0.2, 0.2, 0.2]
Prune local model 2, pr_ratio = [0.2, 0.2, 0.2, 0.2]
Prune local model 0, pr_ratio = [0.2, 0.2, 0.2, 0.2]
Prune local model 7, pr_ratio = [0.2, 0.2, 0.2, 0.2]
Prune local model 19, pr_ratio = [0.2, 0.2, 0.2, 0.2]
Prune local model 1, pr_ratio = [0.2, 0.2, 0.2, 0.2]
Prune local model 3, pr_ratio = [0.2, 0.2, 0.2, 0.2]
Prune local model 5, pr_ratio = [0.2, 0.2, 0.2, 0.2]
Prune local model 16, pr_ratio = [0.2, 0.2, 0.2, 0.2]
Prune local model 18, pr_ratio = [0.2, 0.2, 0.2, 0.2]
Prune local model 12, pr_ratio = [0.2, 0.2, 0.2, 0.2]
Prune local model 10, pr_ratio = [0.2, 0.2, 0.2, 0.2]
Prune local model 8, pr_ratio = [0.2, 0.2, 0.2, 0.2]
Prune local model 11, pr_ratio = [0.2, 0.2, 0.2, 0.2]
Round 66 – LOCAL TPR pre-agg per client: ['0.342', '0.342', '0.614', '0.856', '0.645', '0.645', '0.645', '0.856', '0.342', '0.856', '0.342', '0.856', '0.614', '0.614', '0.342', '0.614', '0.645', '0.856', '0.614', '0.342']
Round 66 – TPR per Domain: 0:0.342, 1:0.342, 2:0.614, 3:0.856, 4:0.645, 5:0.645, 6:0.645, 7:0.856, 8:0.342, 9:0.856, 10:0.342, 11:0.856, 12:0.614, 13:0.614, 14:0.342, 15:0.614, 16:0.645, 17:0.856, 18:0.614, 19:0.342
Round: 66 Method: dapperfl Mean_Acc: 62.732 Best_Acc: 63.88
Domain_Acc: [66.52, 85.79, 58.62, 40.0] Domain_BestAcc: [68.75, 85.79, 63.79, 53.33]
Prune local model 19, pr_ratio = [0.2, 0.2, 0.2, 0.2]
Prune local model 0, pr_ratio = [0.2, 0.2, 0.2, 0.2]
Prune local model 12, pr_ratio = [0.2, 0.2, 0.2, 0.2]
Prune local model 13, pr_ratio = [0.2, 0.2, 0.2, 0.2]
Prune local model 15, pr_ratio = [0.2, 0.2, 0.2, 0.2]
Prune local model 14, pr_ratio = [0.2, 0.2, 0.2, 0.2]
Prune local model 1, pr_ratio = [0.2, 0.2, 0.2, 0.2]
Prune local model 4, pr_ratio = [0.2, 0.2, 0.2, 0.2]
Prune local model 2, pr_ratio = [0.2, 0.2, 0.2, 0.2]
Prune local model 7, pr_ratio = [0.2, 0.2, 0.2, 0.2]
Prune local model 9, pr_ratio = [0.2, 0.2, 0.2, 0.2]
Prune local model 10, pr_ratio = [0.2, 0.2, 0.2, 0.2]
Prune local model 18, pr_ratio = [0.2, 0.2, 0.2, 0.2]
Prune local model 6, pr_ratio = [0.2, 0.2, 0.2, 0.2]
Prune local model 5, pr_ratio = [0.2, 0.2, 0.2, 0.2]
Prune local model 11, pr_ratio = [0.2, 0.2, 0.2, 0.2]
Prune local model 8, pr_ratio = [0.2, 0.2, 0.2, 0.2]
Prune local model 16, pr_ratio = [0.2, 0.2, 0.2, 0.2]
Prune local model 3, pr_ratio = [0.2, 0.2, 0.2, 0.2]
Prune local model 17, pr_ratio = [0.2, 0.2, 0.2, 0.2]
Round 67 – LOCAL TPR pre-agg per client: ['0.425', '0.425', '0.559', '0.856', '0.668', '0.668', '0.668', '0.856', '0.425', '0.856', '0.425', '0.856', '0.559', '0.559', '0.425', '0.559', '0.668', '0.856', '0.559', '0.425']
Round 67 – TPR per Domain: 0:0.425, 1:0.425, 2:0.559, 3:0.856, 4:0.668, 5:0.668, 6:0.668, 7:0.856, 8:0.425, 9:0.856, 10:0.425, 11:0.856, 12:0.559, 13:0.559, 14:0.425, 15:0.559, 16:0.668, 17:0.856, 18:0.559, 19:0.425
Round: 67 Method: dapperfl Mean_Acc: 63.982 Best_Acc: 63.982
Domain_Acc: [68.3, 85.79, 55.17, 46.67] Domain_BestAcc: [68.75, 85.79, 63.79, 53.33]
Prune local model 12, pr_ratio = [0.2, 0.2, 0.2, 0.2]
Prune local model 0, pr_ratio = [0.2, 0.2, 0.2, 0.2]
Prune local model 3, pr_ratio = [0.2, 0.2, 0.2, 0.2]
Prune local model 18, pr_ratio = [0.2, 0.2, 0.2, 0.2]
Prune local model 6, pr_ratio = [0.2, 0.2, 0.2, 0.2]
Prune local model 15, pr_ratio = [0.2, 0.2, 0.2, 0.2]
Prune local model 1, pr_ratio = [0.2, 0.2, 0.2, 0.2]
Prune local model 17, pr_ratio = [0.2, 0.2, 0.2, 0.2]
Prune local model 5, pr_ratio = [0.2, 0.2, 0.2, 0.2]
Prune local model 14, pr_ratio = [0.2, 0.2, 0.2, 0.2]
Prune local model 8, pr_ratio = [0.2, 0.2, 0.2, 0.2]
Prune local model 2, pr_ratio = [0.2, 0.2, 0.2, 0.2]
Prune local model 10, pr_ratio = [0.2, 0.2, 0.2, 0.2]
Prune local model 9, pr_ratio = [0.2, 0.2, 0.2, 0.2]
Prune local model 13, pr_ratio = [0.2, 0.2, 0.2, 0.2]
Prune local model 19, pr_ratio = [0.2, 0.2, 0.2, 0.2]
Prune local model 11, pr_ratio = [0.2, 0.2, 0.2, 0.2]
Prune local model 7, pr_ratio = [0.2, 0.2, 0.2, 0.2]
Prune local model 4, pr_ratio = [0.2, 0.2, 0.2, 0.2]
Prune local model 16, pr_ratio = [0.2, 0.2, 0.2, 0.2]
Round 68 – LOCAL TPR pre-agg per client: ['0.275', '0.275', '0.623', '0.811', '0.664', '0.664', '0.664', '0.811', '0.275', '0.811', '0.275', '0.811', '0.623', '0.623', '0.275', '0.623', '0.664', '0.811', '0.623', '0.275']
Round 68 – TPR per Domain: 0:0.275, 1:0.275, 2:0.623, 3:0.811, 4:0.664, 5:0.664, 6:0.664, 7:0.811, 8:0.275, 9:0.811, 10:0.275, 11:0.811, 12:0.623, 13:0.623, 14:0.275, 15:0.623, 16:0.664, 17:0.811, 18:0.623, 19:0.275
Round: 68 Method: dapperfl Mean_Acc: 62.135 Best_Acc: 63.982
Domain_Acc: [68.75, 81.05, 62.07, 36.67] Domain_BestAcc: [68.75, 85.79, 63.79, 53.33]
Prune local model 6, pr_ratio = [0.2, 0.2, 0.2, 0.2]
Prune local model 16, pr_ratio = [0.2, 0.2, 0.2, 0.2]
Prune local model 0, pr_ratio = [0.2, 0.2, 0.2, 0.2]
Prune local model 18, pr_ratio = [0.2, 0.2, 0.2, 0.2]
Prune local model 19, pr_ratio = [0.2, 0.2, 0.2, 0.2]
Prune local model 2, pr_ratio = [0.2, 0.2, 0.2, 0.2]
Prune local model 3, pr_ratio = [0.2, 0.2, 0.2, 0.2]
Prune local model 7, pr_ratio = [0.2, 0.2, 0.2, 0.2]
Prune local model 15, pr_ratio = [0.2, 0.2, 0.2, 0.2]
Prune local model 5, pr_ratio = [0.2, 0.2, 0.2, 0.2]
Prune local model 1, pr_ratio = [0.2, 0.2, 0.2, 0.2]
Prune local model 8, pr_ratio = [0.2, 0.2, 0.2, 0.2]
Prune local model 13, pr_ratio = [0.2, 0.2, 0.2, 0.2]
Prune local model 17, pr_ratio = [0.2, 0.2, 0.2, 0.2]
Prune local model 12, pr_ratio = [0.2, 0.2, 0.2, 0.2]
Prune local model 11, pr_ratio = [0.2, 0.2, 0.2, 0.2]
Prune local model 9, pr_ratio = [0.2, 0.2, 0.2, 0.2]
Prune local model 4, pr_ratio = [0.2, 0.2, 0.2, 0.2]
Prune local model 10, pr_ratio = [0.2, 0.2, 0.2, 0.2]
Prune local model 14, pr_ratio = [0.2, 0.2, 0.2, 0.2]
Round 69 – LOCAL TPR pre-agg per client: ['0.425', '0.425', '0.630', '0.827', '0.637', '0.637', '0.637', '0.827', '0.425', '0.827', '0.425', '0.827', '0.630', '0.630', '0.425', '0.630', '0.637', '0.827', '0.630', '0.425']
Round 69 – TPR per Domain: 0:0.425, 1:0.425, 2:0.630, 3:0.827, 4:0.637, 5:0.637, 6:0.637, 7:0.827, 8:0.425, 9:0.827, 10:0.425, 11:0.827, 12:0.630, 13:0.630, 14:0.425, 15:0.630, 16:0.637, 17:0.827, 18:0.630, 19:0.425
Round: 69 Method: dapperfl Mean_Acc: 64.138 Best_Acc: 64.138
Domain_Acc: [65.18, 82.63, 62.07, 46.67] Domain_BestAcc: [68.75, 85.79, 63.79, 53.33]
Prune local model 3, pr_ratio = [0.2, 0.2, 0.2, 0.2]
Prune local model 14, pr_ratio = [0.2, 0.2, 0.2, 0.2]
Prune local model 10, pr_ratio = [0.2, 0.2, 0.2, 0.2]
Prune local model 6, pr_ratio = [0.2, 0.2, 0.2, 0.2]
Prune local model 7, pr_ratio = [0.2, 0.2, 0.2, 0.2]
Prune local model 16, pr_ratio = [0.2, 0.2, 0.2, 0.2]
Prune local model 13, pr_ratio = [0.2, 0.2, 0.2, 0.2]
Prune local model 5, pr_ratio = [0.2, 0.2, 0.2, 0.2]
Prune local model 1, pr_ratio = [0.2, 0.2, 0.2, 0.2]
Prune local model 4, pr_ratio = [0.2, 0.2, 0.2, 0.2]
Prune local model 12, pr_ratio = [0.2, 0.2, 0.2, 0.2]
Prune local model 11, pr_ratio = [0.2, 0.2, 0.2, 0.2]
Prune local model 17, pr_ratio = [0.2, 0.2, 0.2, 0.2]
Prune local model 18, pr_ratio = [0.2, 0.2, 0.2, 0.2]
Prune local model 15, pr_ratio = [0.2, 0.2, 0.2, 0.2]
Prune local model 2, pr_ratio = [0.2, 0.2, 0.2, 0.2]
Prune local model 19, pr_ratio = [0.2, 0.2, 0.2, 0.2]
Prune local model 8, pr_ratio = [0.2, 0.2, 0.2, 0.2]
Prune local model 0, pr_ratio = [0.2, 0.2, 0.2, 0.2]
Prune local model 9, pr_ratio = [0.2, 0.2, 0.2, 0.2]
Round 70 – LOCAL TPR pre-agg per client: ['0.392', '0.392', '0.722', '0.842', '0.673', '0.673', '0.673', '0.842', '0.392', '0.842', '0.392', '0.842', '0.722', '0.722', '0.392', '0.722', '0.673', '0.842', '0.722', '0.392']
Round 70 – TPR per Domain: 0:0.392, 1:0.392, 2:0.722, 3:0.842, 4:0.673, 5:0.673, 6:0.673, 7:0.842, 8:0.392, 9:0.842, 10:0.392, 11:0.842, 12:0.722, 13:0.722, 14:0.392, 15:0.722, 16:0.673, 17:0.842, 18:0.722, 19:0.392
Round: 70 Method: dapperfl Mean_Acc: 67.692 Best_Acc: 67.692
Domain_Acc: [69.2, 84.21, 70.69, 46.67] Domain_BestAcc: [69.2, 85.79, 70.69, 53.33]
Prune local model 0, pr_ratio = [0.2, 0.2, 0.2, 0.2]
Prune local model 2, pr_ratio = [0.2, 0.2, 0.2, 0.2]
Prune local model 16, pr_ratio = [0.2, 0.2, 0.2, 0.2]
Prune local model 10, pr_ratio = [0.2, 0.2, 0.2, 0.2]
Prune local model 19, pr_ratio = [0.2, 0.2, 0.2, 0.2]
Prune local model 17, pr_ratio = [0.2, 0.2, 0.2, 0.2]
Prune local model 13, pr_ratio = [0.2, 0.2, 0.2, 0.2]
Prune local model 3, pr_ratio = [0.2, 0.2, 0.2, 0.2]
Prune local model 6, pr_ratio = [0.2, 0.2, 0.2, 0.2]
Prune local model 8, pr_ratio = [0.2, 0.2, 0.2, 0.2]
Prune local model 12, pr_ratio = [0.2, 0.2, 0.2, 0.2]
Prune local model 1, pr_ratio = [0.2, 0.2, 0.2, 0.2]
Prune local model 7, pr_ratio = [0.2, 0.2, 0.2, 0.2]
Prune local model 18, pr_ratio = [0.2, 0.2, 0.2, 0.2]
Prune local model 14, pr_ratio = [0.2, 0.2, 0.2, 0.2]
Prune local model 5, pr_ratio = [0.2, 0.2, 0.2, 0.2]
Prune local model 11, pr_ratio = [0.2, 0.2, 0.2, 0.2]
Prune local model 9, pr_ratio = [0.2, 0.2, 0.2, 0.2]
Prune local model 15, pr_ratio = [0.2, 0.2, 0.2, 0.2]
Prune local model 4, pr_ratio = [0.2, 0.2, 0.2, 0.2]
Round 71 – LOCAL TPR pre-agg per client: ['0.250', '0.250', '0.590', '0.801', '0.673', '0.673', '0.673', '0.801', '0.250', '0.801', '0.250', '0.801', '0.590', '0.590', '0.250', '0.590', '0.673', '0.801', '0.590', '0.250']
Round 71 – TPR per Domain: 0:0.250, 1:0.250, 2:0.590, 3:0.801, 4:0.673, 5:0.673, 6:0.673, 7:0.801, 8:0.250, 9:0.801, 10:0.250, 11:0.801, 12:0.590, 13:0.590, 14:0.250, 15:0.590, 16:0.673, 17:0.801, 18:0.590, 19:0.250
Round: 71 Method: dapperfl Mean_Acc: 59.858 Best_Acc: 67.692
Domain_Acc: [69.2, 80.0, 56.9, 33.33] Domain_BestAcc: [69.2, 85.79, 70.69, 53.33]
Prune local model 13, pr_ratio = [0.2, 0.2, 0.2, 0.2]
Prune local model 12, pr_ratio = [0.2, 0.2, 0.2, 0.2]
Prune local model 6, pr_ratio = [0.2, 0.2, 0.2, 0.2]
Prune local model 19, pr_ratio = [0.2, 0.2, 0.2, 0.2]
Prune local model 10, pr_ratio = [0.2, 0.2, 0.2, 0.2]
Prune local model 17, pr_ratio = [0.2, 0.2, 0.2, 0.2]
Prune local model 1, pr_ratio = [0.2, 0.2, 0.2, 0.2]
Prune local model 2, pr_ratio = [0.2, 0.2, 0.2, 0.2]
Prune local model 8, pr_ratio = [0.2, 0.2, 0.2, 0.2]
Prune local model 5, pr_ratio = [0.2, 0.2, 0.2, 0.2]
Prune local model 18, pr_ratio = [0.2, 0.2, 0.2, 0.2]
Prune local model 4, pr_ratio = [0.2, 0.2, 0.2, 0.2]
Prune local model 9, pr_ratio = [0.2, 0.2, 0.2, 0.2]
Prune local model 14, pr_ratio = [0.2, 0.2, 0.2, 0.2]
Prune local model 11, pr_ratio = [0.2, 0.2, 0.2, 0.2]
Prune local model 7, pr_ratio = [0.2, 0.2, 0.2, 0.2]
Prune local model 3, pr_ratio = [0.2, 0.2, 0.2, 0.2]
Prune local model 16, pr_ratio = [0.2, 0.2, 0.2, 0.2]
Prune local model 0, pr_ratio = [0.2, 0.2, 0.2, 0.2]
Prune local model 15, pr_ratio = [0.2, 0.2, 0.2, 0.2]
Round 72 – LOCAL TPR pre-agg per client: ['0.317', '0.317', '0.555', '0.852', '0.661', '0.661', '0.661', '0.852', '0.317', '0.852', '0.317', '0.852', '0.555', '0.555', '0.317', '0.555', '0.661', '0.852', '0.555', '0.317']
Round 72 – TPR per Domain: 0:0.317, 1:0.317, 2:0.555, 3:0.852, 4:0.661, 5:0.661, 6:0.661, 7:0.852, 8:0.317, 9:0.852, 10:0.317, 11:0.852, 12:0.555, 13:0.555, 14:0.317, 15:0.555, 16:0.661, 17:0.852, 18:0.555, 19:0.317
Round: 72 Method: dapperfl Mean_Acc: 61.53 Best_Acc: 67.692
Domain_Acc: [67.41, 85.26, 53.45, 40.0] Domain_BestAcc: [69.2, 85.79, 70.69, 53.33]
Prune local model 4, pr_ratio = [0.2, 0.2, 0.2, 0.2]
Prune local model 14, pr_ratio = [0.2, 0.2, 0.2, 0.2]
Prune local model 2, pr_ratio = [0.2, 0.2, 0.2, 0.2]
Prune local model 1, pr_ratio = [0.2, 0.2, 0.2, 0.2]
Prune local model 18, pr_ratio = [0.2, 0.2, 0.2, 0.2]
Prune local model 19, pr_ratio = [0.2, 0.2, 0.2, 0.2]
Prune local model 0, pr_ratio = [0.2, 0.2, 0.2, 0.2]
Prune local model 13, pr_ratio = [0.2, 0.2, 0.2, 0.2]
Prune local model 11, pr_ratio = [0.2, 0.2, 0.2, 0.2]
Prune local model 7, pr_ratio = [0.2, 0.2, 0.2, 0.2]
Prune local model 12, pr_ratio = [0.2, 0.2, 0.2, 0.2]
Prune local model 3, pr_ratio = [0.2, 0.2, 0.2, 0.2]
Prune local model 16, pr_ratio = [0.2, 0.2, 0.2, 0.2]
Prune local model 10, pr_ratio = [0.2, 0.2, 0.2, 0.2]
Prune local model 8, pr_ratio = [0.2, 0.2, 0.2, 0.2]
Prune local model 6, pr_ratio = [0.2, 0.2, 0.2, 0.2]
Prune local model 5, pr_ratio = [0.2, 0.2, 0.2, 0.2]
Prune local model 9, pr_ratio = [0.2, 0.2, 0.2, 0.2]
Prune local model 15, pr_ratio = [0.2, 0.2, 0.2, 0.2]
Prune local model 17, pr_ratio = [0.2, 0.2, 0.2, 0.2]
Round 73 – LOCAL TPR pre-agg per client: ['0.400', '0.400', '0.552', '0.861', '0.665', '0.665', '0.665', '0.861', '0.400', '0.861', '0.400', '0.861', '0.552', '0.552', '0.400', '0.552', '0.665', '0.861', '0.552', '0.400']
Round 73 – TPR per Domain: 0:0.400, 1:0.400, 2:0.552, 3:0.861, 4:0.665, 5:0.665, 6:0.665, 7:0.861, 8:0.400, 9:0.861, 10:0.400, 11:0.861, 12:0.552, 13:0.552, 14:0.400, 15:0.552, 16:0.665, 17:0.861, 18:0.552, 19:0.400
Round: 73 Method: dapperfl Mean_Acc: 64.115 Best_Acc: 67.692
Domain_Acc: [68.3, 86.32, 55.17, 46.67] Domain_BestAcc: [69.2, 86.32, 70.69, 53.33]
Prune local model 3, pr_ratio = [0.2, 0.2, 0.2, 0.2]
Prune local model 11, pr_ratio = [0.2, 0.2, 0.2, 0.2]
Prune local model 7, pr_ratio = [0.2, 0.2, 0.2, 0.2]
Prune local model 18, pr_ratio = [0.2, 0.2, 0.2, 0.2]
Prune local model 14, pr_ratio = [0.2, 0.2, 0.2, 0.2]
Prune local model 17, pr_ratio = [0.2, 0.2, 0.2, 0.2]
Prune local model 9, pr_ratio = [0.2, 0.2, 0.2, 0.2]
Prune local model 15, pr_ratio = [0.2, 0.2, 0.2, 0.2]
Prune local model 12, pr_ratio = [0.2, 0.2, 0.2, 0.2]
Prune local model 19, pr_ratio = [0.2, 0.2, 0.2, 0.2]
Prune local model 6, pr_ratio = [0.2, 0.2, 0.2, 0.2]
Prune local model 10, pr_ratio = [0.2, 0.2, 0.2, 0.2]
Prune local model 13, pr_ratio = [0.2, 0.2, 0.2, 0.2]
Prune local model 5, pr_ratio = [0.2, 0.2, 0.2, 0.2]
Prune local model 16, pr_ratio = [0.2, 0.2, 0.2, 0.2]
Prune local model 0, pr_ratio = [0.2, 0.2, 0.2, 0.2]
Prune local model 8, pr_ratio = [0.2, 0.2, 0.2, 0.2]
Prune local model 2, pr_ratio = [0.2, 0.2, 0.2, 0.2]
Prune local model 4, pr_ratio = [0.2, 0.2, 0.2, 0.2]
Prune local model 1, pr_ratio = [0.2, 0.2, 0.2, 0.2]
Round 74 – LOCAL TPR pre-agg per client: ['0.300', '0.300', '0.622', '0.837', '0.638', '0.638', '0.638', '0.837', '0.300', '0.837', '0.300', '0.837', '0.622', '0.622', '0.300', '0.622', '0.638', '0.837', '0.622', '0.300']
Round 74 – TPR per Domain: 0:0.300, 1:0.300, 2:0.622, 3:0.837, 4:0.638, 5:0.638, 6:0.638, 7:0.837, 8:0.300, 9:0.837, 10:0.300, 11:0.837, 12:0.622, 13:0.622, 14:0.300, 15:0.622, 16:0.638, 17:0.837, 18:0.622, 19:0.300
Round: 74 Method: dapperfl Mean_Acc: 62.955 Best_Acc: 67.692
Domain_Acc: [66.07, 83.68, 62.07, 40.0] Domain_BestAcc: [69.2, 86.32, 70.69, 53.33]
Prune local model 1, pr_ratio = [0.2, 0.2, 0.2, 0.2]
Prune local model 10, pr_ratio = [0.2, 0.2, 0.2, 0.2]
Prune local model 15, pr_ratio = [0.2, 0.2, 0.2, 0.2]
Prune local model 0, pr_ratio = [0.2, 0.2, 0.2, 0.2]
Prune local model 7, pr_ratio = [0.2, 0.2, 0.2, 0.2]
Prune local model 3, pr_ratio = [0.2, 0.2, 0.2, 0.2]
Prune local model 16, pr_ratio = [0.2, 0.2, 0.2, 0.2]
Prune local model 6, pr_ratio = [0.2, 0.2, 0.2, 0.2]
Prune local model 12, pr_ratio = [0.2, 0.2, 0.2, 0.2]
Prune local model 14, pr_ratio = [0.2, 0.2, 0.2, 0.2]
Prune local model 8, pr_ratio = [0.2, 0.2, 0.2, 0.2]
Prune local model 9, pr_ratio = [0.2, 0.2, 0.2, 0.2]
Prune local model 17, pr_ratio = [0.2, 0.2, 0.2, 0.2]
Prune local model 4, pr_ratio = [0.2, 0.2, 0.2, 0.2]
Prune local model 5, pr_ratio = [0.2, 0.2, 0.2, 0.2]
Prune local model 18, pr_ratio = [0.2, 0.2, 0.2, 0.2]
Prune local model 11, pr_ratio = [0.2, 0.2, 0.2, 0.2]
Prune local model 2, pr_ratio = [0.2, 0.2, 0.2, 0.2]
Prune local model 13, pr_ratio = [0.2, 0.2, 0.2, 0.2]
Prune local model 19, pr_ratio = [0.2, 0.2, 0.2, 0.2]
Round 75 – LOCAL TPR pre-agg per client: ['0.292', '0.292', '0.663', '0.853', '0.646', '0.646', '0.646', '0.853', '0.292', '0.853', '0.292', '0.853', '0.663', '0.663', '0.292', '0.663', '0.646', '0.853', '0.663', '0.292']
Round 75 – TPR per Domain: 0:0.292, 1:0.292, 2:0.663, 3:0.853, 4:0.646, 5:0.646, 6:0.646, 7:0.853, 8:0.292, 9:0.853, 10:0.292, 11:0.853, 12:0.663, 13:0.663, 14:0.292, 15:0.663, 16:0.646, 17:0.853, 18:0.663, 19:0.292
Round: 75 Method: dapperfl Mean_Acc: 63.892 Best_Acc: 67.692
Domain_Acc: [66.52, 85.26, 63.79, 40.0] Domain_BestAcc: [69.2, 86.32, 70.69, 53.33]
Prune local model 12, pr_ratio = [0.2, 0.2, 0.2, 0.2]
Prune local model 2, pr_ratio = [0.2, 0.2, 0.2, 0.2]
Prune local model 1, pr_ratio = [0.2, 0.2, 0.2, 0.2]
Prune local model 11, pr_ratio = [0.2, 0.2, 0.2, 0.2]
Prune local model 14, pr_ratio = [0.2, 0.2, 0.2, 0.2]
Prune local model 5, pr_ratio = [0.2, 0.2, 0.2, 0.2]
Prune local model 13, pr_ratio = [0.2, 0.2, 0.2, 0.2]
Prune local model 16, pr_ratio = [0.2, 0.2, 0.2, 0.2]
Prune local model 6, pr_ratio = [0.2, 0.2, 0.2, 0.2]
Prune local model 10, pr_ratio = [0.2, 0.2, 0.2, 0.2]
Prune local model 7, pr_ratio = [0.2, 0.2, 0.2, 0.2]
Prune local model 0, pr_ratio = [0.2, 0.2, 0.2, 0.2]
Prune local model 8, pr_ratio = [0.2, 0.2, 0.2, 0.2]
Prune local model 19, pr_ratio = [0.2, 0.2, 0.2, 0.2]
Prune local model 15, pr_ratio = [0.2, 0.2, 0.2, 0.2]
Prune local model 18, pr_ratio = [0.2, 0.2, 0.2, 0.2]
Prune local model 17, pr_ratio = [0.2, 0.2, 0.2, 0.2]
Prune local model 4, pr_ratio = [0.2, 0.2, 0.2, 0.2]
Prune local model 3, pr_ratio = [0.2, 0.2, 0.2, 0.2]
Prune local model 9, pr_ratio = [0.2, 0.2, 0.2, 0.2]
Round 76 – LOCAL TPR pre-agg per client: ['0.350', '0.350', '0.663', '0.820', '0.657', '0.657', '0.657', '0.820', '0.350', '0.820', '0.350', '0.820', '0.663', '0.663', '0.350', '0.663', '0.657', '0.820', '0.663', '0.350']
Round 76 – TPR per Domain: 0:0.350, 1:0.350, 2:0.663, 3:0.820, 4:0.657, 5:0.657, 6:0.657, 7:0.820, 8:0.350, 9:0.820, 10:0.350, 11:0.820, 12:0.663, 13:0.663, 14:0.350, 15:0.663, 16:0.657, 17:0.820, 18:0.663, 19:0.350
Round: 76 Method: dapperfl Mean_Acc: 64.705 Best_Acc: 67.692
Domain_Acc: [67.86, 82.11, 65.52, 43.33] Domain_BestAcc: [69.2, 86.32, 70.69, 53.33]
Prune local model 10, pr_ratio = [0.2, 0.2, 0.2, 0.2]
Prune local model 18, pr_ratio = [0.2, 0.2, 0.2, 0.2]
Prune local model 12, pr_ratio = [0.2, 0.2, 0.2, 0.2]
Prune local model 17, pr_ratio = [0.2, 0.2, 0.2, 0.2]
Prune local model 9, pr_ratio = [0.2, 0.2, 0.2, 0.2]
Prune local model 2, pr_ratio = [0.2, 0.2, 0.2, 0.2]
Prune local model 19, pr_ratio = [0.2, 0.2, 0.2, 0.2]
Prune local model 6, pr_ratio = [0.2, 0.2, 0.2, 0.2]
Prune local model 13, pr_ratio = [0.2, 0.2, 0.2, 0.2]
Prune local model 15, pr_ratio = [0.2, 0.2, 0.2, 0.2]
Prune local model 4, pr_ratio = [0.2, 0.2, 0.2, 0.2]
Prune local model 1, pr_ratio = [0.2, 0.2, 0.2, 0.2]
Prune local model 8, pr_ratio = [0.2, 0.2, 0.2, 0.2]
Prune local model 11, pr_ratio = [0.2, 0.2, 0.2, 0.2]
Prune local model 3, pr_ratio = [0.2, 0.2, 0.2, 0.2]
Prune local model 16, pr_ratio = [0.2, 0.2, 0.2, 0.2]
Prune local model 5, pr_ratio = [0.2, 0.2, 0.2, 0.2]
Prune local model 14, pr_ratio = [0.2, 0.2, 0.2, 0.2]
Prune local model 7, pr_ratio = [0.2, 0.2, 0.2, 0.2]
Prune local model 0, pr_ratio = [0.2, 0.2, 0.2, 0.2]
Round 77 – LOCAL TPR pre-agg per client: ['0.325', '0.325', '0.655', '0.858', '0.652', '0.652', '0.652', '0.858', '0.325', '0.858', '0.325', '0.858', '0.655', '0.655', '0.325', '0.655', '0.652', '0.858', '0.655', '0.325']
Round 77 – TPR per Domain: 0:0.325, 1:0.325, 2:0.655, 3:0.858, 4:0.652, 5:0.652, 6:0.652, 7:0.858, 8:0.325, 9:0.858, 10:0.325, 11:0.858, 12:0.655, 13:0.655, 14:0.325, 15:0.655, 16:0.652, 17:0.858, 18:0.655, 19:0.325
Round: 77 Method: dapperfl Mean_Acc: 64.567 Best_Acc: 67.692
Domain_Acc: [66.96, 85.79, 65.52, 40.0] Domain_BestAcc: [69.2, 86.32, 70.69, 53.33]
Prune local model 8, pr_ratio = [0.2, 0.2, 0.2, 0.2]
Prune local model 16, pr_ratio = [0.2, 0.2, 0.2, 0.2]
Prune local model 12, pr_ratio = [0.2, 0.2, 0.2, 0.2]
Prune local model 4, pr_ratio = [0.2, 0.2, 0.2, 0.2]
Prune local model 17, pr_ratio = [0.2, 0.2, 0.2, 0.2]
Prune local model 10, pr_ratio = [0.2, 0.2, 0.2, 0.2]
Prune local model 5, pr_ratio = [0.2, 0.2, 0.2, 0.2]
Prune local model 18, pr_ratio = [0.2, 0.2, 0.2, 0.2]
Prune local model 6, pr_ratio = [0.2, 0.2, 0.2, 0.2]
Prune local model 15, pr_ratio = [0.2, 0.2, 0.2, 0.2]
Prune local model 19, pr_ratio = [0.2, 0.2, 0.2, 0.2]
Prune local model 13, pr_ratio = [0.2, 0.2, 0.2, 0.2]
Prune local model 11, pr_ratio = [0.2, 0.2, 0.2, 0.2]
Prune local model 7, pr_ratio = [0.2, 0.2, 0.2, 0.2]
Prune local model 9, pr_ratio = [0.2, 0.2, 0.2, 0.2]
Prune local model 14, pr_ratio = [0.2, 0.2, 0.2, 0.2]
Prune local model 3, pr_ratio = [0.2, 0.2, 0.2, 0.2]
Prune local model 1, pr_ratio = [0.2, 0.2, 0.2, 0.2]
Prune local model 0, pr_ratio = [0.2, 0.2, 0.2, 0.2]
Prune local model 2, pr_ratio = [0.2, 0.2, 0.2, 0.2]
Round 78 – LOCAL TPR pre-agg per client: ['0.367', '0.367', '0.634', '0.851', '0.623', '0.623', '0.623', '0.851', '0.367', '0.851', '0.367', '0.851', '0.634', '0.634', '0.367', '0.634', '0.623', '0.851', '0.634', '0.367']
Round 78 – TPR per Domain: 0:0.367, 1:0.367, 2:0.634, 3:0.851, 4:0.623, 5:0.623, 6:0.623, 7:0.851, 8:0.367, 9:0.851, 10:0.367, 11:0.851, 12:0.634, 13:0.634, 14:0.367, 15:0.634, 16:0.623, 17:0.851, 18:0.634, 19:0.367
Round: 78 Method: dapperfl Mean_Acc: 63.415 Best_Acc: 67.692
Domain_Acc: [64.73, 85.26, 60.34, 43.33] Domain_BestAcc: [69.2, 86.32, 70.69, 53.33]
Prune local model 18, pr_ratio = [0.2, 0.2, 0.2, 0.2]
Prune local model 17, pr_ratio = [0.2, 0.2, 0.2, 0.2]
Prune local model 15, pr_ratio = [0.2, 0.2, 0.2, 0.2]
Prune local model 10, pr_ratio = [0.2, 0.2, 0.2, 0.2]
Prune local model 2, pr_ratio = [0.2, 0.2, 0.2, 0.2]
Prune local model 1, pr_ratio = [0.2, 0.2, 0.2, 0.2]
Prune local model 6, pr_ratio = [0.2, 0.2, 0.2, 0.2]
Prune local model 0, pr_ratio = [0.2, 0.2, 0.2, 0.2]
Prune local model 11, pr_ratio = [0.2, 0.2, 0.2, 0.2]
Prune local model 5, pr_ratio = [0.2, 0.2, 0.2, 0.2]
Prune local model 3, pr_ratio = [0.2, 0.2, 0.2, 0.2]
Prune local model 4, pr_ratio = [0.2, 0.2, 0.2, 0.2]
Prune local model 14, pr_ratio = [0.2, 0.2, 0.2, 0.2]
Prune local model 12, pr_ratio = [0.2, 0.2, 0.2, 0.2]
Prune local model 7, pr_ratio = [0.2, 0.2, 0.2, 0.2]
Prune local model 8, pr_ratio = [0.2, 0.2, 0.2, 0.2]
Prune local model 16, pr_ratio = [0.2, 0.2, 0.2, 0.2]
Prune local model 13, pr_ratio = [0.2, 0.2, 0.2, 0.2]
Prune local model 9, pr_ratio = [0.2, 0.2, 0.2, 0.2]
Prune local model 19, pr_ratio = [0.2, 0.2, 0.2, 0.2]
Round 79 – LOCAL TPR pre-agg per client: ['0.342', '0.342', '0.656', '0.837', '0.656', '0.656', '0.656', '0.837', '0.342', '0.837', '0.342', '0.837', '0.656', '0.656', '0.342', '0.656', '0.656', '0.837', '0.656', '0.342']
Round 79 – TPR per Domain: 0:0.342, 1:0.342, 2:0.656, 3:0.837, 4:0.656, 5:0.656, 6:0.656, 7:0.837, 8:0.342, 9:0.837, 10:0.342, 11:0.837, 12:0.656, 13:0.656, 14:0.342, 15:0.656, 16:0.656, 17:0.837, 18:0.656, 19:0.342
Round: 79 Method: dapperfl Mean_Acc: 64.44 Best_Acc: 67.692
Domain_Acc: [66.96, 83.68, 63.79, 43.33] Domain_BestAcc: [69.2, 86.32, 70.69, 53.33]
Prune local model 15, pr_ratio = [0.2, 0.2, 0.2, 0.2]
Prune local model 1, pr_ratio = [0.2, 0.2, 0.2, 0.2]
Prune local model 4, pr_ratio = [0.2, 0.2, 0.2, 0.2]
Prune local model 5, pr_ratio = [0.2, 0.2, 0.2, 0.2]
Prune local model 13, pr_ratio = [0.2, 0.2, 0.2, 0.2]
Prune local model 16, pr_ratio = [0.2, 0.2, 0.2, 0.2]
Prune local model 3, pr_ratio = [0.2, 0.2, 0.2, 0.2]
Prune local model 17, pr_ratio = [0.2, 0.2, 0.2, 0.2]
Prune local model 7, pr_ratio = [0.2, 0.2, 0.2, 0.2]
Prune local model 10, pr_ratio = [0.2, 0.2, 0.2, 0.2]
Prune local model 12, pr_ratio = [0.2, 0.2, 0.2, 0.2]
Prune local model 19, pr_ratio = [0.2, 0.2, 0.2, 0.2]
Prune local model 0, pr_ratio = [0.2, 0.2, 0.2, 0.2]
Prune local model 14, pr_ratio = [0.2, 0.2, 0.2, 0.2]
Prune local model 18, pr_ratio = [0.2, 0.2, 0.2, 0.2]
Prune local model 6, pr_ratio = [0.2, 0.2, 0.2, 0.2]
Prune local model 8, pr_ratio = [0.2, 0.2, 0.2, 0.2]
Prune local model 9, pr_ratio = [0.2, 0.2, 0.2, 0.2]
Prune local model 2, pr_ratio = [0.2, 0.2, 0.2, 0.2]
Prune local model 11, pr_ratio = [0.2, 0.2, 0.2, 0.2]
Round 80 – LOCAL TPR pre-agg per client: ['0.592', '0.592', '0.652', '0.825', '0.645', '0.645', '0.645', '0.825', '0.592', '0.825', '0.592', '0.825', '0.652', '0.652', '0.592', '0.652', '0.645', '0.825', '0.652', '0.592']
Round 80 – TPR per Domain: 0:0.592, 1:0.592, 2:0.652, 3:0.825, 4:0.645, 5:0.645, 6:0.645, 7:0.825, 8:0.592, 9:0.825, 10:0.592, 11:0.825, 12:0.652, 13:0.652, 14:0.592, 15:0.652, 16:0.645, 17:0.825, 18:0.652, 19:0.592
Round: 80 Method: dapperfl Mean_Acc: 69.5 Best_Acc: 69.5
Domain_Acc: [66.52, 82.63, 65.52, 63.33] Domain_BestAcc: [69.2, 86.32, 70.69, 63.33]
Prune local model 2, pr_ratio = [0.2, 0.2, 0.2, 0.2]
Prune local model 8, pr_ratio = [0.2, 0.2, 0.2, 0.2]
Prune local model 19, pr_ratio = [0.2, 0.2, 0.2, 0.2]
Prune local model 9, pr_ratio = [0.2, 0.2, 0.2, 0.2]
Prune local model 6, pr_ratio = [0.2, 0.2, 0.2, 0.2]
Prune local model 11, pr_ratio = [0.2, 0.2, 0.2, 0.2]
Prune local model 5, pr_ratio = [0.2, 0.2, 0.2, 0.2]
Prune local model 18, pr_ratio = [0.2, 0.2, 0.2, 0.2]
Prune local model 17, pr_ratio = [0.2, 0.2, 0.2, 0.2]
Prune local model 4, pr_ratio = [0.2, 0.2, 0.2, 0.2]
Prune local model 0, pr_ratio = [0.2, 0.2, 0.2, 0.2]
Prune local model 7, pr_ratio = [0.2, 0.2, 0.2, 0.2]
Prune local model 14, pr_ratio = [0.2, 0.2, 0.2, 0.2]
Prune local model 12, pr_ratio = [0.2, 0.2, 0.2, 0.2]
Prune local model 16, pr_ratio = [0.2, 0.2, 0.2, 0.2]
Prune local model 1, pr_ratio = [0.2, 0.2, 0.2, 0.2]
Prune local model 10, pr_ratio = [0.2, 0.2, 0.2, 0.2]
Prune local model 13, pr_ratio = [0.2, 0.2, 0.2, 0.2]
Prune local model 15, pr_ratio = [0.2, 0.2, 0.2, 0.2]
Prune local model 3, pr_ratio = [0.2, 0.2, 0.2, 0.2]
Round 81 – LOCAL TPR pre-agg per client: ['0.325', '0.325', '0.644', '0.841', '0.673', '0.673', '0.673', '0.841', '0.325', '0.841', '0.325', '0.841', '0.644', '0.644', '0.325', '0.644', '0.673', '0.841', '0.644', '0.325']
Round 81 – TPR per Domain: 0:0.325, 1:0.325, 2:0.644, 3:0.841, 4:0.673, 5:0.673, 6:0.673, 7:0.841, 8:0.325, 9:0.841, 10:0.325, 11:0.841, 12:0.644, 13:0.644, 14:0.325, 15:0.644, 16:0.673, 17:0.841, 18:0.644, 19:0.325
Round: 81 Method: dapperfl Mean_Acc: 64.188 Best_Acc: 69.5
Domain_Acc: [68.75, 84.21, 63.79, 40.0] Domain_BestAcc: [69.2, 86.32, 70.69, 63.33]
Prune local model 19, pr_ratio = [0.2, 0.2, 0.2, 0.2]
Prune local model 14, pr_ratio = [0.2, 0.2, 0.2, 0.2]
Prune local model 13, pr_ratio = [0.2, 0.2, 0.2, 0.2]
Prune local model 9, pr_ratio = [0.2, 0.2, 0.2, 0.2]
Prune local model 3, pr_ratio = [0.2, 0.2, 0.2, 0.2]
Prune local model 8, pr_ratio = [0.2, 0.2, 0.2, 0.2]
Prune local model 17, pr_ratio = [0.2, 0.2, 0.2, 0.2]
Prune local model 18, pr_ratio = [0.2, 0.2, 0.2, 0.2]
Prune local model 5, pr_ratio = [0.2, 0.2, 0.2, 0.2]
Prune local model 12, pr_ratio = [0.2, 0.2, 0.2, 0.2]
Prune local model 4, pr_ratio = [0.2, 0.2, 0.2, 0.2]
Prune local model 15, pr_ratio = [0.2, 0.2, 0.2, 0.2]
Prune local model 6, pr_ratio = [0.2, 0.2, 0.2, 0.2]
Prune local model 0, pr_ratio = [0.2, 0.2, 0.2, 0.2]
Prune local model 16, pr_ratio = [0.2, 0.2, 0.2, 0.2]
Prune local model 1, pr_ratio = [0.2, 0.2, 0.2, 0.2]
Prune local model 7, pr_ratio = [0.2, 0.2, 0.2, 0.2]
Prune local model 11, pr_ratio = [0.2, 0.2, 0.2, 0.2]
Prune local model 2, pr_ratio = [0.2, 0.2, 0.2, 0.2]
Prune local model 10, pr_ratio = [0.2, 0.2, 0.2, 0.2]
Round 82 – LOCAL TPR pre-agg per client: ['0.417', '0.417', '0.659', '0.859', '0.660', '0.660', '0.660', '0.859', '0.417', '0.859', '0.417', '0.859', '0.659', '0.659', '0.417', '0.659', '0.660', '0.859', '0.659', '0.417']
Round 82 – TPR per Domain: 0:0.417, 1:0.417, 2:0.659, 3:0.859, 4:0.660, 5:0.660, 6:0.660, 7:0.859, 8:0.417, 9:0.859, 10:0.417, 11:0.859, 12:0.659, 13:0.659, 14:0.417, 15:0.659, 16:0.660, 17:0.859, 18:0.659, 19:0.417
Round: 82 Method: dapperfl Mean_Acc: 66.748 Best_Acc: 69.5
Domain_Acc: [67.41, 85.79, 63.79, 50.0] Domain_BestAcc: [69.2, 86.32, 70.69, 63.33]
Prune local model 3, pr_ratio = [0.2, 0.2, 0.2, 0.2]
Prune local model 13, pr_ratio = [0.2, 0.2, 0.2, 0.2]
Prune local model 15, pr_ratio = [0.2, 0.2, 0.2, 0.2]
Prune local model 10, pr_ratio = [0.2, 0.2, 0.2, 0.2]
Prune local model 8, pr_ratio = [0.2, 0.2, 0.2, 0.2]
Prune local model 2, pr_ratio = [0.2, 0.2, 0.2, 0.2]
Prune local model 1, pr_ratio = [0.2, 0.2, 0.2, 0.2]
Prune local model 12, pr_ratio = [0.2, 0.2, 0.2, 0.2]
Prune local model 0, pr_ratio = [0.2, 0.2, 0.2, 0.2]
Prune local model 4, pr_ratio = [0.2, 0.2, 0.2, 0.2]
Prune local model 11, pr_ratio = [0.2, 0.2, 0.2, 0.2]
Prune local model 14, pr_ratio = [0.2, 0.2, 0.2, 0.2]
Prune local model 9, pr_ratio = [0.2, 0.2, 0.2, 0.2]
Prune local model 6, pr_ratio = [0.2, 0.2, 0.2, 0.2]
Prune local model 7, pr_ratio = [0.2, 0.2, 0.2, 0.2]
Prune local model 5, pr_ratio = [0.2, 0.2, 0.2, 0.2]
Prune local model 17, pr_ratio = [0.2, 0.2, 0.2, 0.2]
Prune local model 16, pr_ratio = [0.2, 0.2, 0.2, 0.2]
Prune local model 18, pr_ratio = [0.2, 0.2, 0.2, 0.2]
Prune local model 19, pr_ratio = [0.2, 0.2, 0.2, 0.2]
Round 83 – LOCAL TPR pre-agg per client: ['0.375', '0.375', '0.635', '0.846', '0.655', '0.655', '0.655', '0.846', '0.375', '0.846', '0.375', '0.846', '0.635', '0.635', '0.375', '0.635', '0.655', '0.846', '0.635', '0.375']
Round 83 – TPR per Domain: 0:0.375, 1:0.375, 2:0.635, 3:0.841, 4:0.655, 5:0.655, 6:0.655, 7:0.841, 8:0.375, 9:0.841, 10:0.375, 11:0.841, 12:0.635, 13:0.635, 14:0.375, 15:0.635, 16:0.655, 17:0.841, 18:0.635, 19:0.375
Round: 83 Method: dapperfl Mean_Acc: 64.255 Best_Acc: 69.5
Domain_Acc: [67.41, 84.21, 62.07, 43.33] Domain_BestAcc: [69.2, 86.32, 70.69, 63.33]
Prune local model 17, pr_ratio = [0.2, 0.2, 0.2, 0.2]
Prune local model 12, pr_ratio = [0.2, 0.2, 0.2, 0.2]
Prune local model 16, pr_ratio = [0.2, 0.2, 0.2, 0.2]
Prune local model 4, pr_ratio = [0.2, 0.2, 0.2, 0.2]
Prune local model 2, pr_ratio = [0.2, 0.2, 0.2, 0.2]
Prune local model 1, pr_ratio = [0.2, 0.2, 0.2, 0.2]
Prune local model 0, pr_ratio = [0.2, 0.2, 0.2, 0.2]
Prune local model 11, pr_ratio = [0.2, 0.2, 0.2, 0.2]
Prune local model 5, pr_ratio = [0.2, 0.2, 0.2, 0.2]
Prune local model 7, pr_ratio = [0.2, 0.2, 0.2, 0.2]
Prune local model 6, pr_ratio = [0.2, 0.2, 0.2, 0.2]
Prune local model 8, pr_ratio = [0.2, 0.2, 0.2, 0.2]
Prune local model 13, pr_ratio = [0.2, 0.2, 0.2, 0.2]
Prune local model 18, pr_ratio = [0.2, 0.2, 0.2, 0.2]
Prune local model 15, pr_ratio = [0.2, 0.2, 0.2, 0.2]
Prune local model 19, pr_ratio = [0.2, 0.2, 0.2, 0.2]
Prune local model 14, pr_ratio = [0.2, 0.2, 0.2, 0.2]
Prune local model 10, pr_ratio = [0.2, 0.2, 0.2, 0.2]
Prune local model 3, pr_ratio = [0.2, 0.2, 0.2, 0.2]
Prune local model 9, pr_ratio = [0.2, 0.2, 0.2, 0.2]
Round 84 – LOCAL TPR pre-agg per client: ['0.325', '0.325', '0.636', '0.831', '0.684', '0.684', '0.684', '0.831', '0.325', '0.831', '0.325', '0.831', '0.636', '0.636', '0.325', '0.636', '0.684', '0.831', '0.636', '0.325']
Round 84 – TPR per Domain: 0:0.325, 1:0.325, 2:0.636, 3:0.831, 4:0.684, 5:0.684, 6:0.684, 7:0.831, 8:0.325, 9:0.831, 10:0.325, 11:0.831, 12:0.636, 13:0.636, 14:0.325, 15:0.636, 16:0.684, 17:0.831, 18:0.636, 19:0.325
Round: 84 Method: dapperfl Mean_Acc: 64.26 Best_Acc: 69.5
Domain_Acc: [70.09, 83.16, 63.79, 40.0] Domain_BestAcc: [70.09, 86.32, 70.69, 63.33]
Prune local model 2, pr_ratio = [0.2, 0.2, 0.2, 0.2]
Prune local model 12, pr_ratio = [0.2, 0.2, 0.2, 0.2]
Prune local model 14, pr_ratio = [0.2, 0.2, 0.2, 0.2]
Prune local model 7, pr_ratio = [0.2, 0.2, 0.2, 0.2]
Prune local model 5, pr_ratio = [0.2, 0.2, 0.2, 0.2]
Prune local model 19, pr_ratio = [0.2, 0.2, 0.2, 0.2]
Prune local model 18, pr_ratio = [0.2, 0.2, 0.2, 0.2]
Prune local model 13, pr_ratio = [0.2, 0.2, 0.2, 0.2]
Prune local model 17, pr_ratio = [0.2, 0.2, 0.2, 0.2]
Prune local model 15, pr_ratio = [0.2, 0.2, 0.2, 0.2]
Prune local model 9, pr_ratio = [0.2, 0.2, 0.2, 0.2]
Prune local model 1, pr_ratio = [0.2, 0.2, 0.2, 0.2]
Prune local model 3, pr_ratio = [0.2, 0.2, 0.2, 0.2]
Prune local model 4, pr_ratio = [0.2, 0.2, 0.2, 0.2]
Prune local model 8, pr_ratio = [0.2, 0.2, 0.2, 0.2]
Prune local model 0, pr_ratio = [0.2, 0.2, 0.2, 0.2]
Prune local model 6, pr_ratio = [0.2, 0.2, 0.2, 0.2]
Prune local model 10, pr_ratio = [0.2, 0.2, 0.2, 0.2]
Prune local model 16, pr_ratio = [0.2, 0.2, 0.2, 0.2]
Prune local model 11, pr_ratio = [0.2, 0.2, 0.2, 0.2]
Round 85 – LOCAL TPR pre-agg per client: ['0.342', '0.342', '0.481', '0.861', '0.632', '0.632', '0.632', '0.861', '0.342', '0.861', '0.342', '0.861', '0.481', '0.481', '0.342', '0.481', '0.632', '0.861', '0.481', '0.342']
Round 85 – TPR per Domain: 0:0.342, 1:0.342, 2:0.481, 3:0.861, 4:0.632, 5:0.632, 6:0.632, 7:0.861, 8:0.342, 9:0.861, 10:0.342, 11:0.861, 12:0.481, 13:0.481, 14:0.342, 15:0.481, 16:0.632, 17:0.861, 18:0.481, 19:0.342
Round: 85 Method: dapperfl Mean_Acc: 60.232 Best_Acc: 69.5
Domain_Acc: [64.73, 86.32, 46.55, 43.33] Domain_BestAcc: [70.09, 86.32, 70.69, 63.33]
Prune local model 13, pr_ratio = [0.2, 0.2, 0.2, 0.2]
Prune local model 10, pr_ratio = [0.2, 0.2, 0.2, 0.2]
Prune local model 6, pr_ratio = [0.2, 0.2, 0.2, 0.2]
Prune local model 5, pr_ratio = [0.2, 0.2, 0.2, 0.2]
Prune local model 8, pr_ratio = [0.2, 0.2, 0.2, 0.2]
Prune local model 4, pr_ratio = [0.2, 0.2, 0.2, 0.2]
Prune local model 1, pr_ratio = [0.2, 0.2, 0.2, 0.2]
Prune local model 17, pr_ratio = [0.2, 0.2, 0.2, 0.2]
Prune local model 12, pr_ratio = [0.2, 0.2, 0.2, 0.2]
Prune local model 11, pr_ratio = [0.2, 0.2, 0.2, 0.2]
Prune local model 0, pr_ratio = [0.2, 0.2, 0.2, 0.2]
Prune local model 2, pr_ratio = [0.2, 0.2, 0.2, 0.2]
Prune local model 18, pr_ratio = [0.2, 0.2, 0.2, 0.2]
Prune local model 16, pr_ratio = [0.2, 0.2, 0.2, 0.2]
Prune local model 14, pr_ratio = [0.2, 0.2, 0.2, 0.2]
Prune local model 7, pr_ratio = [0.2, 0.2, 0.2, 0.2]
Prune local model 15, pr_ratio = [0.2, 0.2, 0.2, 0.2]
Prune local model 9, pr_ratio = [0.2, 0.2, 0.2, 0.2]
Prune local model 19, pr_ratio = [0.2, 0.2, 0.2, 0.2]
Prune local model 3, pr_ratio = [0.2, 0.2, 0.2, 0.2]
Round 86 – LOCAL TPR pre-agg per client: ['0.325', '0.325', '0.689', '0.842', '0.670', '0.670', '0.670', '0.842', '0.325', '0.842', '0.325', '0.842', '0.689', '0.689', '0.325', '0.689', '0.670', '0.842', '0.689', '0.325']
Round 86 – TPR per Domain: 0:0.325, 1:0.325, 2:0.689, 3:0.842, 4:0.670, 5:0.670, 6:0.670, 7:0.842, 8:0.325, 9:0.842, 10:0.325, 11:0.842, 12:0.689, 13:0.689, 14:0.325, 15:0.689, 16:0.670, 17:0.842, 18:0.689, 19:0.325
Round: 86 Method: dapperfl Mean_Acc: 65.05 Best_Acc: 69.5
Domain_Acc: [68.75, 84.21, 67.24, 40.0] Domain_BestAcc: [70.09, 86.32, 70.69, 63.33]
Prune local model 13, pr_ratio = [0.2, 0.2, 0.2, 0.2]
Prune local model 17, pr_ratio = [0.2, 0.2, 0.2, 0.2]
Prune local model 3, pr_ratio = [0.2, 0.2, 0.2, 0.2]
Prune local model 6, pr_ratio = [0.2, 0.2, 0.2, 0.2]
Prune local model 18, pr_ratio = [0.2, 0.2, 0.2, 0.2]
Prune local model 8, pr_ratio = [0.2, 0.2, 0.2, 0.2]
Prune local model 1, pr_ratio = [0.2, 0.2, 0.2, 0.2]
Prune local model 19, pr_ratio = [0.2, 0.2, 0.2, 0.2]
Prune local model 12, pr_ratio = [0.2, 0.2, 0.2, 0.2]
Prune local model 4, pr_ratio = [0.2, 0.2, 0.2, 0.2]
Prune local model 11, pr_ratio = [0.2, 0.2, 0.2, 0.2]
Prune local model 7, pr_ratio = [0.2, 0.2, 0.2, 0.2]
Prune local model 14, pr_ratio = [0.2, 0.2, 0.2, 0.2]
Prune local model 0, pr_ratio = [0.2, 0.2, 0.2, 0.2]
Prune local model 9, pr_ratio = [0.2, 0.2, 0.2, 0.2]
Prune local model 10, pr_ratio = [0.2, 0.2, 0.2, 0.2]
Prune local model 15, pr_ratio = [0.2, 0.2, 0.2, 0.2]
Prune local model 5, pr_ratio = [0.2, 0.2, 0.2, 0.2]
Prune local model 2, pr_ratio = [0.2, 0.2, 0.2, 0.2]
Prune local model 16, pr_ratio = [0.2, 0.2, 0.2, 0.2]
Round 87 – LOCAL TPR pre-agg per client: ['0.292', '0.292', '0.668', '0.858', '0.647', '0.647', '0.647', '0.858', '0.292', '0.858', '0.292', '0.858', '0.668', '0.668', '0.292', '0.668', '0.647', '0.858', '0.668', '0.292']
Round 87 – TPR per Domain: 0:0.292, 1:0.292, 2:0.668, 3:0.858, 4:0.647, 5:0.647, 6:0.647, 7:0.858, 8:0.292, 9:0.858, 10:0.292, 11:0.858, 12:0.668, 13:0.668, 14:0.292, 15:0.668, 16:0.647, 17:0.858, 18:0.668, 19:0.292
Round: 87 Method: dapperfl Mean_Acc: 64.345 Best_Acc: 69.5
Domain_Acc: [66.07, 85.79, 65.52, 40.0] Domain_BestAcc: [70.09, 86.32, 70.69, 63.33]
Prune local model 1, pr_ratio = [0.2, 0.2, 0.2, 0.2]
Prune local model 11, pr_ratio = [0.2, 0.2, 0.2, 0.2]
Prune local model 14, pr_ratio = [0.2, 0.2, 0.2, 0.2]
Prune local model 15, pr_ratio = [0.2, 0.2, 0.2, 0.2]
Prune local model 8, pr_ratio = [0.2, 0.2, 0.2, 0.2]
Prune local model 13, pr_ratio = [0.2, 0.2, 0.2, 0.2]
Prune local model 6, pr_ratio = [0.2, 0.2, 0.2, 0.2]
Prune local model 17, pr_ratio = [0.2, 0.2, 0.2, 0.2]
Prune local model 3, pr_ratio = [0.2, 0.2, 0.2, 0.2]
Prune local model 2, pr_ratio = [0.2, 0.2, 0.2, 0.2]
Prune local model 12, pr_ratio = [0.2, 0.2, 0.2, 0.2]
Prune local model 5, pr_ratio = [0.2, 0.2, 0.2, 0.2]
Prune local model 9, pr_ratio = [0.2, 0.2, 0.2, 0.2]
Prune local model 4, pr_ratio = [0.2, 0.2, 0.2, 0.2]
Prune local model 7, pr_ratio = [0.2, 0.2, 0.2, 0.2]
Prune local model 10, pr_ratio = [0.2, 0.2, 0.2, 0.2]
Prune local model 18, pr_ratio = [0.2, 0.2, 0.2, 0.2]
Prune local model 16, pr_ratio = [0.2, 0.2, 0.2, 0.2]
Prune local model 19, pr_ratio = [0.2, 0.2, 0.2, 0.2]
Prune local model 0, pr_ratio = [0.2, 0.2, 0.2, 0.2]
Round 88 – LOCAL TPR pre-agg per client: ['0.375', '0.375', '0.609', '0.851', '0.684', '0.684', '0.684', '0.851', '0.375', '0.851', '0.375', '0.851', '0.609', '0.609', '0.375', '0.609', '0.684', '0.851', '0.609', '0.375']
Round 88 – TPR per Domain: 0:0.375, 1:0.375, 2:0.609, 3:0.851, 4:0.684, 5:0.684, 6:0.684, 7:0.851, 8:0.375, 9:0.851, 10:0.375, 11:0.851, 12:0.609, 13:0.609, 14:0.375, 15:0.609, 16:0.684, 17:0.851, 18:0.609, 19:0.375
Round: 88 Method: dapperfl Mean_Acc: 64.755 Best_Acc: 69.5
Domain_Acc: [70.09, 85.26, 60.34, 43.33] Domain_BestAcc: [70.09, 86.32, 70.69, 63.33]
Prune local model 6, pr_ratio = [0.2, 0.2, 0.2, 0.2]
Prune local model 3, pr_ratio = [0.2, 0.2, 0.2, 0.2]
Prune local model 19, pr_ratio = [0.2, 0.2, 0.2, 0.2]
Prune local model 0, pr_ratio = [0.2, 0.2, 0.2, 0.2]
Prune local model 5, pr_ratio = [0.2, 0.2, 0.2, 0.2]
Prune local model 17, pr_ratio = [0.2, 0.2, 0.2, 0.2]
Prune local model 2, pr_ratio = [0.2, 0.2, 0.2, 0.2]
Prune local model 14, pr_ratio = [0.2, 0.2, 0.2, 0.2]
Prune local model 10, pr_ratio = [0.2, 0.2, 0.2, 0.2]
Prune local model 9, pr_ratio = [0.2, 0.2, 0.2, 0.2]
Prune local model 15, pr_ratio = [0.2, 0.2, 0.2, 0.2]
Prune local model 13, pr_ratio = [0.2, 0.2, 0.2, 0.2]
Prune local model 1, pr_ratio = [0.2, 0.2, 0.2, 0.2]
Prune local model 11, pr_ratio = [0.2, 0.2, 0.2, 0.2]
Prune local model 12, pr_ratio = [0.2, 0.2, 0.2, 0.2]
Prune local model 18, pr_ratio = [0.2, 0.2, 0.2, 0.2]
Prune local model 4, pr_ratio = [0.2, 0.2, 0.2, 0.2]
Prune local model 8, pr_ratio = [0.2, 0.2, 0.2, 0.2]
Prune local model 16, pr_ratio = [0.2, 0.2, 0.2, 0.2]
Prune local model 7, pr_ratio = [0.2, 0.2, 0.2, 0.2]
Round 89 – LOCAL TPR pre-agg per client: ['0.425', '0.425', '0.577', '0.838', '0.678', '0.678', '0.678', '0.838', '0.425', '0.838', '0.425', '0.838', '0.577', '0.577', '0.425', '0.577', '0.678', '0.838', '0.577', '0.425']
Round 89 – TPR per Domain: 0:0.425, 1:0.425, 2:0.577, 3:0.838, 4:0.678, 5:0.678, 6:0.678, 7:0.838, 8:0.425, 9:0.838, 10:0.425, 11:0.838, 12:0.577, 13:0.577, 14:0.425, 15:0.577, 16:0.678, 17:0.838, 18:0.577, 19:0.425
Round: 89 Method: dapperfl Mean_Acc: 64.222 Best_Acc: 69.5
Domain_Acc: [69.64, 83.68, 56.9, 46.67] Domain_BestAcc: [70.09, 86.32, 70.69, 63.33]
Prune local model 15, pr_ratio = [0.2, 0.2, 0.2, 0.2]
Prune local model 7, pr_ratio = [0.2, 0.2, 0.2, 0.2]
Prune local model 1, pr_ratio = [0.2, 0.2, 0.2, 0.2]
Prune local model 13, pr_ratio = [0.2, 0.2, 0.2, 0.2]
Prune local model 6, pr_ratio = [0.2, 0.2, 0.2, 0.2]
Prune local model 19, pr_ratio = [0.2, 0.2, 0.2, 0.2]
Prune local model 18, pr_ratio = [0.2, 0.2, 0.2, 0.2]
Prune local model 2, pr_ratio = [0.2, 0.2, 0.2, 0.2]
Prune local model 10, pr_ratio = [0.2, 0.2, 0.2, 0.2]
Prune local model 3, pr_ratio = [0.2, 0.2, 0.2, 0.2]
Prune local model 9, pr_ratio = [0.2, 0.2, 0.2, 0.2]
Prune local model 0, pr_ratio = [0.2, 0.2, 0.2, 0.2]
Prune local model 16, pr_ratio = [0.2, 0.2, 0.2, 0.2]
Prune local model 5, pr_ratio = [0.2, 0.2, 0.2, 0.2]
Prune local model 17, pr_ratio = [0.2, 0.2, 0.2, 0.2]
Prune local model 11, pr_ratio = [0.2, 0.2, 0.2, 0.2]
Prune local model 4, pr_ratio = [0.2, 0.2, 0.2, 0.2]
Prune local model 12, pr_ratio = [0.2, 0.2, 0.2, 0.2]
Prune local model 14, pr_ratio = [0.2, 0.2, 0.2, 0.2]
Prune local model 8, pr_ratio = [0.2, 0.2, 0.2, 0.2]
Round 90 – LOCAL TPR pre-agg per client: ['0.367', '0.367', '0.652', '0.858', '0.667', '0.667', '0.667', '0.858', '0.367', '0.858', '0.367', '0.858', '0.652', '0.652', '0.367', '0.652', '0.667', '0.858', '0.652', '0.367']
Round 90 – TPR per Domain: 0:0.367, 1:0.367, 2:0.652, 3:0.858, 4:0.667, 5:0.667, 6:0.667, 7:0.858, 8:0.367, 9:0.858, 10:0.367, 11:0.858, 12:0.652, 13:0.652, 14:0.367, 15:0.652, 16:0.667, 17:0.858, 18:0.652, 19:0.367
Round: 90 Method: dapperfl Mean_Acc: 65.415 Best_Acc: 69.5
Domain_Acc: [68.75, 85.79, 63.79, 43.33] Domain_BestAcc: [70.09, 86.32, 70.69, 63.33]
Prune local model 16, pr_ratio = [0.2, 0.2, 0.2, 0.2]
Prune local model 8, pr_ratio = [0.2, 0.2, 0.2, 0.2]
Prune local model 12, pr_ratio = [0.2, 0.2, 0.2, 0.2]
Prune local model 11, pr_ratio = [0.2, 0.2, 0.2, 0.2]
Prune local model 4, pr_ratio = [0.2, 0.2, 0.2, 0.2]
Prune local model 3, pr_ratio = [0.2, 0.2, 0.2, 0.2]
Prune local model 2, pr_ratio = [0.2, 0.2, 0.2, 0.2]
Prune local model 9, pr_ratio = [0.2, 0.2, 0.2, 0.2]
Prune local model 17, pr_ratio = [0.2, 0.2, 0.2, 0.2]
Prune local model 1, pr_ratio = [0.2, 0.2, 0.2, 0.2]
Prune local model 0, pr_ratio = [0.2, 0.2, 0.2, 0.2]
Prune local model 13, pr_ratio = [0.2, 0.2, 0.2, 0.2]
Prune local model 18, pr_ratio = [0.2, 0.2, 0.2, 0.2]
Prune local model 6, pr_ratio = [0.2, 0.2, 0.2, 0.2]
Prune local model 5, pr_ratio = [0.2, 0.2, 0.2, 0.2]
Prune local model 14, pr_ratio = [0.2, 0.2, 0.2, 0.2]
Prune local model 15, pr_ratio = [0.2, 0.2, 0.2, 0.2]
Prune local model 19, pr_ratio = [0.2, 0.2, 0.2, 0.2]
Prune local model 10, pr_ratio = [0.2, 0.2, 0.2, 0.2]
Prune local model 7, pr_ratio = [0.2, 0.2, 0.2, 0.2]
Round 91 – LOCAL TPR pre-agg per client: ['0.292', '0.292', '0.677', '0.842', '0.670', '0.670', '0.670', '0.842', '0.292', '0.842', '0.292', '0.842', '0.677', '0.677', '0.292', '0.677', '0.670', '0.842', '0.677', '0.292']
Round 91 – TPR per Domain: 0:0.292, 1:0.292, 2:0.677, 3:0.842, 4:0.670, 5:0.670, 6:0.670, 7:0.842, 8:0.292, 9:0.842, 10:0.292, 11:0.842, 12:0.677, 13:0.677, 14:0.292, 15:0.677, 16:0.670, 17:0.842, 18:0.677, 19:0.292
Round: 91 Method: dapperfl Mean_Acc: 64.62 Best_Acc: 69.5
Domain_Acc: [68.75, 84.21, 65.52, 40.0] Domain_BestAcc: [70.09, 86.32, 70.69, 63.33]
Prune local model 2, pr_ratio = [0.2, 0.2, 0.2, 0.2]
Prune local model 14, pr_ratio = [0.2, 0.2, 0.2, 0.2]
Prune local model 7, pr_ratio = [0.2, 0.2, 0.2, 0.2]
Prune local model 3, pr_ratio = [0.2, 0.2, 0.2, 0.2]
Prune local model 16, pr_ratio = [0.2, 0.2, 0.2, 0.2]
Prune local model 8, pr_ratio = [0.2, 0.2, 0.2, 0.2]
Prune local model 9, pr_ratio = [0.2, 0.2, 0.2, 0.2]
Prune local model 11, pr_ratio = [0.2, 0.2, 0.2, 0.2]
Prune local model 0, pr_ratio = [0.2, 0.2, 0.2, 0.2]
Prune local model 6, pr_ratio = [0.2, 0.2, 0.2, 0.2]
Prune local model 1, pr_ratio = [0.2, 0.2, 0.2, 0.2]
Prune local model 18, pr_ratio = [0.2, 0.2, 0.2, 0.2]
Prune local model 17, pr_ratio = [0.2, 0.2, 0.2, 0.2]
Prune local model 15, pr_ratio = [0.2, 0.2, 0.2, 0.2]
Prune local model 10, pr_ratio = [0.2, 0.2, 0.2, 0.2]
Prune local model 13, pr_ratio = [0.2, 0.2, 0.2, 0.2]
Prune local model 12, pr_ratio = [0.2, 0.2, 0.2, 0.2]
Prune local model 4, pr_ratio = [0.2, 0.2, 0.2, 0.2]
Prune local model 19, pr_ratio = [0.2, 0.2, 0.2, 0.2]
Prune local model 5, pr_ratio = [0.2, 0.2, 0.2, 0.2]
Round 92 – LOCAL TPR pre-agg per client: ['0.342', '0.342', '0.602', '0.831', '0.679', '0.679', '0.679', '0.831', '0.342', '0.831', '0.342', '0.831', '0.602', '0.602', '0.342', '0.602', '0.679', '0.831', '0.602', '0.342']
Round 92 – TPR per Domain: 0:0.342, 1:0.342, 2:0.602, 3:0.831, 4:0.679, 5:0.679, 6:0.679, 7:0.831, 8:0.342, 9:0.831, 10:0.342, 11:0.831, 12:0.602, 13:0.602, 14:0.342, 15:0.602, 16:0.679, 17:0.831, 18:0.602, 19:0.342
Round: 92 Method: dapperfl Mean_Acc: 63.688 Best_Acc: 69.5
Domain_Acc: [69.64, 83.16, 58.62, 43.33] Domain_BestAcc: [70.09, 86.32, 70.69, 63.33]
Prune local model 15, pr_ratio = [0.2, 0.2, 0.2, 0.2]
Prune local model 8, pr_ratio = [0.2, 0.2, 0.2, 0.2]
Prune local model 1, pr_ratio = [0.2, 0.2, 0.2, 0.2]
Prune local model 3, pr_ratio = [0.2, 0.2, 0.2, 0.2]
Prune local model 0, pr_ratio = [0.2, 0.2, 0.2, 0.2]
Prune local model 17, pr_ratio = [0.2, 0.2, 0.2, 0.2]
Prune local model 9, pr_ratio = [0.2, 0.2, 0.2, 0.2]
Prune local model 2, pr_ratio = [0.2, 0.2, 0.2, 0.2]
Prune local model 18, pr_ratio = [0.2, 0.2, 0.2, 0.2]
Prune local model 10, pr_ratio = [0.2, 0.2, 0.2, 0.2]
Prune local model 19, pr_ratio = [0.2, 0.2, 0.2, 0.2]
Prune local model 16, pr_ratio = [0.2, 0.2, 0.2, 0.2]
Prune local model 5, pr_ratio = [0.2, 0.2, 0.2, 0.2]
Prune local model 12, pr_ratio = [0.2, 0.2, 0.2, 0.2]
Prune local model 14, pr_ratio = [0.2, 0.2, 0.2, 0.2]
Prune local model 11, pr_ratio = [0.2, 0.2, 0.2, 0.2]
Prune local model 4, pr_ratio = [0.2, 0.2, 0.2, 0.2]
Prune local model 13, pr_ratio = [0.2, 0.2, 0.2, 0.2]
Prune local model 7, pr_ratio = [0.2, 0.2, 0.2, 0.2]
Prune local model 6, pr_ratio = [0.2, 0.2, 0.2, 0.2]
Round 93 – LOCAL TPR pre-agg per client: ['0.367', '0.367', '0.676', '0.816', '0.686', '0.686', '0.686', '0.816', '0.367', '0.816', '0.367', '0.816', '0.676', '0.676', '0.367', '0.676', '0.686', '0.816', '0.676', '0.367']
Round 93 – TPR per Domain: 0:0.367, 1:0.367, 2:0.676, 3:0.816, 4:0.686, 5:0.686, 6:0.686, 7:0.816, 8:0.367, 9:0.816, 10:0.367, 11:0.816, 12:0.676, 13:0.676, 14:0.367, 15:0.676, 16:0.686, 17:0.816, 18:0.676, 19:0.367
Round: 93 Method: dapperfl Mean_Acc: 66.078 Best_Acc: 69.5
Domain_Acc: [70.54, 81.58, 65.52, 46.67] Domain_BestAcc: [70.54, 86.32, 70.69, 63.33]
Prune local model 0, pr_ratio = [0.2, 0.2, 0.2, 0.2]
Prune local model 12, pr_ratio = [0.2, 0.2, 0.2, 0.2]
Prune local model 7, pr_ratio = [0.2, 0.2, 0.2, 0.2]
Prune local model 10, pr_ratio = [0.2, 0.2, 0.2, 0.2]
Prune local model 5, pr_ratio = [0.2, 0.2, 0.2, 0.2]
Prune local model 15, pr_ratio = [0.2, 0.2, 0.2, 0.2]
Prune local model 9, pr_ratio = [0.2, 0.2, 0.2, 0.2]
Prune local model 11, pr_ratio = [0.2, 0.2, 0.2, 0.2]
Prune local model 17, pr_ratio = [0.2, 0.2, 0.2, 0.2]
Prune local model 3, pr_ratio = [0.2, 0.2, 0.2, 0.2]
Prune local model 8, pr_ratio = [0.2, 0.2, 0.2, 0.2]
Prune local model 19, pr_ratio = [0.2, 0.2, 0.2, 0.2]
Prune local model 18, pr_ratio = [0.2, 0.2, 0.2, 0.2]
Prune local model 13, pr_ratio = [0.2, 0.2, 0.2, 0.2]
Prune local model 14, pr_ratio = [0.2, 0.2, 0.2, 0.2]
Prune local model 6, pr_ratio = [0.2, 0.2, 0.2, 0.2]
Prune local model 16, pr_ratio = [0.2, 0.2, 0.2, 0.2]
Prune local model 4, pr_ratio = [0.2, 0.2, 0.2, 0.2]
Prune local model 1, pr_ratio = [0.2, 0.2, 0.2, 0.2]
Prune local model 2, pr_ratio = [0.2, 0.2, 0.2, 0.2]
Round 94 – LOCAL TPR pre-agg per client: ['0.292', '0.292', '0.686', '0.856', '0.671', '0.671', '0.671', '0.856', '0.292', '0.856', '0.292', '0.856', '0.686', '0.686', '0.292', '0.686', '0.671', '0.856', '0.686', '0.292']
Round 94 – TPR per Domain: 0:0.292, 1:0.292, 2:0.686, 3:0.856, 4:0.671, 5:0.671, 6:0.671, 7:0.856, 8:0.292, 9:0.856, 10:0.292, 11:0.856, 12:0.686, 13:0.686, 14:0.292, 15:0.686, 16:0.671, 17:0.856, 18:0.686, 19:0.292
Round: 94 Method: dapperfl Mean_Acc: 64.613 Best_Acc: 69.5
Domain_Acc: [68.75, 85.79, 67.24, 36.67] Domain_BestAcc: [70.54, 86.32, 70.69, 63.33]
Prune local model 13, pr_ratio = [0.2, 0.2, 0.2, 0.2]
Prune local model 12, pr_ratio = [0.2, 0.2, 0.2, 0.2]
Prune local model 4, pr_ratio = [0.2, 0.2, 0.2, 0.2]
Prune local model 19, pr_ratio = [0.2, 0.2, 0.2, 0.2]
Prune local model 0, pr_ratio = [0.2, 0.2, 0.2, 0.2]
Prune local model 11, pr_ratio = [0.2, 0.2, 0.2, 0.2]
Prune local model 15, pr_ratio = [0.2, 0.2, 0.2, 0.2]
Prune local model 16, pr_ratio = [0.2, 0.2, 0.2, 0.2]
Prune local model 7, pr_ratio = [0.2, 0.2, 0.2, 0.2]
Prune local model 10, pr_ratio = [0.2, 0.2, 0.2, 0.2]
Prune local model 1, pr_ratio = [0.2, 0.2, 0.2, 0.2]
Prune local model 14, pr_ratio = [0.2, 0.2, 0.2, 0.2]
Prune local model 18, pr_ratio = [0.2, 0.2, 0.2, 0.2]
Prune local model 9, pr_ratio = [0.2, 0.2, 0.2, 0.2]
Prune local model 8, pr_ratio = [0.2, 0.2, 0.2, 0.2]
Prune local model 3, pr_ratio = [0.2, 0.2, 0.2, 0.2]
Prune local model 17, pr_ratio = [0.2, 0.2, 0.2, 0.2]
Prune local model 2, pr_ratio = [0.2, 0.2, 0.2, 0.2]
Prune local model 5, pr_ratio = [0.2, 0.2, 0.2, 0.2]
Prune local model 6, pr_ratio = [0.2, 0.2, 0.2, 0.2]
Round 95 – LOCAL TPR pre-agg per client: ['0.392', '0.392', '0.702', '0.841', '0.698', '0.698', '0.698', '0.841', '0.392', '0.841', '0.392', '0.841', '0.702', '0.702', '0.392', '0.702', '0.698', '0.841', '0.702', '0.392']
Round 95 – TPR per Domain: 0:0.392, 1:0.392, 2:0.702, 3:0.841, 4:0.698, 5:0.698, 6:0.698, 7:0.841, 8:0.392, 9:0.841, 10:0.392, 11:0.841, 12:0.702, 13:0.702, 14:0.392, 15:0.702, 16:0.698, 17:0.841, 18:0.702, 19:0.392
Round: 95 Method: dapperfl Mean_Acc: 67.932 Best_Acc: 69.5
Domain_Acc: [71.88, 84.21, 68.97, 46.67] Domain_BestAcc: [71.88, 86.32, 70.69, 63.33]
Prune local model 6, pr_ratio = [0.2, 0.2, 0.2, 0.2]
Prune local model 10, pr_ratio = [0.2, 0.2, 0.2, 0.2]
Prune local model 11, pr_ratio = [0.2, 0.2, 0.2, 0.2]
Prune local model 3, pr_ratio = [0.2, 0.2, 0.2, 0.2]
Prune local model 19, pr_ratio = [0.2, 0.2, 0.2, 0.2]
Prune local model 2, pr_ratio = [0.2, 0.2, 0.2, 0.2]
Prune local model 9, pr_ratio = [0.2, 0.2, 0.2, 0.2]
Prune local model 16, pr_ratio = [0.2, 0.2, 0.2, 0.2]
Prune local model 7, pr_ratio = [0.2, 0.2, 0.2, 0.2]
Prune local model 14, pr_ratio = [0.2, 0.2, 0.2, 0.2]
Prune local model 4, pr_ratio = [0.2, 0.2, 0.2, 0.2]
Prune local model 5, pr_ratio = [0.2, 0.2, 0.2, 0.2]
Prune local model 1, pr_ratio = [0.2, 0.2, 0.2, 0.2]
Prune local model 15, pr_ratio = [0.2, 0.2, 0.2, 0.2]
Prune local model 13, pr_ratio = [0.2, 0.2, 0.2, 0.2]
Prune local model 8, pr_ratio = [0.2, 0.2, 0.2, 0.2]
Prune local model 12, pr_ratio = [0.2, 0.2, 0.2, 0.2]
Prune local model 0, pr_ratio = [0.2, 0.2, 0.2, 0.2]
Prune local model 18, pr_ratio = [0.2, 0.2, 0.2, 0.2]
Prune local model 17, pr_ratio = [0.2, 0.2, 0.2, 0.2]
Round 96 – LOCAL TPR pre-agg per client: ['0.367', '0.367', '0.578', '0.863', '0.647', '0.647', '0.647', '0.863', '0.367', '0.863', '0.367', '0.863', '0.578', '0.578', '0.367', '0.578', '0.647', '0.863', '0.578', '0.367']
Round 96 – TPR per Domain: 0:0.367, 1:0.367, 2:0.578, 3:0.863, 4:0.647, 5:0.647, 6:0.647, 7:0.863, 8:0.367, 9:0.863, 10:0.367, 11:0.863, 12:0.578, 13:0.578, 14:0.367, 15:0.578, 16:0.647, 17:0.863, 18:0.578, 19:0.367
Round: 96 Method: dapperfl Mean_Acc: 63.268 Best_Acc: 69.5
Domain_Acc: [66.52, 86.32, 56.9, 43.33] Domain_BestAcc: [71.88, 86.32, 70.69, 63.33]
Prune local model 15, pr_ratio = [0.2, 0.2, 0.2, 0.2]
Prune local model 8, pr_ratio = [0.2, 0.2, 0.2, 0.2]
Prune local model 9, pr_ratio = [0.2, 0.2, 0.2, 0.2]
Prune local model 11, pr_ratio = [0.2, 0.2, 0.2, 0.2]
Prune local model 3, pr_ratio = [0.2, 0.2, 0.2, 0.2]
Prune local model 19, pr_ratio = [0.2, 0.2, 0.2, 0.2]
Prune local model 2, pr_ratio = [0.2, 0.2, 0.2, 0.2]
Prune local model 13, pr_ratio = [0.2, 0.2, 0.2, 0.2]
Prune local model 4, pr_ratio = [0.2, 0.2, 0.2, 0.2]
Prune local model 18, pr_ratio = [0.2, 0.2, 0.2, 0.2]
Prune local model 5, pr_ratio = [0.2, 0.2, 0.2, 0.2]
Prune local model 14, pr_ratio = [0.2, 0.2, 0.2, 0.2]
Prune local model 1, pr_ratio = [0.2, 0.2, 0.2, 0.2]
Prune local model 6, pr_ratio = [0.2, 0.2, 0.2, 0.2]
Prune local model 7, pr_ratio = [0.2, 0.2, 0.2, 0.2]
Prune local model 16, pr_ratio = [0.2, 0.2, 0.2, 0.2]
Prune local model 10, pr_ratio = [0.2, 0.2, 0.2, 0.2]
Prune local model 0, pr_ratio = [0.2, 0.2, 0.2, 0.2]
Prune local model 12, pr_ratio = [0.2, 0.2, 0.2, 0.2]
Prune local model 17, pr_ratio = [0.2, 0.2, 0.2, 0.2]
Round 97 – LOCAL TPR pre-agg per client: ['0.325', '0.325', '0.660', '0.826', '0.656', '0.656', '0.656', '0.826', '0.325', '0.826', '0.325', '0.826', '0.660', '0.660', '0.325', '0.660', '0.656', '0.826', '0.660', '0.325']
Round 97 – TPR per Domain: 0:0.325, 1:0.325, 2:0.660, 3:0.826, 4:0.656, 5:0.656, 6:0.656, 7:0.826, 8:0.325, 9:0.826, 10:0.325, 11:0.826, 12:0.660, 13:0.660, 14:0.325, 15:0.660, 16:0.656, 17:0.826, 18:0.660, 19:0.325
Round: 97 Method: dapperfl Mean_Acc: 63.457 Best_Acc: 69.5
Domain_Acc: [67.41, 82.63, 63.79, 40.0] Domain_BestAcc: [71.88, 86.32, 70.69, 63.33]
Prune local model 14, pr_ratio = [0.2, 0.2, 0.2, 0.2]
Prune local model 13, pr_ratio = [0.2, 0.2, 0.2, 0.2]
Prune local model 7, pr_ratio = [0.2, 0.2, 0.2, 0.2]
Prune local model 4, pr_ratio = [0.2, 0.2, 0.2, 0.2]
Prune local model 18, pr_ratio = [0.2, 0.2, 0.2, 0.2]
Prune local model 5, pr_ratio = [0.2, 0.2, 0.2, 0.2]
Prune local model 8, pr_ratio = [0.2, 0.2, 0.2, 0.2]
Prune local model 16, pr_ratio = [0.2, 0.2, 0.2, 0.2]
Prune local model 1, pr_ratio = [0.2, 0.2, 0.2, 0.2]
Prune local model 0, pr_ratio = [0.2, 0.2, 0.2, 0.2]
Prune local model 10, pr_ratio = [0.2, 0.2, 0.2, 0.2]
Prune local model 12, pr_ratio = [0.2, 0.2, 0.2, 0.2]
Prune local model 2, pr_ratio = [0.2, 0.2, 0.2, 0.2]
Prune local model 3, pr_ratio = [0.2, 0.2, 0.2, 0.2]
Prune local model 15, pr_ratio = [0.2, 0.2, 0.2, 0.2]
Prune local model 19, pr_ratio = [0.2, 0.2, 0.2, 0.2]
Prune local model 11, pr_ratio = [0.2, 0.2, 0.2, 0.2]
Prune local model 9, pr_ratio = [0.2, 0.2, 0.2, 0.2]
Prune local model 6, pr_ratio = [0.2, 0.2, 0.2, 0.2]
Prune local model 17, pr_ratio = [0.2, 0.2, 0.2, 0.2]
Round 98 – LOCAL TPR pre-agg per client: ['0.375', '0.375', '0.622', '0.846', '0.676', '0.676', '0.676', '0.846', '0.375', '0.846', '0.375', '0.846', '0.622', '0.622', '0.375', '0.622', '0.676', '0.846', '0.622', '0.375']
Round 98 – TPR per Domain: 0:0.375, 1:0.375, 2:0.622, 3:0.846, 4:0.676, 5:0.676, 6:0.676, 7:0.846, 8:0.375, 9:0.846, 10:0.375, 11:0.846, 12:0.622, 13:0.622, 14:0.375, 15:0.622, 16:0.676, 17:0.846, 18:0.622, 19:0.375
Round: 98 Method: dapperfl Mean_Acc: 64.835 Best_Acc: 69.5
Domain_Acc: [69.2, 84.74, 62.07, 43.33] Domain_BestAcc: [71.88, 86.32, 70.69, 63.33]
Prune local model 4, pr_ratio = [0.2, 0.2, 0.2, 0.2]
Prune local model 17, pr_ratio = [0.2, 0.2, 0.2, 0.2]
Prune local model 15, pr_ratio = [0.2, 0.2, 0.2, 0.2]
Prune local model 6, pr_ratio = [0.2, 0.2, 0.2, 0.2]
Prune local model 13, pr_ratio = [0.2, 0.2, 0.2, 0.2]
Prune local model 2, pr_ratio = [0.2, 0.2, 0.2, 0.2]
Prune local model 10, pr_ratio = [0.2, 0.2, 0.2, 0.2]
Prune local model 8, pr_ratio = [0.2, 0.2, 0.2, 0.2]
Prune local model 18, pr_ratio = [0.2, 0.2, 0.2, 0.2]
Prune local model 11, pr_ratio = [0.2, 0.2, 0.2, 0.2]
Prune local model 5, pr_ratio = [0.2, 0.2, 0.2, 0.2]
Prune local model 3, pr_ratio = [0.2, 0.2, 0.2, 0.2]
Prune local model 19, pr_ratio = [0.2, 0.2, 0.2, 0.2]
Prune local model 1, pr_ratio = [0.2, 0.2, 0.2, 0.2]
Prune local model 14, pr_ratio = [0.2, 0.2, 0.2, 0.2]
Prune local model 7, pr_ratio = [0.2, 0.2, 0.2, 0.2]
Prune local model 12, pr_ratio = [0.2, 0.2, 0.2, 0.2]
Prune local model 9, pr_ratio = [0.2, 0.2, 0.2, 0.2]
Prune local model 0, pr_ratio = [0.2, 0.2, 0.2, 0.2]
Prune local model 16, pr_ratio = [0.2, 0.2, 0.2, 0.2]
Round 99 – LOCAL TPR pre-agg per client: ['0.275', '0.275', '0.581', '0.850', '0.687', '0.687', '0.687', '0.850', '0.275', '0.850', '0.275', '0.850', '0.581', '0.581', '0.275', '0.581', '0.687', '0.850', '0.581', '0.275']
Round 99 – TPR per Domain: 0:0.275, 1:0.275, 2:0.581, 3:0.850, 4:0.687, 5:0.687, 6:0.687, 7:0.850, 8:0.275, 9:0.850, 10:0.275, 11:0.850, 12:0.581, 13:0.581, 14:0.275, 15:0.581, 16:0.687, 17:0.850, 18:0.581, 19:0.275
Round: 99 Method: dapperfl Mean_Acc: 62.23 Best_Acc: 69.5
Domain_Acc: [70.09, 85.26, 56.9, 36.67] Domain_BestAcc: [71.88, 86.32, 70.69, 63.33]
2025-05-25 23:37:49
